cut,color,clarity,carat,price
Ideal,G,VS1,0.61,2167
Ideal,H,SI2,1.2,4368
Ideal,E,VVS1,1.02,11028
Ideal,G,SI1,2.01,18741
Ideal,G,VS2,0.56,1698
Very Good,D,SI1,0.36,851
Premium,E,VS1,0.4,1053
Very Good,I,VS2,1.05,4895
Ideal,G,VS2,1.04,6290
Good,D,SI1,0.92,4158
Premium,H,SI1,0.53,1132
Good,H,SI1,0.81,2599
Ideal,F,VS2,1.1,7658
Ideal,G,SI2,2.46,15745
Premium,G,VVS2,0.46,1314
Very Good,H,VVS2,1.01,5684
Ideal,E,VS2,0.5,1768
Ideal,I,VVS1,0.52,1619
Premium,F,SI2,1.07,4446
Good,G,SI2,0.9,3162
Premium,G,SI2,1.12,3838
Very Good,E,VS2,0.9,3894
Good,E,SI1,0.43,718
Good,D,SI2,1.51,8706
Very Good,H,SI1,1.62,11351
Very Good,F,SI1,0.91,4279
Ideal,E,VVS1,0.3,956
Ideal,D,SI1,0.6,1774
Premium,E,VS2,0.38,1112
Ideal,H,VVS2,0.3,605
Very Good,E,SI1,1.5,12247
Ideal,F,VS1,0.41,1076
Good,G,SI2,0.41,570
Ideal,F,VVS2,0.59,2551
Ideal,D,VS2,0.74,3087
Ideal,F,SI2,0.41,703
Premium,E,VS2,0.3,658
Very Good,E,SI2,0.5,1077
Ideal,E,SI2,0.81,2901
Premium,D,VVS1,0.38,1400
Premium,G,SI1,1.54,11574
Ideal,E,VVS1,0.35,1030
Very Good,E,VVS2,0.31,707
Premium,E,VS1,0.46,1372
Premium,H,SI1,0.7,2331
Good,F,SI1,0.72,2563
Fair,H,I1,1.52,3504
Ideal,E,VS2,0.3,795
Ideal,I,VS1,1.09,6225
Very Good,G,SI2,1.21,5364
Good,H,VS2,0.9,3881
Ideal,D,VS2,0.31,942
Very Good,E,VS2,1.5,14527
Premium,H,VS2,1.55,11708
Premium,I,SI1,1.09,4273
Very Good,F,VVS2,1.51,16613
Good,I,VS2,0.93,3946
Good,D,SI1,1.4,8624
Ideal,F,VVS1,0.4,1323
Ideal,E,VS2,0.33,723
Ideal,D,SI1,0.36,663
Ideal,H,SI2,0.4,596
Ideal,H,VVS2,0.35,706
Ideal,H,IF,0.37,936
Premium,I,VS2,0.31,435
Ideal,G,SI2,0.36,505
Ideal,E,VS1,0.36,933
Very Good,E,VS2,1.01,6310
Very Good,F,VS2,0.46,1273
Very Good,E,VVS1,0.25,575
Ideal,G,SI1,0.71,3061
Ideal,F,SI1,1.17,6828
Very Good,F,SI2,1.01,4121
Premium,H,VVS2,0.51,1749
Premium,E,VS2,0.5,1746
Very Good,E,VS1,0.28,487
Premium,G,VS1,0.41,899
Ideal,I,VS1,0.7,2142
Very Good,E,SI1,0.42,773
Good,F,SI1,1.01,4989
Ideal,E,VS2,0.3,619
Premium,H,SI1,0.71,2006
Ideal,E,VS1,0.41,863
Very Good,E,VVS2,0.28,596
Very Good,G,VS1,0.37,957
Premium,I,VS1,1.3,6931
Premium,G,VS2,0.34,765
Very Good,J,SI2,1.22,3443
Very Good,E,SI1,0.75,2517
Premium,F,VS2,1.51,14247
Very Good,I,VS2,0.77,2513
Premium,F,SI2,1.01,4416
Very Good,E,SI1,0.7,2923
Ideal,I,VS2,1.11,5506
Premium,G,SI1,1.02,4633
Ideal,F,VS2,0.53,1650
Ideal,F,VS1,0.57,2065
Premium,H,VS2,1.58,8936
Good,F,SI2,0.9,3116
Very Good,H,SI1,1.0,4830
Fair,I,I1,0.73,1049
Premium,H,VS2,1.35,7918
Premium,D,SI2,1.01,4672
Ideal,E,VS2,0.31,872
Very Good,J,IF,0.38,827
Ideal,H,SI1,1.52,10239
Premium,D,SI2,1.04,4123
Good,I,VVS1,0.47,1093
Premium,F,VS2,1.0,6296
Fair,D,SI2,1.01,3871
Ideal,F,VVS2,0.57,2360
Premium,E,VS2,0.36,1013
Very Good,H,VS2,0.28,376
Ideal,H,IF,0.32,814
Ideal,E,VVS1,0.41,1431
Premium,D,SI1,0.74,2655
Ideal,G,VVS1,0.33,820
Very Good,E,VS2,0.53,1857
Premium,D,SI1,0.33,780
Premium,F,SI1,1.02,4678
Ideal,G,VVS1,0.3,720
Ideal,F,VS1,0.32,639
Ideal,D,VS2,1.52,15252
Premium,F,SI2,0.7,2213
Ideal,E,SI1,0.31,660
Premium,I,SI1,1.24,5972
Ideal,G,IF,0.33,925
Premium,F,SI2,0.75,1881
Very Good,F,VS1,0.25,436
Premium,I,SI2,0.7,1890
Ideal,G,VS1,1.0,6377
Good,E,SI1,0.9,4463
Very Good,G,VS2,0.31,698
Fair,G,SI2,2.0,14208
Ideal,G,VS1,0.42,984
Good,I,VS1,1.54,10164
Good,F,VS2,1.0,6352
Very Good,E,VVS2,0.27,620
Ideal,E,SI1,1.11,6800
Ideal,F,VS1,1.36,11132
Premium,E,SI2,1.51,7610
Very Good,G,VVS1,0.35,859
Ideal,D,VVS1,0.41,1582
Premium,F,VS1,0.35,984
Premium,F,VVS2,0.51,1882
Premium,E,SI1,0.53,1654
Very Good,E,VVS2,0.27,622
Fair,G,I1,0.7,956
Ideal,G,VS1,0.45,1055
Premium,D,SI1,0.56,1814
Ideal,I,SI1,0.32,404
Premium,E,VS1,0.54,1960
Premium,E,SI2,1.52,9831
Premium,F,VVS2,0.68,2854
Premium,D,SI2,0.96,3989
Ideal,H,VS1,0.4,1035
Ideal,G,VS1,1.23,9863
Ideal,H,VS1,1.22,7418
Very Good,G,SI2,1.06,4057
Very Good,J,VS2,0.53,1124
Very Good,E,SI1,1.53,11406
Ideal,G,VS1,1.32,11584
Ideal,F,VVS1,0.38,1101
Premium,H,VS2,1.24,6850
Ideal,I,VS2,1.14,5075
Very Good,E,VS2,0.72,2872
Premium,D,SI1,0.32,589
Very Good,H,VVS1,0.8,4468
Premium,G,SI2,1.02,3904
Premium,J,SI1,0.9,2873
Premium,F,VVS2,1.2,10064
Ideal,G,SI2,1.11,5299
Ideal,J,VS2,2.13,15258
Good,E,VS1,0.7,2782
Very Good,E,SI1,0.75,2753
Very Good,E,VVS2,0.71,3340
Ideal,F,SI2,0.91,3763
Very Good,E,SI2,2.0,14763
Very Good,H,VS2,0.3,608
Very Good,E,VVS2,0.51,2211
Very Good,F,SI1,0.37,616
Very Good,F,SI2,1.03,3903
Ideal,G,VS2,0.7,3253
Premium,E,VS2,0.51,1709
Very Good,H,VS1,1.01,5305
Ideal,G,SI2,0.5,1127
Ideal,G,VS1,0.4,1125
Fair,J,SI1,0.75,1827
Premium,G,SI1,0.52,1338
Ideal,J,SI1,2.56,17753
Fair,F,VS2,1.4,8216
Ideal,G,VS1,1.13,7404
Premium,E,I1,1.02,3519
Premium,G,SI2,1.01,4327
Ideal,E,SI2,0.91,3723
Premium,I,VS2,0.38,633
Premium,E,SI2,1.01,4118
Ideal,D,VS2,0.32,758
Very Good,I,SI2,2.03,12714
Ideal,G,VS2,1.24,8799
Fair,H,VVS2,1.5,7476
Premium,D,VS2,0.71,2950
Premium,E,VS1,0.46,1437
Ideal,G,SI1,0.9,4008
Good,F,SI2,2.01,16410
Ideal,F,VS1,0.58,2227
Ideal,E,IF,0.31,1214
Premium,H,VVS2,0.34,880
Ideal,H,IF,0.31,789
Ideal,F,SI2,1.1,4897
Premium,F,SI1,0.7,2268
Good,H,VVS1,0.28,480
Ideal,E,VVS2,0.29,815
Very Good,G,SI2,0.54,1083
Good,F,SI2,0.34,536
Premium,J,SI2,3.01,18710
Ideal,E,SI1,0.51,1438
Ideal,E,SI2,0.72,2308
Ideal,F,VVS1,0.43,1261
Ideal,D,VS1,1.12,9694
Very Good,I,VVS2,0.7,2415
Premium,E,VS2,0.31,872
Ideal,J,SI1,0.73,1956
Premium,H,SI1,0.34,477
Ideal,H,VS2,1.25,7365
Premium,I,VS1,0.76,2753
Ideal,D,SI2,0.72,3176
Very Good,G,VS1,0.8,3158
Ideal,G,VVS2,0.4,917
Ideal,G,VVS2,0.51,1974
Premium,E,SI2,2.02,18117
Very Good,G,VS1,0.42,921
Good,I,VS1,1.5,8910
Very Good,I,VVS2,0.37,714
Ideal,E,SI2,0.82,3131
Premium,G,SI2,2.11,15757
Very Good,F,VS2,0.55,1777
Ideal,F,VVS2,0.72,3740
Premium,F,I1,3.01,9925
Ideal,E,SI2,0.8,3251
Premium,G,VS1,0.9,4460
Very Good,E,VVS2,0.27,575
Premium,I,VS1,0.71,2327
Very Good,E,SI1,0.73,2564
Ideal,G,SI1,1.5,12009
Premium,H,SI1,1.29,6588
Ideal,D,VS1,1.21,10335
Good,D,SI1,1.01,5443
Very Good,J,SI2,1.05,2789
Ideal,E,VS1,0.61,2324
Premium,I,VS2,2.08,18447
Premium,E,SI2,1.04,4240
Very Good,G,VVS2,1.12,8564
Very Good,H,SI1,1.48,8815
Fair,D,SI2,0.95,3384
Ideal,H,VS1,1.8,15105
Very Good,H,VS1,0.9,4309
Premium,F,VS2,0.52,1651
Premium,H,SI1,1.03,4274
Ideal,D,VS1,0.3,848
Ideal,E,VS2,0.72,3145
Very Good,G,SI2,0.7,1790
Ideal,F,VS2,1.1,5692
Premium,E,VVS2,0.37,844
Very Good,F,SI2,0.71,2129
Premium,G,VVS2,0.33,965
Premium,G,VVS1,0.32,842
Premium,H,I1,1.5,3457
Ideal,F,VS1,1.09,9786
Good,D,SI2,1.51,7519
Premium,G,VS1,0.31,695
Premium,G,VS2,0.32,720
Very Good,H,SI1,0.83,2800
Premium,H,SI2,2.21,14299
Ideal,E,SI1,0.5,1410
Premium,F,VS2,1.0,4743
Very Good,E,SI2,0.9,3697
Ideal,E,VVS2,0.4,988
Good,I,VS2,2.16,14266
Ideal,I,SI1,2.52,17231
Premium,G,SI1,0.71,2215
Good,D,SI1,0.32,756
Ideal,E,SI2,1.19,5598
Premium,G,VS1,0.57,1819
Very Good,D,VS1,0.4,1004
Premium,H,VS1,0.79,2862
Very Good,F,VS2,1.51,14165
Premium,G,SI1,1.23,6750
Very Good,F,VS2,0.51,1569
Very Good,E,VVS2,0.31,710
Very Good,D,VVS2,0.42,1185
Ideal,H,SI2,1.07,4434
Ideal,G,IF,0.33,1052
Ideal,F,VVS2,0.41,1192
Very Good,D,VS2,0.57,1998
Good,G,VVS2,0.3,684
Ideal,E,SI2,1.0,4623
Ideal,H,VVS2,1.02,6797
Premium,I,SI2,1.64,8587
Ideal,E,VVS2,0.32,837
Very Good,F,VVS1,0.24,478
Ideal,G,VS1,0.33,854
Very Good,J,VS2,1.22,4793
Ideal,H,VS2,0.5,1626
Very Good,F,VS2,0.7,2593
Ideal,F,IF,0.38,1333
Ideal,H,SI1,0.4,855
Fair,G,SI1,1.5,10352
Premium,F,I1,0.87,2170
Ideal,H,VS2,0.34,555
Premium,I,VS2,2.2,18364
Premium,I,SI1,1.01,4166
Premium,I,SI1,2.16,17934
Ideal,I,SI2,2.15,14388
Very Good,I,VS2,0.85,3070
Ideal,F,VVS2,0.28,612
Ideal,I,SI2,1.06,4092
Good,E,VS2,0.5,1407
Very Good,G,VS2,0.32,561
Ideal,F,VVS1,0.31,840
Premium,E,SI1,0.66,1708
Very Good,E,VVS2,0.23,505
Very Good,I,SI1,1.07,4451
Ideal,F,VS2,0.51,1562
Good,F,SI2,1.0,3265
Premium,I,VS2,1.5,8431
Very Good,H,VVS1,0.7,2788
Ideal,F,VVS1,0.26,599
Ideal,D,SI1,1.39,9519
Ideal,H,VS1,0.9,5013
Premium,F,SI2,0.76,2287
Premium,I,SI2,0.41,692
Very Good,G,I1,1.15,3510
Ideal,D,SI1,0.36,663
Ideal,G,VS2,1.03,6793
Very Good,F,VVS1,0.42,1154
Ideal,I,VS1,0.77,2798
Ideal,G,VS1,0.61,2166
Ideal,I,VVS1,0.6,1715
Ideal,F,VS1,0.51,1836
Fair,E,SI2,2.0,15540
Very Good,D,VS2,0.36,759
Very Good,F,VS2,1.01,5902
Fair,J,VS1,1.51,7139
Premium,J,VVS1,0.41,775
Premium,D,SI1,1.01,6066
Fair,G,VS1,0.4,798
Ideal,E,VVS2,0.31,766
Very Good,I,VS2,1.12,5249
Premium,H,VS1,0.41,1061
Very Good,D,SI1,0.56,1777
Very Good,E,SI2,0.51,1180
Premium,I,VS1,1.04,4892
Very Good,G,SI2,0.53,1000
Good,F,VS1,0.46,1168
Good,I,SI1,2.07,13993
Very Good,H,VS1,0.5,1598
Premium,E,SI1,0.42,992
Ideal,F,SI1,1.03,6059
Ideal,D,SI1,1.0,6664
Premium,H,VS1,0.3,675
Ideal,H,IF,0.35,1103
Ideal,G,SI2,0.33,557
Very Good,G,VVS1,0.5,1940
Good,E,SI1,0.4,857
Ideal,H,SI2,0.85,2833
Ideal,G,SI1,0.91,4922
Premium,G,SI1,1.0,3568
Very Good,D,SI2,0.32,477
Very Good,G,VS2,0.31,544
Premium,D,SI2,2.01,17235
Ideal,D,SI1,0.73,2943
Ideal,J,SI2,0.51,885
Ideal,D,VS1,0.31,877
Premium,D,IF,0.7,5027
Ideal,H,VS2,0.7,2607
Ideal,G,VS1,0.33,854
Ideal,D,SI1,0.72,2757
Ideal,G,VS1,0.26,478
Ideal,G,VVS1,0.43,1207
Very Good,I,VS1,1.57,10336
Premium,D,SI1,0.32,756
Good,G,SI2,1.5,8144
Very Good,D,SI2,0.5,1306
Very Good,D,VS2,0.41,939
Ideal,F,SI1,1.53,11525
Good,G,VVS2,0.9,5001
Very Good,H,VS1,0.5,1598
Ideal,H,VS2,0.3,626
Premium,G,VS2,0.7,2479
Premium,F,SI2,0.52,1073
Ideal,G,VS2,1.04,6529
Ideal,F,VS1,0.71,3404
Ideal,H,SI1,1.11,5854
Very Good,G,SI1,1.0,4626
Good,D,VS1,1.01,6612
Premium,D,VVS2,0.55,2366
Ideal,H,VVS2,0.3,590
Very Good,I,SI2,0.32,480
Very Good,E,IF,0.7,4679
Good,G,VS2,1.2,7603
Ideal,G,SI2,0.4,632
Very Good,I,SI1,1.2,5408
Good,H,SI1,0.9,3484
Ideal,E,VS2,0.31,872
Ideal,D,VS2,0.3,710
Very Good,D,SI1,1.59,13631
Ideal,F,VS1,0.71,3066
Ideal,F,VS2,0.56,1723
Premium,G,VS1,1.02,6683
Premium,E,VS2,1.54,15002
Premium,F,VVS1,0.32,1235
Ideal,G,SI1,1.02,4708
Very Good,H,VS1,0.32,561
Ideal,G,VS2,0.57,1608
Very Good,F,SI2,1.0,4255
Very Good,H,VVS2,1.7,11133
Ideal,E,SI1,0.55,1668
Very Good,H,VS2,0.57,1605
Premium,D,SI2,1.5,8518
Good,E,SI2,1.0,4307
Premium,G,VS1,0.41,961
Ideal,J,VS2,0.45,672
Premium,H,SI1,1.53,8365
Good,G,SI2,1.02,4159
Ideal,H,SI2,1.15,4315
Ideal,F,SI2,0.73,2276
Premium,F,SI2,0.71,2137
Premium,F,VVS2,0.37,948
Premium,E,SI2,0.5,1286
Fair,H,SI2,1.51,6816
Very Good,D,SI1,0.34,626
Good,F,SI1,1.41,8212
Ideal,G,SI1,2.03,18757
Ideal,F,VS1,1.01,7412
Premium,F,VS2,0.3,776
Premium,I,VS2,1.3,6442
Ideal,D,SI2,1.03,4679
Premium,I,VS1,1.31,5759
Very Good,E,SI1,0.7,2575
Premium,G,VS1,1.07,6076
Good,I,VVS2,0.71,2428
Ideal,D,VS2,0.4,1050
Ideal,H,VS1,0.9,4194
Premium,H,VVS1,0.3,684
Ideal,F,SI2,0.91,3642
Ideal,D,VVS2,0.51,2718
Premium,E,VS1,0.74,3312
Ideal,E,VVS1,0.41,1221
Premium,G,IF,0.8,4268
Premium,I,SI1,0.72,2148
Ideal,H,IF,0.31,761
Premium,G,SI1,0.4,900
Very Good,G,VS2,1.02,6062
Ideal,I,SI1,2.03,11472
Ideal,E,VS2,0.32,960
Good,F,SI2,1.51,7695
Ideal,F,VS2,0.4,1080
Premium,E,SI1,0.5,1238
Ideal,H,SI2,1.51,7990
Ideal,D,SI1,0.34,626
Ideal,G,VS2,2.01,18607
Good,I,SI2,1.51,7815
Premium,E,SI1,0.9,3508
Very Good,I,IF,1.51,12291
Premium,I,VS1,0.3,473
Good,H,SI2,2.02,13144
Very Good,I,SI2,1.51,6914
Ideal,F,VS2,0.32,645
Good,E,VS2,0.31,651
Very Good,G,VS2,0.3,505
Good,G,SI2,1.79,9122
Premium,G,VS2,1.0,5967
Good,F,SI1,1.19,5825
Ideal,G,IF,0.46,1987
Ideal,D,VS2,0.5,2243
Premium,F,SI1,0.92,3684
Premium,H,VVS1,0.34,775
Ideal,G,VVS1,0.3,1013
Good,F,SI2,1.06,4357
Premium,H,SI2,1.0,3080
Good,H,SI1,0.5,1017
Good,E,VS2,0.53,1422
Premium,G,SI1,1.01,5204
Ideal,G,VS2,1.09,6905
Good,F,VS1,0.9,4508
Very Good,E,SI2,0.31,435
Premium,G,SI1,0.4,900
Very Good,F,VS2,0.5,1436
Very Good,D,SI2,0.9,3818
Ideal,G,VS1,0.32,551
Premium,H,SI2,1.11,4212
Good,E,VS2,1.01,6517
Ideal,H,SI1,1.54,9391
Good,G,SI1,0.7,2150
Very Good,F,SI1,1.3,7567
Ideal,J,VS2,1.2,5318
Premium,I,SI1,1.01,4525
Very Good,E,SI1,1.0,4864
Ideal,F,VS2,1.7,17662
Fair,I,VS2,1.51,8879
Premium,D,VS2,0.51,1928
Very Good,G,SI1,0.96,4136
Premium,E,SI1,1.6,9229
Very Good,J,VS2,2.1,14229
Premium,H,VS2,0.71,2363
Premium,D,SI2,0.41,795
Ideal,E,VS1,0.41,1079
Ideal,D,SI2,0.32,612
Ideal,I,SI1,1.57,9460
Premium,E,VVS2,0.54,2313
Ideal,H,SI1,0.43,891
Premium,H,VS2,0.81,2795
Ideal,H,VVS2,0.43,1008
Very Good,G,VS2,0.56,1580
Very Good,I,VVS1,0.33,608
Ideal,G,VS1,0.81,3544
Very Good,D,VS2,0.55,1796
Good,I,SI1,0.35,606
Very Good,F,VS2,0.5,1436
Ideal,E,IF,1.02,11605
Premium,F,VS2,1.21,8660
Premium,J,SI1,0.4,675
Premium,I,VS2,2.14,15559
Ideal,F,VS2,0.3,776
Ideal,D,VS2,1.11,10443
Premium,E,VVS1,0.54,2370
Ideal,E,VVS1,0.32,814
Ideal,E,VVS2,1.2,11883
Good,E,SI2,2.01,15255
Ideal,H,SI1,1.1,5583
Premium,H,SI1,1.2,5899
Good,I,SI1,0.34,574
Very Good,D,VS2,0.54,2113
Ideal,F,VVS2,0.38,1052
Ideal,D,VS2,0.57,1998
Very Good,F,VVS2,1.24,11130
Premium,J,SI2,2.03,12078
Ideal,H,SI2,0.78,2332
Ideal,H,VS2,1.1,5347
Very Good,F,VS2,0.71,2697
Ideal,F,VS1,0.65,2340
Very Good,E,SI1,0.3,675
Ideal,G,VS2,0.41,827
Ideal,H,VVS1,0.31,687
Ideal,G,SI1,1.26,6738
Ideal,E,VS2,0.7,2553
Ideal,G,SI2,0.92,4406
Very Good,D,SI1,0.9,4381
Ideal,H,SI1,0.3,514
Ideal,F,VVS1,0.33,829
Ideal,D,VVS2,0.31,853
Premium,G,VVS2,0.4,982
Premium,I,SI2,0.4,702
Ideal,E,SI1,1.01,5590
Very Good,G,VVS1,0.41,1151
Premium,I,VS2,1.01,4592
Very Good,D,VS2,0.51,1597
Ideal,E,VVS2,0.41,1187
Ideal,F,VS2,0.75,2933
Good,F,SI2,1.01,3895
Very Good,H,SI1,1.22,6071
Ideal,I,VS2,0.84,3475
Very Good,D,SI1,0.54,1650
Good,I,SI1,0.32,554
Premium,G,SI1,0.6,1646
Very Good,G,SI2,1.01,3577
Premium,D,VS2,1.54,11795
Very Good,E,I1,1.18,3965
Ideal,E,VS1,0.7,3016
Fair,D,IF,0.37,1440
Premium,G,VS1,0.31,802
Very Good,E,VS2,0.52,1689
Very Good,F,VVS1,0.48,1914
Ideal,E,VS1,0.73,3311
Ideal,E,VS1,0.3,694
Ideal,I,VVS2,0.35,598
Premium,D,SI2,0.51,1406
Good,D,VS1,0.4,954
Ideal,E,VS2,0.6,2137
Premium,E,VS1,1.0,7392
Ideal,I,VS2,1.24,6076
Ideal,H,SI1,1.7,9139
Premium,H,VS1,0.34,596
Ideal,E,SI1,1.05,6316
Good,E,SI2,0.61,1408
Very Good,D,VS2,0.71,3217
Very Good,G,VS1,1.06,6707
Very Good,D,SI1,1.01,6630
Very Good,I,SI2,0.77,2159
Very Good,F,SI2,2.05,15017
Premium,D,SI1,1.0,5488
Ideal,G,VVS2,1.07,8235
Ideal,D,VS2,0.92,6513
Premium,J,VS2,1.51,7455
Ideal,F,VS2,1.67,17351
Ideal,H,VVS2,1.53,12848
Premium,I,SI1,1.03,3749
Premium,I,VVS2,0.33,743
Ideal,H,VS2,0.32,505
Premium,H,I1,1.0,2695
Very Good,J,SI2,1.22,4652
Ideal,E,VS1,0.54,1962
Ideal,D,VS2,0.61,2202
Ideal,D,VS2,1.51,15821
Premium,H,VS2,1.01,4559
Ideal,F,VVS1,0.52,2251
Ideal,D,VS1,0.29,647
Ideal,F,VS1,0.32,695
Ideal,H,VS1,0.3,675
Ideal,E,VS2,0.31,680
Very Good,F,VVS1,0.71,3461
Ideal,G,IF,0.33,861
Very Good,D,VS2,0.74,2906
Premium,G,SI2,0.34,574
Ideal,E,VS2,0.7,3172
Ideal,D,VS2,0.73,3464
Premium,I,VVS2,0.31,544
Premium,E,VVS2,0.57,2507
Ideal,D,SI1,0.34,803
Very Good,F,SI1,0.92,4037
Ideal,I,SI2,1.0,3629
Premium,F,SI2,0.32,421
Premium,D,VS2,0.33,1069
Good,E,SI1,1.2,6653
Ideal,D,SI1,0.32,715
Ideal,E,VS1,0.33,781
Ideal,F,VS1,0.77,3647
Premium,H,VVS2,1.5,11855
Ideal,J,VS2,1.21,4879
Very Good,J,VS2,0.51,1008
Premium,E,SI1,0.71,2817
Premium,G,VS1,0.54,1760
Very Good,J,VS2,1.51,7418
Ideal,H,VS2,1.03,6123
Ideal,I,VS1,1.53,10796
Very Good,H,IF,0.36,865
Ideal,G,I1,1.02,3459
Premium,H,VS2,1.29,7802
Fair,D,SI1,0.5,1323
Ideal,H,VVS2,1.19,7651
Premium,H,VS2,0.71,2181
Ideal,I,VVS2,0.5,1367
Very Good,E,VS1,1.05,7969
Premium,I,SI1,0.45,941
Premium,E,SI1,0.41,969
Ideal,E,VS1,0.52,1793
Very Good,G,SI2,1.82,11971
Ideal,I,SI2,1.21,5184
Premium,H,VS2,1.2,6416
Ideal,E,VS2,0.5,1629
Good,J,SI1,0.63,1134
Fair,I,SI1,0.85,2493
Ideal,E,SI2,0.56,1296
Ideal,E,VVS1,0.33,984
Very Good,I,SI2,2.05,14071
Very Good,E,SI2,0.36,471
Fair,F,SI1,0.71,2088
Premium,I,SI2,1.01,3818
Very Good,D,IF,0.31,1331
Ideal,G,VS1,0.59,1803
Ideal,H,SI1,0.7,2113
Premium,E,VVS2,0.3,1013
Good,G,VS2,0.34,714
Ideal,F,VS1,0.41,1076
Ideal,I,VVS1,0.58,1758
Premium,F,IF,1.02,11167
Premium,D,SI1,0.71,2861
Ideal,F,VS2,0.51,1562
Very Good,J,VS1,0.76,2036
Premium,H,SI1,0.36,665
Very Good,G,VS2,0.57,1608
Very Good,F,SI1,1.53,12621
Premium,G,VS1,0.31,625
Very Good,G,VS1,0.32,645
Very Good,H,VS2,0.7,2074
Premium,H,VS2,1.56,10331
Premium,G,VS1,0.31,802
Premium,F,SI1,0.71,2633
Ideal,E,VVS1,0.56,2750
Premium,F,SI1,1.01,5345
Ideal,H,SI2,0.32,420
Ideal,F,VS1,0.57,1949
Very Good,E,SI1,0.41,755
Premium,I,SI1,1.17,4914
Good,D,SI2,1.2,6344
Very Good,E,SI1,1.0,5413
Premium,H,SI1,0.8,2699
Ideal,G,IF,0.52,2267
Premium,E,SI1,1.0,5027
Ideal,E,SI1,0.4,772
Premium,F,SI1,1.57,12112
Premium,J,VS1,0.3,506
Good,H,SI2,0.73,2085
Very Good,F,SI2,0.44,648
Ideal,G,VS1,0.52,1803
Premium,G,SI2,0.72,1588
Premium,I,VVS1,2.08,15654
Premium,E,VVS2,1.2,11435
Good,E,SI1,0.5,1217
Good,F,VS2,1.42,9542
Very Good,I,SI2,1.27,5371
Premium,E,SI1,0.6,1830
Premium,D,SI1,0.71,2863
Premium,G,SI2,0.95,3181
Very Good,D,VVS2,1.0,10113
Ideal,G,VS1,0.32,828
Good,E,SI1,0.4,682
Very Good,E,SI1,0.9,3508
Premium,I,SI2,0.7,1724
Good,D,SI1,0.5,1447
Ideal,H,VVS2,0.4,1125
Ideal,D,SI2,0.73,2683
Very Good,F,VS1,0.41,974
Ideal,I,VVS2,0.9,4011
Ideal,D,VS2,0.31,734
Very Good,G,IF,0.72,3614
Ideal,G,VS1,0.33,666
Premium,G,SI1,0.7,2394
Ideal,E,VS2,0.73,3198
Very Good,E,SI2,0.75,2719
Ideal,G,SI2,1.04,4277
Ideal,G,VS1,0.56,1915
Ideal,E,VVS2,0.31,864
Premium,H,SI2,2.21,13872
Very Good,H,VS2,0.92,4173
Premium,H,SI1,1.31,7395
Ideal,G,SI1,1.17,6419
Good,I,SI1,2.01,14597
Premium,I,SI1,1.22,5602
Premium,E,SI2,2.46,10470
Very Good,H,SI1,1.12,4576
Ideal,F,VS1,0.36,803
Ideal,F,VS1,1.02,8011
Premium,J,VS2,0.3,368
Very Good,H,VS1,0.9,4201
Premium,I,SI2,1.31,5744
Premium,F,SI2,1.02,4162
Very Good,G,SI2,0.71,1740
Ideal,D,VVS1,0.61,4241
Very Good,H,VS1,0.6,1679
Ideal,F,VVS2,0.57,2797
Good,D,SI2,0.9,3806
Ideal,H,SI1,1.07,3415
Premium,E,SI2,0.39,834
Ideal,F,VS2,0.54,1619
Ideal,F,SI1,1.52,12364
Ideal,G,IF,0.32,918
Ideal,E,VS1,1.21,12111
Ideal,F,SI1,0.9,4724
Very Good,D,SI1,0.36,663
Ideal,H,SI1,0.76,2765
Premium,F,VS2,1.75,17172
Very Good,E,VVS1,0.24,552
Ideal,F,VVS2,0.31,759
Ideal,I,VS2,0.57,1326
Ideal,F,VS2,0.41,1107
Premium,I,SI1,1.52,8852
Good,F,SI1,0.9,3893
Ideal,F,SI2,1.01,4458
Very Good,G,VS2,0.72,2578
Ideal,F,SI1,0.32,586
Ideal,E,VVS2,1.15,12193
Ideal,E,SI2,0.81,3050
Ideal,F,VS1,0.7,2839
Premium,I,SI2,1.27,5249
Ideal,G,VS1,0.33,666
Ideal,I,IF,0.31,652
Ideal,F,SI1,0.71,2669
Ideal,G,VS2,0.54,1637
Good,F,SI1,0.4,687
Very Good,F,VS2,0.62,1832
Ideal,F,VS2,0.36,875
Ideal,G,VS2,0.84,3936
Premium,H,SI2,2.04,13790
Premium,H,SI2,1.11,4662
Ideal,H,VVS2,0.3,567
Ideal,E,VS1,0.53,1827
Very Good,F,VVS1,0.4,1111
Ideal,G,SI1,0.54,1350
Very Good,E,VS2,0.26,453
Ideal,D,I1,0.34,413
Premium,G,VS2,1.62,13578
Ideal,D,VS2,0.52,1868
Ideal,I,SI1,1.2,5376
Premium,F,VS1,0.51,1627
Very Good,G,SI1,0.39,703
Ideal,H,VS1,1.53,12459
Very Good,H,SI1,1.19,5698
Premium,H,SI1,1.33,7302
Ideal,F,VS1,0.26,452
Good,E,SI1,1.01,5132
Premium,E,SI2,0.74,2553
Ideal,E,VS2,0.4,1092
Ideal,D,SI1,0.4,950
Ideal,D,SI1,0.31,732
Premium,F,VS2,0.31,749
Very Good,H,SI1,1.5,9035
Good,H,SI1,1.01,4559
Premium,F,VS2,0.31,802
Premium,G,VVS2,1.01,7466
Ideal,E,VS2,0.53,1707
Good,G,VS1,0.7,2803
Good,F,SI1,0.71,2308
Very Good,E,SI2,1.14,5593
Premium,G,VVS2,1.15,8501
Ideal,E,VS2,0.33,723
Very Good,G,VS1,1.0,6642
Good,E,SI2,0.51,1130
Premium,G,VS2,1.01,5759
Premium,G,SI1,0.48,960
Ideal,I,SI2,1.23,5269
Very Good,H,VVS2,0.4,882
Very Good,D,SI1,0.32,526
Ideal,D,SI2,0.32,477
Ideal,I,SI1,1.24,5797
Ideal,G,VVS2,0.35,676
Fair,I,SI2,1.59,7080
Very Good,D,SI1,0.71,2690
Ideal,G,VS2,1.03,6981
Ideal,D,SI1,0.34,750
Ideal,F,VVS2,0.39,988
Premium,F,SI1,0.73,2527
Premium,H,VVS2,0.34,880
Ideal,F,VS2,0.31,625
Premium,F,SI1,0.36,616
Ideal,G,VS1,1.07,7485
Ideal,H,VVS1,0.51,1776
Ideal,H,SI2,0.57,1151
Ideal,D,SI1,0.32,756
Ideal,H,SI2,1.24,5797
Ideal,D,VS1,0.44,1294
Very Good,E,VVS2,0.23,498
Premium,H,VS2,0.44,810
Very Good,E,VS2,0.5,1624
Premium,J,VS2,0.72,1846
Premium,G,VS1,0.3,776
Very Good,D,SI2,0.3,447
Premium,D,VS2,1.04,7852
Very Good,D,VS2,0.78,3672
Ideal,D,VS2,0.53,1857
Good,F,VS2,0.54,1745
Premium,E,SI1,1.01,5226
Ideal,H,VS2,0.31,489
Ideal,G,VS2,0.63,2357
Ideal,E,VS2,0.4,912
Very Good,H,SI1,0.51,1170
Ideal,F,VS2,1.12,6858
Ideal,H,VVS1,0.31,707
Ideal,H,VVS2,0.77,3707
Good,D,SI1,0.32,589
Very Good,H,SI2,1.17,4826
Ideal,D,VS2,0.4,1050
Premium,G,VS1,1.01,6499
Very Good,D,SI1,0.3,476
Premium,G,VVS2,1.01,6968
Premium,E,SI1,0.3,675
Ideal,E,VVS2,0.62,2904
Premium,H,VVS2,1.0,6037
Ideal,E,SI1,0.59,1793
Very Good,G,VVS1,1.41,14936
Ideal,I,VS2,2.22,18363
Ideal,D,SI2,0.32,612
Very Good,H,SI1,1.0,5247
Premium,I,VS2,1.59,7479
Ideal,F,SI1,0.32,648
Ideal,I,VS1,2.16,18342
Ideal,E,VS2,0.55,1596
Premium,E,VS2,0.5,1746
Very Good,H,VS1,0.7,2482
Premium,I,VS2,1.24,5889
Ideal,G,VS1,0.3,776
Premium,G,IF,0.71,3642
Very Good,J,SI1,0.91,2956
Ideal,H,VS1,1.01,5882
Very Good,E,SI1,0.9,4315
Ideal,E,VS1,0.31,942
Ideal,H,SI2,0.71,2122
Ideal,D,VS2,0.35,829
Premium,G,VS2,0.32,561
Very Good,G,VVS2,0.5,1838
Premium,J,SI1,1.16,4326
Ideal,F,IF,0.3,886
Ideal,D,SI1,0.9,4819
Very Good,D,SI2,1.02,4964
Ideal,H,SI1,0.5,1446
Ideal,D,VS2,0.53,1857
Ideal,G,SI2,1.55,8981
Premium,D,VS1,0.7,2956
Premium,H,VS2,0.7,2330
Premium,H,I1,1.13,3480
Ideal,H,SI1,0.31,417
Good,I,SI2,1.01,3411
Premium,I,VS1,2.05,12766
Ideal,E,SI2,1.0,4743
Ideal,H,VS1,0.3,675
Good,J,VS1,0.88,1964
Ideal,F,VVS1,1.25,12584
Premium,J,VS1,0.3,506
Premium,G,VS2,0.49,1240
Premium,I,SI1,0.32,432
Premium,D,I1,1.11,3655
Ideal,F,VS2,0.3,573
Very Good,G,VS1,0.9,4540
Ideal,D,VS2,0.54,1842
Ideal,E,VS2,0.35,984
Premium,F,VS2,1.01,6900
Very Good,E,SI1,1.01,4766
Ideal,F,VVS1,1.12,11403
Premium,E,VVS2,1.09,10111
Ideal,G,IF,0.64,2790
Very Good,F,VS2,1.2,8334
Ideal,E,SI2,0.5,1154
Very Good,F,VS1,0.26,453
Good,G,SI1,0.5,1197
Premium,D,SI1,0.9,4612
Very Good,G,VVS2,0.59,2155
Ideal,I,SI1,1.53,8981
Premium,E,VS1,0.27,603
Ideal,D,VS2,0.36,800
Ideal,G,SI1,0.78,2583
Ideal,E,SI1,0.58,1580
Premium,E,SI1,0.41,904
Premium,D,SI2,0.42,700
Premium,D,SI2,1.55,11103
Ideal,G,VS2,1.2,8040
Very Good,I,SI2,0.7,1876
Ideal,E,SI2,0.77,2360
Fair,F,I1,0.58,893
Ideal,F,VS1,0.55,1881
Good,D,SI2,0.96,3419
Premium,I,VVS1,0.44,990
Ideal,D,SI2,1.14,5548
Ideal,H,VVS1,0.31,687
Ideal,G,SI1,0.61,1579
Ideal,J,SI1,2.3,12316
Very Good,F,VS2,0.52,1550
Ideal,E,VS1,0.7,3345
Premium,D,SI2,0.42,898
Good,I,VVS1,0.3,552
Ideal,F,VVS1,0.3,814
Ideal,G,VVS1,1.02,8485
Premium,G,VS1,0.35,706
Ideal,G,VS1,0.33,854
Ideal,D,SI2,0.5,1332
Good,H,SI1,1.52,8915
Ideal,G,SI1,0.41,964
Fair,G,SI2,2.01,13721
Premium,G,SI2,1.54,8969
Ideal,G,IF,0.34,952
Premium,G,SI1,0.51,1312
Premium,F,SI1,0.76,2443
Premium,F,SI2,0.5,1016
Very Good,I,VS2,1.25,5975
Ideal,D,SI1,0.32,756
Ideal,I,VS2,1.69,13645
Ideal,D,SI2,0.51,1359
Ideal,E,VS2,0.3,844
Very Good,G,VS1,1.0,6435
Premium,I,SI2,2.01,13052
Premium,G,VS2,1.51,12571
Very Good,F,VS1,0.9,4961
Very Good,H,SI2,1.7,10255
Premium,G,SI2,0.3,506
Ideal,G,VS1,0.52,1694
Ideal,I,VVS2,0.77,2824
Very Good,H,VS2,0.9,4155
Ideal,E,SI1,0.55,1621
Fair,I,SI2,1.51,6156
Premium,F,SI1,0.36,600
Premium,D,SI2,0.3,574
Ideal,D,VS2,0.6,2325
Very Good,E,SI2,1.0,4321
Ideal,D,SI1,0.51,1574
Premium,J,IF,1.53,9596
Very Good,H,SI2,1.5,7774
Ideal,F,VVS2,0.63,3351
Very Good,F,IF,1.02,10967
Ideal,F,VS2,0.48,1279
Ideal,D,VS1,0.31,713
Premium,G,VS1,1.45,8740
Premium,G,VS1,0.32,645
Ideal,E,SI1,0.42,743
Ideal,G,VS2,0.56,1698
Ideal,G,VVS1,0.72,3326
Very Good,G,VS1,1.01,6777
Premium,E,SI1,0.34,765
Very Good,H,SI2,0.9,2972
Ideal,D,SI1,0.3,547
Very Good,E,SI2,1.05,4281
Very Good,D,VVS2,0.26,554
Premium,H,SI1,1.17,4631
Very Good,J,VS2,0.7,1940
Good,G,VS1,1.02,5951
Ideal,H,SI1,0.57,1292
Ideal,D,VS2,0.31,685
Very Good,D,SI1,1.52,14295
Ideal,E,VS2,0.59,1789
Very Good,G,VVS2,0.63,2188
Fair,H,VS1,0.7,2395
Good,G,VS2,1.0,5002
Premium,E,SI2,1.09,4444
Ideal,G,VS2,0.42,847
Ideal,D,SI2,0.32,477
Good,G,VS1,1.5,10036
Fair,J,SI2,0.9,2536
Premium,F,SI2,1.52,8342
Premium,D,VS1,1.55,17773
Good,D,SI1,0.37,874
Premium,J,SI2,1.2,4177
Ideal,E,VS2,0.8,3930
Very Good,E,VVS2,0.25,575
Ideal,J,VS1,0.41,674
Good,F,SI1,0.7,2401
Very Good,G,IF,0.68,3143
Very Good,I,VVS2,1.5,10090
Very Good,H,IF,0.4,1044
Ideal,D,VS1,0.32,933
Ideal,E,SI1,0.9,5373
Ideal,H,SI1,1.04,5102
Ideal,D,VS2,0.51,1787
Very Good,G,SI1,1.22,6334
Ideal,H,VS1,1.52,11154
Premium,E,SI2,1.75,11655
Very Good,J,SI2,1.24,4789
Ideal,H,VS1,0.33,743
Very Good,E,VVS2,0.28,604
Ideal,E,SI1,0.36,810
Very Good,E,SI2,2.01,15618
Good,F,VS2,1.0,6037
Ideal,I,SI2,2.2,14277
Premium,G,VS2,1.18,7137
Fair,D,SI1,1.01,4751
Very Good,D,SI1,0.35,644
Premium,E,SI1,0.41,904
Very Good,F,SI1,1.02,5038
Premium,F,SI1,0.93,4182
Ideal,I,SI2,1.04,3953
Ideal,E,SI2,0.77,2753
Ideal,F,VS2,0.32,645
Premium,J,SI2,1.06,3391
Ideal,E,VVS2,0.41,1432
Ideal,H,SI1,0.34,526
Good,I,SI1,0.7,2034
Premium,G,IF,0.32,954
Ideal,G,VS1,1.27,9431
Very Good,D,VVS2,0.24,492
Ideal,G,VVS1,0.24,559
Very Good,G,VS1,0.51,1588
Ideal,F,VS1,0.34,956
Ideal,H,VVS2,0.55,1668
Ideal,D,VS1,1.06,8893
Ideal,D,SI2,0.3,574
Ideal,E,VS2,0.52,1689
Ideal,G,VVS2,1.25,10636
Ideal,G,VVS1,0.39,1004
Premium,D,VS2,0.3,710
Premium,J,SI1,1.31,5546
Premium,E,VS1,0.31,734
Ideal,G,VVS2,0.3,665
Ideal,H,VS2,0.47,1136
Ideal,E,SI1,0.71,2704
Premium,G,VS2,0.37,833
Fair,E,SI2,1.0,3011
Premium,D,SI1,0.41,791
Premium,H,VS2,1.71,13376
Very Good,D,SI2,1.01,4564
Premium,G,VS1,0.31,749
Premium,G,VVS1,0.32,1080
Premium,G,SI2,1.03,3824
Ideal,E,VS2,0.31,632
Ideal,H,VS2,1.25,8498
Premium,J,SI2,1.26,5038
Very Good,I,VVS2,1.5,9618
Premium,I,SI1,1.28,6164
Ideal,G,SI1,0.45,852
Good,E,SI2,1.0,4004
Very Good,H,VS1,0.3,675
Premium,H,SI1,1.02,4819
Premium,E,VVS2,0.3,1013
Ideal,G,VVS2,1.01,7167
Good,E,SI2,0.36,505
Ideal,D,SI1,1.01,6579
Premium,F,VS2,0.32,828
Ideal,D,SI1,0.33,780
Ideal,D,SI1,0.31,732
Ideal,F,VS2,0.3,573
Ideal,F,VS1,0.76,3446
Premium,G,SI2,1.01,4327
Ideal,H,VVS2,0.3,776
Ideal,G,VVS2,0.54,2090
Ideal,H,VS2,1.07,4458
Premium,E,VS1,0.41,1079
Ideal,I,SI1,1.22,5329
Very Good,I,VVS2,0.74,2600
Ideal,E,SI2,1.51,10147
Ideal,D,VS2,1.11,7602
Good,D,SI2,1.41,7501
Ideal,F,IF,0.27,796
Very Good,J,VS2,2.38,16126
Ideal,J,SI1,1.24,4875
Very Good,I,SI2,1.71,8896
Ideal,E,VS2,0.52,1689
Premium,H,SI1,1.01,4191
Very Good,D,VS1,1.08,8513
Good,H,SI1,0.9,3465
Premium,G,VS2,0.34,765
Very Good,F,VS1,0.33,741
Very Good,G,SI2,1.53,8095
Ideal,F,SI2,1.6,7616
Ideal,H,SI1,0.3,450
Premium,H,SI1,2.02,17265
Premium,G,SI1,0.7,2415
Premium,E,IF,1.05,11025
Ideal,I,SI1,1.22,5602
Ideal,F,VS1,0.74,3845
Premium,G,VS1,1.09,6951
Ideal,D,VS1,1.08,9545
Ideal,H,VVS1,0.38,1219
Ideal,E,SI1,0.57,1613
Ideal,G,VS2,0.34,765
Very Good,D,VS2,0.41,738
Very Good,G,IF,0.7,3543
Good,G,VVS2,0.51,1885
Very Good,F,SI1,0.7,2155
Premium,F,SI2,1.0,3977
Good,G,SI1,0.76,2447
Ideal,H,SI1,0.55,1270
Premium,I,SI2,2.51,18255
Ideal,F,I1,1.63,7229
Good,H,SI1,1.02,4167
Very Good,I,VS1,0.44,810
Ideal,H,IF,0.31,772
Ideal,I,VS2,0.7,2270
Very Good,G,VVS1,0.4,1008
Premium,J,VS2,0.59,1055
Good,F,SI1,1.72,13499
Good,F,VS1,0.56,1712
Premium,G,VS2,0.52,1577
Premium,E,SI1,0.41,852
Ideal,F,VS2,0.58,2401
Premium,F,SI1,1.2,7282
Ideal,I,SI2,2.02,13109
Very Good,G,VVS1,0.31,816
Fair,D,SI1,0.4,644
Premium,H,SI1,1.16,5480
Ideal,I,SI1,1.08,5141
Very Good,I,VS2,0.33,463
Premium,D,VS1,1.52,17723
Very Good,H,SI2,1.75,10727
Ideal,G,VS1,1.52,13777
Premium,G,VS2,0.53,1607
Very Good,F,VVS2,0.7,3247
Good,I,VS1,1.51,9581
Ideal,E,SI1,0.34,596
Premium,E,SI2,0.52,1088
Ideal,F,VS2,0.6,1970
Very Good,D,VVS2,0.35,835
Good,E,SI2,1.01,4355
Good,J,SI1,0.93,2438
Premium,D,SI1,0.42,1040
Ideal,E,VS1,0.41,1079
Ideal,G,SI1,0.53,1273
Ideal,E,VS2,0.51,1781
Ideal,H,VS1,0.57,1720
Ideal,H,SI2,0.53,1054
Ideal,D,VS2,0.31,734
Good,H,SI1,2.01,15919
Ideal,F,SI1,0.9,4523
Good,F,SI1,1.01,4369
Very Good,H,SI2,2.01,14768
Ideal,E,VS2,0.37,811
Fair,E,SI2,1.03,3876
Ideal,I,SI2,1.2,4890
Ideal,H,VVS2,0.27,496
Premium,F,SI1,1.24,7000
Ideal,H,SI1,0.43,919
Very Good,H,SI2,2.02,15851
Fair,F,SI1,0.75,2363
Ideal,F,VS1,0.37,846
Premium,G,VS1,0.3,605
Ideal,G,SI1,0.32,477
Ideal,G,VS2,0.3,545
Good,H,SI1,0.3,421
Ideal,J,VS2,0.7,1874
Ideal,F,VS2,0.71,2686
Premium,F,SI2,0.87,2661
Fair,J,I1,3.11,9823
Premium,E,SI2,1.56,9909
Ideal,F,SI1,0.41,711
Ideal,D,VS2,0.35,1063
Ideal,E,VS2,0.7,3370
Ideal,G,SI1,0.52,1197
Ideal,D,SI1,0.35,780
Premium,G,VS2,1.28,8139
Ideal,F,VS1,0.96,5767
Premium,H,VS1,0.35,614
Very Good,F,SI1,0.58,1373
Fair,G,VS1,0.45,1027
Very Good,G,VVS2,0.32,730
Very Good,E,VVS2,0.23,485
Ideal,H,VS1,0.31,557
Premium,J,VS2,2.04,11209
Ideal,G,IF,0.31,891
Ideal,D,VS1,0.55,1918
Premium,H,VS1,0.77,2789
Ideal,E,VVS1,0.3,895
Ideal,E,VVS1,0.3,895
Premium,F,SI1,0.32,684
Very Good,J,VS1,1.21,5604
Ideal,G,SI1,0.82,3123
Ideal,J,I1,3.01,16538
Premium,I,VS2,0.33,463
Very Good,I,VVS1,0.56,1580
Ideal,I,VS1,0.53,1427
Ideal,H,SI1,2.0,12654
Very Good,D,SI2,0.31,462
Ideal,E,VS1,0.83,5151
Ideal,D,VS1,0.35,952
Ideal,E,SI1,0.82,3588
Premium,H,VS2,0.53,1356
Very Good,H,VS2,0.9,3890
Very Good,G,SI1,1.26,7910
Very Good,F,VS1,0.77,3350
Ideal,E,SI1,0.34,765
Ideal,E,VVS1,0.33,852
Premium,E,VS2,1.01,6335
Ideal,E,VVS2,0.44,1274
Premium,G,SI2,1.38,5487
Ideal,G,SI1,0.7,2352
Good,E,SI1,0.9,3884
Ideal,I,VS2,1.13,5165
Premium,H,VS2,0.33,521
Very Good,E,VS2,0.82,4135
Ideal,D,VVS1,0.65,5052
Ideal,I,VS1,1.27,6396
Premium,G,VS2,0.93,4834
Premium,H,VS2,0.91,3921
Premium,G,SI1,0.9,3774
Very Good,E,VVS1,0.26,599
Ideal,E,SI1,0.76,3584
Very Good,I,VS1,1.53,9823
Premium,H,SI1,0.3,554
Fair,G,SI1,0.95,2841
Ideal,D,VS2,0.51,1787
Ideal,F,VVS2,0.63,2961
Ideal,G,SI1,0.54,1350
Premium,E,SI2,1.22,6121
Good,E,SI2,1.0,3889
Good,F,VS2,0.7,2212
Ideal,E,VS2,0.51,1662
Ideal,D,SI1,0.56,1708
Premium,G,SI2,1.2,5689
Ideal,I,VS2,0.78,2652
Premium,I,SI2,1.18,4639
Very Good,F,VS2,1.52,13215
Very Good,E,VS2,0.79,3539
Ideal,D,SI1,1.44,10725
Very Good,H,SI1,0.58,1239
Premium,D,VVS1,0.43,1584
Ideal,F,SI1,0.35,607
Ideal,E,SI1,0.57,1728
Ideal,D,SI1,1.3,9242
Premium,I,VS2,1.56,7326
Ideal,G,SI1,0.4,701
Fair,G,VS2,0.71,2274
Ideal,E,SI2,0.4,629
Ideal,J,VS2,2.0,14323
Premium,H,SI1,1.73,11969
Very Good,H,SI1,0.31,435
Premium,H,SI1,1.01,4965
Very Good,D,VS1,0.65,2752
Premium,J,VVS1,1.53,9555
Premium,H,SI1,1.21,6505
Premium,I,SI1,1.19,5464
Premium,G,VVS2,0.5,1935
Premium,E,SI1,0.72,2666
Premium,G,VS2,0.32,561
Good,I,SI1,0.88,2558
Premium,H,SI1,0.31,558
Premium,H,SI2,1.51,5767
Very Good,F,VS1,0.41,889
Very Good,G,SI2,0.93,4163
Ideal,G,VVS2,0.41,1076
Premium,F,SI2,0.75,2501
Ideal,D,VVS2,0.42,1210
Very Good,H,SI1,0.32,591
Ideal,E,SI2,1.02,4547
Good,E,SI1,0.41,705
Very Good,D,SI1,0.8,2925
Ideal,F,VVS1,0.38,1257
Premium,H,SI2,2.09,17805
Ideal,G,VS1,0.82,3880
Premium,F,VS1,0.38,1101
Ideal,E,SI1,0.74,2762
Very Good,F,SI2,1.51,8462
Very Good,D,SI1,0.41,947
Ideal,J,SI1,1.0,3929
Premium,D,SI1,1.01,5599
Premium,F,SI1,0.9,3881
Very Good,E,SI1,0.3,526
Good,D,SI2,0.9,3740
Premium,H,VS2,0.42,992
Ideal,G,VS2,0.34,765
Very Good,G,VS2,0.7,2507
Ideal,D,SI1,0.32,756
Ideal,E,VS2,0.57,1949
Ideal,D,VS2,0.3,911
Very Good,D,SI1,0.3,709
Very Good,D,VS1,0.52,1995
Very Good,I,SI1,0.33,572
Ideal,H,VS1,1.21,5902
Premium,J,VS2,0.37,583
Ideal,E,SI1,0.7,2846
Premium,E,VS2,0.38,1112
Very Good,G,SI1,1.5,9515
Very Good,E,VS2,0.38,866
Ideal,I,SI1,1.16,4668
Ideal,H,VS2,0.52,1401
Premium,H,VS2,1.51,10548
Ideal,G,SI1,0.93,4666
Ideal,H,SI1,1.13,4556
Good,E,VS1,0.51,1760
Very Good,E,VVS2,0.4,1075
Very Good,E,VS2,1.0,6732
Ideal,G,VVS1,0.3,976
Very Good,J,VS1,0.41,797
Very Good,D,SI1,0.73,2197
Good,H,VS2,1.05,5592
Premium,E,VS2,0.73,3127
Ideal,D,SI2,0.74,2690
Ideal,E,SI1,0.8,3890
Very Good,H,SI1,0.73,2359
Ideal,G,VS2,0.55,1752
Very Good,F,VS2,1.01,6288
Good,E,SI2,0.53,1140
Ideal,F,VS1,1.59,17366
Premium,I,SI1,0.69,1636
Ideal,G,SI1,0.51,1321
Ideal,G,SI1,0.3,487
Premium,F,VS2,0.34,686
Ideal,F,VS1,0.58,1983
Ideal,J,SI1,1.55,7987
Ideal,J,VS2,0.5,1166
Good,F,VS1,0.7,2919
Ideal,F,VVS1,0.3,814
Premium,H,IF,1.51,13075
Very Good,E,SI1,0.41,705
Good,F,SI1,0.6,1599
Ideal,D,SI1,0.31,732
Ideal,D,VS2,0.51,1787
Premium,G,VS1,0.51,1781
Ideal,F,VS2,1.26,9236
Fair,G,SI2,1.01,3816
Ideal,H,VS1,1.5,12702
Premium,D,SI2,0.92,3877
Premium,D,SI1,0.6,1814
Fair,H,SI2,1.0,3192
Good,I,SI1,0.3,394
Premium,D,VVS2,0.32,926
Premium,J,VVS2,2.0,15214
Good,D,SI2,1.33,6152
Premium,G,VS2,0.51,1546
Ideal,G,VVS2,0.41,1076
Premium,G,VS2,1.0,5806
Very Good,F,VS1,1.31,9797
Fair,H,SI2,0.9,2138
Good,F,SI1,0.37,738
Ideal,G,VS2,0.41,827
Ideal,G,VS1,0.43,1008
Good,E,SI1,0.31,507
Ideal,G,VS1,0.75,2973
Ideal,G,SI2,0.7,2234
Ideal,F,VS1,0.74,3170
Ideal,E,SI2,0.32,427
Ideal,G,VVS1,0.52,1936
Very Good,J,VS1,1.14,4905
Premium,H,SI1,1.0,4469
Ideal,J,VVS2,0.3,439
Ideal,G,VVS2,0.54,2090
Ideal,G,VS1,1.07,6793
Ideal,D,VVS2,0.37,983
Ideal,E,VS1,0.4,1125
Ideal,F,SI1,0.42,773
Ideal,F,SI2,1.27,5405
Very Good,G,VS1,0.7,2812
Ideal,F,VS2,0.31,802
Premium,F,VS2,0.53,1753
Ideal,J,SI1,1.6,8418
Ideal,D,VVS1,0.32,1067
Ideal,E,SI1,0.51,1443
Very Good,E,SI1,0.7,2481
Premium,G,VVS2,1.21,9541
Ideal,F,SI2,0.38,568
Very Good,F,SI1,1.02,4678
Ideal,G,VS2,1.21,7996
Ideal,I,VS1,0.46,906
Premium,F,SI1,0.32,684
Very Good,E,SI1,0.31,698
Ideal,H,VVS1,0.35,743
Premium,G,VS2,0.34,596
Ideal,D,SI1,0.71,3674
Very Good,J,VS2,0.58,1090
Ideal,I,VS1,0.91,4022
Ideal,G,SI1,0.79,2898
Good,H,SI1,0.41,748
Good,H,VS1,1.01,5515
Premium,G,SI1,1.22,6288
Very Good,H,VS1,0.29,444
Very Good,F,VVS2,0.24,552
Ideal,F,SI2,2.03,18458
Ideal,F,VS2,1.1,8977
Premium,H,VS2,0.3,473
Ideal,E,VVS2,0.3,766
Very Good,I,VS2,0.47,935
Premium,D,VVS2,0.41,1105
Ideal,F,VVS1,0.41,1157
Premium,F,SI1,1.0,5152
Very Good,F,SI1,0.71,2088
Very Good,G,SI1,0.31,593
Very Good,F,SI2,0.9,3569
Good,H,VS1,0.4,807
Very Good,I,SI2,1.21,4791
Good,D,SI2,0.8,2229
Ideal,I,VS1,1.56,10399
Good,E,VS2,0.23,357
Premium,G,VS1,0.56,1915
Premium,D,SI1,1.52,11220
Premium,E,VS2,0.62,2102
Good,J,VS2,1.23,4727
Very Good,G,VS1,1.3,10654
Good,E,SI1,1.5,11368
Ideal,G,SI1,0.79,2907
Ideal,H,VS1,0.32,561
Very Good,H,VS2,1.0,4652
Very Good,F,VS2,0.39,821
Very Good,F,VVS2,0.39,965
Premium,H,SI2,2.21,13369
Premium,G,VVS2,1.06,7627
Premium,J,VS2,0.7,1940
Ideal,D,VS2,0.31,803
Ideal,D,VVS1,0.28,608
Premium,G,VS1,0.51,1781
Premium,G,VS2,0.52,1577
Very Good,E,VVS1,1.11,11330
Premium,G,VVS2,0.32,936
Good,H,VS2,0.4,945
Very Good,F,VS2,1.79,18429
Very Good,H,VVS2,0.3,559
Ideal,G,VS2,0.53,1577
Premium,D,SI2,2.0,12576
Very Good,J,SI2,1.2,3880
Ideal,F,VS1,0.33,765
Ideal,G,VS2,1.55,14106
Premium,F,VVS1,1.01,7741
Premium,E,SI1,0.4,945
Premium,F,VS2,1.23,8486
Ideal,G,SI2,1.15,4877
Ideal,E,SI1,1.01,5599
Good,D,VS2,0.9,3604
Very Good,F,SI1,1.01,4869
Good,D,SI2,1.03,4671
Ideal,G,SI1,0.28,455
Good,H,VVS1,0.45,1240
Ideal,G,VS1,0.52,1576
Good,D,VS2,1.01,6912
Ideal,H,SI1,1.02,6264
Very Good,G,VVS1,0.6,2485
Premium,F,SI2,1.08,4407
Ideal,G,SI2,0.42,829
Premium,H,SI1,0.9,3387
Premium,G,SI2,1.01,4154
Ideal,G,SI1,0.63,1628
Very Good,E,SI1,0.53,1432
Very Good,G,VS2,1.08,6415
Ideal,E,VS2,0.41,935
Good,E,SI1,1.6,12581
Ideal,E,VS2,0.53,1727
Ideal,G,VVS2,0.3,665
Premium,H,SI2,2.01,11635
Premium,E,SI2,2.12,18120
Ideal,F,IF,0.31,914
Premium,E,VS2,1.01,5882
Premium,D,VS2,0.21,386
Premium,H,SI1,0.97,3911
Ideal,G,SI1,0.74,2760
Ideal,F,VVS1,0.32,912
Very Good,E,VVS1,0.35,835
Premium,J,VS2,0.41,611
Ideal,F,VVS1,0.32,990
Fair,I,VS2,0.7,1996
Premium,F,SI1,0.39,860
Good,F,SI2,0.61,3807
Premium,I,SI1,0.31,418
Premium,D,SI2,0.9,3205
Good,H,VS2,0.72,2497
Premium,H,VS1,0.34,596
Premium,I,SI2,1.2,5080
Ideal,E,VS2,0.5,1746
Ideal,I,VS2,1.06,4530
Ideal,G,VS1,0.53,1721
Ideal,E,SI2,0.5,1154
Good,F,SI1,0.9,4241
Good,F,SI2,1.0,3801
Ideal,D,SI1,0.5,1563
Ideal,H,SI2,2.1,16629
Ideal,F,VVS1,0.53,2922
Very Good,G,VVS2,0.33,752
Ideal,D,VS2,0.54,1993
Ideal,E,VS1,0.53,2143
Premium,I,SI2,1.36,5963
Good,D,SI2,0.7,2367
Very Good,J,SI1,1.65,7903
Ideal,E,SI1,0.51,1732
Premium,E,VS2,0.32,900
Good,F,VS2,0.31,637
Ideal,G,SI1,0.7,2460
Very Good,G,VVS1,1.51,15281
Ideal,E,VVS1,0.4,1333
Premium,H,VS2,1.22,5944
Premium,H,VS1,1.38,7233
Very Good,J,VVS2,1.51,8550
Ideal,G,VVS2,0.32,936
Very Good,F,VS1,0.41,931
Good,D,VS2,0.7,3087
Ideal,D,SI2,0.3,447
Ideal,I,VVS1,0.4,854
Ideal,E,VS2,0.3,844
Ideal,G,SI2,1.04,5044
Ideal,D,SI1,1.06,6565
Premium,G,SI1,0.53,1206
Very Good,H,SI1,1.01,5433
Premium,H,VS2,0.4,945
Good,H,SI2,0.3,368
Ideal,E,SI1,0.31,516
Premium,G,VS2,0.68,2040
Premium,E,VVS2,1.03,9205
Ideal,F,VS1,1.27,11973
Premium,E,SI2,1.0,4579
Fair,H,I1,1.52,4648
Very Good,D,VS1,0.36,793
Ideal,E,VS2,0.65,2282
Ideal,F,VVS2,0.4,1039
Very Good,E,SI2,1.05,3816
Premium,E,SI1,0.35,614
Ideal,H,SI2,0.71,2376
Very Good,E,SI1,0.41,1015
Ideal,G,VS2,1.17,7550
Premium,H,SI2,1.52,8127
Ideal,H,IF,0.3,764
Ideal,G,VS2,1.01,6439
Very Good,G,SI1,1.59,10963
Ideal,G,VVS2,0.31,687
Ideal,F,SI1,0.42,838
Ideal,D,SI1,0.52,1600
Premium,D,SI1,1.51,12738
Very Good,E,SI1,1.52,11176
Very Good,D,SI2,0.3,574
Ideal,E,VS2,1.0,6048
Premium,H,SI1,0.41,984
Fair,H,SI1,1.13,5771
Ideal,E,VVS1,0.32,879
Ideal,G,SI2,2.32,18532
Premium,H,SI1,1.33,7171
Premium,H,SI1,1.09,5706
Ideal,H,VS2,0.77,3332
Very Good,J,SI2,1.05,3395
Very Good,E,VVS2,0.31,721
Ideal,H,VVS1,0.25,525
Premium,E,VS2,0.7,2673
Ideal,H,VVS2,0.4,1125
Good,F,VS2,0.9,4432
Premium,E,SI1,0.91,4138
Ideal,G,VVS1,0.65,3248
Good,E,SI1,0.32,524
Very Good,F,VVS2,0.24,552
Premium,J,SI1,1.2,4838
Ideal,E,VS2,1.13,9796
Ideal,F,SI1,0.8,3420
Premium,E,VS2,0.3,658
Very Good,E,SI2,0.7,2281
Ideal,E,VS2,0.57,1851
Good,G,SI2,2.01,15977
Very Good,G,SI1,1.0,4997
Ideal,E,SI1,0.5,1259
Very Good,G,VS2,0.51,1438
Very Good,E,SI2,1.51,10012
Ideal,D,VVS2,0.54,2323
Premium,G,VVS2,0.7,2874
Premium,H,SI1,0.6,1219
Good,G,VS2,0.66,2101
Good,F,I1,0.4,491
Ideal,F,VS1,0.56,2016
Fair,I,SI1,1.56,7950
Fair,D,I1,0.91,2491
Ideal,D,IF,0.31,1251
Very Good,J,SI2,2.74,17164
Ideal,E,VVS2,0.8,4493
Very Good,H,SI1,1.01,4836
Ideal,I,SI1,1.22,6012
Very Good,I,VS1,0.36,729
Ideal,E,VS2,0.9,4419
Premium,H,SI2,1.1,4004
Premium,H,VS2,1.52,8001
Ideal,F,VS2,1.01,7338
Premium,H,VS2,1.52,11105
Very Good,E,VVS1,0.26,554
Very Good,H,VVS2,1.07,6751
Fair,H,I1,0.96,1739
Ideal,G,IF,0.31,891
Ideal,E,VS1,0.51,1697
Ideal,G,SI1,0.4,741
Very Good,E,SI1,0.33,693
Ideal,E,SI1,1.01,5973
Very Good,F,VVS1,0.25,633
Fair,H,VS2,0.46,830
Premium,H,VS1,1.01,5416
Very Good,G,VS1,0.73,2939
Ideal,G,VVS2,0.31,907
Good,H,SI1,1.0,4389
Ideal,E,VVS1,0.31,1064
Ideal,H,VVS2,0.59,1834
Very Good,I,SI2,2.01,10009
Premium,H,VS2,0.9,4355
Very Good,J,SI1,2.51,16842
Good,E,SI1,1.01,5233
Very Good,F,SI2,0.59,1301
Ideal,H,IF,0.42,1213
Fair,D,SI2,1.0,4312
Good,G,VVS1,0.51,1872
Ideal,H,SI1,0.57,1247
Ideal,G,SI2,0.55,1240
Premium,G,SI2,1.7,10574
Very Good,H,SI1,1.0,4469
Premium,I,VS2,1.01,4676
Premium,E,VS1,0.41,1153
Fair,G,VVS1,0.7,2797
Very Good,E,SI1,0.71,2489
Fair,G,VS1,0.5,1257
Good,G,SI2,1.11,5438
Ideal,H,VVS1,0.26,468
Premium,F,SI2,0.82,2544
Premium,G,SI1,1.01,4672
Fair,H,SI1,2.0,13442
Good,E,SI1,1.5,11948
Good,H,SI1,0.53,1242
Premium,E,VS2,0.51,1733
Ideal,H,VVS1,0.56,1929
Ideal,G,VS1,0.56,1855
Ideal,G,VS2,0.42,907
Premium,E,VS2,0.33,928
Very Good,H,SI1,1.62,10567
Ideal,H,VS2,0.51,1563
Very Good,E,SI2,0.41,818
Ideal,F,SI2,0.58,1209
Ideal,G,SI2,0.31,391
Ideal,G,VVS2,0.53,1797
Ideal,F,VS2,0.82,4931
Good,I,SI1,0.33,434
Good,I,IF,0.9,3669
Very Good,F,VVS2,0.61,2274
Ideal,F,VVS2,0.56,2676
Ideal,J,SI1,1.59,8325
Ideal,G,IF,0.42,1400
Ideal,E,SI1,0.57,1728
Ideal,D,SI1,0.59,1783
Very Good,G,SI1,1.03,4903
Ideal,F,VS2,0.92,5805
Ideal,G,VVS2,0.51,1974
Ideal,E,IF,0.31,1214
Very Good,D,VS2,0.72,3016
Ideal,G,VVS2,1.26,10367
Very Good,H,VS1,0.31,544
Premium,F,SI2,1.02,4238
Ideal,I,SI1,0.56,1343
Premium,F,VS1,1.5,15153
Ideal,I,VS2,0.32,449
Premium,F,SI1,0.97,4810
Good,D,SI2,1.0,4218
Very Good,G,SI1,0.47,1133
Premium,F,SI2,0.7,2234
Very Good,J,VS2,2.0,13043
Premium,G,SI1,1.11,4096
Premium,H,VS1,0.51,1443
Very Good,H,VS2,1.01,5260
Ideal,I,SI2,2.19,15254
Ideal,G,VVS2,0.38,873
Very Good,I,SI1,0.7,1763
Premium,I,SI1,2.02,11119
Very Good,H,VVS1,1.5,11654
Ideal,E,VVS1,0.32,954
Ideal,H,VS2,0.32,523
Ideal,I,SI2,0.9,2909
Fair,H,VS1,0.7,2415
Very Good,H,SI2,0.53,1046
Very Good,I,IF,0.3,810
Ideal,G,SI1,0.92,4249
Fair,J,VS1,2.06,14750
Premium,J,VS1,1.54,6194
Premium,E,SI1,1.02,5655
Good,F,SI2,1.16,4476
Very Good,F,VVS2,0.54,2115
Premium,I,SI1,1.01,4242
Very Good,H,SI2,0.71,1972
Ideal,H,VVS2,0.34,880
Good,E,SI2,0.7,2405
Ideal,F,VS2,0.26,456
Ideal,D,VS2,0.31,942
Fair,I,SI1,1.22,4099
Premium,J,SI2,1.0,3293
Good,E,VS1,0.41,954
Ideal,H,IF,0.39,1039
Very Good,G,VVS2,0.4,925
Ideal,I,VS2,2.01,15729
Ideal,D,SI1,0.33,780
Very Good,D,SI1,0.9,4693
Ideal,G,VVS1,0.31,789
Ideal,I,VVS2,1.76,14065
Premium,E,VS2,0.91,5055
Ideal,D,SI1,0.63,2041
Ideal,F,SI2,1.0,4155
Ideal,J,SI1,2.08,13038
Very Good,E,VS2,0.82,3795
Premium,G,VS2,1.14,7079
Ideal,E,SI2,0.31,421
Ideal,G,SI1,0.4,942
Very Good,E,VVS2,0.26,569
Premium,G,IF,0.39,1271
Premium,E,VS1,0.4,1125
Premium,E,VS1,0.27,470
Ideal,G,VS1,1.03,7119
Ideal,G,SI1,0.71,2513
Premium,E,VS2,0.35,984
Ideal,E,SI2,0.89,3429
Ideal,H,VS2,0.5,1349
Ideal,D,VS2,0.31,734
Ideal,E,SI1,0.56,1649
Ideal,H,SI2,0.42,625
Ideal,F,SI1,1.04,5220
Ideal,G,VS1,0.5,1569
Ideal,G,VVS2,1.06,7934
Very Good,F,SI2,2.18,12099
Good,F,SI2,0.72,1609
Good,H,SI1,1.16,5678
Ideal,E,VS1,0.28,598
Ideal,G,SI1,0.48,1145
Premium,E,SI1,0.4,907
Good,G,SI1,1.02,4964
Good,I,VS2,0.9,3303
Fair,I,VS2,0.9,3246
Premium,H,SI1,1.02,4819
Good,J,SI1,2.06,11746
Fair,H,SI1,2.0,13764
Ideal,I,SI1,0.71,2255
Very Good,D,SI2,1.0,4543
Very Good,F,VVS2,0.55,2147
Ideal,F,VS2,0.51,1660
Ideal,G,SI2,1.08,4627
Ideal,E,VVS1,0.29,669
Premium,F,SI1,1.09,5384
Ideal,G,VS1,1.01,6794
Good,H,SI2,1.01,3888
Ideal,E,SI1,0.74,2872
Very Good,E,VVS2,0.42,1262
Ideal,J,VS2,1.51,7847
Ideal,D,VS2,0.32,972
Very Good,I,SI2,1.02,4155
Very Good,F,SI1,0.4,737
Ideal,D,VS1,0.43,1264
Very Good,D,VS2,0.46,1321
Very Good,G,I1,1.01,3288
Premium,E,SI1,0.33,743
Premium,I,VS2,2.37,14837
Ideal,D,SI2,1.51,6934
Premium,J,VS1,0.32,421
Premium,I,SI2,1.08,3750
Fair,H,I1,1.51,3765
Premium,H,SI1,1.59,10542
Premium,E,SI1,0.7,2396
Ideal,F,VVS1,0.4,1168
Very Good,F,VS1,0.28,487
Very Good,F,SI1,0.73,2326
Ideal,H,VS1,0.91,4109
Ideal,H,VS1,0.26,448
Very Good,F,VS1,0.31,679
Very Good,G,VS2,0.32,561
Good,H,VVS1,0.43,1037
Ideal,D,SI1,0.41,1015
Premium,I,VS2,0.82,2648
Ideal,G,VVS1,0.41,1068
Very Good,J,SI1,1.65,7943
Ideal,G,SI1,0.32,612
Ideal,F,VVS2,0.53,2030
Ideal,G,SI1,2.27,18343
Ideal,G,VVS1,0.46,1453
Premium,E,VVS1,0.23,680
Premium,F,SI1,0.36,770
Ideal,D,VS2,0.5,1808
Ideal,F,VVS1,1.14,11226
Ideal,G,VVS1,0.54,2236
Premium,G,VS1,0.3,605
Premium,G,SI2,1.16,4969
Premium,F,VS2,1.61,15426
Very Good,F,VVS2,1.01,7835
Premium,G,VS2,0.41,1061
Ideal,J,SI2,2.5,14502
Ideal,F,VS2,0.31,802
Ideal,E,SI2,1.51,10588
Very Good,D,SI1,0.7,2475
Very Good,F,IF,0.37,995
Ideal,F,VS2,1.01,7409
Ideal,F,SI2,1.04,4754
Premium,F,VS2,0.9,4801
Very Good,H,SI1,1.05,4692
Premium,H,VS1,0.7,2636
Premium,G,VS1,1.52,13207
Premium,J,VS1,2.04,14660
Very Good,F,VVS2,0.31,754
Ideal,F,VS1,1.06,8344
Very Good,E,VS2,0.3,658
Very Good,D,SI2,0.35,487
Good,F,SI1,0.91,3893
Ideal,G,VVS2,0.4,1050
Ideal,E,SI1,0.4,907
Good,I,VS2,0.71,2145
Ideal,G,VS1,0.32,828
Premium,H,VS1,1.6,12084
Ideal,G,VS2,1.12,6774
Ideal,E,VVS2,0.42,1216
Fair,G,I1,0.7,1092
Premium,H,VS2,1.11,5450
Premium,F,VS2,0.3,605
Ideal,F,SI2,0.91,4642
Premium,H,VS2,1.14,5700
Premium,I,VS2,1.53,10196
Ideal,H,SI2,1.57,9298
Very Good,G,VS1,1.09,7992
Good,E,SI1,0.3,675
Ideal,D,SI1,0.32,589
Ideal,F,VVS1,0.31,840
Ideal,H,VS2,1.06,4416
Ideal,G,VS1,0.31,625
Premium,D,SI2,0.75,2337
Premium,E,SI2,1.51,9302
Premium,G,VS1,0.35,845
Good,H,VVS2,0.4,823
Ideal,F,VS1,0.31,642
Good,J,SI2,0.43,629
Premium,H,SI2,2.08,12655
Very Good,F,SI2,1.2,5247
Ideal,G,VVS1,0.33,838
Premium,H,VS2,0.34,689
Good,E,I1,0.91,2342
Good,G,SI1,0.31,462
Ideal,J,VS2,1.61,9141
Fair,F,SI2,0.81,2301
Ideal,G,VS2,1.6,15000
Very Good,I,SI1,0.7,2147
Ideal,F,VVS1,0.3,802
Ideal,H,VS1,0.36,631
Ideal,E,SI1,0.7,2745
Very Good,D,SI2,0.83,2918
Very Good,E,VVS2,0.5,2106
Ideal,I,VS2,0.53,1046
Premium,F,SI2,0.76,2491
Good,F,SI1,0.3,500
Ideal,G,SI1,0.3,422
Premium,G,VS2,1.39,8874
Ideal,F,SI2,1.01,4858
Very Good,D,VS2,0.91,4720
Ideal,I,VS1,1.07,5302
Good,G,VVS2,0.5,1858
Premium,D,VS1,0.7,3471
Premium,E,SI1,0.37,833
Premium,H,VS2,0.71,2549
Very Good,H,VS1,0.7,2453
Very Good,E,VS2,1.01,6399
Very Good,D,SI1,0.7,2862
Very Good,G,VS1,0.3,581
Premium,D,SI2,1.52,10291
Very Good,J,VS2,0.57,1207
Fair,D,SI2,0.58,1156
Ideal,F,IF,0.41,1439
Ideal,D,VVS1,0.51,2797
Premium,I,VS2,0.76,2175
Ideal,G,SI1,0.9,4161
Ideal,J,VVS2,0.72,2150
Very Good,I,VS2,0.4,1031
Very Good,G,VS1,1.04,6669
Ideal,G,VVS2,0.34,751
Ideal,H,VS2,1.14,7059
Very Good,D,VS2,0.42,910
Ideal,G,SI2,0.7,2232
Ideal,I,VS2,0.35,630
Very Good,G,VVS1,0.31,1046
Very Good,G,SI1,0.51,1261
Premium,H,SI2,1.81,11460
Very Good,I,SI2,1.25,4950
Premium,E,SI1,0.9,4385
Ideal,F,IF,0.53,2658
Very Good,H,SI1,0.31,435
Premium,G,VS2,0.71,2766
Ideal,J,VS2,0.32,413
Ideal,I,SI1,1.02,3713
Ideal,G,IF,1.13,10228
Ideal,I,SI1,0.56,1212
Premium,G,VS1,0.3,776
Very Good,E,I1,2.18,10340
Premium,E,SI1,0.33,579
Premium,I,VS2,0.38,633
Very Good,D,SI1,0.33,608
Premium,E,SI1,0.73,2510
Very Good,E,VS2,0.57,1826
Ideal,J,SI1,1.56,6727
Premium,G,VVS1,0.4,1200
Premium,G,VVS2,1.18,8025
Ideal,J,VS2,0.72,1904
Ideal,G,SI2,0.71,1840
Good,G,VVS1,0.51,2027
Good,H,SI2,1.03,3892
Ideal,E,VS2,0.54,1713
Very Good,I,VS2,2.14,16914
Good,G,SI1,0.9,3734
Ideal,G,VS2,0.3,675
Very Good,G,IF,0.3,895
Ideal,F,IF,0.3,886
Ideal,I,VS2,0.7,2390
Very Good,I,VVS2,0.84,3392
Premium,G,VS1,1.0,6097
Premium,F,SI2,1.65,9693
Premium,D,SI1,1.04,6115
Very Good,D,VS1,1.03,6848
Very Good,F,SI1,1.01,4549
Ideal,F,VVS2,0.24,552
Good,D,SI1,0.4,720
Good,D,SI2,0.79,2539
Ideal,H,VS1,0.33,610
Ideal,G,SI1,1.68,12075
Fair,F,VS2,1.0,5840
Premium,F,SI2,0.93,3333
Ideal,E,VS2,0.33,723
Premium,F,SI2,0.41,775
Fair,E,VVS2,0.52,2079
Good,H,SI1,0.7,2066
Premium,J,SI1,0.96,3187
Ideal,D,SI1,0.38,581
Good,E,SI2,0.44,684
Ideal,E,VVS2,0.41,1243
Very Good,E,SI1,0.91,4434
Ideal,I,VS1,0.27,432
Premium,F,SI2,1.32,6660
Ideal,I,VS1,0.73,2908
Very Good,H,VS2,1.5,10206
Premium,F,VVS2,0.51,2203
Very Good,G,SI2,0.81,2545
Very Good,H,SI1,1.01,4432
Premium,E,SI2,1.09,5127
Premium,D,SI2,1.5,10517
Premium,F,SI2,0.91,3096
Ideal,F,VS1,0.3,754
Ideal,E,SI1,0.75,2964
Ideal,E,SI1,0.31,582
Premium,G,VS2,0.34,596
Ideal,H,VS2,1.01,5238
Very Good,F,VVS2,0.57,1902
Good,E,SI2,0.72,2308
Good,I,SI1,2.01,16731
Very Good,E,VS1,0.27,518
Ideal,I,IF,0.42,961
Ideal,F,VS2,0.3,605
Ideal,H,SI1,0.41,876
Good,I,VS1,0.71,2327
Good,H,VS2,0.7,2351
Very Good,E,SI2,0.7,2257
Ideal,F,VS1,1.62,14386
Ideal,H,SI2,1.07,4840
Ideal,D,VS2,0.56,1963
Good,F,SI1,1.04,4828
Ideal,E,SI2,1.09,5127
Ideal,G,SI2,0.37,518
Ideal,H,VS2,0.32,648
Very Good,E,VVS2,0.27,552
Ideal,E,SI1,0.73,2852
Fair,E,SI1,0.74,2069
Ideal,F,VVS2,0.43,1169
Premium,G,SI1,1.52,8512
Fair,H,SI2,0.94,3353
Good,D,VVS1,0.38,1159
Very Good,H,SI2,1.01,4262
Very Good,D,VS2,0.3,710
Ideal,I,VS1,1.11,6077
Very Good,E,SI2,0.9,3139
Ideal,G,IF,1.6,16547
Ideal,J,VS2,0.44,828
Fair,E,SI2,1.5,7459
Premium,E,SI2,0.9,3662
Ideal,F,VS2,1.08,7917
Ideal,J,VS2,1.01,4443
Ideal,E,VS2,0.34,956
Ideal,F,VS2,1.55,15426
Ideal,H,VS2,1.19,7633
Ideal,D,SI1,0.35,780
Ideal,E,VS2,0.55,1715
Good,E,SI1,0.47,987
Ideal,E,SI2,1.02,4712
Ideal,F,VVS1,0.35,1096
Ideal,I,VS1,0.41,969
Premium,F,SI2,1.01,4072
Very Good,F,SI2,0.73,2624
Ideal,F,SI2,0.5,1079
Ideal,H,VVS1,0.43,1298
Premium,J,SI2,1.22,4509
Premium,I,SI2,1.47,6403
Premium,E,VVS2,0.23,680
Very Good,H,VS2,1.51,10319
Very Good,G,VVS1,0.3,1013
Ideal,H,VVS1,0.37,815
Fair,I,VS2,0.71,2208
Premium,G,VVS1,1.0,8154
Very Good,E,VS2,0.33,675
Ideal,H,VS1,0.3,545
Premium,F,VVS1,0.32,926
Ideal,F,SI2,0.42,663
Very Good,I,SI2,2.03,14239
Premium,J,SI1,1.13,4214
Very Good,I,VS1,0.3,442
Ideal,D,VVS1,1.13,13968
Premium,I,VVS1,0.58,1636
Premium,E,SI1,0.71,2743
Good,D,SI1,0.41,738
Premium,J,SI2,1.25,4410
Premium,I,VS1,1.18,5921
Premium,G,SI1,1.07,5091
Premium,H,VS1,0.9,4309
Ideal,H,SI2,1.04,4077
Good,I,VS1,0.31,489
Good,F,SI1,0.51,1312
Ideal,I,VS1,0.3,457
Ideal,G,VVS1,0.41,1055
Ideal,I,VS1,0.84,3201
Ideal,E,VS1,0.3,670
Very Good,F,SI2,0.4,579
Premium,G,SI2,0.3,452
Premium,J,SI2,1.01,2683
Ideal,D,SI1,1.51,13588
Premium,G,VS1,0.38,1069
Fair,D,VS2,1.5,12606
Good,H,VS2,1.01,4489
Premium,D,SI2,0.33,631
Good,F,SI1,0.9,3950
Ideal,H,VVS1,0.52,1625
Ideal,G,VVS1,1.21,10232
Very Good,F,SI1,0.93,4256
Very Good,D,VS2,0.7,2913
Very Good,I,VS1,0.35,552
Premium,G,VS1,0.58,2071
Good,E,SI2,1.5,8910
Ideal,H,SI2,1.01,4693
Ideal,F,VS1,1.22,9581
Ideal,H,VVS1,1.32,9572
Ideal,E,VS1,0.46,1834
Ideal,G,IF,0.3,863
Good,E,SI1,0.92,4258
Ideal,I,VS2,0.7,3298
Good,H,SI1,1.0,4086
Premium,F,VS2,0.54,1786
Fair,F,VS1,0.52,1784
Ideal,H,VVS1,0.3,665
Good,F,VS2,0.31,583
Very Good,I,VS2,0.83,2865
Good,H,SI1,0.9,3125
Premium,F,VS2,1.01,6533
Good,H,SI1,1.0,4596
Ideal,H,SI2,2.09,16703
Premium,I,SI1,0.82,2405
Ideal,G,VS1,1.31,10155
Ideal,F,VVS2,0.71,4167
Ideal,E,SI2,1.02,4465
Fair,G,VS2,1.5,12787
Very Good,E,VS1,0.26,453
Premium,J,SI2,2.13,13148
Good,D,SI1,0.75,3024
Very Good,I,VS2,1.81,12822
Ideal,H,VVS1,0.42,969
Ideal,F,VVS2,0.41,1115
Ideal,F,VS2,0.41,1107
Ideal,F,SI1,1.22,6456
Very Good,F,VS2,0.26,381
Premium,H,SI1,1.22,6776
Ideal,G,SI1,0.3,477
Ideal,F,SI1,0.51,1580
Good,G,VVS2,0.3,684
Very Good,G,VVS1,0.39,873
Premium,I,SI2,1.01,3818
Good,E,SI1,0.41,705
Ideal,E,VS2,0.72,3601
Ideal,F,VS2,1.04,6692
Premium,F,I1,1.25,3724
Ideal,D,SI1,0.33,567
Ideal,F,SI2,1.0,4452
Very Good,H,VVS1,1.5,11688
Ideal,E,VVS1,0.4,1778
Ideal,F,VS2,0.32,610
Good,E,SI2,1.0,3696
Premium,G,SI2,0.76,2364
Ideal,F,VS2,0.61,2306
Ideal,E,VS1,0.32,707
Premium,E,VVS2,1.01,9711
Premium,F,VVS1,1.22,11723
Premium,E,SI2,2.01,13387
Fair,I,SI2,1.52,6905
Ideal,E,VS2,0.42,1024
Premium,G,SI2,1.04,3896
Very Good,G,VS2,0.39,1009
Ideal,E,VS2,0.71,3304
Very Good,E,VS2,0.54,1760
Ideal,D,SI1,0.35,644
Ideal,D,SI1,0.72,2993
Ideal,E,VS2,0.7,2952
Premium,F,VS2,0.4,1080
Premium,F,SI2,1.36,6458
Ideal,H,I1,1.02,3915
Good,F,VS2,1.01,5560
Ideal,H,SI1,1.1,5370
Premium,E,SI1,0.3,526
Ideal,G,VVS1,0.32,1080
Ideal,H,IF,0.74,3760
Ideal,F,SI2,0.8,2495
Ideal,E,SI1,1.64,9801
Good,E,SI1,0.58,1844
Premium,F,VS2,0.55,1698
Premium,E,VS2,0.5,1746
Ideal,F,VS1,0.3,570
Very Good,I,VVS2,0.6,1565
Very Good,F,SI1,0.77,3044
Ideal,D,VS2,0.31,734
Very Good,D,SI2,1.1,4361
Premium,F,VS1,1.09,8204
Ideal,E,VVS2,0.41,1187
Ideal,G,SI1,0.3,574
Ideal,G,VS1,0.31,802
Ideal,F,VS2,0.41,863
Ideal,J,VS1,2.59,16465
Very Good,I,VVS2,0.73,2565
Premium,I,SI1,1.32,6283
Premium,E,VS1,1.28,12210
Very Good,E,SI2,1.06,4570
Premium,F,SI2,0.9,3704
Ideal,F,VS2,1.01,6416
Premium,F,SI1,1.01,4989
Premium,I,SI2,2.2,13719
Premium,H,SI2,1.26,5434
Premium,D,VS2,0.4,982
Ideal,F,VS2,1.03,6922
Very Good,E,SI2,1.0,4311
Premium,G,VVS1,0.38,1064
Very Good,F,SI1,0.9,3624
Good,G,VS1,0.59,1910
Very Good,G,VS2,0.42,854
Ideal,G,SI2,1.03,4873
Ideal,E,VS2,0.3,795
Premium,H,SI1,1.0,4816
Very Good,F,SI2,0.76,2815
Premium,G,VS2,1.01,5620
Very Good,I,SI1,0.7,1918
Ideal,G,VVS1,0.52,1881
Ideal,H,SI1,1.06,4196
Good,D,I1,1.0,2657
Very Good,D,VS2,0.8,3135
Ideal,E,VS1,0.58,1965
Ideal,E,SI1,0.42,992
Premium,D,VS2,0.51,1818
Ideal,G,VS2,0.34,765
Premium,G,SI1,1.07,5453
Ideal,H,IF,0.34,913
Ideal,I,VS2,1.71,11455
Premium,E,VS1,0.41,1079
Ideal,F,IF,0.3,886
Very Good,J,VS2,1.5,7308
Very Good,F,SI1,0.7,2264
Ideal,E,VS1,0.28,487
Premium,E,SI2,1.04,4164
Premium,G,VS2,1.31,8979
Ideal,I,VVS2,0.37,632
Ideal,G,VS2,1.5,13135
Ideal,G,VVS2,1.06,7836
Very Good,I,SI1,1.06,4267
Ideal,J,VVS2,1.52,9541
Good,H,SI1,0.7,2048
Ideal,E,VVS2,0.28,828
Premium,H,SI2,1.2,3965
Good,E,SI1,1.01,5132
Ideal,E,IF,0.31,1214
Very Good,E,VS2,1.5,14639
Ideal,F,VS2,0.8,4816
Very Good,J,SI2,2.11,12771
Very Good,E,VS2,0.3,658
Ideal,H,VS1,0.3,675
Ideal,D,SI1,1.09,6133
Premium,G,VS1,1.04,6360
Ideal,D,VS1,0.3,848
Ideal,I,VS1,1.21,6292
Ideal,H,SI1,1.11,5325
Very Good,E,VS2,0.59,1712
Premium,H,VS1,1.53,11127
Premium,G,VS2,1.75,16783
Very Good,H,VS2,0.38,700
Premium,I,VVS1,0.33,780
Ideal,H,SI1,1.5,10725
Ideal,F,VVS1,0.74,4127
Very Good,E,VS2,0.5,1629
Ideal,G,IF,0.31,988
Good,D,SI2,0.43,669
Ideal,E,VS1,0.33,692
Ideal,F,VS2,0.54,1615
Premium,G,VVS2,0.44,1155
Ideal,E,VS2,0.31,680
Very Good,H,VS2,1.51,10225
Ideal,G,VVS2,0.58,2245
Fair,H,VS1,0.63,1760
Premium,H,SI2,1.71,10534
Ideal,D,VVS2,1.07,10266
Very Good,F,VVS1,1.0,9870
Good,I,SI1,1.52,8852
Very Good,J,VS2,1.43,6579
Very Good,G,VS1,1.01,6152
Premium,I,VS1,1.77,13085
Very Good,F,VVS1,0.7,3270
Premium,D,VS2,0.23,411
Ideal,F,VS1,1.01,7465
Very Good,F,VS2,0.33,854
Very Good,H,SI2,1.51,7823
Fair,H,VS2,0.7,2268
Fair,D,SI1,0.72,2364
Premium,G,VS1,1.01,6618
Premium,E,SI1,0.42,992
Ideal,F,SI1,1.04,5882
Good,F,SI1,0.37,575
Good,D,SI1,1.0,4312
Very Good,D,VS2,0.36,780
Premium,H,VS1,0.3,630
Premium,G,VVS1,0.45,1323
Ideal,I,VS1,0.4,919
Premium,J,SI1,1.66,8487
Very Good,E,SI2,0.7,2273
Ideal,H,VS2,0.26,434
Very Good,F,SI2,2.01,15188
Very Good,H,VVS1,0.24,449
Ideal,G,SI1,0.31,627
Ideal,G,VS1,0.41,899
Premium,F,VS1,0.3,844
Ideal,J,SI2,2.29,13726
Very Good,F,VS2,0.71,2662
Very Good,G,VS1,0.55,1667
Ideal,D,VS2,0.32,972
Very Good,J,SI1,0.31,363
Premium,E,VS2,0.56,2167
Very Good,J,VVS2,0.27,443
Very Good,F,VS1,0.79,3398
Ideal,F,VS2,0.32,645
Premium,G,VS2,1.51,11746
Very Good,J,VS2,1.21,4754
Ideal,H,VVS1,0.56,1961
Very Good,E,VVS2,0.39,962
Premium,J,SI1,0.36,410
Premium,D,VS2,0.32,758
Very Good,G,SI2,2.1,13007
Ideal,F,IF,1.09,11888
Good,I,VVS1,0.46,1089
Premium,F,SI1,0.8,2901
Good,G,VS2,1.01,5701
Very Good,G,SI1,1.01,4271
Ideal,G,IF,0.71,3772
Ideal,I,VVS1,0.55,1593
Ideal,G,VS1,1.51,14674
Very Good,E,SI1,0.51,1284
Ideal,F,VVS1,0.34,967
Good,E,SI1,0.9,3795
Good,E,SI2,0.36,648
Ideal,F,VS2,0.57,2096
Premium,H,SI1,1.04,5311
Very Good,E,VS2,1.01,7195
Good,I,VVS2,1.51,7255
Very Good,D,SI2,0.7,1806
Premium,H,SI1,1.01,4949
Ideal,G,VS1,0.39,752
Very Good,H,SI2,2.02,15064
Premium,G,SI1,0.7,2352
Ideal,H,VS2,0.6,1648
Good,G,SI2,0.9,3269
Premium,F,SI1,0.43,1016
Fair,H,VS1,1.02,4455
Ideal,G,SI2,0.31,429
Ideal,G,VS1,0.52,1629
Ideal,F,VS1,0.52,2123
Fair,E,SI1,1.0,5212
Ideal,G,VVS1,0.51,1893
Very Good,H,VS1,1.0,4732
Premium,H,VVS1,0.3,878
Premium,D,SI1,1.01,5939
Ideal,G,IF,0.32,918
Ideal,F,VVS2,1.12,10949
Good,H,SI1,0.7,2176
Premium,I,SI2,2.02,13991
Ideal,I,VVS1,0.58,1805
Fair,J,VS2,0.75,1944
Fair,E,SI2,1.07,4496
Very Good,I,SI1,0.55,1149
Premium,E,SI2,1.01,4054
Ideal,D,VS2,0.53,1877
Very Good,I,VS1,0.3,473
Very Good,H,SI2,1.64,9632
Ideal,H,SI1,0.7,2240
Ideal,G,VS1,1.11,7917
Premium,G,VS2,0.37,833
Very Good,F,SI1,0.8,2862
Premium,J,SI2,2.11,11663
Ideal,E,VS1,0.34,702
Good,F,SI1,0.71,2396
Ideal,E,VS2,0.72,2691
Premium,I,SI1,0.75,2122
Very Good,F,SI1,0.41,904
Premium,G,VS1,0.4,1125
Ideal,I,VS2,1.08,5357
Good,G,VS2,0.32,603
Ideal,E,SI1,0.51,1443
Very Good,F,VS2,0.7,2812
Good,H,SI2,2.18,16690
Very Good,H,SI1,1.76,12288
Premium,D,VS1,0.3,712
Premium,G,VS2,1.03,6229
Very Good,G,VS2,1.5,13528
Very Good,G,SI2,0.91,3531
Ideal,D,VVS2,1.04,11511
Ideal,D,VVS2,1.02,11573
Ideal,G,SI1,0.71,3007
Good,H,SI1,1.01,4559
Ideal,H,VS2,1.1,4048
Ideal,G,SI2,0.4,573
Premium,E,SI1,1.0,5544
Premium,H,VVS2,0.31,802
Very Good,H,SI1,1.1,4276
Premium,E,VS2,0.55,1708
Very Good,F,VVS2,0.23,498
Ideal,J,VS2,0.3,630
Ideal,D,SI1,1.5,12206
Very Good,J,SI2,2.18,12853
Premium,D,VVS2,1.0,9918
Premium,G,VVS1,0.31,1046
Ideal,F,VVS1,0.3,802
Ideal,H,SI2,1.34,6904
Good,H,SI1,1.01,4836
Ideal,D,VS2,0.4,1050
Ideal,E,VS1,1.58,17894
Good,E,SI2,0.9,3595
Ideal,H,SI2,2.09,15589
Premium,G,VS2,0.32,720
Premium,H,SI2,0.9,3371
Premium,H,SI1,2.02,16985
Very Good,D,SI1,0.64,1969
Ideal,G,VS2,0.67,1910
Very Good,D,SI1,0.38,733
Premium,F,SI1,1.01,4829
Premium,G,VS2,0.9,4022
Premium,H,SI1,2.28,13919
Ideal,I,SI1,1.06,4333
Very Good,H,VVS2,0.74,2921
Premium,E,VS1,1.13,8353
Ideal,F,VS1,0.34,692
Ideal,F,SI1,1.51,12152
Premium,G,VS2,0.7,2657
Ideal,F,VVS2,1.06,9547
Very Good,I,VVS1,0.7,2513
Ideal,H,VVS2,0.3,581
Ideal,F,VS1,1.28,12061
Premium,G,SI2,2.11,13069
Good,J,SI1,1.51,6511
Ideal,F,SI2,0.46,758
Premium,E,SI1,0.5,1562
Premium,D,SI1,0.37,874
Premium,G,VS2,1.22,8067
Very Good,H,SI2,2.33,13500
Ideal,E,VVS1,1.08,14032
Very Good,F,SI1,0.41,679
Ideal,J,VS2,0.5,1054
Ideal,G,VS1,1.21,8824
Premium,E,VS2,0.51,1781
Very Good,D,VVS2,0.71,3799
Good,F,SI2,1.5,8181
Ideal,J,VS1,0.42,663
Premium,G,SI2,1.7,7414
Ideal,E,SI1,0.38,898
Very Good,D,IF,0.57,4032
Premium,G,VS1,0.4,1125
Ideal,I,IF,0.33,694
Ideal,H,VS2,0.52,1573
Ideal,G,VS2,0.59,1622
Premium,H,VS2,1.01,5611
Ideal,J,SI1,0.72,1929
Ideal,E,VS2,0.41,935
Ideal,H,VS2,0.34,689
Ideal,I,SI2,0.79,2277
Ideal,F,VS2,0.31,749
Good,I,SI1,1.63,9556
Very Good,E,SI2,1.62,9355
Ideal,F,VS2,0.3,828
Premium,H,SI1,2.08,17617
Ideal,D,VVS2,0.51,3223
Ideal,G,IF,1.04,8921
Ideal,F,SI1,0.46,953
Ideal,H,SI1,1.23,7313
Ideal,I,VS1,1.01,5182
Ideal,G,VS1,0.31,625
Very Good,D,VS2,0.72,3075
Premium,H,SI2,1.28,5161
Good,G,SI2,0.93,3425
Very Good,G,VVS2,0.35,798
Ideal,D,VS1,0.7,4323
Ideal,E,VS2,0.32,900
Premium,H,VS1,0.35,788
Premium,I,SI1,1.35,6340
Ideal,E,VS2,0.52,1689
Ideal,D,VS1,0.56,2026
Premium,I,VVS1,0.32,756
Ideal,E,IF,0.31,1060
Good,D,SI1,0.5,1436
Very Good,D,VVS2,0.25,548
Very Good,H,SI1,0.55,1270
Ideal,I,VVS2,0.33,579
Premium,I,IF,0.3,810
Ideal,I,SI1,1.04,3669
Very Good,E,VS1,0.27,463
Ideal,J,VS2,0.7,1843
Premium,E,VS2,0.7,2697
Very Good,H,SI1,1.2,6019
Fair,D,SI1,0.71,2151
Fair,H,VVS2,1.01,4355
Ideal,D,SI1,0.31,732
Very Good,E,SI1,1.02,6397
Very Good,H,VS2,1.01,4821
Premium,H,VS2,1.01,5303
Very Good,G,VS2,1.33,8953
Premium,D,SI2,1.34,7305
Premium,J,VS2,0.32,393
Ideal,G,VVS1,0.53,2005
Ideal,D,VVS2,0.52,2362
Ideal,D,VS2,0.7,3092
Premium,D,VS2,0.9,4914
Premium,F,VS1,1.02,7197
Very Good,F,VVS1,0.33,841
Ideal,G,VS2,0.53,1625
Very Good,E,IF,0.9,7747
Ideal,D,VS1,0.41,1018
Ideal,G,VS1,0.83,4989
Very Good,D,SI1,0.32,589
Good,D,VS2,0.5,1589
Ideal,F,VVS2,0.51,2197
Good,E,VVS1,0.27,586
Ideal,I,SI2,0.93,3101
Premium,F,VS2,1.2,9442
Premium,H,SI2,0.75,2234
Premium,H,VS2,0.79,2362
Very Good,H,VS1,0.3,526
Very Good,E,SI1,0.61,2179
Very Good,E,SI2,0.36,505
Very Good,E,VS2,0.35,767
Very Good,G,SI1,0.33,492
Premium,G,VVS1,0.33,1114
Ideal,H,VS2,0.29,498
Ideal,H,VVS1,0.58,1961
Fair,E,I1,1.3,2571
Premium,H,SI2,2.14,13421
Ideal,F,VVS1,0.33,955
Premium,E,VS2,0.33,928
Premium,G,VS2,0.3,630
Very Good,E,VS2,0.25,404
Very Good,F,VS2,0.38,800
Ideal,H,SI1,0.7,2107
Ideal,H,SI1,0.3,475
Ideal,H,VS1,1.09,6643
Good,E,VS1,1.01,7665
Good,H,VS1,0.66,1832
Ideal,E,VVS1,0.26,769
Premium,G,VS1,0.32,828
Premium,G,VS1,1.06,6853
Premium,D,VVS2,0.31,988
Ideal,F,SI1,0.7,2528
Ideal,I,VVS2,0.32,548
Premium,I,SI2,2.01,12338
Very Good,E,VVS2,0.3,789
Ideal,D,VVS2,0.61,3336
Ideal,D,VS1,0.36,1131
Premium,F,SI1,1.0,5410
Premium,F,VS2,0.42,945
Good,F,SI1,0.7,2242
Premium,F,SI2,1.15,4186
Very Good,E,VS1,0.41,954
Very Good,I,VS2,1.29,6099
Ideal,E,VVS1,0.39,1183
Very Good,D,VS2,0.5,1758
Ideal,F,IF,0.28,828
Ideal,F,VS2,1.21,8691
Ideal,I,VVS1,0.71,2559
Premium,F,I1,0.56,953
Premium,D,VS2,0.51,1812
Ideal,F,VVS2,1.13,10742
Ideal,E,VS2,0.35,984
Ideal,E,SI1,1.02,5509
Premium,H,SI1,1.03,4932
Ideal,G,VVS2,0.33,965
Very Good,F,IF,1.03,10032
Ideal,F,VVS2,0.57,2360
Premium,J,SI2,0.72,1667
Ideal,D,SI1,0.3,552
Good,E,IF,0.31,1052
Ideal,E,VVS1,0.57,2739
Premium,I,SI2,0.57,1097
Premium,J,VS2,2.01,13619
Premium,G,SI2,0.74,2238
Premium,H,SI1,1.51,8752
Good,G,VS2,1.0,5484
Very Good,I,VS1,2.01,18500
Premium,F,VVS2,1.05,8693
Very Good,G,VS2,0.7,2657
Very Good,E,VS1,1.21,10430
Good,E,VVS2,0.41,1060
Ideal,G,VS2,0.34,596
Premium,G,VVS2,0.52,1911
Very Good,G,SI2,1.04,4084
Ideal,F,IF,0.32,1204
Fair,D,I1,3.4,15964
Ideal,I,VS2,0.37,537
Ideal,F,VS1,0.53,1908
Premium,G,SI2,0.36,608
Very Good,E,I1,0.5,938
Ideal,J,SI1,1.29,6327
Ideal,G,VS1,0.3,776
Ideal,E,VVS2,0.3,766
Good,E,SI2,0.78,2379
Ideal,E,VS2,0.3,844
Premium,E,SI2,0.92,4011
Premium,H,VS2,1.5,10291
Very Good,D,VVS2,0.24,485
Very Good,G,VVS2,0.23,431
Very Good,H,VS2,1.0,4842
Ideal,E,VVS2,0.36,998
Good,E,SI1,0.51,1624
Ideal,G,VS1,0.52,1689
Ideal,F,VVS2,0.32,1008
Fair,F,SI1,0.71,2198
Ideal,G,SI2,2.05,18181
Ideal,D,SI1,0.71,3262
Ideal,F,SI1,0.52,1432
Very Good,G,VS1,0.35,725
Very Good,E,VVS2,0.23,505
Premium,E,VS1,0.25,558
Ideal,G,VVS1,0.33,858
Premium,G,SI2,1.54,7287
Premium,G,VS1,0.37,957
Ideal,D,VS2,0.3,710
Ideal,H,SI1,2.02,17141
Good,H,SI1,0.32,449
Ideal,G,VS2,1.32,8728
Ideal,H,VS2,1.21,6302
Ideal,D,VVS2,0.31,982
Premium,E,VS2,1.02,6854
Ideal,I,SI1,2.17,17747
Ideal,D,VS2,0.34,1033
Good,G,SI2,0.4,596
Fair,H,SI1,0.43,984
Premium,F,VS2,0.5,1395
Very Good,E,SI1,1.0,4719
Ideal,H,VS2,0.41,743
Ideal,J,SI1,0.71,1940
Good,F,VS1,0.5,1613
Ideal,I,VVS1,1.23,7117
Good,H,SI2,1.17,4826
Very Good,H,SI1,0.42,670
Very Good,D,SI1,0.7,2374
Premium,E,VS2,0.32,702
Very Good,G,VS1,0.36,726
Ideal,E,VS1,0.33,625
Good,D,SI2,1.0,4543
Ideal,E,VS2,0.72,3235
Premium,G,SI1,0.44,772
Ideal,E,VS1,0.38,1000
Fair,G,SI2,2.43,14975
Premium,G,VS2,0.41,1061
Good,D,VS1,0.7,3107
Premium,G,VVS1,0.33,1114
Very Good,F,VS1,0.24,419
Good,H,SI2,2.06,16512
Very Good,D,VVS2,0.9,6872
Very Good,F,SI1,0.33,544
Very Good,F,SI2,2.05,16819
Premium,E,SI1,0.7,2394
Very Good,D,SI1,0.63,1939
Good,G,SI2,0.78,1720
Ideal,H,IF,0.35,1017
Ideal,D,VVS2,0.4,1111
Ideal,E,SI1,0.57,2257
Premium,I,SI1,2.13,13370
Ideal,F,VS1,0.3,603
Ideal,H,VS1,1.89,17553
Good,E,SI1,0.5,1316
Good,D,SI2,1.0,3634
Ideal,D,VVS2,1.02,10967
Ideal,E,VS2,0.4,1038
Premium,F,SI2,0.38,770
Good,I,SI1,2.01,13587
Premium,E,VS2,0.7,2862
Very Good,F,VS1,0.39,1000
Ideal,G,SI2,1.27,4936
Premium,G,SI1,0.72,2246
Good,H,SI2,0.9,3115
Ideal,F,VS2,0.4,1059
Very Good,G,SI1,0.52,1338
Very Good,F,SI1,0.9,3950
Premium,G,SI1,1.03,5105
Very Good,H,SI1,1.95,14603
Premium,J,SI1,1.22,5042
Premium,E,VS2,0.3,844
Ideal,H,VS1,0.53,1449
Ideal,J,VS1,1.57,9683
Ideal,F,VS2,0.35,706
Ideal,F,SI2,1.01,4416
Ideal,E,VS2,0.33,873
Ideal,D,VVS1,0.35,1672
Ideal,E,VS1,0.56,1978
Premium,D,VVS1,0.9,7711
Very Good,G,VVS1,0.3,725
Premium,H,VVS1,0.32,936
Premium,F,VS2,0.41,1107
Very Good,F,I1,0.7,1736
Very Good,E,VVS2,0.23,530
Very Good,G,VS1,0.71,2768
Ideal,E,VS1,0.76,2947
Premium,G,VS1,0.35,906
Premium,J,SI1,1.2,4778
Ideal,H,IF,0.3,764
Premium,J,VVS1,1.53,9155
Very Good,H,VVS1,0.3,684
Very Good,E,SI1,0.36,631
Very Good,D,SI1,0.51,1420
Very Good,D,SI1,0.31,571
Premium,E,VS2,1.01,6335
Good,G,SI1,0.51,1220
Very Good,D,SI1,0.92,4253
Very Good,J,VS2,1.09,4372
Very Good,E,SI2,1.08,3726
Very Good,F,VVS2,1.01,8922
Premium,E,VS2,0.55,1735
Premium,F,SI1,0.7,2023
Premium,I,SI1,0.92,2730
Premium,E,VS1,0.91,5167
Ideal,I,VS1,0.7,2398
Very Good,F,VS1,1.5,15508
Good,D,VS1,0.48,1743
Premium,E,VS1,0.46,1372
Premium,I,SI2,1.31,5744
Good,E,VS1,0.51,1841
Very Good,H,VS1,0.78,2947
Premium,D,SI1,0.43,830
Ideal,G,VS2,1.04,6290
Very Good,I,SI1,1.56,8470
Premium,G,SI1,0.83,2975
Premium,H,SI2,0.3,378
Premium,H,VVS2,0.35,706
Ideal,I,VS1,0.35,709
Very Good,E,SI1,0.63,1952
Ideal,I,VS1,0.53,1263
Premium,J,VS1,1.52,8580
Very Good,H,SI1,0.71,2207
Ideal,D,SI1,0.41,1015
Ideal,F,VVS2,0.57,2722
Good,G,VS1,0.93,4425
Ideal,I,SI1,0.31,395
Premium,H,VS1,0.3,526
Very Good,F,SI1,0.74,2715
Ideal,F,VS2,0.52,1624
Very Good,D,SI1,0.71,2743
Very Good,F,SI2,1.0,4081
Ideal,H,SI2,1.17,5019
Ideal,G,VVS2,1.07,8212
Very Good,D,VS2,0.5,1627
Good,D,SI1,0.3,709
Premium,D,SI1,0.34,626
Ideal,F,SI2,0.8,3066
Good,G,SI2,0.41,611
Ideal,D,I1,1.34,6303
Ideal,G,VVS2,0.32,936
Ideal,G,VS1,0.33,854
Premium,J,VS2,0.4,765
Ideal,G,IF,0.46,1733
Ideal,E,VVS2,0.32,1010
Ideal,D,VS1,0.74,3813
Good,E,VS1,0.32,638
Premium,D,IF,1.07,18279
Very Good,J,VS1,0.3,394
Ideal,H,SI1,0.81,2951
Ideal,G,SI2,1.02,4370
Very Good,I,SI1,0.5,1048
Ideal,H,IF,0.31,789
Premium,H,VS2,0.32,648
Premium,D,VS1,1.51,17515
Ideal,G,VS1,0.31,802
Very Good,F,SI1,0.7,2662
Ideal,D,SI1,0.51,1574
Very Good,G,VS1,0.35,706
Very Good,D,VS1,0.7,3001
Premium,H,SI2,2.35,16340
Fair,E,SI2,0.86,2757
Ideal,E,VVS2,0.32,1109
Very Good,G,VVS2,0.5,1791
Very Good,G,VS2,1.02,6058
Ideal,G,VS1,0.7,3300
Good,G,VS2,1.5,12787
Very Good,D,SI2,1.1,5226
Fair,E,SI1,0.5,1238
Very Good,G,VS2,0.41,827
Premium,E,VS1,0.36,852
Premium,D,SI1,1.0,5723
Premium,F,SI2,1.08,3992
Premium,H,SI2,0.3,473
Very Good,J,SI2,1.18,4294
Good,E,SI1,0.51,1266
Ideal,E,VVS1,0.38,1327
Ideal,G,SI1,1.11,5127
Ideal,F,VS2,0.35,706
Premium,I,SI2,1.5,7526
Very Good,H,SI2,1.5,7495
Premium,F,SI2,1.01,4416
Very Good,H,SI1,1.38,7836
Good,J,SI1,2.0,9193
Ideal,G,SI1,0.71,3007
Ideal,E,VVS2,0.53,2433
Premium,F,VS2,0.3,776
Ideal,F,VS2,0.54,2333
Ideal,I,IF,0.41,953
Very Good,H,VS1,1.29,8629
Very Good,E,SI2,0.81,3059
Premium,F,SI1,0.54,1237
Very Good,J,VS2,0.9,3024
Very Good,G,SI1,0.92,4281
Ideal,I,I1,0.96,2363
Very Good,E,VVS2,0.4,1028
Premium,J,VVS1,1.54,9215
Very Good,E,SI1,0.7,1926
Very Good,F,SI1,0.9,4379
Ideal,F,VS1,1.01,7602
Ideal,F,SI1,0.7,2671
Ideal,F,VVS2,0.32,786
Ideal,I,VVS2,0.41,1061
Premium,H,SI1,2.17,13248
Ideal,H,SI1,0.75,3011
Very Good,G,SI2,1.39,6628
Ideal,G,SI2,2.07,17095
Ideal,E,VVS2,0.27,799
Very Good,D,VS2,1.05,6373
Ideal,G,VS2,0.42,847
Good,G,SI1,1.51,10085
Premium,F,SI1,0.3,500
Ideal,D,VS2,0.35,907
Ideal,I,VS1,0.77,3066
Premium,E,SI2,2.02,17938
Fair,F,SI1,1.72,13622
Premium,G,SI1,1.01,4072
Premium,G,VVS2,0.5,1806
Premium,E,VS1,0.4,1125
Fair,I,VS1,0.5,969
Ideal,G,SI2,1.51,7103
Very Good,G,VVS2,1.15,8349
Ideal,D,SI1,0.63,2313
Premium,E,SI1,0.77,2896
Ideal,G,SI1,0.73,2351
Ideal,H,SI2,1.23,5641
Ideal,G,VS2,1.01,6271
Premium,E,VS2,0.37,888
Ideal,I,VVS1,0.41,875
Very Good,I,SI1,0.59,1109
Ideal,G,IF,0.31,839
Ideal,G,VS1,0.31,802
Ideal,G,VVS2,1.51,14750
Premium,H,VS2,1.2,6416
Premium,I,VS1,1.09,4786
Fair,H,SI2,0.59,1059
Very Good,G,VVS2,0.3,684
Very Good,G,VS1,0.8,3673
Premium,D,SI2,0.92,4096
Ideal,G,VS2,1.23,8133
Very Good,H,VVS2,0.61,1970
Good,G,SI1,0.7,2155
Ideal,I,SI2,2.27,15710
Very Good,E,SI1,1.01,6132
Premium,G,SI1,1.2,6026
Fair,J,VVS2,1.01,2998
Premium,H,SI2,2.01,16499
Ideal,F,VVS2,0.6,2318
Very Good,I,VS1,0.42,791
Ideal,I,VS2,1.64,10562
Premium,E,SI1,0.76,2789
Premium,G,VS2,0.38,983
Ideal,H,VS1,0.26,448
Premium,D,SI1,1.07,6112
Premium,E,VS1,0.41,1079
Ideal,I,VS1,1.21,6279
Fair,F,I1,1.33,4698
Very Good,E,VVS2,0.26,597
Ideal,I,VS2,0.55,1393
Premium,G,VS1,0.32,645
Very Good,J,SI2,0.9,2482
Ideal,G,VVS1,0.32,842
Ideal,G,VS1,0.51,1632
Ideal,F,SI1,0.72,2470
Ideal,E,VS2,0.5,1559
Premium,F,VS1,0.4,1050
Good,H,SI2,0.51,1060
Very Good,G,SI2,1.01,3507
Very Good,F,SI1,0.59,2124
Ideal,F,SI2,1.01,3945
Ideal,D,VS2,0.71,3217
Very Good,H,VS2,0.42,773
Ideal,F,SI1,0.3,641
Very Good,H,SI2,0.7,2058
Ideal,H,VS2,0.31,628
Ideal,E,SI1,0.39,628
Very Good,H,SI2,0.7,2077
Premium,H,IF,1.54,12196
Premium,F,SI2,0.63,1351
Premium,F,VS1,0.34,1020
Good,J,SI2,0.9,2717
Very Good,H,SI1,0.9,3595
Very Good,F,SI1,1.01,4899
Premium,F,SI2,0.82,2867
Ideal,E,SI2,0.23,326
Ideal,H,VVS1,0.71,2739
Premium,H,VS1,1.51,10939
Very Good,E,SI1,0.95,4738
Ideal,D,VS2,0.32,972
Very Good,H,VS2,1.76,13503
Ideal,F,VS2,1.54,17029
Good,I,SI1,0.33,445
Premium,E,SI1,0.43,792
Very Good,G,VS1,0.31,749
Ideal,E,VS2,0.27,603
Premium,F,SI2,2.0,11198
Premium,G,VS2,1.51,11480
Premium,I,VVS1,1.51,10824
Good,E,SI1,0.3,526
Very Good,F,VS1,0.39,895
Ideal,G,VS2,0.56,1698
Ideal,F,VS2,1.03,6902
Very Good,G,VS2,0.7,2507
Good,I,VS1,0.71,2239
Ideal,G,VS2,0.7,2929
Very Good,F,VS1,1.02,7587
Premium,E,VS2,0.37,1041
Fair,J,I1,1.2,3011
Ideal,F,SI2,0.81,3303
Very Good,D,SI1,0.7,2726
Premium,D,SI1,0.54,1786
Ideal,J,VS2,1.26,5306
Ideal,F,IF,0.31,914
Ideal,H,VS1,0.72,3167
Ideal,G,VS1,1.23,9119
Ideal,F,VVS1,0.33,955
Fair,G,I1,1.01,2287
Good,E,SI1,0.4,1110
Ideal,E,IF,0.38,1433
Ideal,J,IF,0.32,521
Ideal,I,SI1,1.57,10633
Premium,H,VS1,1.3,7714
Premium,G,SI2,1.02,3822
Very Good,I,VVS1,0.71,2572
Premium,G,SI1,1.17,7731
Good,H,SI2,1.01,3111
Ideal,G,VS2,0.51,1660
Premium,F,SI1,0.86,3372
Very Good,D,VVS1,0.55,2815
Good,J,SI1,1.28,4878
Premium,G,SI2,1.47,7557
Ideal,H,SI2,1.24,5902
Ideal,I,VS2,0.39,651
Very Good,E,VS2,1.5,14592
Ideal,F,VVS1,0.4,1168
Ideal,F,VS1,0.3,612
Ideal,E,VS2,0.47,1261
Premium,I,SI1,0.31,523
Ideal,E,VVS2,0.38,1073
Premium,F,VS1,0.39,1092
Ideal,D,VS1,0.31,696
Ideal,E,VS2,0.72,2835
Very Good,D,SI1,0.59,1816
Ideal,E,VS2,0.41,1087
Very Good,D,SI2,2.08,18405
Ideal,I,VVS1,0.71,2606
Very Good,H,SI1,2.04,17952
Good,G,SI2,1.01,4327
Ideal,D,VS2,0.51,1832
Ideal,F,SI1,0.34,537
Premium,H,I1,1.01,3167
Ideal,G,VVS1,0.33,838
Fair,D,SI2,1.0,3304
Ideal,F,VS2,0.37,746
Premium,E,VS1,1.59,17393
Ideal,F,I1,2.0,10494
Ideal,G,SI2,0.91,3557
Good,H,SI2,1.02,3713
Premium,E,SI2,1.12,4277
Good,F,VS1,0.65,2406
Ideal,J,VS1,0.41,707
Ideal,D,SI2,0.32,454
Ideal,E,SI2,0.32,449
Very Good,F,I1,0.93,2374
Good,J,VS2,1.7,8282
Premium,G,SI2,2.04,12794
Very Good,E,SI1,0.4,737
Ideal,G,VVS1,0.33,838
Premium,D,SI2,1.25,5947
Good,J,VVS2,0.28,375
Premium,G,SI2,1.1,3696
Premium,F,SI2,0.36,446
Fair,F,VS2,0.9,3750
Premium,E,VS2,1.01,6787
Very Good,I,SI2,1.35,5579
Ideal,H,SI1,1.51,10012
Very Good,F,SI2,0.9,3519
Ideal,G,VVS1,0.34,813
Premium,G,VS1,0.51,1591
Very Good,G,VVS1,0.41,1151
Ideal,F,VVS2,0.41,1192
Ideal,E,SI2,1.83,13254
Ideal,F,VS2,0.5,1654
Ideal,E,SI2,0.38,628
Very Good,E,SI1,0.51,1343
Very Good,F,SI2,1.0,4082
Good,J,VS2,1.52,7370
Premium,G,IF,0.39,1362
Ideal,F,VS1,0.51,1836
Very Good,E,SI1,1.01,5077
Ideal,F,VS1,0.27,577
Good,G,VS2,1.01,5599
Very Good,G,VVS2,0.33,752
Ideal,F,SI2,0.51,1286
Ideal,E,SI2,0.35,630
Premium,G,SI2,0.7,1814
Premium,G,VS2,0.42,1087
Very Good,G,VS1,0.52,1618
Good,G,VVS2,0.51,1875
Ideal,E,VS2,0.71,3342
Ideal,E,VS2,0.31,695
Ideal,G,VVS1,0.31,778
Ideal,F,VS1,1.24,10138
Ideal,G,SI2,1.08,4733
Ideal,G,IF,0.31,988
Very Good,J,VS2,1.61,7703
Premium,G,VVS1,0.41,1230
Good,F,SI2,0.7,2411
Ideal,H,SI1,1.02,5014
Premium,E,VS2,0.9,4687
Premium,G,VS2,0.41,827
Good,D,SI1,0.32,589
Premium,G,VS2,1.72,15946
Premium,G,SI2,1.2,4524
Ideal,G,IF,0.23,536
Good,D,VS1,0.3,610
Premium,I,SI1,1.22,5602
Very Good,J,SI1,0.51,930
Ideal,J,VS1,0.54,1240
Very Good,H,VS2,1.25,7525
Very Good,F,SI1,0.4,737
Ideal,F,SI1,0.36,770
Fair,G,VS2,1.01,6271
Ideal,F,VS2,1.08,7625
Very Good,G,VS1,0.53,1721
Good,I,VS1,1.75,13047
Good,F,SI1,0.7,1955
Ideal,D,VS2,0.34,1033
Ideal,E,VVS2,1.05,8982
Ideal,G,SI2,0.56,1127
Ideal,E,VS2,0.4,975
Premium,F,SI1,1.39,8925
Good,F,SI2,0.5,926
Good,H,SI1,1.03,4705
Premium,G,VS2,1.51,13157
Ideal,E,VVS2,0.3,1013
Very Good,E,VS2,0.37,811
Premium,F,VS1,1.21,8879
Ideal,F,SI2,0.48,918
Good,E,SI2,1.0,4400
Ideal,E,I1,1.01,3388
Good,G,VVS1,0.3,789
Premium,D,VS2,0.38,998
Good,F,VS2,1.01,6159
Premium,H,SI2,1.01,3394
Ideal,G,VS2,0.56,1698
Premium,H,VS2,1.13,5885
Very Good,D,VS2,0.71,3045
Premium,E,VVS1,0.41,1057
Ideal,E,VS2,0.72,3601
Premium,H,SI1,0.59,1265
Ideal,H,IF,0.43,1151
Premium,J,VS2,0.81,2129
Premium,E,SI1,1.01,5515
Very Good,E,VS2,0.23,402
Ideal,G,VVS2,0.31,671
Ideal,E,VS2,0.32,769
Very Good,E,SI2,0.7,2310
Ideal,H,SI1,0.44,911
Ideal,G,VS2,0.63,1821
Premium,G,VS2,0.53,1607
Very Good,E,VS2,1.51,13623
Premium,H,VS1,1.25,7560
Very Good,J,SI2,1.64,7750
Ideal,G,VVS2,0.56,2081
Fair,D,SI2,0.62,1410
Ideal,D,VS1,0.76,3353
Fair,I,SI2,1.01,3054
Very Good,E,VS2,0.32,656
Very Good,D,SI1,1.12,5966
Ideal,I,VVS1,0.61,2048
Very Good,D,SI2,0.7,2354
Ideal,H,SI1,1.58,10738
Good,F,VS2,0.38,899
Premium,G,VS2,1.1,6534
Good,G,SI1,1.0,6437
Good,G,VS2,0.34,596
Ideal,E,VS2,0.52,1767
Very Good,G,VS2,1.2,7741
Very Good,F,SI1,0.9,3950
Ideal,G,SI1,0.52,1266
Premium,I,VS1,1.5,9828
Ideal,F,VS2,0.24,419
Very Good,E,VVS1,0.27,682
Premium,G,SI1,0.7,2352
Very Good,G,VS1,0.32,645
Ideal,D,SI1,0.41,744
Ideal,H,VS2,0.31,507
Premium,E,VS2,1.06,6716
Ideal,G,VS1,0.3,776
Ideal,I,SI1,0.75,2871
Premium,I,SI1,0.42,626
Very Good,E,SI2,2.08,18128
Fair,F,VVS2,0.62,2088
Ideal,J,SI2,0.7,2047
Very Good,J,SI1,1.22,5029
Premium,G,SI1,1.14,5273
Very Good,E,SI2,1.02,4398
Premium,F,VVS2,1.02,9103
Good,H,VS2,1.01,5166
Very Good,F,VS2,0.72,2784
Very Good,E,SI2,0.93,3746
Ideal,E,VS2,1.21,9449
Ideal,D,SI2,0.58,1342
Very Good,D,SI2,1.0,4704
Very Good,I,SI1,1.2,4785
Ideal,G,IF,0.31,891
Ideal,H,VS2,1.24,7701
Ideal,E,VS2,0.75,3150
Premium,F,VS2,0.31,625
Very Good,H,I1,1.23,3835
Good,I,SI2,2.08,14084
Premium,H,VS1,0.31,544
Ideal,E,VVS1,0.53,2821
Fair,E,SI1,1.51,11102
Premium,F,SI1,0.55,1374
Good,E,SI2,0.9,3595
Good,H,VS2,1.01,5331
Very Good,I,SI2,1.04,3603
Ideal,F,VS2,0.31,625
Very Good,D,VS1,0.28,452
Ideal,F,VS2,0.41,1107
Premium,F,SI2,1.16,3787
Ideal,G,SI1,1.08,5256
Ideal,H,SI1,0.45,923
Good,I,SI2,0.59,1180
Ideal,G,VS1,0.6,2109
Premium,H,SI2,0.7,2159
Very Good,E,VVS2,0.3,878
Ideal,I,I1,1.21,3686
Premium,E,VVS1,0.23,680
Ideal,F,IF,0.32,984
Ideal,F,VS2,0.31,802
Ideal,G,IF,0.23,536
Very Good,G,SI1,0.31,553
Ideal,E,SI1,0.37,649
Good,I,SI1,1.0,3920
Premium,H,VVS2,0.3,776
Very Good,J,VS2,2.04,12095
Ideal,I,VS1,0.42,773
Premium,D,SI2,1.09,4538
Premium,F,SI1,0.55,1354
Very Good,I,SI1,0.71,2141
Ideal,E,VS2,0.51,1656
Ideal,F,VVS1,0.31,815
Ideal,H,VS2,1.64,12561
Ideal,I,VS1,1.07,5207
Ideal,H,VS1,0.33,598
Ideal,I,VVS1,0.31,557
Ideal,I,VS2,0.9,3820
Very Good,H,SI1,1.31,7189
Very Good,D,SI1,0.95,5101
Premium,F,VS2,1.51,13248
Premium,H,SI1,0.71,2049
Very Good,D,VVS2,0.38,1200
Very Good,F,SI1,0.92,4037
Ideal,D,SI1,0.71,2694
Ideal,E,VS2,0.43,1048
Very Good,D,SI2,1.88,9791
Ideal,G,VVS2,0.53,1895
Very Good,I,SI2,0.43,691
Very Good,I,SI1,1.35,6573
Ideal,H,VS2,1.71,14017
Ideal,H,IF,0.41,1187
Good,F,VVS1,0.32,939
Very Good,I,SI1,1.02,3927
Very Good,J,VVS2,1.5,8391
Good,H,SI1,0.37,684
Ideal,F,VVS1,0.32,854
Premium,H,VS1,0.37,833
Premium,H,SI1,2.01,17849
Premium,G,SI1,0.77,2657
Very Good,H,SI1,1.18,5508
Very Good,F,SI1,1.02,5701
Good,D,SI2,0.7,2247
Ideal,G,VS1,0.55,1786
Premium,E,VS2,0.52,1689
Ideal,D,VS2,0.35,1063
Premium,G,SI1,1.2,5947
Very Good,G,VS1,1.51,13811
Very Good,D,VS2,0.54,1892
Premium,G,VS1,0.5,1624
Ideal,I,VS2,0.32,576
Ideal,H,IF,0.36,877
Premium,G,SI2,0.31,523
Ideal,G,VVS1,0.23,536
Premium,I,VS2,1.25,5975
Ideal,F,VS1,0.51,1765
Ideal,H,VS1,0.7,2691
Ideal,F,IF,0.46,1950
Ideal,G,IF,0.31,924
Ideal,D,VS2,0.32,758
Premium,G,VS1,1.0,6290
Ideal,D,VVS1,0.85,7230
Premium,E,VVS1,0.31,924
Ideal,H,SI1,0.53,1205
Premium,E,VS1,0.4,1125
Very Good,G,VS2,1.52,11986
Fair,I,VS2,0.71,1840
Ideal,F,VVS2,0.31,917
Very Good,E,VS2,0.52,1689
Very Good,H,SI1,1.57,12392
Premium,F,SI1,1.02,5089
Very Good,E,VS1,0.3,620
Premium,F,SI2,0.34,574
Premium,I,SI1,2.07,15992
Premium,F,VS1,1.26,9896
Premium,J,VS2,0.93,3125
Ideal,F,SI1,1.0,5197
Premium,F,VS1,1.62,16112
Very Good,E,VS2,0.71,2630
Very Good,D,VS2,0.3,710
Very Good,F,SI1,0.59,1595
Fair,D,SI1,1.01,5430
Very Good,F,VS2,0.5,1345
Ideal,E,SI1,0.4,737
Ideal,G,SI2,0.33,557
Very Good,H,SI1,1.11,5335
Ideal,H,SI1,0.51,1354
Premium,G,SI1,1.12,5329
Very Good,G,SI2,0.9,3445
Fair,I,SI1,2.0,13764
Very Good,E,VVS2,0.37,779
Ideal,G,VVS1,0.4,995
Ideal,E,SI1,0.42,931
Ideal,D,SI1,1.67,14154
Premium,E,SI1,1.06,4078
Very Good,D,VS2,1.01,7448
Fair,H,SI2,1.01,4129
Ideal,E,VS2,0.54,1590
Ideal,F,VS2,1.09,7520
Very Good,J,I1,0.91,2048
Very Good,H,VVS2,0.3,533
Very Good,F,VS2,0.3,524
Premium,E,SI2,0.91,3743
Premium,H,VVS1,0.41,1043
Very Good,H,VVS1,0.5,1715
Very Good,H,VS1,0.67,1981
Premium,F,VS2,0.34,880
Very Good,G,VS2,1.01,6213
Fair,E,VS2,0.91,4550
Premium,D,SI1,0.71,2743
Premium,G,IF,0.43,1433
Premium,H,SI2,1.86,11520
Ideal,G,VS2,1.1,6939
Ideal,G,VVS2,1.05,8645
Ideal,H,VS2,2.1,13403
Fair,G,I1,0.9,2310
Very Good,G,VVS2,1.02,7292
Ideal,G,VVS2,0.71,2843
Premium,G,SI2,1.08,4627
Ideal,D,VVS1,1.01,11661
Ideal,J,SI1,1.4,6139
Very Good,E,IF,1.02,10029
Ideal,F,SI1,0.43,948
Ideal,G,VVS2,0.51,1974
Ideal,I,SI1,0.91,3574
Very Good,D,SI2,1.5,10730
Very Good,E,VS2,0.26,601
Ideal,E,VS2,0.73,3270
Ideal,G,SI1,1.03,5241
Premium,D,SI1,0.51,1569
Very Good,J,VS2,2.02,13564
Premium,G,SI1,1.57,11113
Very Good,E,SI1,0.54,1379
Premium,E,VS2,0.35,984
Good,H,VS2,1.15,5646
Ideal,E,VVS2,0.3,837
Good,F,VS1,0.7,2441
Premium,E,SI2,0.41,876
Premium,G,SI2,0.51,1026
Fair,H,VS1,1.98,12923
Premium,H,SI1,1.07,5055
Ideal,G,IF,0.33,946
Ideal,G,VVS2,0.26,514
Good,H,SI2,1.5,6770
Ideal,F,VS2,0.25,535
Ideal,J,VVS2,0.4,662
Ideal,D,SI2,0.72,2435
Good,D,VVS2,1.0,8374
Ideal,E,VVS2,0.61,2907
Ideal,G,VS2,0.53,1615
Ideal,G,VS2,0.71,2974
Premium,E,VS2,0.32,900
Very Good,F,VS1,0.7,2810
Ideal,F,SI2,2.06,15970
Good,H,SI1,2.01,15467
Premium,E,SI1,0.9,4106
Ideal,E,VS2,0.52,1644
Ideal,D,VS1,0.31,752
Very Good,E,SI1,1.01,5499
Ideal,F,SI2,0.9,3881
Premium,D,VS2,1.51,15531
Good,F,SI1,0.7,2058
Ideal,H,VS1,0.38,754
Very Good,H,VS2,0.5,1337
Very Good,H,VS1,1.5,10584
Ideal,F,VS1,1.2,9032
Very Good,D,VS1,0.26,420
Ideal,E,VS2,0.31,872
Very Good,D,SI1,0.55,1580
Premium,H,SI2,1.96,9769
Ideal,H,VS2,0.33,668
Ideal,J,VVS1,0.35,540
Ideal,G,VS1,1.01,7059
Good,F,SI2,1.01,4302
Very Good,D,SI2,1.89,15594
Ideal,F,VS1,0.58,1953
Premium,I,VVS2,1.7,11481
Very Good,G,VS2,0.32,544
Premium,G,SI1,1.01,4872
Very Good,H,IF,0.33,787
Premium,E,SI1,0.31,698
Premium,H,SI1,0.33,610
Ideal,D,SI1,0.62,1927
Ideal,E,VS2,1.01,7198
Very Good,J,VS1,0.4,810
Premium,F,VS1,0.55,1755
Very Good,F,VS2,0.52,1600
Premium,E,VS2,0.31,680
Very Good,D,SI1,0.71,2681
Very Good,G,VS2,1.14,6803
Ideal,H,VS1,0.35,788
Premium,E,SI2,1.15,4328
Very Good,H,SI1,1.0,5287
Very Good,F,VS2,1.05,6545
Premium,J,SI1,2.23,14258
Premium,E,VS2,0.55,1786
Good,D,VS2,0.5,1758
Premium,I,SI1,2.05,16611
Ideal,F,VS2,1.08,7629
Very Good,D,SI1,0.5,1436
Ideal,H,SI1,1.24,6254
Very Good,E,VS2,1.2,8769
Very Good,I,VS2,0.46,918
Ideal,F,SI1,0.83,3482
Premium,F,SI2,0.71,2275
Premium,F,SI2,1.02,4057
Premium,F,VS2,0.3,776
Ideal,H,VS2,1.67,13063
Ideal,H,VS2,1.25,6944
Ideal,H,VS2,1.13,5885
Good,D,SI2,1.01,3959
Very Good,E,SI1,1.01,5461
Premium,I,SI2,1.51,7292
Fair,D,SI1,0.7,2093
Premium,H,SI2,1.07,4194
Ideal,E,SI2,0.41,654
Very Good,G,VVS1,0.31,1046
Ideal,E,VVS2,0.3,1013
Ideal,H,VS2,1.14,6753
Very Good,H,SI1,2.01,16582
Very Good,G,VVS1,0.3,635
Premium,F,I1,1.01,2257
Ideal,G,SI2,1.04,4455
Ideal,G,VS1,0.86,4420
Premium,I,SI2,1.7,7250
Ideal,I,IF,0.54,1669
Ideal,I,SI2,1.23,5820
Very Good,I,SI1,1.03,4848
Ideal,F,SI1,0.41,705
Ideal,J,SI1,0.7,1815
Premium,H,SI2,0.7,1817
Ideal,I,VS1,1.11,5152
Premium,G,SI2,0.7,1875
Very Good,I,VS1,0.7,2274
Very Good,G,VS2,0.39,787
Fair,E,SI2,1.0,4516
Premium,H,SI1,1.0,4816
Premium,H,VVS1,0.25,577
Very Good,E,VS1,0.52,1822
Ideal,E,SI1,0.33,579
Ideal,E,VS2,0.5,1746
Ideal,H,VVS1,0.31,707
Ideal,D,VS2,0.35,829
Ideal,E,SI2,0.44,691
Ideal,D,VS2,0.31,942
Ideal,E,VVS2,1.07,10288
Good,H,VS1,0.31,435
Premium,F,VS1,1.53,15217
Premium,E,VS1,0.31,734
Ideal,D,SI1,0.7,3471
Very Good,F,VS1,0.72,3219
Very Good,H,SI2,0.98,3091
Ideal,G,VS2,1.2,7548
Very Good,F,VS2,0.7,2744
Ideal,G,SI1,0.53,1329
Ideal,F,VS1,1.03,7296
Premium,F,SI2,0.45,996
Premium,G,SI2,0.52,1121
Ideal,H,SI1,1.55,10960
Ideal,G,VS2,0.92,5989
Premium,H,SI2,1.05,3822
Ideal,H,SI1,0.56,1612
Premium,E,VS2,0.31,680
Ideal,G,VVS1,0.67,2577
Ideal,I,SI2,0.36,439
Very Good,E,SI2,1.2,6130
Good,J,VS2,1.52,6982
Ideal,G,VVS2,1.17,9110
Ideal,G,IF,0.81,4751
Premium,I,VS2,0.38,682
Ideal,D,VS1,0.34,961
Premium,G,SI2,1.34,6583
Ideal,F,VVS2,0.74,3842
Ideal,G,VS1,0.3,624
Premium,G,VS1,1.58,14451
Ideal,G,VVS2,1.02,8847
Ideal,I,SI1,0.34,589
Good,D,SI1,1.02,5497
Ideal,G,VS1,0.83,4181
Very Good,I,SI1,2.01,14811
Ideal,E,VS1,0.9,5242
Very Good,J,SI2,1.24,3791
Premium,H,SI1,0.31,573
Premium,J,SI2,1.14,3861
Very Good,D,VS2,1.07,7415
Premium,G,SI1,0.91,3975
Premium,F,SI1,1.0,4586
Premium,E,VVS1,0.35,1044
Ideal,D,VVS1,0.3,1000
Ideal,G,SI1,1.0,4997
Very Good,F,SI2,0.31,408
Premium,H,IF,1.51,13194
Premium,H,VS1,1.93,16941
Very Good,F,SI2,0.94,3938
Premium,G,VS1,0.33,854
Ideal,H,VVS2,1.14,7354
Ideal,F,VS1,0.41,1007
Very Good,I,VVS2,0.41,827
Fair,I,SI2,1.02,3290
Ideal,G,VVS1,0.44,1143
Ideal,F,VS2,0.31,583
Ideal,H,VS2,1.21,7562
Ideal,G,VS1,0.32,645
Very Good,G,VS2,1.51,12872
Ideal,F,VVS2,1.06,9118
Ideal,I,VVS1,0.61,1742
Premium,F,SI2,0.82,2723
Premium,H,SI1,0.6,1170
Very Good,D,VVS2,0.23,492
Premium,E,SI2,0.74,2447
Very Good,H,VS2,0.33,521
Fair,F,I1,0.7,1134
Very Good,F,VS2,1.01,6159
Premium,E,SI2,0.83,2544
Ideal,D,VS1,0.4,1043
Ideal,J,SI1,0.65,1214
Premium,E,VS1,1.01,7466
Very Good,E,VS1,0.7,3358
Good,H,SI1,0.7,1865
Premium,H,I1,1.03,2336
Premium,F,VS1,0.7,2874
Premium,H,VS1,1.3,7855
Very Good,D,VS2,1.0,7717
Ideal,G,VVS1,1.03,7708
Ideal,I,VVS2,0.71,2387
Premium,D,SI1,1.01,6075
Premium,H,SI1,1.5,9768
Fair,F,VVS2,0.33,693
Very Good,J,VS1,2.01,12845
Premium,G,VS2,0.76,2744
Premium,E,VS2,0.5,1684
Ideal,H,SI1,0.53,1245
Ideal,E,VVS1,0.3,956
Very Good,F,SI1,1.22,7372
Ideal,E,VS2,0.32,846
Ideal,D,VS2,0.78,3595
Very Good,E,VS2,0.52,1689
Ideal,D,VVS1,0.3,1094
Very Good,F,SI2,0.74,2319
Ideal,H,VS2,1.3,5387
Premium,J,SI1,1.03,3749
Ideal,F,SI2,0.94,5159
Premium,H,VS2,0.9,3629
Ideal,E,VS1,0.3,694
Ideal,D,SI1,0.31,684
Premium,G,VS2,0.33,743
Premium,J,VS2,1.56,7904
Very Good,F,VVS1,0.26,597
Very Good,J,VS2,0.7,1997
Premium,H,SI1,0.43,919
Premium,G,VS1,0.33,666
Premium,D,SI2,1.0,5286
Premium,J,SI1,2.4,15920
Very Good,E,SI1,0.32,524
Ideal,E,SI1,0.58,1758
Good,E,VS2,1.5,14026
Very Good,D,SI1,0.72,3102
Very Good,F,VS1,0.71,3218
Premium,J,VS2,0.72,1814
Premium,F,SI1,0.48,1020
Ideal,D,VS2,0.31,816
Very Good,E,VS1,0.42,1105
Ideal,D,SI1,1.01,6097
Good,I,SI1,0.3,405
Very Good,D,VS1,0.25,410
Very Good,F,SI1,1.5,9904
Ideal,E,I1,1.0,3584
Ideal,G,VVS2,1.0,7744
Premium,J,VS1,1.51,8524
Ideal,H,SI1,1.03,4759
Ideal,F,VVS1,0.32,926
Ideal,E,VS2,0.73,3275
Premium,E,SI2,1.05,4139
Fair,H,VS2,0.99,3593
Ideal,E,VVS1,0.31,865
Premium,I,SI2,1.33,5832
Ideal,I,SI2,0.5,895
Good,F,SI1,1.01,4619
Ideal,I,SI1,1.24,5976
Ideal,G,SI1,0.73,3089
Ideal,F,IF,0.31,1168
Very Good,D,SI2,0.38,633
Premium,G,VS1,0.32,828
Very Good,F,VS2,0.41,863
Ideal,F,VS1,1.01,7745
Good,F,SI1,0.7,2190
Premium,E,SI2,1.11,4581
Very Good,H,SI2,1.74,10086
Good,F,VS1,0.4,877
Premium,D,VVS2,0.4,1263
Ideal,I,VS2,0.72,2347
Very Good,G,VVS2,1.27,10321
Ideal,I,VVS2,0.74,3130
Ideal,G,SI2,0.72,1866
Ideal,G,SI1,0.54,1187
Ideal,G,SI2,1.13,5062
Premium,H,VVS2,0.67,2171
Very Good,E,SI2,0.39,650
Fair,F,VS2,0.51,1334
Good,E,VS1,1.0,7260
Very Good,E,SI1,0.32,561
Ideal,D,IF,0.34,2287
Very Good,D,VS1,0.33,742
Very Good,G,SI1,1.51,7585
Ideal,H,VVS1,0.32,708
Very Good,F,VS2,1.01,6649
Premium,G,SI1,0.33,631
Premium,F,VS2,0.71,2801
Premium,D,SI1,0.31,533
Good,D,SI2,1.02,3842
Fair,J,I1,0.99,1901
Very Good,G,VS1,1.42,11452
Ideal,G,VVS1,0.4,967
Ideal,G,SI2,1.04,4414
Ideal,F,VVS2,1.01,8532
Fair,G,SI2,1.06,3633
Premium,F,SI2,1.73,9494
Ideal,H,SI1,0.7,1919
Very Good,G,VS2,1.54,11708
Very Good,G,VS2,1.0,6389
Premium,H,SI2,1.09,4395
Good,E,SI1,0.33,579
Very Good,G,SI1,0.36,689
Premium,G,VS1,1.2,8596
Very Good,F,VS1,1.01,6439
Premium,F,SI1,0.35,748
Ideal,D,VS2,0.3,670
Very Good,G,SI2,1.03,4413
Ideal,F,VVS2,0.33,1040
Premium,G,SI2,0.5,1000
Ideal,F,VS1,0.54,1772
Ideal,H,SI1,0.31,595
Premium,G,VS1,0.31,802
Premium,E,SI2,1.5,7560
Very Good,F,SI2,1.14,4652
Good,J,SI1,0.5,959
Very Good,G,VVS1,0.3,737
Very Good,H,VVS2,0.28,522
Ideal,G,VS1,1.21,8864
Ideal,E,VS2,0.7,2719
Ideal,G,VS2,0.42,847
Very Good,H,SI2,0.8,2294
Very Good,I,SI1,0.51,1046
Ideal,F,SI1,0.41,824
Premium,I,VS2,1.57,7755
Premium,G,SI1,0.31,553
Premium,F,VVS2,0.51,2310
Ideal,H,VS1,2.01,17838
Ideal,E,VS2,0.55,1667
Good,H,SI1,2.0,16650
Premium,F,VS2,0.35,906
Ideal,J,SI1,1.59,8176
Ideal,I,IF,0.4,1050
Ideal,D,SI2,0.52,1292
Premium,D,SI1,0.52,1720
Premium,I,VS1,2.39,17642
Ideal,F,SI1,0.39,711
Ideal,G,VVS2,0.5,1836
Ideal,I,VS1,0.53,1383
Very Good,F,VS1,0.43,1008
Ideal,H,VS2,0.9,4007
Ideal,F,VS1,1.03,8169
Very Good,I,VS2,1.5,9611
Very Good,E,VVS2,0.23,465
Very Good,H,VS2,0.9,3878
Very Good,E,SI1,1.12,5447
Good,D,SI2,0.4,622
Very Good,H,VS1,1.07,6262
Ideal,D,VS2,0.51,1882
Very Good,I,VS1,0.7,2398
Very Good,G,VS2,0.41,835
Ideal,E,SI2,1.02,4983
Good,J,VS1,0.72,2062
Ideal,I,SI1,0.32,450
Ideal,D,VS2,0.36,852
Premium,E,VS2,0.71,2711
Ideal,E,SI1,0.54,1440
Premium,H,SI2,0.54,972
Very Good,I,SI2,2.07,15245
Very Good,E,VS2,0.4,693
Ideal,H,SI1,1.2,6569
Fair,H,I1,0.96,1739
Ideal,I,SI2,1.06,3975
Very Good,E,VS2,0.27,470
Premium,J,SI2,2.51,16278
Ideal,F,VS1,0.51,1751
Premium,D,VS2,0.31,734
Premium,D,VS2,0.36,1094
Ideal,E,VVS1,0.3,956
Premium,G,VS1,0.33,666
Ideal,G,VVS2,1.37,12207
Ideal,F,IF,0.43,1580
Premium,H,SI1,0.43,716
Premium,H,SI2,1.51,7018
Fair,G,SI1,0.45,756
Ideal,G,IF,0.3,956
Premium,D,SI1,1.01,5147
Ideal,F,VVS2,0.59,2551
Premium,E,VS2,1.03,7192
Very Good,F,VS2,1.01,5662
Very Good,D,VS2,0.32,758
Premium,F,SI2,1.1,4928
Ideal,G,SI2,0.93,3114
Premium,D,SI2,1.52,10487
Very Good,H,SI1,0.3,432
Very Good,F,VS2,1.52,14066
Ideal,E,VS2,0.5,1624
Premium,E,SI2,2.01,16064
Ideal,H,VS1,0.53,1678
Premium,F,VS1,0.57,1915
Ideal,G,IF,0.34,1084
Very Good,E,SI1,1.0,5718
Very Good,H,SI2,1.0,4273
Good,F,VS1,0.67,2293
Ideal,F,VS1,0.74,3170
Ideal,D,VS2,0.31,734
Very Good,E,VS2,1.51,14709
Ideal,G,SI2,0.41,666
Premium,F,VS1,1.5,15708
Good,J,VS1,0.4,631
Very Good,J,VS1,0.72,2066
Very Good,H,SI2,1.23,4711
Premium,E,VS2,0.53,1727
Ideal,I,VS2,2.33,17504
Very Good,D,SI2,1.03,4580
Very Good,E,VS2,0.37,728
Ideal,G,IF,0.56,2298
Good,E,SI2,1.0,4312
Premium,G,VVS2,0.3,878
Ideal,J,VS2,1.23,5030
Premium,D,SI1,1.05,5351
Ideal,J,SI1,1.15,4347
Very Good,E,SI1,0.9,3748
Ideal,G,VS2,0.37,668
Good,H,SI1,2.1,12121
Ideal,J,VS2,1.5,7515
Very Good,G,VS2,1.52,11338
Ideal,E,VS1,0.32,758
Premium,I,VVS1,0.3,552
Ideal,H,SI2,1.13,3670
Fair,H,SI2,1.2,4916
Ideal,H,VVS2,0.38,832
Ideal,G,SI1,0.35,669
Premium,F,VS2,1.71,16779
Ideal,G,VVS2,0.5,1784
Premium,G,VVS2,1.02,7602
Very Good,H,SI1,1.13,4959
Premium,D,SI1,1.66,14224
Very Good,E,VS2,1.51,14482
Ideal,I,SI1,0.48,841
Very Good,E,VS2,1.01,6043
Premium,G,VS2,0.32,561
Premium,G,VS1,1.08,7523
Ideal,H,SI1,1.21,7810
Premium,G,VS2,0.73,2770
Ideal,E,VS2,0.31,872
Ideal,H,SI1,1.71,12416
Ideal,E,VVS2,0.3,766
Ideal,H,SI2,0.71,1800
Good,E,SI1,0.4,882
Ideal,D,SI1,0.35,827
Ideal,E,VVS2,0.3,731
Good,G,VS2,1.01,5701
Premium,J,VS1,1.27,5518
Ideal,F,VS1,1.62,16790
Premium,D,SI1,0.43,796
Ideal,G,VVS1,0.36,892
Ideal,F,SI1,0.56,1811
Very Good,F,IF,0.7,3887
Very Good,F,SI1,0.41,755
Very Good,E,VVS1,0.23,530
Ideal,G,VS1,1.32,11079
Very Good,D,SI1,1.2,7909
Very Good,J,VS2,1.51,7557
Very Good,G,IF,0.35,833
Good,F,SI1,0.71,2331
Ideal,D,VS2,0.3,911
Very Good,I,VS2,2.0,16694
Good,I,VS1,0.3,608
Ideal,I,VVS2,0.3,495
Ideal,F,VS1,0.55,1881
Ideal,I,SI2,2.14,14452
Ideal,F,SI1,0.41,711
Ideal,G,VS2,0.7,3253
Premium,E,VS2,0.75,3108
Ideal,G,IF,0.35,979
Premium,I,SI1,1.21,4404
Premium,G,IF,1.04,9039
Very Good,E,VS2,0.91,4759
Ideal,H,SI1,1.06,5188
Very Good,D,SI1,1.01,5386
Very Good,D,SI1,1.01,5132
Premium,I,VS2,0.72,1991
Premium,I,VS1,0.32,648
Ideal,G,VVS1,0.41,1151
Good,E,VS2,0.41,772
Good,J,SI1,1.54,7349
Good,E,SI2,0.75,2453
Ideal,I,SI2,0.33,403
Premium,H,SI2,1.26,4586
Very Good,G,VS2,0.9,4210
Ideal,I,SI1,1.03,4458
Ideal,E,SI2,0.74,2594
Premium,D,SI2,1.25,4543
Ideal,F,SI2,0.77,2107
Very Good,F,SI1,0.33,550
Ideal,E,VS2,1.11,7459
Premium,G,VVS1,0.31,816
Good,D,SI1,0.9,3880
Premium,G,SI1,0.7,2170
Very Good,D,SI2,0.3,413
Premium,H,VS2,0.71,2169
Premium,E,SI2,1.05,4939
Ideal,E,SI1,0.36,631
Ideal,F,VS1,1.25,9996
Ideal,D,VS2,0.34,1033
Good,D,SI1,1.0,6328
Ideal,E,VS1,1.21,8348
Ideal,I,VS2,0.77,2558
Premium,E,VVS1,0.62,3073
Ideal,G,VVS2,0.31,726
Ideal,G,IF,0.46,1654
Ideal,E,VS2,0.38,968
Very Good,D,SI2,1.01,4564
Fair,H,SI2,2.0,9549
Very Good,G,SI2,1.08,4685
Premium,E,SI1,0.44,778
Premium,H,VS1,0.31,544
Very Good,G,SI2,1.5,7098
Ideal,H,SI1,1.09,5125
Very Good,G,VS1,1.51,13348
Ideal,F,VS1,0.41,1076
Premium,E,SI2,0.41,818
Premium,G,VS2,0.42,847
Ideal,G,VS1,1.37,11009
Ideal,G,IF,0.39,1101
Premium,G,SI2,1.15,4270
Good,J,VS1,1.2,5601
Ideal,F,SI1,0.9,3992
Good,E,VVS2,0.42,1269
Ideal,F,VS1,0.31,821
Ideal,D,VS2,0.73,3412
Ideal,D,SI1,0.51,1687
Good,D,SI1,1.5,11756
Fair,J,VS2,0.71,1435
Ideal,E,SI2,0.7,2100
Ideal,H,SI1,1.62,11180
Fair,H,VS2,0.9,3725
Ideal,E,VVS2,1.13,11115
Premium,G,SI1,0.32,612
Ideal,F,VVS2,1.33,15031
Very Good,F,VS1,0.41,1007
Ideal,H,VS2,0.3,454
Ideal,G,VS2,0.77,3544
Premium,E,VS2,0.38,1112
Ideal,H,IF,0.52,1967
Very Good,E,VVS2,0.23,465
Ideal,F,VS1,1.02,8024
Premium,I,VS2,2.0,17574
Very Good,H,VS1,1.52,10497
Premium,D,SI1,0.41,791
Ideal,E,VS1,0.72,3275
Ideal,D,VS1,0.38,1140
Good,F,VS2,0.5,1436
Ideal,F,VS2,0.73,2762
Ideal,E,VVS2,0.31,1046
Very Good,E,SI1,0.9,3863
Ideal,G,VS2,1.5,13428
Ideal,G,SI1,0.75,2902
Premium,H,SI1,0.4,969
Premium,D,SI1,0.9,4304
Ideal,H,VVS2,0.34,652
Very Good,F,IF,0.25,633
Premium,E,VVS2,0.7,3007
Premium,F,VVS2,1.5,17203
Premium,F,SI2,1.02,4459
Ideal,D,SI2,0.36,537
Ideal,J,SI1,1.16,5124
Ideal,F,VVS2,0.33,761
Ideal,D,VVS2,0.91,8707
Very Good,G,IF,0.3,835
Premium,H,SI2,0.62,1159
Ideal,I,SI2,1.51,7362
Very Good,F,VS2,0.56,1627
Very Good,G,SI1,0.71,2482
Ideal,H,SI2,0.59,1292
Very Good,F,SI2,0.75,2840
Ideal,G,VS2,1.12,6209
Ideal,G,VS2,0.58,1719
Premium,H,SI1,2.39,15917
Ideal,H,SI1,1.14,4916
Ideal,G,VS1,0.33,666
Ideal,I,IF,0.53,1654
Premium,G,SI1,1.0,4427
Very Good,I,VVS1,1.6,11170
Ideal,I,SI1,1.08,4521
Ideal,G,SI2,0.78,2706
Very Good,F,SI2,1.01,4425
Premium,E,VS2,0.71,2735
Premium,E,VS2,0.46,1173
Ideal,E,SI1,0.53,1408
Good,F,VS1,0.41,891
Ideal,I,SI2,1.51,7577
Very Good,I,VS1,0.4,882
Very Good,F,VS2,1.01,5988
Very Good,G,VS2,0.39,734
Ideal,I,SI2,2.02,10412
Ideal,H,SI1,1.04,4648
Very Good,E,SI1,1.02,5278
Ideal,G,SI1,0.78,3004
Ideal,I,SI1,2.1,13182
Premium,H,SI1,1.0,4150
Premium,F,SI2,2.01,14279
Premium,I,VVS1,0.41,1107
Premium,I,SI1,1.15,4959
Ideal,E,VVS2,0.37,896
Premium,G,VS2,0.63,2391
Very Good,H,VS2,0.9,3810
Ideal,D,VS2,0.41,1177
Good,I,VS2,1.56,9784
Ideal,J,SI2,1.0,3528
Very Good,G,VS2,0.52,1446
Ideal,G,IF,0.34,974
Very Good,I,SI1,0.75,2300
Premium,F,SI1,1.01,4412
Ideal,E,VS2,0.43,1048
Very Good,F,VS1,0.55,1975
Good,D,SI2,1.0,4295
Ideal,G,VVS1,0.34,1000
Very Good,F,VS2,0.51,1574
Ideal,G,VS2,0.31,698
Very Good,G,VS1,0.34,686
Very Good,G,IF,0.31,878
Ideal,G,IF,0.3,863
Premium,H,VS2,1.01,4745
Ideal,H,VS1,0.3,503
Very Good,F,VS2,1.04,6342
Very Good,E,SI1,0.34,765
Ideal,H,VVS2,1.11,6962
Very Good,E,VVS1,1.01,10760
Very Good,G,VVS2,0.33,806
Premium,D,SI2,1.22,6046
Premium,H,VVS1,0.31,707
Ideal,G,SI1,0.38,639
Premium,D,SI2,1.06,5393
Very Good,F,VS2,0.39,1011
Ideal,G,IF,1.35,14616
Premium,E,VS2,0.51,1656
Premium,J,SI2,1.04,3669
Good,J,SI1,1.0,3679
Good,F,VS2,1.0,6841
Premium,H,VS1,0.3,675
Premium,G,VVS2,0.33,927
Premium,F,SI1,0.34,566
Ideal,G,VS2,1.04,6628
Premium,G,VS2,1.14,6256
Good,H,VS2,0.9,3989
Very Good,F,VS2,1.01,6159
Ideal,G,VVS2,0.29,607
Ideal,D,VS2,0.31,942
Ideal,G,VS2,0.51,1443
Good,I,VVS1,0.31,571
Premium,D,SI1,0.34,803
Premium,H,SI2,1.2,5040
Very Good,H,VS1,0.9,4234
Ideal,H,VVS2,0.3,776
Ideal,H,VS1,0.9,4964
Very Good,F,VVS1,0.41,1161
Ideal,F,SI1,1.5,12466
Good,J,VS2,0.4,765
Fair,F,SI1,0.7,2121
Premium,G,SI1,0.62,1382
Ideal,G,VVS1,0.32,842
Ideal,G,VS1,0.41,899
Ideal,I,SI1,0.5,982
Ideal,F,SI1,1.0,4939
Very Good,D,SI1,0.74,3138
Very Good,H,SI1,0.32,461
Ideal,G,SI1,1.07,5551
Very Good,H,VVS1,0.3,684
Ideal,H,SI1,1.59,10832
Fair,H,SI2,0.92,3536
Good,J,VS1,1.01,4129
Premium,F,SI2,0.5,1172
Ideal,D,SI2,1.2,6619
Ideal,J,VS1,0.33,451
Ideal,F,VS2,0.42,872
Ideal,G,VVS1,1.05,8946
Good,G,IF,0.33,1052
Ideal,J,VS1,1.18,5182
Good,G,VS2,0.38,771
Ideal,D,VS2,0.55,1848
Premium,G,VS1,1.5,13720
Ideal,D,VS2,0.53,1956
Premium,D,SI2,1.04,3780
Ideal,J,VS2,1.59,8681
Ideal,I,VS2,0.32,576
Ideal,D,VS2,0.54,1913
Good,E,SI1,1.01,4743
Fair,D,IF,0.3,1208
Ideal,F,I1,1.01,3439
Premium,I,VS2,0.31,558
Ideal,H,VS2,1.26,7424
Premium,I,SI2,2.02,13991
Ideal,H,IF,0.25,525
Ideal,E,SI2,0.51,1205
Premium,I,SI2,1.52,7341
Ideal,I,IF,0.34,695
Premium,J,SI2,0.49,900
Ideal,G,VS1,0.61,2182
Good,E,SI1,1.0,4646
Premium,I,VS1,0.33,668
Very Good,D,VVS1,0.7,4244
Premium,H,SI2,2.03,16075
Very Good,E,VVS2,0.27,606
Premium,H,SI2,0.92,3174
Premium,G,SI2,1.01,4327
Premium,G,VVS1,0.33,810
Ideal,G,VS1,0.32,645
Ideal,E,SI2,0.55,1273
Premium,D,SI2,0.4,666
Good,H,SI2,1.31,5429
Very Good,F,VS2,0.54,1662
Ideal,H,SI1,0.37,684
Premium,G,VS2,0.42,1087
Premium,H,SI1,1.22,6354
Very Good,I,SI2,1.06,4132
Ideal,E,VS2,1.11,9625
Ideal,E,VVS2,1.07,12031
Premium,F,VS1,1.12,7781
Premium,F,VVS2,1.23,10844
Ideal,G,VVS2,0.4,1050
Ideal,H,SI1,0.91,4337
Ideal,G,VVS2,1.07,8491
Premium,H,SI2,1.02,3769
Ideal,H,VVS2,0.34,880
Ideal,D,SI1,0.71,2764
Very Good,J,SI2,0.72,1788
Ideal,E,SI1,1.0,5880
Premium,D,VS2,0.51,1787
Ideal,H,IF,0.42,1273
Premium,G,VS1,0.51,1833
Premium,I,VS2,1.2,5699
Very Good,I,VS1,0.52,1262
Good,F,VS1,0.72,2897
Very Good,J,SI1,0.51,977
Premium,G,VS2,1.52,12148
Good,D,SI1,0.51,1423
Premium,I,VS2,1.13,4964
Ideal,F,IF,0.31,914
Ideal,E,VS2,0.71,3304
Premium,J,VS2,1.07,4224
Very Good,H,SI1,0.32,576
Very Good,F,VVS1,1.27,13200
Ideal,I,VS1,0.38,703
Ideal,E,SI2,0.41,625
Ideal,G,VS1,0.56,1915
Premium,G,VS2,0.34,765
Ideal,G,VVS1,0.35,887
Premium,H,SI2,2.04,14184
Premium,G,VS2,0.34,765
Very Good,D,SI1,1.01,5832
Premium,E,VS2,0.33,928
Ideal,G,VVS2,0.52,2012
Premium,G,SI1,0.34,650
Premium,G,VS2,1.1,6653
Very Good,D,VS1,0.35,771
Very Good,D,VVS1,0.24,492
Very Good,G,VS1,0.73,3011
Ideal,G,VVS2,0.53,1914
Ideal,E,VS2,0.31,872
Premium,F,VS2,0.3,776
Premium,E,VS1,1.0,7096
Very Good,F,SI1,0.41,852
Premium,D,SI1,1.76,12063
Very Good,G,VS2,1.07,7611
Premium,F,VS2,0.62,2065
Good,I,SI1,0.79,2095
Premium,E,SI1,0.76,2937
Premium,G,VVS1,0.34,1071
Premium,H,SI1,1.21,6180
Ideal,E,SI1,0.73,2728
Fair,I,VS2,0.84,2359
Premium,G,SI1,1.01,4805
Very Good,I,VVS2,0.3,526
Very Good,I,SI1,1.5,7140
Very Good,J,SI2,2.03,11968
Ideal,F,VVS1,0.3,1114
Good,G,VS2,0.9,3859
Good,G,VS2,1.01,5599
Ideal,D,VS1,0.38,882
Ideal,I,VVS2,1.7,13247
Premium,H,VS2,0.9,4032
Very Good,I,SI1,1.21,5190
Ideal,F,SI2,0.55,1183
Ideal,E,VVS2,0.52,2301
Ideal,D,SI1,0.45,1027
Premium,H,SI1,1.09,5219
Ideal,E,VS2,0.42,958
Ideal,E,SI2,0.43,919
Ideal,F,VVS1,0.33,1021
Fair,H,SI2,1.5,7187
Ideal,E,VVS2,0.31,864
Fair,H,VVS2,0.76,2699
Ideal,I,VS1,0.53,1552
Premium,F,IF,0.25,576
Ideal,I,VVS1,0.76,2753
Very Good,E,SI1,0.32,672
Ideal,H,SI2,0.4,596
Premium,H,SI1,1.5,9820
Fair,F,VS2,0.91,3837
Premium,E,VVS2,0.7,3389
Premium,H,SI2,1.2,4906
Ideal,D,VS2,0.53,1857
Premium,G,VS1,0.3,776
Premium,F,VVS1,0.38,1257
Ideal,F,VS2,1.02,6597
Very Good,I,SI2,0.9,3464
Very Good,H,VVS1,0.55,1881
Good,G,VS1,0.35,721
Premium,F,SI2,0.51,1036
Very Good,F,VS2,1.2,8829
Very Good,I,SI1,1.46,7387
Good,D,VS2,0.71,2891
Ideal,G,VVS1,0.3,764
Ideal,G,VVS2,0.73,3183
Premium,D,VS2,0.5,1683
Ideal,I,VS1,0.8,2906
Very Good,H,SI2,2.01,16111
Premium,H,VS2,0.5,1332
Ideal,D,SI1,0.31,732
Ideal,E,VVS2,0.41,1243
Ideal,G,SI2,1.38,7094
Good,F,SI1,0.44,970
Ideal,G,SI1,0.43,795
Ideal,G,VS2,0.71,2515
Ideal,G,SI1,1.69,11843
Ideal,G,VVS2,0.9,5242
Ideal,G,VS1,0.73,3270
Premium,E,SI1,0.71,2817
Very Good,D,IF,1.09,18231
Premium,F,VS1,0.51,1799
Premium,G,VVS2,0.33,965
Ideal,D,SI1,0.36,851
Ideal,G,VVS1,0.5,1966
Ideal,F,VVS1,0.3,857
Premium,I,VS1,1.14,5148
Very Good,G,VS1,0.55,1743
Very Good,I,SI1,0.57,1176
Premium,H,SI2,1.13,4294
Very Good,G,VS2,1.51,13068
Ideal,F,VVS2,0.71,3705
Ideal,E,VS2,0.5,1554
Very Good,I,SI2,1.32,6300
Ideal,G,SI1,1.09,4970
Good,F,SI1,1.09,4154
Ideal,E,VS2,0.33,928
Premium,D,SI2,1.0,4626
Premium,H,IF,0.53,1957
Good,D,VVS2,0.27,693
Very Good,F,SI1,0.59,1452
Premium,J,SI1,0.72,1579
Very Good,H,SI2,0.72,1698
Ideal,I,VS2,1.18,6304
Fair,H,SI1,0.7,1865
Ideal,F,SI2,0.58,1208
Good,H,VS1,0.3,526
Premium,D,SI1,0.4,772
Ideal,J,VS2,1.5,7503
Premium,G,VS2,1.0,6048
Premium,E,SI1,1.02,5183
Premium,G,VVS2,0.4,1050
Premium,J,SI2,1.01,3421
Good,G,VVS2,0.95,5817
Very Good,G,SI2,0.9,3437
Premium,G,VVS2,0.5,1806
Premium,F,VVS1,0.31,940
Ideal,I,VVS2,0.4,770
Ideal,H,VVS2,0.31,802
Fair,I,SI1,1.2,4368
Ideal,H,VVS2,1.22,8014
Very Good,G,SI1,1.03,4746
Premium,H,VS2,1.04,4477
Ideal,E,VS2,1.25,8400
Very Good,D,VVS2,0.23,530
Ideal,D,SI2,0.79,2853
Ideal,G,VVS2,0.35,820
Very Good,D,VS2,0.34,698
Ideal,F,VS2,0.31,802
Ideal,F,VS1,1.23,9660
Good,G,VS2,0.54,1637
Premium,E,VVS2,1.14,10446
Premium,G,SI2,0.31,408
Very Good,F,VVS2,0.24,608
Very Good,J,VS1,1.25,5628
Fair,H,I1,0.85,1250
Ideal,E,I1,0.3,495
Premium,G,SI2,2.18,18003
Very Good,H,SI1,1.51,9218
Ideal,D,SI1,1.0,4928
Very Good,F,SI1,0.41,769
Premium,H,VS1,1.5,11189
Ideal,G,VVS2,0.52,1878
Ideal,I,VVS2,1.5,12148
Premium,F,VVS2,0.4,1088
Very Good,J,SI1,0.75,2083
Ideal,D,VS1,0.3,718
Premium,H,SI2,2.1,16479
Ideal,D,SI1,0.5,1623
Ideal,G,IF,0.31,891
Very Good,G,SI1,0.41,698
Ideal,H,SI1,0.7,2815
Ideal,G,VS2,1.51,13163
Very Good,E,VS1,0.4,1053
Premium,G,SI1,1.01,4395
Ideal,D,VS2,0.54,1892
Premium,F,VS1,1.02,7485
Premium,H,VS1,0.32,720
Ideal,I,VS2,1.51,9234
Ideal,G,VS1,0.72,3478
Ideal,E,VS2,1.09,7443
Ideal,H,SI2,1.11,4662
Very Good,I,SI2,1.0,3360
Premium,E,VVS2,0.31,1116
Ideal,G,VVS1,0.34,895
Premium,H,SI1,1.2,6129
Fair,H,SI1,1.51,7509
Premium,E,SI1,0.3,526
Good,H,SI1,1.2,5975
Very Good,J,SI2,1.02,3755
Very Good,F,IF,1.05,11417
Premium,I,VVS2,1.51,10623
Ideal,G,VVS2,0.3,684
Premium,I,SI2,2.02,13117
Ideal,H,I1,2.72,11594
Premium,F,SI1,0.7,2401
Very Good,G,VS2,0.57,1633
Ideal,H,VVS1,0.3,665
Premium,I,VS2,2.0,14763
Ideal,H,SI1,1.13,5483
Very Good,D,SI1,0.32,756
Premium,H,SI1,1.03,4384
Ideal,F,SI2,2.05,17957
Ideal,J,SI1,1.03,3922
Premium,D,VS1,0.4,1123
Ideal,D,VS2,0.53,1956
Ideal,G,VVS2,0.33,752
Very Good,G,VVS2,0.71,3281
Premium,G,VS1,1.01,6239
Good,E,SI1,0.3,526
Premium,D,VS1,0.81,4209
Very Good,E,VS2,0.71,3217
Ideal,G,IF,0.31,871
Very Good,F,VVS1,0.38,1030
Premium,E,SI1,0.7,1971
Premium,H,SI2,0.3,410
Ideal,G,IF,1.58,17329
Premium,F,SI2,0.7,2234
Ideal,I,VVS2,0.32,567
Ideal,E,VS2,0.53,1956
Good,E,SI1,0.31,544
Ideal,G,IF,1.01,8869
Premium,I,VS2,1.52,9057
Ideal,D,SI1,0.5,1415
Premium,F,SI1,0.4,945
Very Good,J,SI2,2.45,11843
Very Good,D,SI1,0.36,794
Premium,I,SI1,1.51,8794
Ideal,E,VVS2,0.38,1073
Fair,F,SI2,0.73,2164
Ideal,E,VS2,0.71,3553
Very Good,I,SI2,1.21,5014
Good,D,SI1,0.9,4469
Premium,G,SI1,1.04,4742
Ideal,F,SI1,1.58,12991
Good,G,VS1,0.91,4284
Ideal,E,SI1,1.0,5622
Very Good,G,SI1,1.13,5280
Ideal,D,VS2,0.5,1752
Premium,G,SI2,1.33,6480
Premium,I,VS1,0.33,521
Ideal,F,SI1,0.38,640
Very Good,J,SI1,0.57,1037
Premium,D,SI1,0.59,1912
Good,E,SI2,0.82,3050
Ideal,D,VS1,0.51,1752
Ideal,F,VVS2,0.41,1115
Premium,G,SI1,1.31,7358
Good,E,SI1,0.71,2817
Ideal,D,VS2,0.75,3625
Good,F,I1,1.5,3864
Ideal,E,VS2,0.52,1646
Premium,F,VS1,0.71,2832
Very Good,F,SI2,0.84,2656
Premium,E,SI2,1.6,10483
Very Good,G,VS1,1.01,6152
Premium,D,SI2,0.36,643
Ideal,G,VVS2,0.72,3352
Premium,G,VS1,0.7,2512
Good,E,VVS2,0.3,684
Premium,G,VS2,0.4,966
Ideal,E,VVS1,0.46,1586
Premium,E,VS2,0.53,1579
Ideal,E,VVS1,0.38,1327
Ideal,H,VVS2,0.72,2752
Fair,H,SI2,2.0,11655
Ideal,G,VVS2,0.52,1906
Premium,F,VVS2,0.6,2316
Good,G,SI1,0.3,417
Fair,G,I1,1.64,4849
Premium,H,SI1,1.11,5433
Premium,H,VS2,2.29,17539
Very Good,F,VVS2,0.7,2932
Ideal,F,SI2,0.79,2771
Very Good,E,VS1,0.7,2904
Ideal,E,SI1,0.87,5112
Premium,I,VS2,1.58,8583
Very Good,E,IF,0.38,1421
Ideal,D,VVS2,0.32,834
Very Good,F,VVS2,0.25,633
Premium,G,SI2,1.08,3701
Premium,D,VVS1,0.37,1069
Premium,E,SI2,0.9,3924
Good,I,VVS1,0.71,2549
Good,E,SI1,1.0,4989
Premium,H,SI2,0.91,3423
Premium,G,SI2,2.02,16944
Very Good,G,SI1,1.77,11796
Premium,H,SI2,1.02,4113
Premium,D,SI1,0.5,1654
Ideal,F,VS2,0.5,1749
Premium,E,SI1,1.02,5429
Ideal,F,VVS1,0.4,1323
Ideal,F,IF,0.4,1406
Premium,D,VS2,0.34,805
Very Good,D,SI2,1.2,6602
Premium,D,VS2,0.3,710
Premium,I,VS2,1.15,5120
Very Good,E,SI1,0.41,755
Premium,I,SI1,0.51,1084
Ideal,H,SI1,0.43,1045
Ideal,E,SI1,1.53,10836
Ideal,E,SI1,1.52,13280
Good,F,SI2,0.34,447
Good,G,VVS1,0.52,1754
Ideal,G,VVS2,0.57,2206
Ideal,G,VS2,0.58,1636
Very Good,I,VS2,1.3,7087
Very Good,H,SI1,0.81,2562
Ideal,D,VS2,0.32,972
Very Good,I,VS2,0.9,3489
Fair,I,VVS2,0.9,3288
Ideal,F,VS2,0.39,821
Very Good,F,SI1,0.8,3093
Ideal,I,SI1,2.02,15785
Ideal,E,VS2,0.43,1048
Very Good,F,VVS2,0.23,468
Ideal,I,VS2,1.1,4962
Ideal,G,SI1,1.03,5241
Very Good,J,SI2,1.18,4353
Very Good,H,VVS1,0.31,907
Ideal,I,VVS2,0.86,3544
Premium,E,SI2,0.53,984
Premium,D,VS2,0.3,911
Very Good,G,SI2,0.63,1105
Premium,F,SI2,1.17,4259
Ideal,G,VVS2,0.52,1911
Ideal,F,VS2,0.32,828
Fair,G,VS1,0.76,2800
Ideal,J,VS2,0.41,613
Good,I,SI1,2.01,13464
Premium,F,SI1,1.07,5042
Premium,I,SI1,1.63,9730
Ideal,D,IF,0.63,3832
Good,G,VVS2,1.01,7137
Ideal,G,SI2,1.01,4038
Ideal,I,VS1,0.7,2163
Very Good,G,SI2,1.01,4498
Very Good,I,VS2,0.3,407
Ideal,F,SI1,0.71,2699
Ideal,E,VVS1,1.2,13597
Ideal,G,VVS2,0.31,565
Premium,D,SI1,0.5,1610
Ideal,G,VS1,1.23,9116
Premium,D,VS2,0.53,1808
Very Good,F,SI2,0.3,394
Very Good,I,SI1,0.54,1079
Ideal,G,VVS1,0.31,1046
Premium,E,SI1,0.5,1155
Ideal,F,SI2,0.55,1183
Premium,H,SI1,1.53,10398
Good,E,SI2,0.4,666
Very Good,E,SI1,0.5,1293
Good,D,SI1,0.5,1333
Very Good,G,VS2,0.51,1417
Very Good,D,SI2,1.01,4606
Good,E,SI1,0.4,882
Ideal,I,VS1,0.27,432
Very Good,J,VS1,1.71,10428
Ideal,F,SI2,0.75,2458
Very Good,D,VVS1,0.46,1778
Premium,G,VVS2,0.5,1838
Ideal,E,VS2,0.52,1815
Very Good,F,VS2,1.01,6159
Ideal,G,VVS2,0.52,1897
Ideal,F,SI1,1.51,12545
Ideal,H,SI2,2.02,12680
Ideal,E,SI1,0.34,596
Very Good,J,VS1,2.01,14812
Premium,H,VVS1,0.35,956
Ideal,G,VVS1,1.2,10786
Premium,G,VVS2,1.24,10202
Very Good,G,SI2,0.9,3353
Very Good,J,VS1,1.54,9285
Premium,E,VS2,0.59,2578
Ideal,H,VS2,0.31,507
Premium,E,SI2,1.28,5620
Fair,E,SI1,0.51,1340
Very Good,H,SI2,1.33,6071
Ideal,D,VS1,0.38,1140
Ideal,J,SI1,1.14,5174
Good,G,VS1,1.01,6759
Premium,J,VS1,0.8,2202
Premium,H,VS2,0.32,505
Good,J,VS2,1.5,7177
Very Good,G,VS1,0.4,861
Ideal,G,SI1,1.01,5107
Ideal,J,VS1,0.72,1832
Very Good,H,VS1,0.9,4455
Premium,D,SI2,1.5,10090
Very Good,G,VVS1,0.59,2256
Ideal,I,SI2,1.27,5154
Premium,G,SI1,0.31,462
Premium,J,SI2,1.77,8840
Very Good,E,SI2,0.54,1415
Very Good,H,SI1,0.52,1161
Good,I,SI1,1.5,8736
Premium,F,VS2,0.93,4961
Ideal,E,VS2,0.42,958
Ideal,J,IF,0.32,533
Ideal,D,VS2,0.52,1701
Premium,E,SI2,0.71,2343
Ideal,I,VS2,0.61,1380
Very Good,G,SI1,1.22,6704
Very Good,E,VVS1,0.23,499
Very Good,E,SI2,1.01,3801
Ideal,F,VVS2,0.54,2333
Ideal,H,SI2,2.0,11988
Very Good,G,SI1,1.16,5372
Ideal,F,SI1,0.77,3169
Ideal,E,SI1,1.51,11628
Premium,G,VS1,1.0,6290
Ideal,D,VS1,0.57,2043
Ideal,E,SI2,0.71,2388
Good,J,VS1,0.67,1581
Very Good,H,SI1,2.0,17760
Ideal,F,VS2,1.02,7326
Very Good,J,IF,0.41,651
Very Good,G,IF,1.1,8592
Very Good,G,SI2,0.32,540
Premium,F,SI1,0.73,2346
Ideal,D,VVS1,0.3,866
Premium,G,VVS1,0.3,1013
Very Good,E,SI2,0.72,2573
Ideal,J,SI1,0.7,1937
Very Good,E,VVS2,0.24,485
Premium,F,VVS2,0.7,3105
Ideal,G,VVS2,1.51,14616
Premium,F,SI2,0.43,871
Very Good,H,VS2,0.3,473
Ideal,G,IF,0.31,924
Ideal,D,VS2,0.31,734
Very Good,H,SI1,0.8,3005
Ideal,H,VS2,1.04,5994
Ideal,H,VS2,0.78,2970
Very Good,H,SI1,1.05,4692
Good,D,SI2,1.29,6140
Fair,G,VS1,1.04,5633
Ideal,D,VS2,1.61,18318
Ideal,H,SI1,1.28,6701
Very Good,E,VS2,0.71,2682
Premium,D,SI1,0.56,1723
Ideal,D,VS2,0.33,667
Very Good,H,SI2,2.01,10184
Ideal,I,VS1,0.31,628
Premium,I,VS2,1.21,5962
Ideal,G,IF,0.55,2399
Ideal,G,VS2,0.53,1607
Fair,E,VS2,1.02,5350
Very Good,I,VS1,0.83,2788
Ideal,I,VS1,0.32,648
Very Good,E,VS2,0.5,1561
Ideal,G,SI2,1.21,4631
Premium,G,VS1,0.91,4459
Ideal,E,VS2,0.33,928
Good,E,SI1,0.28,373
Ideal,I,VS2,1.66,11156
Ideal,E,VS1,0.34,805
Ideal,E,SI1,0.86,3456
Very Good,I,IF,0.65,2332
Very Good,F,VVS2,0.25,633
Ideal,H,SI1,2.01,18295
Very Good,G,VS1,0.6,1912
Very Good,H,VS2,1.41,8846
Premium,E,SI1,1.01,5525
Ideal,I,VVS2,0.7,2530
Very Good,G,VS1,1.09,6827
Good,H,SI1,2.18,12825
Premium,F,SI1,1.0,5292
Fair,E,SI2,2.04,12799
Ideal,G,VS1,0.32,645
Very Good,G,SI2,0.74,2505
Very Good,I,VS2,1.01,4666
Ideal,F,VVS2,0.61,3248
Ideal,G,VS2,0.9,4133
Ideal,G,IF,0.35,1116
Ideal,F,SI2,1.04,4547
Ideal,I,SI1,1.0,4200
Very Good,F,SI1,0.7,2231
Premium,F,VS1,0.41,1007
Very Good,G,VVS2,0.41,1051
Ideal,F,VVS2,0.54,2582
Very Good,I,VS2,2.0,17084
Premium,H,VS2,1.56,10702
Premium,I,SI2,2.05,9850
Premium,F,VS2,0.57,1754
Ideal,I,VS1,1.09,6225
Premium,I,SI2,1.15,5123
Fair,G,SI2,2.01,12450
Ideal,E,IF,0.32,944
Ideal,F,IF,0.3,886
Ideal,G,VVS1,1.17,10342
Ideal,G,VS2,1.21,8097
Very Good,H,VS2,0.47,1178
Very Good,E,VVS2,1.0,9139
Ideal,G,VVS1,0.31,816
Ideal,G,VS2,1.04,6709
Ideal,J,SI1,1.03,4221
Ideal,J,VVS2,0.71,2162
Premium,H,SI1,0.79,2420
Very Good,G,SI1,1.52,10150
Ideal,I,SI1,1.11,5329
Ideal,G,VS2,1.32,9408
Very Good,G,VS2,0.38,766
Good,G,VS2,1.0,5702
Premium,G,VS2,1.01,6108
Fair,D,SI2,0.9,3205
Ideal,H,SI2,0.5,1119
Good,I,VS2,2.06,15046
Ideal,H,VS2,0.3,491
Very Good,G,SI1,0.7,2276
Premium,F,SI1,0.61,1359
Premium,J,VS2,1.24,5265
Good,F,SI2,0.5,984
Fair,G,VS2,1.01,5294
Ideal,G,VVS2,0.41,1199
Good,G,VVS1,0.51,1925
Ideal,G,VVS2,0.7,3725
Good,H,VS2,1.2,6710
Premium,D,SI1,0.73,2579
Premium,G,VS2,1.5,12787
Good,F,VVS1,0.46,1307
Very Good,D,SI1,0.31,571
Premium,E,VS2,0.34,745
Ideal,I,VVS1,0.58,1580
Very Good,E,SI1,0.9,4286
Very Good,J,VVS2,0.71,2226
Very Good,G,SI1,1.2,7372
Ideal,H,SI2,1.12,5331
Fair,I,VS1,0.73,2330
Premium,E,SI1,1.02,5956
Ideal,D,SI1,0.54,1662
Ideal,H,VVS1,0.58,1961
Ideal,H,SI1,0.55,1134
Very Good,F,VS1,1.0,6883
Ideal,D,SI2,1.03,5013
Premium,I,VS2,1.34,6754
Ideal,D,SI1,0.79,3328
Ideal,G,SI1,0.38,695
Premium,G,VS2,0.91,4357
Ideal,F,VVS2,0.56,2119
Fair,G,SI1,1.0,3833
Ideal,G,VS2,0.72,2383
Fair,E,VS2,1.01,4525
Premium,E,VS2,0.37,1041
Very Good,E,VS1,0.52,1601
Ideal,G,VS1,1.32,9715
Premium,G,SI1,0.56,1441
Ideal,G,VS2,0.34,765
Ideal,D,VVS2,1.1,11233
Ideal,F,SI1,1.52,12071
Very Good,H,VVS1,0.3,684
Very Good,H,SI2,0.9,3295
Ideal,G,VVS2,1.51,15164
Very Good,G,VS2,0.52,1369
Very Good,D,VS2,0.44,850
Ideal,H,SI1,1.26,6715
Premium,G,VS1,0.52,1689
Ideal,G,SI2,1.07,4421
Very Good,F,VS1,0.65,2406
Premium,E,VS2,0.69,2045
Premium,E,VVS1,0.28,828
Ideal,H,VVS1,0.33,713
Premium,I,VS1,1.29,5664
Very Good,H,SI1,1.07,5367
Ideal,G,VVS1,0.44,1235
Good,J,SI1,0.48,991
Ideal,G,VVS1,0.3,764
Premium,G,SI1,0.51,1281
Ideal,D,VS1,1.02,7118
Premium,F,SI2,0.78,2444
Ideal,F,VS2,1.03,7392
Ideal,I,SI1,1.0,4649
Ideal,I,SI2,1.22,4714
Premium,F,SI2,1.01,4497
Ideal,F,VVS1,1.22,13539
Ideal,J,VS2,2.05,14111
Very Good,E,VS2,0.39,793
Premium,G,VS2,1.2,7258
Fair,G,VS1,0.58,1701
Premium,D,VVS2,0.51,2387
Ideal,H,VS2,1.31,8261
Ideal,D,VVS2,0.32,1014
Very Good,G,VS2,0.31,544
Very Good,E,IF,0.31,958
Premium,J,VS1,2.05,14973
Very Good,G,IF,0.9,5670
Ideal,E,SI2,1.02,4798
Premium,G,VS1,1.2,8056
Ideal,I,VS2,1.54,9998
Very Good,G,VS1,0.5,1637
Ideal,G,IF,0.31,891
Ideal,D,SI1,0.4,772
Ideal,D,VS2,0.31,942
Ideal,D,VS2,1.12,8279
Premium,D,SI1,0.3,552
Very Good,D,SI1,0.71,2693
Fair,F,SI2,0.7,1920
Ideal,F,VVS2,0.56,2281
Very Good,G,IF,1.0,8002
Premium,G,SI1,1.18,5458
Premium,J,VS1,1.31,6236
Premium,F,VVS1,1.3,14068
Premium,G,SI2,1.0,3584
Ideal,F,VS2,0.53,1832
Very Good,H,VS2,0.73,2337
Premium,D,SI2,1.01,3604
Ideal,F,IF,0.31,1168
Very Good,F,VS2,0.82,3621
Ideal,E,SI2,0.32,576
Premium,G,SI2,0.52,1235
Premium,G,VS2,0.81,3193
Premium,F,VS2,0.32,645
Very Good,F,VS1,1.03,6662
Ideal,F,SI1,1.09,5816
Ideal,I,VS1,0.31,507
Premium,D,SI2,0.7,2573
Good,F,SI2,0.57,1280
Premium,H,VVS2,1.53,12092
Fair,I,I1,1.2,3011
Good,D,SI2,0.9,4382
Very Good,I,SI2,1.94,9344
Ideal,I,IF,0.41,930
Premium,H,VS2,1.19,6944
Very Good,I,VVS1,0.39,805
Good,D,VS2,0.41,873
Good,F,VS2,0.5,1565
Premium,G,VVS2,1.53,15505
Very Good,D,VS2,0.51,1633
Ideal,G,VS1,0.72,3102
Very Good,E,VVS2,0.24,552
Ideal,E,SI1,0.71,2258
Very Good,D,SI1,0.52,1446
Premium,G,SI2,1.11,4882
Premium,I,VVS2,0.51,1211
Very Good,E,VS2,1.12,7589
Good,G,SI2,0.9,3067
Premium,F,VS2,0.32,828
Very Good,H,VS2,1.7,12257
Very Good,F,SI1,0.55,1271
Premium,J,VS2,0.3,473
Ideal,H,VVS2,0.4,1125
Premium,G,SI2,0.62,1345
Good,F,VS2,1.01,5817
Premium,G,VS1,0.43,1008
Very Good,H,VS2,1.01,4477
Ideal,E,VVS1,0.35,1116
Very Good,D,VVS2,0.26,554
Ideal,E,VS1,0.56,2010
Ideal,E,IF,0.39,1418
Very Good,D,SI1,1.75,15544
Very Good,F,SI1,0.69,1951
Good,E,SI2,1.02,3838
Premium,D,SI1,0.83,2990
Ideal,H,IF,0.42,1273
Fair,G,SI1,0.7,2352
Ideal,E,SI2,2.14,13065
Premium,G,VS2,1.1,6284
Very Good,D,SI1,0.3,552
Good,E,SI1,1.0,5082
Very Good,G,SI2,1.72,10697
Fair,I,SI2,1.02,3084
Very Good,G,SI2,0.5,983
Ideal,I,VVS2,1.63,12174
Premium,F,SI2,1.01,4616
Very Good,G,SI2,0.9,3445
Ideal,F,VVS2,0.31,700
Premium,G,SI1,0.56,1345
Very Good,D,SI1,1.07,5767
Ideal,D,SI1,0.34,803
Ideal,F,SI1,0.73,2822
Very Good,H,SI1,1.24,7050
Ideal,H,VS1,0.29,498
Premium,H,VS1,1.51,11263
Ideal,E,VS1,0.38,1069
Premium,F,SI2,2.02,18320
Ideal,E,VVS1,0.35,1000
Very Good,G,VS2,0.75,2808
Good,H,VS2,1.71,13068
Ideal,J,SI1,0.77,2147
Good,F,VVS2,1.0,8079
Premium,J,VS2,1.35,4974
Very Good,F,SI2,1.08,3590
Ideal,F,VS2,0.31,802
Fair,E,SI2,1.0,3763
Premium,G,SI2,1.21,4976
Ideal,H,IF,0.38,1064
Premium,I,SI1,1.01,4185
Very Good,G,SI1,0.61,1659
Ideal,I,VS1,1.5,10406
Premium,F,SI1,0.59,1561
Premium,E,SI2,0.91,3639
Fair,D,SI1,1.02,4398
Good,F,SI1,1.51,14148
Premium,F,VS1,1.26,10669
Ideal,D,VS1,0.35,990
Ideal,H,VVS1,0.52,1767
Premium,E,VS2,1.05,7056
Very Good,D,VS2,1.01,6794
Premium,G,SI1,0.32,612
Ideal,H,SI2,1.04,3669
Ideal,G,VVS2,0.42,1031
Premium,E,SI1,0.96,4365
Very Good,G,SI1,0.54,1292
Premium,E,VS2,0.31,872
Premium,F,VVS2,0.42,1142
Ideal,J,SI1,0.36,597
Premium,H,VS1,0.33,743
Ideal,F,VS2,1.2,8334
Premium,J,SI1,1.6,7550
Ideal,G,VVS1,0.37,936
Ideal,H,SI2,2.07,15036
Premium,D,SI2,2.03,13229
Ideal,G,IF,0.51,2208
Very Good,D,SI2,0.9,3371
Premium,F,SI2,2.02,11962
Premium,D,VVS2,0.4,1152
Very Good,F,VVS2,0.7,3974
Premium,G,SI1,1.51,10688
Premium,E,SI1,0.4,737
Ideal,J,VS2,0.83,2241
Good,E,VS2,0.34,754
Very Good,D,SI1,0.31,571
Ideal,E,IF,0.32,1095
Ideal,I,VS1,0.8,2986
Premium,D,VS1,1.01,8286
Premium,E,VS2,1.01,6516
Ideal,E,VS2,0.37,811
Very Good,F,SI2,0.8,2564
Fair,D,VS1,1.0,7083
Very Good,F,SI2,0.97,4223
Fair,J,SI2,1.14,3403
Premium,H,SI2,2.41,15248
Very Good,G,SI1,0.4,702
Ideal,G,SI1,0.53,1665
Ideal,D,VVS2,1.1,11132
Ideal,F,VVS2,0.39,1031
Ideal,F,VS2,0.31,640
Ideal,F,VS2,0.77,3533
Ideal,E,SI1,0.34,596
Ideal,H,SI1,1.14,5146
Very Good,G,VS2,0.41,813
Fair,G,VS1,0.7,2553
Premium,F,SI1,1.0,5197
Ideal,H,VS2,0.46,1252
Ideal,H,VVS1,1.06,7193
Very Good,F,SI2,2.09,18509
Very Good,J,VS1,0.5,1034
Premium,F,SI1,0.93,4297
Premium,E,SI2,1.07,4362
Ideal,I,VS2,0.35,630
Very Good,H,VS1,0.77,2840
Very Good,E,SI1,1.04,5689
Very Good,F,VS2,0.47,1226
Good,I,VS1,0.9,3398
Ideal,E,VS2,0.52,1743
Ideal,F,I1,0.38,638
Ideal,F,VVS1,1.14,9259
Ideal,F,VVS2,0.7,3160
Ideal,D,VS1,0.51,1882
Premium,E,SI2,0.91,3379
Ideal,G,SI1,0.85,3766
Premium,F,VS2,1.51,13074
Ideal,H,VS2,1.14,5937
Premium,G,SI1,1.25,6856
Premium,E,VS1,0.9,5535
Ideal,D,VS2,0.52,1919
Very Good,D,SI1,0.9,4130
Ideal,F,VVS2,0.3,694
Ideal,D,SI1,0.33,780
Premium,E,VS2,0.54,1760
Premium,E,SI1,0.4,945
Good,F,SI2,0.7,2100
Very Good,H,SI1,1.25,6113
Premium,F,SI1,0.36,770
Very Good,I,VS2,0.31,468
Ideal,D,VVS2,1.01,11082
Good,E,VVS2,1.0,8750
Very Good,G,VVS2,0.39,875
Premium,I,SI1,1.08,4355
Premium,J,SI2,1.78,8889
Very Good,I,SI2,1.11,4202
Very Good,E,SI2,0.96,4186
Ideal,G,SI1,0.36,537
Ideal,F,VS1,0.35,923
Premium,F,VS2,1.11,7371
Good,F,SI1,1.51,11560
Premium,H,SI2,1.24,4444
Very Good,I,VS2,1.94,14489
Premium,G,VVS1,0.51,2027
Fair,E,SI2,0.9,2982
Premium,G,VVS2,0.5,1806
Premium,G,VS2,0.41,1061
Good,E,VVS1,0.41,1169
Ideal,J,VS2,1.07,4686
Very Good,G,SI1,0.8,3070
Ideal,F,VVS2,0.4,1088
Ideal,E,VVS2,0.38,1008
Ideal,I,VVS1,0.53,1435
Ideal,D,VS1,0.43,1207
Very Good,G,VS1,1.5,12005
Ideal,F,VVS1,0.33,880
Very Good,H,VS2,0.5,1349
Ideal,D,VS2,0.33,781
Very Good,D,SI1,0.9,4466
Very Good,E,SI1,1.01,5372
Very Good,H,SI1,0.3,432
Ideal,G,VS1,0.33,854
Premium,E,SI1,0.71,2817
Very Good,G,SI1,0.4,711
Very Good,I,VS2,0.9,3334
Premium,F,VS1,1.04,7632
Ideal,H,VVS2,1.11,7136
Very Good,I,I1,2.68,9665
Ideal,D,VS1,1.03,8612
Ideal,D,VS2,0.52,1822
Premium,I,SI1,2.01,16499
Ideal,H,SI1,0.82,2832
Very Good,I,VS2,1.79,12610
Ideal,D,VS2,0.31,942
Good,F,SI2,1.04,4427
Ideal,H,VS2,1.14,6095
Premium,I,SI1,1.01,4072
Very Good,E,VVS1,0.24,485
Ideal,E,SI1,1.2,7074
Very Good,E,SI2,0.81,2894
Premium,F,SI1,0.51,1349
Ideal,I,VS2,0.26,371
Very Good,J,SI1,0.53,1014
Ideal,I,VS2,0.78,2652
Ideal,H,VS2,0.77,2738
Premium,F,SI1,1.01,5288
Ideal,D,VS1,0.42,1179
Very Good,G,VVS2,0.42,954
Good,E,SI2,1.0,4265
Ideal,F,VS1,1.73,16131
Very Good,H,SI1,1.05,5406
Premium,D,SI1,2.05,17776
Ideal,G,VVS1,0.31,789
Fair,J,I1,2.14,5405
Ideal,E,VS1,0.9,6230
Very Good,I,VS1,1.0,5009
Very Good,H,SI1,2.01,17003
Ideal,G,VS2,0.35,807
Fair,E,SI1,1.01,4480
Ideal,D,VS2,0.31,734
Ideal,D,VS2,0.81,4315
Good,E,SI1,1.21,6861
Premium,J,SI2,1.01,3563
Very Good,J,SI1,1.51,7812
Ideal,G,VVS1,0.4,1200
Very Good,G,SI1,1.2,5607
Very Good,G,SI2,1.21,5558
Very Good,G,SI1,0.52,1343
Very Good,I,SI1,1.0,4032
Very Good,J,VS2,1.47,6763
Ideal,D,VVS1,0.42,1547
Premium,F,SI1,0.9,4062
Ideal,D,SI1,0.32,589
Ideal,F,VS2,0.32,645
Fair,G,SI2,0.73,2050
Ideal,E,SI1,0.71,2681
Ideal,H,SI2,1.01,4078
Very Good,G,VS1,1.7,17219
Good,I,VS2,1.28,5319
Premium,G,SI2,0.9,3175
Premium,F,VS2,1.69,16583
Premium,E,VS2,0.52,1815
Good,I,SI2,0.53,942
Very Good,G,VS1,0.46,1049
Premium,J,VS2,1.01,3190
Very Good,F,SI2,0.91,3405
Very Good,H,IF,0.71,3444
Ideal,H,SI1,1.58,10546
Ideal,E,SI2,1.52,9576
Ideal,J,SI2,1.01,3801
Ideal,G,VVS1,0.34,956
Ideal,F,SI2,1.71,11199
Very Good,F,SI1,0.4,798
Premium,F,I1,2.06,9967
Very Good,H,VS2,0.8,2808
Premium,E,SI1,0.3,675
Premium,F,VS2,0.32,828
Premium,F,SI2,1.58,9290
Very Good,F,VVS2,0.69,2993
Premium,D,VS2,0.35,829
Ideal,E,SI1,0.93,4374
Premium,F,SI1,1.43,8809
Very Good,E,SI1,0.82,2741
Ideal,G,VS1,0.34,720
Very Good,E,SI2,1.0,4426
Premium,H,SI1,1.22,4829
Premium,E,VS1,0.41,1030
Premium,H,SI1,2.17,14452
Very Good,H,SI2,1.12,5375
Ideal,G,VS1,1.3,6928
Premium,G,VS1,1.58,12530
Premium,F,VS2,1.08,7501
Premium,G,VS2,1.0,6272
Premium,G,SI1,0.32,612
Premium,G,VVS2,0.3,878
Ideal,F,VVS2,0.38,1033
Premium,E,SI2,0.42,814
Good,G,SI1,0.7,2209
Premium,H,SI1,1.84,13905
Ideal,F,IF,1.2,14300
Very Good,H,SI2,1.11,4456
Very Good,J,SI2,1.36,5215
Good,E,VS2,1.2,8380
Premium,I,VS2,2.05,16896
Ideal,F,VS2,0.38,889
Fair,F,SI2,0.7,1792
Premium,E,SI2,0.41,771
Very Good,E,VS2,1.0,6600
Ideal,H,SI1,0.36,648
Ideal,F,IF,0.3,886
Very Good,E,SI2,1.02,4398
Good,F,VVS1,0.74,4336
Very Good,H,VS2,1.04,5447
Ideal,G,VS1,0.51,1662
Premium,G,SI1,1.09,4322
Ideal,I,VS2,0.8,2830
Very Good,E,VVS2,0.8,4304
Good,F,SI2,0.78,2444
Premium,G,SI1,0.9,4455
Very Good,F,SI1,0.9,3950
Very Good,F,VS1,0.26,499
Premium,F,VS1,0.4,1050
Good,G,VS2,1.01,6126
Very Good,F,VVS2,0.25,575
Very Good,F,VS2,1.0,6818
Premium,H,SI1,2.0,14319
Very Good,F,SI1,0.39,670
Good,E,SI1,0.7,2239
Very Good,F,VS1,0.33,772
Ideal,F,VS1,0.61,2366
Ideal,J,VS2,0.84,2709
Very Good,E,SI1,0.7,2318
Premium,H,SI2,2.53,17591
Good,E,SI2,0.9,3660
Very Good,G,SI1,0.38,599
Ideal,I,SI2,2.07,13879
Ideal,D,SI2,1.08,5177
Premium,F,VVS2,0.4,1163
Good,H,VS2,0.31,489
Very Good,H,VS2,1.0,4978
Premium,F,VS2,0.7,2838
Ideal,D,VS1,0.29,504
Ideal,G,VVS2,0.51,1875
Premium,F,SI1,0.33,705
Good,F,IF,0.34,917
Good,F,VS1,0.67,2244
Ideal,G,SI1,0.57,1364
Ideal,J,VVS2,2.05,17214
Ideal,J,VS2,1.23,4986
Very Good,D,SI1,1.5,9895
Premium,H,SI2,1.3,4732
Ideal,I,SI2,1.9,12165
Ideal,E,VVS2,0.74,4082
Ideal,J,VS1,0.43,706
Premium,G,SI2,1.51,6266
Very Good,E,SI1,0.71,2590
Premium,H,SI2,1.51,8388
Good,I,SI2,1.06,3842
Ideal,G,SI1,0.32,461
Very Good,F,VS1,0.7,2726
Very Good,F,VS2,0.52,1607
Very Good,F,SI2,0.7,1883
Good,G,SI1,2.0,17405
Premium,F,VS1,0.26,580
Ideal,E,VVS2,1.14,10703
Ideal,D,VS2,0.35,829
Premium,F,VS2,1.04,6908
Premium,D,VS2,0.54,1892
Very Good,H,SI2,2.01,12829
Ideal,D,VS2,0.53,1659
Ideal,I,SI1,1.59,9813
Ideal,G,VS1,1.3,10038
Very Good,F,VS1,1.26,10284
Premium,J,SI2,1.2,3782
Very Good,G,VVS2,1.54,15225
Very Good,I,VS2,0.7,2202
Good,D,SI1,0.31,571
Very Good,F,VS1,0.32,696
Ideal,F,VVS2,0.33,810
Fair,E,SI1,1.0,3696
Very Good,H,VS2,1.21,6745
Ideal,I,VS1,1.67,10802
Very Good,D,SI2,0.92,3823
Premium,G,VVS1,1.02,8005
Very Good,F,SI1,0.36,600
Ideal,G,VS2,1.51,12210
Premium,I,SI2,2.01,10558
Ideal,F,VVS2,0.43,1169
Very Good,D,SI2,0.92,3057
Ideal,D,VS2,0.53,1722
Fair,E,I1,0.7,1273
Ideal,G,IF,0.44,1348
Premium,I,SI1,0.34,447
Ideal,D,VS2,1.33,11409
Premium,I,SI1,1.0,4592
Ideal,G,VS2,1.13,6525
Ideal,H,VS2,1.19,6662
Good,I,SI1,1.21,5252
Premium,F,SI2,0.9,3770
Premium,D,SI1,0.42,1040
Ideal,F,VVS1,0.44,1260
Good,E,VS1,0.7,3148
Very Good,F,VS1,0.71,3045
Very Good,I,SI1,0.57,1180
Ideal,I,VVS2,1.85,14375
Premium,G,SI2,0.54,1090
Premium,E,SI1,0.34,765
Very Good,G,SI2,0.3,394
Very Good,I,SI1,1.34,6763
Ideal,G,VS1,1.5,13034
Ideal,D,VS2,0.33,1002
Ideal,I,SI2,2.02,13229
Ideal,F,VVS1,0.73,4171
Very Good,E,SI2,0.7,2230
Very Good,F,VS2,0.32,645
Ideal,E,VS2,1.01,6956
Premium,G,VS2,1.22,7729
Premium,E,SI2,1.0,3450
Very Good,E,VS1,0.53,1776
Ideal,I,VVS2,1.55,11430
Good,H,SI2,1.0,3874
Premium,H,SI2,2.08,11851
Premium,J,VS2,1.5,7503
Good,D,SI1,1.0,6568
Ideal,F,IF,0.31,1046
Premium,G,SI2,0.78,2486
Ideal,D,VS2,0.32,972
Premium,F,VVS2,1.2,10580
Very Good,F,SI2,1.52,8192
Premium,E,VS1,1.52,16636
Ideal,E,VVS1,1.08,13994
Ideal,F,SI1,0.26,447
Very Good,E,SI1,0.75,2753
Good,E,SI2,1.5,8492
Ideal,F,VS1,1.61,17256
Ideal,E,SI1,0.44,1040
Fair,H,SI1,1.0,4665
Premium,I,SI2,2.35,17294
Premium,E,SI1,0.34,765
Very Good,G,SI1,0.9,3649
Ideal,H,SI1,0.36,505
Very Good,F,VS2,1.66,16294
Ideal,E,SI1,0.65,1989
Very Good,F,VS2,1.04,6166
Ideal,G,SI1,0.38,710
Ideal,G,SI2,0.55,1228
Ideal,I,VVS2,0.41,827
Fair,E,VS2,0.51,1709
Premium,F,SI1,1.14,6033
Ideal,H,SI1,1.51,7678
Ideal,E,VS2,0.58,1884
Ideal,I,VS1,0.26,434
Very Good,F,VS2,0.36,634
Very Good,E,SI1,0.71,2441
Ideal,G,VS2,1.2,7243
Premium,I,SI2,1.53,7539
Very Good,F,VS2,1.01,5988
Premium,F,SI1,1.0,5197
Premium,E,SI1,0.75,2760
Ideal,F,VS2,1.1,7589
Ideal,E,VVS2,0.33,802
Very Good,G,VS1,0.82,3460
Very Good,J,SI2,2.12,12030
Premium,H,IF,0.31,977
Very Good,J,VVS1,0.39,718
Ideal,G,IF,0.4,1257
Ideal,G,VS1,0.7,2670
Very Good,E,SI1,0.71,2573
Very Good,H,SI1,1.02,4518
Good,G,SI1,0.41,646
Premium,J,SI2,1.51,6712
Premium,J,VS1,2.22,18706
Ideal,F,I1,1.03,3444
Premium,E,VS2,0.81,3674
Ideal,F,VS1,0.24,572
Ideal,E,VS2,0.38,805
Very Good,D,SI2,0.52,1289
Fair,E,VVS1,1.01,8529
Very Good,G,VS1,0.3,605
Ideal,H,VVS1,0.28,586
Ideal,J,VS1,2.36,17829
Good,F,SI2,1.01,3897
Ideal,E,VVS2,0.4,1238
Ideal,I,SI1,1.2,5535
Premium,H,SI2,1.36,5103
Ideal,D,VS1,0.39,1170
Premium,D,SI2,1.16,5136
Good,G,SI2,0.51,1129
Ideal,E,VS2,1.03,7533
Ideal,E,VS2,0.93,5411
Fair,H,SI1,1.02,4758
Good,J,VS2,0.71,1774
Ideal,H,VVS1,0.31,660
Premium,I,SI2,1.57,6401
Good,F,VS2,0.72,2700
Ideal,F,VS2,0.32,645
Ideal,D,SI1,1.0,5880
Premium,E,SI2,0.36,605
Premium,G,VVS2,0.32,936
Ideal,I,VVS1,0.31,732
Premium,E,SI1,0.42,926
Premium,F,SI2,2.01,17746
Ideal,E,VS2,0.53,1607
Premium,H,SI1,0.3,540
Premium,J,VS1,1.53,8205
Very Good,E,SI2,1.83,13134
Ideal,D,VS2,0.51,1787
Good,F,SI1,0.53,1268
Very Good,D,VS2,0.38,1005
Very Good,I,VS2,0.72,2337
Ideal,J,VS1,0.7,2107
Ideal,G,VVS2,1.07,8145
Ideal,F,SI2,0.76,2403
Good,E,SI2,1.01,4666
Very Good,E,SI1,0.34,596
Ideal,H,SI1,1.01,5387
Premium,E,SI2,0.76,2451
Ideal,F,VS2,0.32,645
Premium,H,VS2,1.54,10758
Good,G,SI1,1.01,5051
Ideal,E,VVS2,1.03,9932
Premium,D,SI2,2.0,13098
Premium,H,SI1,1.16,5702
Very Good,J,SI2,2.02,11757
Ideal,G,VVS1,0.34,895
Ideal,I,VS1,0.33,534
Good,E,VS2,1.01,6843
Premium,G,VS2,1.21,7996
Ideal,G,VVS2,0.62,2548
Premium,E,VS2,0.7,2697
Premium,J,VS2,0.31,380
Ideal,D,VVS1,0.34,1211
Good,I,SI2,2.01,12964
Good,D,SI2,1.72,12248
Ideal,J,VS2,1.0,4278
Very Good,G,SI1,1.51,11153
Good,F,SI1,0.59,1361
Ideal,G,VS1,0.35,706
Ideal,I,VS2,0.76,3577
Ideal,F,SI2,0.71,2331
Ideal,F,VS1,0.62,2344
Very Good,E,IF,0.61,3337
Premium,H,VVS2,0.3,776
Ideal,F,VVS2,0.53,2291
Very Good,I,VS2,1.51,8223
Ideal,I,VVS1,0.3,709
Good,F,SI1,0.72,2229
Ideal,J,VS2,1.75,9663
Premium,E,SI1,0.72,2831
Ideal,I,SI1,0.51,1000
Ideal,H,VS1,0.34,596
Very Good,I,SI1,1.2,4838
Ideal,H,VS2,0.31,507
Good,E,VS2,0.37,681
Ideal,F,VS2,1.0,6424
Premium,I,SI2,1.5,7476
Very Good,G,VVS2,0.26,486
Ideal,F,SI1,0.72,2737
Very Good,G,SI1,0.92,3986
Premium,G,SI1,1.7,13256
Premium,E,SI2,0.92,3941
Ideal,E,VS2,1.0,6871
Premium,J,IF,0.4,1063
Ideal,F,VS1,0.36,819
Ideal,G,IF,0.3,863
Good,F,VVS2,0.24,471
Ideal,G,VS2,1.17,7413
Good,E,VVS2,0.24,492
Premium,H,VS1,0.34,596
Very Good,F,VS2,1.01,6416
Ideal,E,VVS2,0.4,895
Very Good,E,VS2,1.51,14889
Good,J,SI1,0.82,2033
Premium,H,VS2,0.75,2553
Very Good,I,SI1,1.25,5699
Fair,F,SI2,2.1,15827
Very Good,H,SI1,0.9,3447
Premium,G,VS1,1.08,6982
Ideal,E,I1,1.13,3729
Very Good,I,SI1,1.06,4255
Very Good,G,VS2,1.01,5747
Ideal,G,VVS2,0.51,1875
Very Good,F,SI1,1.02,5077
Good,G,VS1,0.66,2139
Very Good,G,VVS2,1.01,7234
Ideal,G,VS1,0.41,1121
Very Good,F,VVS2,1.51,16716
Ideal,D,VVS2,0.4,1263
Premium,G,SI1,1.55,10980
Good,J,SI2,1.5,6306
Ideal,E,SI1,0.75,3045
Ideal,F,SI2,0.72,2224
Ideal,E,SI1,0.33,644
Ideal,H,SI1,0.71,2328
Very Good,I,SI2,1.13,4195
Very Good,E,VS2,0.3,544
Ideal,I,VS1,1.31,6573
Very Good,E,VVS2,0.7,3154
Very Good,I,SI1,0.64,1390
Premium,H,SI1,0.54,1240
Ideal,E,VS1,0.52,2105
Very Good,G,IF,0.3,774
Ideal,F,VVS1,0.5,2165
Fair,G,SI2,1.38,4730
Good,F,VS1,1.7,17330
Premium,H,VVS1,0.32,730
Ideal,H,VS2,1.02,6065
Ideal,F,VS2,0.33,854
Fair,I,SI2,1.01,3054
Ideal,I,VS2,0.41,1056
Very Good,G,VS2,0.26,423
Very Good,H,SI1,2.09,18392
Very Good,E,SI1,1.01,5461
Fair,F,SI2,2.0,15351
Ideal,E,VVS2,0.35,849
Ideal,F,VS2,0.38,800
Ideal,F,SI1,1.62,12828
Very Good,H,VS1,0.7,2422
Ideal,D,SI1,0.57,1754
Ideal,F,SI1,0.7,2700
Ideal,G,VVS1,0.35,868
Premium,F,SI2,1.01,4017
Premium,G,SI2,2.1,15175
Ideal,F,VVS1,0.35,945
Very Good,H,SI2,0.72,1953
Good,H,SI1,0.42,700
Ideal,J,VS1,1.41,8275
Ideal,G,VS2,1.61,13553
Premium,G,VS1,0.71,2694
Good,H,VS2,1.01,4208
Ideal,E,VS2,0.34,956
Ideal,H,VS2,0.33,521
Very Good,I,SI1,0.7,1999
Ideal,H,SI1,1.52,9700
Premium,J,SI1,1.31,4475
Premium,I,SI2,1.01,3971
Ideal,D,VVS1,0.3,1112
Premium,F,VVS1,0.7,3348
Very Good,G,SI1,1.21,6190
Fair,F,VS1,0.7,2399
Ideal,E,SI1,0.51,1732
Ideal,I,VVS1,0.74,2715
Very Good,E,VS2,0.9,5305
Very Good,E,SI1,0.43,792
Ideal,J,VS2,1.23,6015
Fair,G,VS1,0.7,2384
Good,G,VS2,1.06,6212
Fair,G,SI2,0.71,2300
Premium,I,I1,1.39,3985
Ideal,J,VS2,1.28,5795
Ideal,G,VVS1,1.59,16599
Premium,G,IF,1.0,7822
Very Good,H,SI2,0.9,3160
Ideal,H,SI1,2.01,17403
Ideal,H,VVS1,0.53,1781
Very Good,F,VVS2,0.34,825
Very Good,F,IF,1.01,9965
Good,J,SI1,0.75,1965
Premium,H,SI2,2.0,16031
Premium,I,I1,1.58,4459
Ideal,G,SI2,0.74,2487
Very Good,G,VVS1,0.46,1413
Premium,D,VS2,1.24,9916
Very Good,D,SI1,0.46,927
Fair,E,SI2,1.01,4118
Good,D,SI1,0.52,1605
Ideal,E,VS2,0.37,1041
Ideal,F,SI1,0.71,2487
Ideal,D,VS1,0.39,1170
Good,D,SI1,0.5,1190
Premium,E,IF,0.32,1170
Very Good,H,SI2,1.38,6369
Premium,I,VS1,1.12,4987
Ideal,J,VS1,0.3,506
Ideal,E,VVS2,0.24,678
Premium,E,VVS2,0.32,842
Ideal,F,VS2,1.02,7037
Very Good,G,SI1,0.53,1237
Good,H,SI1,1.11,4606
Good,I,VS2,0.4,666
Ideal,E,VVS2,0.26,597
Ideal,J,SI1,2.4,16687
Ideal,E,VVS1,0.28,787
Very Good,E,VS2,0.74,3323
Premium,D,SI1,1.5,11863
Ideal,E,VS2,0.3,658
Ideal,G,VS1,0.3,605
Ideal,G,SI1,1.1,5226
Ideal,G,VS2,0.34,765
Premium,D,SI1,0.34,803
Ideal,E,SI1,0.55,1551
Premium,F,VVS2,0.42,1142
Ideal,F,VS1,0.53,1939
Ideal,D,VS2,0.53,1694
Premium,H,VS2,2.05,16235
Very Good,I,VS1,0.32,505
Ideal,G,VVS2,0.32,708
Very Good,E,VVS2,1.18,12100
Ideal,G,VS1,0.52,1758
Premium,D,SI1,0.52,1651
Very Good,E,SI2,1.0,4181
Premium,I,SI2,2.01,12338
Very Good,D,VS1,0.23,468
Ideal,E,VS1,0.23,586
Good,E,SI2,0.7,2192
Very Good,I,SI2,1.02,4084
Ideal,I,VS1,0.33,573
Very Good,H,VVS1,0.27,504
Ideal,D,VS1,1.24,12417
Ideal,F,VVS1,1.11,10412
Ideal,H,VVS1,0.3,665
Premium,G,VS1,0.31,802
Premium,I,SI2,1.01,3665
Ideal,E,SI2,0.71,2619
Very Good,E,VS1,0.73,3607
Very Good,F,SI1,1.0,5058
Ideal,H,VS2,1.24,5683
Ideal,H,VS2,0.83,2975
Premium,G,SI2,0.9,3377
Premium,J,SI2,1.5,6750
Ideal,G,VVS1,0.31,789
Ideal,G,VVS2,0.75,3740
Fair,E,I1,0.8,1232
Premium,F,VVS1,0.3,868
Ideal,I,SI2,0.54,964
Ideal,H,VS1,0.56,1770
Good,F,VS1,0.8,3116
Premium,G,VS2,0.34,596
Very Good,I,VS2,0.28,379
Ideal,E,VS2,0.31,872
Very Good,D,SI1,0.32,756
Premium,G,VS2,1.5,11189
Premium,G,IF,1.12,9440
Very Good,I,VVS2,0.41,1061
Premium,E,VVS2,0.25,740
Very Good,D,SI2,1.7,11431
Ideal,G,VVS2,1.24,9362
Very Good,J,SI1,2.01,12257
Ideal,F,VVS1,0.41,1196
Ideal,H,SI1,0.36,684
Fair,E,VVS2,0.9,5551
Premium,I,VVS2,0.3,675
Premium,G,VS2,1.04,6290
Ideal,G,SI2,0.9,4032
Premium,G,VS1,1.7,16521
Good,F,SI2,0.9,3519
Ideal,H,SI2,1.51,8710
Very Good,H,VS1,1.21,7196
Very Good,F,SI1,0.49,1116
Premium,I,SI1,0.31,537
Premium,J,SI1,1.18,4460
Ideal,E,VS1,0.4,1053
Ideal,G,IF,0.32,883
Very Good,G,VS2,1.01,5919
Ideal,G,SI2,1.0,3528
Premium,G,VVS2,0.28,504
Ideal,F,SI1,0.5,1232
Premium,G,VS2,0.54,1637
Premium,F,SI2,1.47,8115
Ideal,D,SI1,0.31,732
Premium,E,VS2,0.59,1641
Good,H,SI2,1.0,4592
Ideal,F,IF,0.3,873
Premium,E,SI1,0.36,589
Premium,F,SI2,1.06,4656
Ideal,I,SI1,0.99,4763
Ideal,H,VS2,1.34,8771
Ideal,D,VS2,0.36,1094
Ideal,G,VVS1,0.3,764
Ideal,D,VVS2,0.4,1263
Ideal,G,VS1,0.57,1837
Premium,G,VS1,1.12,7827
Ideal,F,VVS2,0.53,2269
Fair,G,SI1,0.7,1949
Very Good,F,SI1,0.91,3885
Ideal,I,SI1,0.51,1080
Very Good,E,SI1,0.31,544
Ideal,H,VS2,0.36,587
Good,D,SI1,1.01,5055
Good,I,SI1,0.3,394
Fair,F,SI2,0.73,2164
Ideal,H,SI2,1.13,4584
Ideal,D,VS2,0.51,1787
Ideal,F,IF,0.27,760
Very Good,H,VS1,1.01,5687
Ideal,D,SI1,1.14,6070
Very Good,E,SI1,0.31,544
Premium,F,SI1,1.0,5197
Premium,F,VS2,0.4,1080
Ideal,F,IF,0.3,886
Premium,G,I1,1.2,3091
Premium,F,SI1,0.51,1421
Ideal,F,VS2,0.51,1687
Very Good,G,IF,0.37,1003
Very Good,I,VS1,0.72,2441
Very Good,G,VS2,0.91,5484
Ideal,H,VS2,0.7,3145
Ideal,I,SI1,1.12,4829
Premium,F,SI1,1.04,5882
Very Good,F,SI1,1.02,5930
Ideal,D,SI1,0.41,791
Ideal,D,VS2,0.51,1787
Ideal,J,VS1,0.72,2112
Ideal,D,SI1,1.06,5946
Very Good,H,SI1,1.11,5192
Good,I,VS2,0.7,2234
Premium,G,SI2,1.01,4269
Ideal,H,VS2,1.51,11435
Very Good,G,VVS2,0.5,1715
Good,G,VS1,0.46,1179
Ideal,J,SI2,1.0,3465
Ideal,J,VS1,1.54,8207
Very Good,E,SI1,0.51,1386
Premium,H,SI2,1.87,11037
Ideal,H,SI1,0.3,450
Good,G,SI1,0.32,477
Premium,H,VS1,0.33,579
Ideal,E,VS2,0.77,3303
Premium,J,SI1,0.72,1879
Ideal,E,SI1,1.04,5528
Premium,H,VS2,0.9,3810
Ideal,D,SI1,0.4,726
Ideal,F,SI1,0.82,3439
Ideal,F,SI1,0.3,475
Very Good,D,SI2,1.06,4471
Ideal,G,VVS2,0.57,2206
Ideal,E,SI1,0.7,2768
Very Good,D,SI1,1.01,5619
Premium,I,VS2,2.01,16778
Very Good,D,SI2,0.3,447
Good,G,SI1,2.01,18077
Ideal,F,SI1,0.72,2737
Ideal,D,SI2,0.35,625
Ideal,J,SI1,2.02,12713
Premium,F,SI1,0.71,2198
Good,E,SI2,1.02,4712
Ideal,F,IF,0.3,873
Ideal,D,SI1,0.52,1600
Good,D,SI1,0.91,3796
Good,F,VS2,1.04,6727
Very Good,D,VS2,1.06,7345
Ideal,D,SI1,0.3,709
Premium,J,SI1,1.2,4536
Premium,E,VS1,0.73,2876
Premium,G,SI1,0.41,719
Ideal,F,SI1,1.12,7812
Very Good,D,SI1,0.3,479
Premium,E,SI2,0.59,1195
Good,E,SI1,1.54,12779
Premium,J,SI1,1.28,5290
Premium,H,IF,0.31,1046
Ideal,D,VVS1,0.6,3850
Very Good,G,IF,1.01,7974
Very Good,G,IF,0.35,1044
Ideal,F,SI1,0.7,3119
Very Good,G,VS2,1.51,11532
Premium,D,SI2,0.88,3390
Very Good,J,VVS1,0.9,3746
Premium,F,SI1,0.4,769
Very Good,H,SI2,1.01,3592
Ideal,I,VS1,0.31,502
Premium,G,SI1,0.93,4062
Ideal,E,VS1,1.05,7762
Ideal,G,VS2,0.57,1728
Fair,I,SI2,0.73,1892
Very Good,D,SI1,0.78,3258
Ideal,G,IF,0.31,891
Premium,D,VS2,0.91,5167
Ideal,H,SI1,0.54,1154
Fair,H,SI2,1.03,3749
Ideal,H,SI1,0.7,2815
Premium,D,SI2,0.31,593
Ideal,G,VS2,0.34,765
Good,D,SI1,0.71,2450
Ideal,G,VVS1,0.33,838
Very Good,G,VS2,0.71,2454
Premium,F,SI1,0.74,2042
Good,G,VS2,0.7,2367
Ideal,E,VVS2,1.08,10300
Very Good,I,SI2,1.52,7866
Premium,E,VS2,0.75,3206
Premium,D,VS1,0.38,1140
Very Good,I,SI1,0.92,3323
Fair,D,VS2,0.91,4107
Premium,I,SI1,0.32,540
Good,E,SI2,0.9,3595
Very Good,E,SI1,1.12,6098
Ideal,H,VVS1,0.26,545
Ideal,H,VVS2,0.4,877
Ideal,H,SI1,1.02,4558
Ideal,D,SI1,0.7,2726
Ideal,G,VS2,0.71,2511
Premium,D,SI2,1.02,4583
Ideal,D,VS2,0.36,928
Ideal,D,SI2,0.42,660
Premium,H,SI1,1.26,7056
Ideal,G,VS1,0.32,645
Premium,J,VS2,1.26,5107
Ideal,I,VS2,0.58,1279
Ideal,G,SI1,0.71,2738
Good,G,I1,0.41,467
Good,F,SI1,0.79,2756
Ideal,F,SI2,1.03,4280
Premium,F,SI1,0.75,2573
Fair,E,SI1,0.5,1134
Very Good,D,VVS2,0.27,620
Ideal,H,VVS2,0.36,726
Premium,G,SI2,1.0,4319
Very Good,G,SI2,1.01,4249
Ideal,F,SI2,1.02,4851
Ideal,F,VVS2,1.09,9668
Premium,G,VVS2,0.4,917
Premium,F,VVS2,0.7,3062
Ideal,G,VVS2,0.33,965
Very Good,H,VVS2,0.41,847
Ideal,H,VS2,2.02,14182
Ideal,D,VS2,0.32,972
Premium,H,VS2,0.33,668
Premium,G,SI1,0.36,689
Very Good,I,VS2,0.33,463
Premium,I,VS2,1.29,6321
Premium,H,VS2,1.25,7378
Ideal,G,SI2,2.03,12573
Very Good,E,VS2,0.3,658
Ideal,G,VS1,0.57,1949
Very Good,G,SI2,0.31,433
Premium,F,SI1,1.07,4597
Ideal,F,VS2,0.91,5214
Very Good,F,VVS2,0.25,583
Ideal,E,VS2,1.06,7788
Premium,E,VVS2,0.3,1013
Very Good,D,SI1,0.42,810
Ideal,E,SI1,0.91,5458
Ideal,I,VVS2,0.72,2594
Premium,E,SI1,0.33,743
Very Good,H,SI1,1.08,5516
Ideal,E,VS2,0.58,1670
Ideal,E,VS2,0.75,3120
Premium,G,SI2,0.5,1121
Good,I,VS1,0.31,489
Fair,F,VS1,0.9,4183
Premium,I,VS2,0.71,2300
Ideal,H,VS2,1.23,7130
Ideal,H,SI1,1.25,7573
Ideal,E,VVS1,0.25,783
Very Good,F,VS1,0.34,739
Premium,G,VS1,1.52,13034
Ideal,I,VVS2,0.39,849
Ideal,H,VS2,0.3,491
Very Good,H,VS2,1.01,4821
Ideal,I,VS2,0.52,1152
Very Good,E,SI1,0.7,2617
Ideal,E,VVS2,0.31,710
Good,E,SI1,1.5,11554
Premium,F,VS1,0.53,1766
Very Good,I,SI1,1.01,4759
Premium,G,VS2,1.06,6296
Very Good,H,SI1,0.54,1235
Premium,H,SI1,0.3,540
Ideal,G,VVS2,0.25,525
Ideal,G,VS1,0.34,657
Very Good,I,VS1,0.31,628
Very Good,D,VS2,1.01,7652
Premium,I,VS1,1.31,6737
Ideal,G,VVS1,0.3,764
Ideal,J,VS1,0.71,2085
Premium,I,VS1,0.31,489
Very Good,D,SI2,0.4,855
Fair,I,VS2,0.46,855
Ideal,G,VS2,1.1,6653
Ideal,G,VS2,0.57,1613
Ideal,J,VS1,2.15,15613
Fair,I,VVS1,0.9,4194
Ideal,D,SI1,0.77,3251
Good,J,VS2,0.3,368
Ideal,H,SI1,2.08,18760
Premium,G,VS2,1.01,5701
Very Good,E,VS2,0.74,2638
Ideal,D,VS1,0.5,2454
Very Good,G,VVS2,1.52,15265
Premium,F,VS2,0.34,880
Ideal,E,VVS2,0.3,742
Ideal,H,IF,0.3,764
Ideal,G,SI2,0.54,1028
Very Good,E,VS1,0.28,487
Good,I,VS1,1.71,12755
Good,E,SI2,0.5,1098
Ideal,F,SI1,0.55,1390
Very Good,E,VS1,0.3,653
Ideal,I,VS1,0.27,432
Very Good,G,VS2,1.7,18107
Very Good,H,VS1,0.28,429
Premium,G,VS1,1.01,6882
Ideal,G,IF,0.32,918
Ideal,G,VS2,1.0,5887
Premium,E,SI2,0.57,1414
Ideal,F,SI2,0.58,1239
Ideal,G,VS2,0.57,1608
Premium,F,SI1,1.0,5197
Very Good,F,VVS2,0.26,597
Premium,J,VS2,0.72,1944
Ideal,E,VS1,0.71,2963
Ideal,E,VS1,0.55,2107
Ideal,G,VVS1,1.13,9049
Good,J,VS1,0.3,506
Good,F,IF,0.3,796
Premium,H,VS2,1.55,11428
Very Good,E,VS2,0.71,2921
Ideal,H,VS2,0.53,1412
Very Good,J,VS1,0.39,616
Good,G,VS1,0.34,686
Ideal,E,SI2,1.0,4829
Premium,H,SI1,1.25,5320
Good,H,SI2,2.01,12215
Very Good,J,VS2,1.45,6980
Good,E,VS2,1.0,6776
Fair,F,SI1,1.0,5040
Ideal,I,VS1,0.32,605
Premium,E,VS2,1.01,4706
Premium,H,VS2,0.7,2251
Very Good,F,VS1,0.63,2149
Very Good,J,SI1,0.7,1836
Ideal,H,VVS2,0.31,802
Ideal,F,SI1,0.37,791
Ideal,G,SI2,1.1,5361
Good,G,I1,0.9,2344
Very Good,F,VVS2,0.27,620
Very Good,E,VS2,0.59,1857
Ideal,H,VVS2,0.31,625
Premium,G,IF,0.35,1116
Premium,G,VS2,1.58,13014
Good,G,VS1,0.32,548
Very Good,I,VVS2,0.3,675
Very Good,H,VVS1,0.35,798
Ideal,H,VS1,0.72,3274
Premium,H,SI2,1.11,4578
Good,G,IF,0.5,2081
Ideal,H,SI1,0.93,3985
Ideal,D,VS2,0.51,1882
Good,G,SI2,2.01,15832
Ideal,I,SI2,2.12,15647
Ideal,G,SI1,0.26,394
Ideal,I,SI2,0.7,1961
Very Good,G,IF,0.3,850
Good,F,SI1,0.77,2789
Ideal,G,IF,0.35,959
Ideal,E,VS1,0.58,2192
Premium,H,VS1,0.81,2972
Very Good,E,SI1,0.7,2164
Ideal,D,SI2,0.9,4241
Premium,G,VVS2,0.33,901
Premium,E,SI2,0.41,876
Ideal,G,VVS2,1.56,15609
Good,H,VS1,1.15,5935
Ideal,G,VVS2,0.34,722
Very Good,H,VS1,0.59,1561
Very Good,E,VS2,0.39,808
Ideal,G,VS2,0.41,1061
Ideal,J,SI1,1.08,4633
Very Good,H,SI1,0.5,984
Ideal,D,SI1,0.39,729
Ideal,F,VVS1,0.74,4013
Premium,F,VS1,1.21,9107
Premium,G,SI2,2.21,15970
Ideal,D,VS2,0.37,1124
Ideal,H,VS1,1.04,6255
Very Good,I,SI1,1.01,4693
Premium,F,IF,0.3,1085
Premium,H,SI2,0.73,2102
Very Good,G,SI2,0.9,3478
Ideal,E,SI1,0.72,2476
Premium,G,VS1,0.32,645
Premium,G,SI1,1.07,5091
Premium,H,VVS1,0.3,684
Premium,F,SI1,0.7,2657
Ideal,G,VS1,1.02,7324
Ideal,D,VVS2,0.5,2475
Ideal,E,VS2,0.51,1656
Ideal,E,VS2,0.56,1819
Ideal,E,VS2,0.72,3091
Very Good,H,SI2,1.25,4060
Ideal,E,SI1,0.72,2265
Ideal,F,VS1,0.51,1836
Very Good,H,VS2,0.4,895
Ideal,G,VS2,0.37,649
Very Good,D,VS2,0.54,1892
Ideal,G,VS1,0.84,4325
Ideal,D,VVS2,0.26,777
Ideal,E,VVS1,0.29,858
Very Good,E,VVS1,0.24,521
Good,F,SI2,1.01,4166
Premium,E,VS1,0.5,1672
Ideal,E,VVS2,0.54,2375
Very Good,E,SI1,1.13,5086
Premium,D,VVS1,0.31,1060
Ideal,G,VS2,0.6,1795
Ideal,H,SI2,1.1,4725
Premium,D,VS1,0.73,3557
Very Good,F,VVS2,1.0,8227
Very Good,D,SI1,0.37,681
Very Good,E,VVS1,0.24,552
Fair,G,VS2,1.7,14860
Good,F,VVS2,0.41,1172
Premium,I,SI1,1.91,13092
Premium,E,VS2,0.5,1699
Ideal,H,SI1,0.42,898
Ideal,G,VS1,0.41,899
Fair,I,I1,1.5,4368
Premium,F,SI2,1.17,4324
Premium,J,VS2,1.51,7553
Ideal,G,VS1,0.31,802
Very Good,E,VS1,0.7,3063
Ideal,H,VVS1,0.71,3137
Ideal,H,SI2,0.33,433
Ideal,G,VS1,1.37,10927
Ideal,E,VVS2,1.29,13530
Ideal,G,IF,0.32,898
Good,F,VVS1,0.4,1145
Very Good,F,SI1,0.91,4785
Ideal,I,VS2,0.72,2312
Fair,H,VS2,0.7,2351
Ideal,F,VVS1,0.3,857
Ideal,I,VVS1,0.31,732
Premium,F,SI1,0.37,616
Ideal,G,VVS2,0.33,965
Ideal,D,VVS1,0.31,984
Ideal,H,SI1,0.36,538
Premium,D,VS1,0.31,877
Premium,D,SI2,1.6,10064
Ideal,E,SI1,0.41,755
Very Good,H,SI1,1.57,10447
Very Good,H,VS1,0.52,1572
Ideal,I,SI1,0.8,2677
Premium,H,VS2,0.33,668
Very Good,H,VS2,0.37,608
Ideal,J,SI1,1.2,4536
Ideal,H,VS2,0.31,489
Premium,E,SI2,0.73,2341
Ideal,D,SI1,0.34,803
Good,F,VS1,0.57,1801
Ideal,F,SI2,1.07,4678
Ideal,I,VS1,0.71,2525
Ideal,H,SI1,0.46,1130
Premium,H,VS2,0.3,608
Premium,I,SI2,1.01,3874
Ideal,H,VS1,0.26,482
Very Good,E,SI2,1.0,4975
Ideal,H,VVS2,0.3,776
Good,E,SI1,1.0,4435
Very Good,G,IF,1.54,15444
Very Good,F,VVS2,0.52,2064
Ideal,D,VS2,0.31,734
Ideal,D,VS1,0.26,580
Good,D,SI2,0.78,2430
Premium,G,SI1,1.01,4338
Ideal,D,SI2,0.56,1399
Premium,H,VS1,1.57,11711
Premium,H,SI2,1.1,3388
Premium,F,VS2,1.51,15253
Ideal,I,VS2,1.62,9604
Ideal,F,VVS1,0.41,1356
Very Good,I,VS2,0.91,3340
Fair,F,I1,1.04,2134
Very Good,H,VS1,1.06,5456
Premium,H,SI1,0.71,2112
Premium,H,SI1,1.04,4890
Premium,G,SI1,0.39,878
Very Good,D,SI2,1.04,3780
Very Good,F,VVS2,0.32,778
Good,D,VVS2,0.23,452
Ideal,H,IF,0.32,796
Ideal,D,SI1,0.3,709
Very Good,H,VS1,0.8,3273
Premium,I,VS1,1.53,10098
Very Good,E,VVS1,0.43,1433
Very Good,F,VS2,0.7,2812
Premium,E,VS2,0.5,1746
Premium,F,SI1,0.7,2423
Ideal,G,VS2,1.17,7548
Ideal,G,VS1,0.31,652
Very Good,I,VS1,0.7,2332
Premium,D,SI1,0.32,589
Premium,J,SI1,0.7,1844
Fair,G,VS1,1.01,4864
Very Good,J,SI1,0.32,480
Premium,G,SI2,0.34,574
Good,D,SI1,0.92,4158
Premium,G,VS1,1.0,6115
Ideal,H,SI2,1.25,5880
Ideal,F,SI1,1.0,5292
Ideal,E,VS2,0.42,1024
Good,H,VS1,0.3,526
Ideal,J,VS2,0.56,1280
Very Good,E,VVS2,0.5,2105
Ideal,H,VS2,1.6,8709
Premium,G,VVS2,0.41,1007
Premium,E,SI1,0.42,926
Very Good,G,SI1,1.21,4637
Very Good,F,VVS2,0.41,1115
Very Good,D,SI1,0.79,3432
Ideal,F,VVS1,0.51,2163
Ideal,H,SI2,1.11,4709
Ideal,I,SI1,1.07,5748
Premium,F,VS2,0.4,842
Ideal,D,SI1,0.31,732
Very Good,H,VS1,0.7,2453
Ideal,G,SI2,1.28,5888
Ideal,F,SI1,0.54,1385
Fair,F,SI1,0.51,1052
Ideal,E,VS2,0.36,1013
Ideal,I,SI2,2.03,14061
Ideal,G,SI1,0.37,586
Fair,H,I1,0.73,1104
Ideal,F,VS2,0.53,2290
Good,F,VS1,0.45,1012
Very Good,I,SI1,1.01,3888
Ideal,H,VS2,1.07,5698
Ideal,G,IF,0.56,2442
Premium,E,VS1,0.7,2818
Very Good,E,SI1,0.9,4165
Very Good,D,VS2,1.01,7127
Ideal,D,SI1,1.52,14426
Ideal,F,VS1,0.81,4412
Ideal,H,SI1,0.75,3011
Very Good,G,VS1,0.3,605
Ideal,G,VS1,0.38,1069
Premium,G,SI1,1.22,6492
Very Good,J,VS2,2.06,14119
Premium,D,SI1,0.4,772
Ideal,G,VS1,0.5,1746
Premium,H,SI1,0.69,1822
Premium,F,VS1,0.71,2920
Premium,G,VVS2,0.45,1181
Very Good,G,SI1,1.23,6665
Ideal,D,VS1,0.33,839
Very Good,H,SI1,1.22,6387
Very Good,G,VS2,0.57,1617
Good,I,SI2,1.35,4423
Premium,F,VS1,1.3,11392
Ideal,D,SI1,0.72,3568
Premium,G,VS2,1.01,5864
Ideal,F,SI1,0.56,1394
Fair,J,VS2,1.5,5846
Premium,E,VS1,0.74,2999
Good,H,SI1,1.21,5407
Ideal,D,SI1,0.31,571
Very Good,F,SI1,0.8,3082
Ideal,E,VS1,0.32,758
Ideal,H,SI1,0.32,430
Very Good,I,VS1,0.36,568
Ideal,I,VS2,1.04,4013
Very Good,F,SI2,1.2,4274
Ideal,E,VS1,0.71,3332
Very Good,G,VVS2,0.26,486
Ideal,F,VS1,0.24,536
Very Good,F,VVS2,0.74,3948
Premium,J,VS1,0.32,540
Good,G,SI2,1.2,5310
Very Good,I,SI1,0.79,2296
Ideal,G,VVS2,0.57,2206
Premium,H,SI2,1.13,4430
Premium,H,VS2,0.91,4313
Ideal,D,SI2,0.31,593
Ideal,G,VVS2,0.41,1007
Ideal,F,VS2,0.7,2907
Premium,I,VVS1,0.41,1107
Ideal,F,SI2,1.0,4197
Very Good,G,SI1,0.4,673
Very Good,F,VS2,0.7,2812
Ideal,F,VS2,1.25,8764
Very Good,J,VS2,0.51,984
Premium,G,VVS2,1.0,6702
Very Good,E,VVS2,0.25,575
Good,E,SI1,0.52,1388
Ideal,F,VS1,0.73,2835
Very Good,G,VS1,0.51,1656
Very Good,D,SI1,0.55,1692
Premium,F,SI1,0.59,1412
Good,H,VS2,0.9,3775
Good,I,SI2,2.01,8780
Very Good,E,SI1,0.33,579
Fair,H,VS2,1.51,7534
Ideal,G,VS1,0.38,800
Fair,J,I1,0.96,2304
Ideal,G,SI2,1.52,8852
Good,I,VS2,0.71,2270
Good,E,I1,1.68,5871
Good,F,SI1,0.91,3994
Good,J,SI2,1.62,6112
Ideal,D,VS2,0.72,3219
Very Good,H,SI1,0.8,2485
Premium,F,SI2,0.77,2282
Ideal,E,VS1,0.34,805
Premium,E,SI1,0.72,2333
Very Good,E,VS1,0.28,487
Very Good,G,VVS2,0.32,730
Very Good,G,VS1,0.68,2114
Ideal,D,SI1,0.31,732
Ideal,G,SI1,0.31,593
Premium,E,SI2,2.05,17081
Premium,G,VS1,0.33,854
Ideal,H,VS2,1.51,11133
Ideal,I,VS1,1.5,10080
Ideal,I,IF,0.36,735
Ideal,D,SI1,0.41,744
Ideal,G,SI1,0.74,3130
Very Good,D,SI1,1.5,11756
Premium,E,SI1,0.5,1155
Ideal,I,SI2,1.25,5259
Very Good,F,SI1,1.13,5584
Premium,F,SI2,0.9,3210
Premium,D,SI2,0.36,537
Very Good,D,VS1,0.7,3247
Premium,H,SI2,2.15,12458
Premium,H,SI2,1.55,6458
Very Good,J,VS2,0.77,2155
Ideal,E,I1,1.72,7802
Ideal,F,SI1,0.7,2409
Ideal,F,VS2,0.27,470
Very Good,I,VS2,0.74,2327
Very Good,F,VS2,0.4,867
Very Good,F,SI1,1.01,4969
Premium,I,SI1,1.54,7512
Fair,G,SI1,0.5,1050
Ideal,E,SI1,1.02,5840
Very Good,J,SI1,1.51,7125
Premium,J,VS2,1.41,6754
Ideal,E,VS1,0.7,2930
Ideal,H,VS2,0.35,571
Ideal,G,VS1,1.71,17204
Good,G,VS1,1.01,6499
Premium,E,SI2,2.1,16783
Ideal,F,VVS2,0.7,3741
Ideal,G,SI2,0.42,686
Very Good,G,VS2,0.6,1773
Ideal,E,SI1,0.51,1624
Good,G,SI1,0.9,3931
Very Good,H,SI1,1.76,9336
Ideal,E,VS2,0.31,622
Ideal,H,SI1,0.71,2006
Ideal,E,SI2,0.7,2398
Ideal,D,VVS1,0.27,622
Premium,H,SI1,0.7,2020
Very Good,F,VVS1,0.76,4504
Very Good,E,VS2,0.39,921
Very Good,H,SI1,0.4,666
Very Good,G,VVS2,0.33,752
Premium,E,VS2,0.7,2818
Premium,E,VS2,0.3,844
Premium,G,VS2,0.51,1546
Very Good,D,SI1,0.3,552
Premium,F,VS2,0.32,828
Premium,J,VS2,1.51,6342
Good,H,SI2,2.02,16565
Premium,H,VS2,1.06,5889
Ideal,J,SI1,0.7,1974
Premium,D,SI1,0.54,1786
Fair,H,SI2,0.72,2203
Very Good,G,VS1,0.38,833
Premium,I,VS1,0.9,3720
Ideal,D,VVS2,0.33,1021
Very Good,E,VS2,0.5,1624
Ideal,E,SI1,0.91,5431
Premium,E,SI1,1.7,15804
Ideal,I,VS2,0.35,630
Very Good,G,VS1,0.3,776
Good,G,VVS2,0.31,707
Good,D,SI2,0.53,1318
Ideal,G,SI1,1.16,5908
Premium,H,VS2,0.32,471
Fair,H,SI2,0.82,2358
Fair,E,SI2,1.5,6922
Premium,D,VS2,0.71,2874
Very Good,G,VS1,0.31,625
Very Good,I,VS1,0.72,2401
Premium,G,VS2,1.35,9471
Very Good,F,VS2,0.31,749
Ideal,H,SI1,1.57,9416
Very Good,E,VVS2,0.23,505
Premium,G,SI1,1.16,6132
Premium,H,VS2,0.34,537
Very Good,F,SI1,1.22,6530
Premium,I,VS2,1.09,4659
Very Good,E,VS2,0.52,1621
Very Good,G,VS2,1.21,7906
Ideal,E,VS1,0.52,2512
Very Good,E,VS2,0.75,3206
Premium,E,VS2,0.51,1656
Ideal,F,VS2,0.32,645
Very Good,H,VS2,0.31,489
Ideal,H,SI2,0.54,1073
Fair,F,VVS2,0.57,1902
Ideal,D,SI2,0.75,2773
Premium,G,SI1,0.46,1063
Ideal,E,SI1,0.34,765
Good,H,VS2,0.34,537
Very Good,H,VS1,1.71,13904
Premium,E,VS1,0.3,911
Ideal,H,SI1,0.56,1270
Very Good,I,SI2,1.11,3956
Ideal,I,VS1,0.71,2965
Ideal,G,VS1,0.53,1813
Ideal,H,SI1,0.34,628
Ideal,G,VS1,0.6,2147
Fair,J,I1,0.95,2322
Very Good,J,VS2,0.53,1023
Ideal,H,VVS1,0.32,730
Fair,F,SI2,0.9,2536
Very Good,I,VS1,0.71,2202
Premium,E,VVS2,0.33,868
Premium,F,VS1,0.51,1744
Ideal,H,VS2,0.34,689
Premium,E,SI2,1.01,4921
Very Good,E,VS2,0.51,1662
Ideal,G,IF,0.29,721
Ideal,G,VS1,0.33,854
Very Good,G,VS1,0.32,645
Premium,G,VS1,1.75,17191
Premium,I,SI1,1.22,5466
Premium,H,IF,0.31,816
Ideal,G,VVS2,0.31,707
Ideal,G,SI1,1.26,7230
Very Good,F,VS1,0.7,2810
Very Good,J,I1,1.5,5141
Premium,I,SI2,1.06,3847
Ideal,E,VVS1,0.42,1400
Good,J,SI2,1.02,3639
Very Good,G,VS2,0.33,579
Ideal,H,VVS1,0.72,3180
Ideal,E,VVS2,0.32,816
Premium,F,SI1,1.03,5087
Premium,E,VVS2,0.31,816
Premium,D,SI1,0.41,1015
Premium,J,SI2,1.01,3563
Premium,E,SI1,0.31,698
Ideal,G,SI1,0.54,1999
Good,E,VS2,0.7,2473
Very Good,E,SI2,1.02,4404
Very Good,H,SI1,0.3,421
Ideal,H,VS1,0.26,462
Ideal,H,VS1,0.56,1698
Ideal,E,SI1,0.4,737
Ideal,E,SI1,0.36,597
Ideal,H,VS2,0.9,4369
Ideal,D,SI1,1.54,10694
Premium,H,SI2,1.21,5285
Good,G,VS2,0.51,1343
Premium,H,VS2,1.01,4348
Ideal,E,VS2,0.34,758
Fair,G,SI1,1.03,4424
Premium,G,VS1,1.05,7063
Very Good,G,SI1,0.32,477
Good,D,SI2,0.51,1232
Ideal,G,VS2,1.0,5967
Ideal,H,VVS2,0.3,605
Ideal,G,SI2,1.75,11576
Premium,I,SI1,1.04,4252
Ideal,J,VS2,0.51,1080
Premium,F,VS2,0.31,625
Ideal,D,VS2,0.4,982
Ideal,J,SI1,1.43,6546
Premium,J,VS2,1.23,5504
Ideal,G,VVS1,0.6,2524
Very Good,E,IF,1.06,11518
Ideal,F,VS1,0.38,929
Good,D,SI2,0.7,2388
Good,J,VVS2,1.0,3265
Ideal,D,VS2,0.54,2041
Ideal,F,SI2,0.71,2168
Good,H,SI1,1.0,4788
Ideal,G,VVS2,0.6,2413
Ideal,D,VS2,0.55,2133
Ideal,D,VS2,0.34,805
Premium,G,VS1,0.34,880
Ideal,I,VVS1,0.63,2064
Very Good,J,VS1,1.51,7991
Ideal,H,VVS1,0.57,1949
Premium,G,VS1,0.32,828
Very Good,I,VS1,0.9,3447
Ideal,G,VVS1,0.3,873
Ideal,H,I1,1.7,7068
Good,E,VS2,1.01,5829
Very Good,G,VS2,1.04,5353
Premium,J,VS1,1.13,4873
Very Good,I,VS1,1.83,13587
Fair,F,SI2,0.95,2815
Premium,E,VS2,0.73,2821
Ideal,D,VS1,0.31,913
Premium,F,VS2,0.33,666
Premium,E,SI2,0.62,1579
Ideal,E,VS1,1.07,8998
Very Good,I,SI2,2.18,15684
Premium,F,VS1,0.51,1749
Premium,G,VS2,0.37,833
Good,F,SI2,0.83,1968
Very Good,E,VS2,0.54,1637
Ideal,I,SI2,1.26,4620
Ideal,E,SI1,0.56,1691
Ideal,F,VVS1,0.38,1096
Good,H,VS1,0.71,2315
Good,E,SI1,0.71,2631
Good,I,SI1,0.32,432
Premium,E,VS1,0.41,1153
Very Good,E,SI1,1.22,5397
Premium,E,SI2,1.13,4040
Ideal,I,VS2,2.12,17068
Good,J,SI1,0.85,2278
Ideal,F,VS1,0.36,803
Very Good,H,SI2,0.98,4479
Premium,D,SI1,0.3,662
Good,I,VS1,0.41,754
Fair,F,VS1,0.7,2381
Very Good,I,VVS1,0.7,2565
Ideal,F,VS2,0.9,4801
Ideal,I,SI2,1.23,4773
Ideal,H,IF,0.4,1158
Premium,G,VS1,0.31,802
Ideal,G,VS1,1.14,9090
Premium,I,SI2,1.11,3692
Premium,H,VS1,0.4,1021
Very Good,G,VS2,1.02,6169
Premium,H,SI1,0.7,2331
Good,F,SI2,0.93,3896
Premium,F,VS2,0.3,605
Premium,G,VS1,0.3,776
Ideal,E,VVS1,0.33,984
Premium,D,SI1,0.52,1376
Good,H,SI2,1.0,3192
Premium,G,VVS1,0.45,1323
Premium,G,SI1,1.32,6542
Premium,I,VS2,1.7,11257
Premium,G,VS2,0.31,698
Premium,G,VS1,1.01,6529
Very Good,G,VS2,0.67,2131
Premium,D,SI1,1.01,5860
Premium,G,SI2,1.05,4618
Ideal,F,IF,0.34,1276
Very Good,D,VS1,0.91,5597
Ideal,H,SI1,0.6,1766
Premium,H,I1,1.0,2818
Ideal,D,VS2,0.3,710
Good,G,VS1,0.51,1590
Good,I,VS1,1.5,9702
Ideal,G,SI1,0.83,3171
Ideal,G,VVS2,0.43,1056
Ideal,G,VS1,0.32,645
Ideal,D,VS2,0.32,758
Ideal,E,SI1,0.79,3256
Premium,I,VS2,0.38,812
Very Good,E,VS2,0.46,1245
Ideal,G,VS1,1.5,13377
Premium,F,SI1,0.35,748
Ideal,F,VVS1,0.3,814
Ideal,H,VS2,0.28,467
Very Good,F,SI1,1.63,12282
Good,G,SI1,0.9,3669
Premium,H,VS1,1.57,10880
Ideal,F,VS2,0.33,666
Ideal,E,SI2,1.09,5127
Ideal,E,VVS1,0.41,1431
Premium,F,VS2,0.73,2882
Very Good,F,VVS2,1.01,7715
Ideal,F,SI1,1.17,5837
Ideal,F,SI2,1.0,4721
Very Good,I,VS2,0.32,449
Fair,I,SI2,1.17,3833
Premium,H,VS2,1.33,7982
Very Good,E,VS2,1.01,6265
Fair,E,SI1,0.63,1952
Premium,E,VS2,1.01,6666
Very Good,I,SI1,2.0,15053
Very Good,H,VS2,0.37,584
Premium,D,SI2,1.12,5233
Very Good,E,VS1,0.71,3009
Ideal,G,VS2,1.23,8233
Ideal,F,VS1,0.76,3820
Ideal,E,VVS1,0.3,838
Premium,G,VS1,1.01,6499
Very Good,D,VS2,0.23,577
Premium,D,SI2,1.2,5551
Ideal,H,VVS1,0.31,907
Ideal,I,VS1,0.32,605
Premium,G,SI2,1.01,3173
Ideal,E,VS1,0.35,900
Fair,E,VVS2,0.4,1069
Ideal,I,SI1,0.46,850
Premium,I,SI1,1.7,7797
Good,H,VVS2,0.3,605
Very Good,D,VS1,0.3,610
Very Good,E,SI1,0.3,526
Premium,I,VS2,0.31,435
Ideal,E,VS2,0.78,3334
Very Good,D,SI1,1.06,5713
Ideal,J,VS1,1.27,5885
Very Good,F,SI1,1.01,5010
Very Good,G,SI1,0.7,2276
Ideal,G,SI1,1.01,5006
Very Good,F,SI1,0.51,1265
Ideal,J,SI2,2.29,14500
Ideal,G,IF,0.3,863
Very Good,E,VS1,0.7,2854
Very Good,F,SI1,0.9,4545
Very Good,D,SI1,0.3,552
Ideal,H,VS2,0.32,534
Premium,H,SI1,1.27,6892
Very Good,F,SI1,0.52,1267
Premium,I,SI1,0.3,506
Ideal,E,VS1,0.33,781
Premium,F,SI1,1.51,11374
Very Good,D,VS2,0.4,952
Ideal,G,SI2,1.06,4987
Premium,G,IF,1.02,8643
Premium,F,VS1,0.3,709
Good,H,VS2,0.35,552
Ideal,F,SI2,1.6,10472
Ideal,J,VS2,0.91,3256
Ideal,I,SI1,0.9,3537
Ideal,F,VS1,0.71,3281
Premium,E,SI2,0.41,876
Ideal,J,VS1,0.9,3175
Premium,I,VS1,0.35,709
Premium,E,SI2,0.32,576
Ideal,I,VVS1,0.4,849
Premium,D,SI1,1.58,13329
Ideal,G,SI1,1.61,11859
Premium,G,VS2,1.13,7151
Very Good,I,VS1,1.26,6855
Premium,E,VS2,0.39,951
Very Good,F,SI2,0.89,3356
Ideal,D,VS2,0.32,758
Ideal,G,VS1,0.9,4479
Ideal,E,SI1,0.36,810
Premium,G,SI1,1.57,10914
Premium,H,SI1,0.32,461
Premium,F,SI1,1.61,10477
Ideal,G,VVS2,0.32,730
Ideal,E,VVS1,0.34,1084
Premium,H,SI2,2.0,15451
Ideal,D,SI2,0.73,2707
Ideal,H,IF,0.71,3354
Ideal,G,VVS1,1.03,8608
Ideal,F,SI1,1.52,12477
Premium,F,SI1,2.18,18717
Very Good,H,SI1,0.54,1248
Very Good,E,SI2,0.3,421
Very Good,E,VVS1,0.24,485
Very Good,E,SI2,1.08,4415
Premium,F,SI1,1.0,5645
Very Good,F,VS2,0.5,1333
Premium,G,SI2,1.02,3496
Very Good,H,SI2,0.71,2339
Fair,D,SI2,1.0,3965
Ideal,I,SI1,1.56,9788
Premium,G,SI1,0.3,574
Very Good,G,SI1,0.32,477
Premium,F,VVS2,0.3,945
Premium,H,VS2,1.6,11796
Premium,G,SI2,1.0,4095
Ideal,H,VVS2,0.29,607
Ideal,D,VS1,1.13,9448
Premium,G,SI2,0.91,3047
Ideal,G,VVS1,0.32,842
Ideal,D,SI1,0.71,3316
Ideal,G,VVS2,0.34,775
Ideal,E,VS2,0.51,1709
Very Good,I,VVS2,0.39,817
Ideal,I,SI1,0.9,3308
Ideal,I,VVS1,0.41,875
Very Good,H,SI2,0.75,2180
Very Good,I,VS2,1.5,9804
Ideal,J,SI1,0.72,1864
Premium,I,VVS2,0.81,2795
Ideal,E,SI1,1.58,13434
Ideal,G,VVS1,0.36,884
Very Good,D,VVS2,0.53,2472
Premium,H,VS1,1.5,11088
Premium,E,VVS1,0.39,1300
Ideal,E,VS2,0.3,658
Ideal,H,I1,1.7,6397
Very Good,I,VS2,1.33,6203
Ideal,F,SI2,0.91,3812
Premium,G,VS1,0.38,1069
Premium,D,SI1,0.52,1284
Ideal,I,SI1,0.35,606
Ideal,I,SI2,0.6,1009
Ideal,G,IF,0.3,844
Fair,G,I1,0.8,1715
Ideal,E,VVS2,0.3,742
Ideal,F,SI1,0.31,516
Ideal,G,SI1,1.16,5519
Premium,I,VS2,2.01,16149
Ideal,E,VS1,0.33,781
Ideal,F,IF,0.72,4228
Good,E,SI1,1.0,5061
Ideal,H,VVS1,0.92,5886
Premium,F,VS2,1.22,8576
Ideal,E,SI1,0.52,1713
Ideal,F,VVS1,0.31,828
Very Good,D,SI1,1.01,5622
Very Good,F,SI2,0.5,1020
Premium,H,SI2,1.46,7604
Ideal,I,VS1,0.32,523
Ideal,E,VS2,0.57,1949
Premium,G,VS1,0.93,4793
Premium,G,SI1,0.42,737
Very Good,H,SI1,0.71,2096
Premium,I,SI2,2.13,12980
Ideal,G,VS2,1.11,6857
Very Good,H,SI1,0.7,2214
Ideal,H,VVS2,0.65,2210
Ideal,F,VVS2,0.64,3336
Premium,I,I1,3.01,8040
Premium,I,VS2,1.3,6246
Very Good,D,SI1,0.43,760
Premium,G,SI1,0.4,900
Ideal,D,VS2,0.5,1893
Good,G,VS2,0.3,675
Ideal,D,SI1,0.71,2719
Ideal,F,VS2,0.54,1837
Premium,G,VS2,1.01,5864
Ideal,H,SI1,1.01,4876
Ideal,F,VS1,0.38,1131
Ideal,H,IF,1.21,7789
Very Good,E,SI2,0.74,2391
Premium,E,VS2,0.34,956
Very Good,E,VS1,0.23,391
Ideal,F,I1,1.06,3609
Ideal,E,VS1,0.34,1033
Premium,I,SI2,1.0,3830
Ideal,I,SI1,1.51,8396
Ideal,I,VS2,0.74,2459
Ideal,F,VS2,0.55,1679
Ideal,I,SI1,0.62,1271
Ideal,H,VS1,0.32,561
Ideal,I,VS2,0.3,540
Premium,E,VS2,1.5,14386
Very Good,E,VS2,0.38,866
Ideal,I,SI1,2.21,18062
Ideal,H,VS1,1.52,11946
Ideal,G,VS1,0.51,1708
Ideal,F,VVS1,1.18,13257
Premium,H,SI1,1.11,5315
Very Good,J,SI1,0.77,2010
Ideal,E,VVS1,0.59,3422
Good,D,SI2,0.9,3806
Premium,G,SI1,1.01,4785
Fair,E,SI1,0.7,2125
Ideal,D,SI1,0.31,548
Ideal,F,I1,0.96,2801
Good,D,VS2,0.5,1635
Very Good,H,SI1,1.86,14383
Ideal,E,SI1,0.73,2707
Premium,G,VS1,1.08,6982
Ideal,F,VVS2,0.43,1250
Ideal,G,VVS1,0.41,1084
Ideal,G,IF,0.41,1269
Very Good,F,VS2,0.32,602
Very Good,F,VS2,0.59,1813
Premium,F,SI1,1.52,11743
Very Good,G,SI1,0.31,462
Very Good,E,VS2,0.5,1583
Premium,G,I1,2.43,9716
Ideal,H,VVS2,0.43,1008
Ideal,G,VVS2,1.51,15529
Ideal,G,VVS1,0.94,6488
Premium,E,SI2,0.53,984
Good,F,SI2,1.05,3989
Ideal,G,VS1,1.57,13462
Premium,F,SI2,1.21,4472
Premium,G,VS2,0.44,1063
Ideal,E,SI2,0.57,1357
Good,D,SI1,0.4,667
Premium,G,VVS2,0.3,684
Ideal,G,VS1,1.21,9026
Premium,J,SI2,2.01,12407
Premium,F,VS2,1.01,6244
Ideal,G,VS1,1.51,14779
Ideal,H,SI1,1.12,5863
Ideal,I,SI2,2.09,13933
Very Good,H,VS2,0.35,552
Very Good,E,SI1,0.27,646
Premium,D,SI1,0.3,709
Very Good,H,VVS1,1.23,8405
Good,E,VS2,1.7,15385
Ideal,G,SI1,0.71,2136
Ideal,D,VS2,0.5,1845
Very Good,E,VVS2,0.25,548
Very Good,G,VS2,1.01,5679
Premium,D,SI1,0.81,3135
Ideal,G,VVS2,0.73,2919
Ideal,G,VVS2,1.02,8042
Premium,G,SI2,0.8,2451
Good,F,SI1,0.72,2188
Ideal,I,SI1,0.43,670
Very Good,D,VVS2,0.27,575
Premium,H,VS2,0.38,898
Very Good,G,IF,0.3,895
Ideal,E,SI1,0.34,765
Ideal,F,VVS2,0.43,1250
Good,J,VS1,1.01,4189
Ideal,H,VVS2,0.4,877
Ideal,I,SI2,1.06,4270
Very Good,H,VVS2,0.32,645
Very Good,I,SI1,1.21,5457
Premium,I,SI2,0.9,3001
Ideal,G,VVS1,0.3,764
Premium,D,SI2,0.5,1178
Ideal,G,VS1,0.23,384
Ideal,D,VS2,0.56,1963
Ideal,I,VS2,0.35,509
Very Good,H,VS2,0.91,4430
Ideal,H,SI2,1.56,6716
Ideal,D,VVS2,0.3,814
Very Good,H,SI2,2.25,14775
Ideal,I,VS1,0.32,523
Ideal,E,VS2,0.8,3584
Good,G,SI2,1.05,4241
Very Good,E,SI1,0.5,1351
Ideal,G,VVS1,0.54,2041
Ideal,G,VVS2,0.51,1974
Ideal,F,SI1,1.01,5646
Ideal,E,VVS1,0.3,862
Very Good,I,VS2,0.7,2166
Good,F,VS1,0.49,1294
Ideal,G,VS2,1.22,8067
Ideal,E,VS1,0.41,1079
Ideal,H,VS1,0.9,4234
Good,G,SI1,1.52,9368
Premium,I,SI1,1.44,7580
Ideal,G,IF,0.54,2289
Very Good,H,SI1,0.8,2919
Very Good,J,SI1,0.72,2123
Ideal,F,VS2,0.35,706
Very Good,E,SI1,0.4,687
Good,D,SI2,0.4,798
Premium,J,VS1,0.77,2005
Very Good,E,VVS1,0.3,862
Premium,D,SI1,0.3,662
Premium,E,VS1,1.11,8329
Ideal,I,SI1,1.04,4135
Ideal,D,VS1,0.5,1937
Very Good,E,VS1,0.52,1682
Premium,I,VVS2,1.51,10817
Good,G,SI1,0.51,1107
Ideal,J,SI1,1.03,3738
Very Good,G,VVS2,0.37,844
Ideal,E,VS2,0.58,1884
Ideal,F,IF,0.3,892
Ideal,E,VVS2,1.18,11184
Very Good,J,VS2,2.06,13948
Fair,F,IF,0.52,2144
Ideal,D,VS2,0.33,1002
Premium,E,VS2,0.51,1662
Ideal,G,VVS1,0.32,779
Very Good,D,SI1,1.01,5443
Very Good,H,VS1,0.81,3104
Very Good,F,VVS1,0.32,886
Very Good,F,VVS2,0.3,730
Ideal,F,SI1,1.52,12183
Ideal,F,VVS1,0.38,1200
Good,F,SI1,0.7,2423
Very Good,D,SI1,0.52,1605
Good,D,SI1,0.96,4693
Good,G,SI2,1.0,3651
Very Good,F,IF,0.24,552
Premium,G,VVS2,0.3,878
Very Good,G,VS1,1.01,7021
Premium,F,VS2,0.91,4892
Premium,H,VS2,0.3,608
Good,E,VS2,0.53,1607
Good,F,VS1,1.06,7699
Premium,I,SI2,1.2,4234
Very Good,E,VS1,0.5,1604
Very Good,G,VVS1,0.43,1207
Ideal,F,VVS1,0.75,5288
Ideal,F,VVS1,0.4,1128
Premium,E,SI1,0.53,1395
Premium,E,VS1,0.33,1002
Very Good,E,VVS2,0.24,552
Fair,H,SI1,1.01,3546
Fair,E,SI2,1.02,3838
Ideal,H,SI1,0.51,1192
Ideal,I,VS1,1.13,6980
Good,G,VVS2,0.23,537
Ideal,G,VS2,0.58,1951
Ideal,I,VS2,1.51,9442
Ideal,H,VS2,0.31,489
Good,E,SI1,1.6,12467
Ideal,F,VS1,0.52,1778
Very Good,D,SI1,0.41,1015
Ideal,E,VS1,0.34,1033
Premium,E,SI2,1.13,5220
Premium,G,VVS2,1.51,15303
Very Good,D,SI2,1.01,5656
Good,D,SI1,0.41,717
Ideal,D,VS2,0.31,942
Premium,G,VS2,1.08,6415
Premium,E,VS2,0.56,1915
Ideal,H,SI1,1.07,5065
Ideal,G,IF,0.32,918
Very Good,F,SI1,0.79,2904
Very Good,E,VS1,0.58,2082
Very Good,F,VS1,0.4,982
Good,F,SI2,1.02,3633
Ideal,F,VS1,1.02,7916
Ideal,E,VS2,0.72,3427
Premium,E,VS2,0.58,2192
Premium,H,VVS2,0.36,726
Very Good,F,SI1,0.53,1322
Premium,D,SI1,0.3,709
Very Good,E,VVS2,0.27,620
Good,F,VS2,0.34,589
Very Good,G,I1,1.0,3011
Premium,I,SI2,1.24,4375
Ideal,F,SI2,0.72,2359
Premium,I,VS2,1.26,6350
Very Good,E,SI1,0.79,2794
Good,D,SI2,0.52,1138
Ideal,G,VS1,1.71,16618
Very Good,E,SI1,0.43,894
Fair,H,I1,1.13,2968
Ideal,E,VVS2,0.32,1080
Ideal,F,IF,0.31,914
Good,D,SI1,0.31,571
Premium,H,VS1,0.4,807
Premium,D,VS2,0.56,2066
Ideal,E,VS1,0.51,1851
Ideal,E,VS2,0.3,658
Ideal,E,VS2,0.57,2319
Very Good,G,VS2,0.59,1664
Premium,J,VVS2,1.21,5674
Very Good,F,SI1,0.31,663
Good,E,SI1,0.74,2366
Ideal,E,VVS2,0.3,1013
Premium,D,SI1,0.41,791
Ideal,D,VS2,0.33,781
Very Good,D,SI2,1.16,5044
Very Good,F,SI1,0.5,1122
Ideal,F,VS1,0.54,1814
Very Good,D,SI1,0.93,3880
Ideal,E,VVS1,0.38,1160
Premium,H,SI1,1.71,12338
Premium,H,VVS2,0.26,600
Premium,J,SI2,1.44,4064
Good,J,SI1,2.01,12369
Premium,D,VVS1,0.24,710
Ideal,G,VS2,1.08,7295
Ideal,F,VVS1,1.4,16808
Good,D,SI2,0.3,536
Very Good,G,VVS1,0.33,868
Very Good,H,I1,1.22,3663
Good,G,SI2,1.5,8190
Ideal,F,VVS2,1.1,9817
Ideal,D,IF,0.34,2287
Ideal,F,VS2,0.5,1565
Very Good,E,VVS2,0.26,769
Premium,G,VS2,1.01,5620
Fair,E,VS2,1.17,6814
Ideal,G,VS1,1.04,7375
Ideal,H,VS2,0.52,1391
Very Good,F,SI1,0.4,756
Very Good,I,VS2,1.57,10447
Ideal,E,VS1,0.32,825
Premium,H,VVS1,0.31,907
Premium,G,SI1,0.71,2450
Very Good,H,VS2,0.42,1190
Ideal,F,VVS1,0.5,2145
Ideal,I,VS2,0.32,576
Very Good,G,VS1,0.61,2082
Very Good,J,VS2,2.01,12968
Very Good,F,SI1,1.09,5570
Ideal,H,VS1,0.33,743
Ideal,G,VVS2,1.11,8858
Very Good,E,VS2,0.71,2843
Premium,D,SI1,0.51,1687
Premium,G,VS2,1.5,12196
Ideal,H,VS2,0.32,648
Very Good,G,VS2,0.25,407
Ideal,I,VVS2,0.4,970
Very Good,F,SI1,0.4,694
Good,F,VS1,0.36,905
Ideal,G,VVS2,0.56,1979
Ideal,D,VS1,0.32,707
Ideal,D,VVS2,1.11,12016
Ideal,F,VS1,0.71,3710
Good,H,VS1,0.7,2421
Ideal,G,VS1,0.3,673
Very Good,G,VS1,0.72,3024
Premium,F,SI1,0.59,2124
Ideal,J,VS1,0.3,373
Ideal,G,SI1,0.39,919
Premium,F,VVS2,1.0,8400
Premium,H,SI1,1.01,4191
Premium,G,I1,1.65,6912
Premium,E,VS2,0.92,4600
Ideal,G,VS2,1.04,6012
Ideal,J,SI1,0.52,896
Ideal,E,VS2,0.32,900
Premium,G,SI2,0.71,1902
Very Good,I,VS2,0.31,442
Very Good,F,VS1,1.38,11286
Ideal,D,SI1,0.35,644
Ideal,G,VS2,0.34,765
Very Good,F,VVS1,0.29,731
Premium,I,VVS2,0.31,698
Very Good,H,SI1,1.01,4306
Fair,F,I1,0.5,613
Very Good,H,SI2,0.74,2138
Very Good,D,I1,1.01,2291
Ideal,D,VS2,0.78,3864
Premium,E,SI2,1.13,4936
Good,E,SI1,2.01,18027
Ideal,H,SI1,1.27,6635
Very Good,E,SI2,0.8,3070
Fair,I,SI2,0.9,2536
Premium,G,SI2,1.01,4270
Ideal,E,VS1,1.02,8303
Ideal,G,VS2,0.51,1546
Premium,H,SI2,2.07,11094
Very Good,E,VS2,0.37,811
Ideal,G,VS2,0.51,1438
Very Good,G,VS2,0.53,1449
Good,I,SI1,2.22,17151
Ideal,E,VS2,0.56,1625
Premium,H,VS2,1.1,5729
Ideal,H,VS1,0.3,675
Premium,H,VS2,1.13,5650
Premium,E,VS2,0.26,580
Very Good,J,VS1,2.39,17920
Ideal,J,SI1,2.4,16274
Very Good,E,SI2,1.09,5165
Ideal,H,SI1,0.35,523
Ideal,H,SI2,1.11,4883
Ideal,F,VVS2,0.27,667
Good,F,VVS2,0.39,990
Ideal,F,VS2,0.81,3624
Ideal,G,VVS2,0.32,936
Very Good,G,SI2,1.23,5550
Very Good,E,VVS2,0.53,2043
Ideal,E,SI1,0.72,2688
Premium,H,VS2,0.7,2415
Ideal,G,VVS1,0.31,772
Fair,G,I1,2.25,7069
Ideal,F,VS2,0.32,828
Fair,H,I1,2.22,6564
Ideal,H,SI2,1.11,4578
Ideal,D,VS1,0.52,1835
Ideal,F,VS2,0.31,625
Very Good,G,SI1,0.53,1367
Ideal,H,VS1,0.27,480
Very Good,I,VS2,0.35,491
Good,J,VS2,1.08,3980
Ideal,H,VS1,1.22,5773
Premium,I,SI1,1.06,4372
Ideal,E,VS2,0.32,900
Ideal,H,VS2,1.02,5666
Ideal,H,SI1,1.09,4784
Very Good,D,SI1,0.82,3593
Premium,D,VS2,0.87,3873
Ideal,G,SI1,0.54,1736
Ideal,E,SI1,1.0,5935
Ideal,G,VVS1,0.42,1235
Ideal,E,SI1,0.4,882
Ideal,F,IF,0.31,1046
Premium,I,VVS2,0.3,675
Very Good,E,VVS2,0.24,471
Ideal,F,VVS1,0.32,895
Ideal,D,SI1,0.35,644
Ideal,F,VVS2,1.1,10487
Premium,I,VVS1,0.7,2513
Good,D,SI1,0.71,2547
Premium,H,VS2,1.2,6333
Ideal,H,IF,0.92,5758
Ideal,G,VS2,0.34,596
Ideal,E,VVS1,0.41,1745
Ideal,D,VVS2,1.01,12996
Premium,F,VS1,0.32,874
Good,J,SI2,1.21,4192
Very Good,E,IF,0.3,949
Ideal,F,VS2,1.54,12978
Ideal,D,VVS1,0.32,988
Ideal,D,IF,1.04,14626
Fair,F,VS2,0.7,2516
Ideal,G,VVS2,1.09,8057
Very Good,E,VS1,0.73,3370
Ideal,E,VS2,0.36,747
Premium,I,VS1,0.3,527
Good,G,SI1,1.5,10271
Ideal,F,SI2,0.71,2365
Ideal,G,SI2,0.52,1151
Premium,E,SI1,0.43,1016
Ideal,D,VS1,0.41,1230
Ideal,F,IF,0.39,1433
Very Good,G,VS2,0.51,1438
Ideal,G,IF,0.33,946
Ideal,D,VS2,0.3,710
Ideal,G,VVS2,0.51,1813
Ideal,D,SI1,0.34,803
Good,F,VS1,1.01,6626
Good,F,VS1,0.42,1088
Premium,F,SI1,1.0,5151
Very Good,D,VVS2,0.48,2329
Premium,F,SI1,1.01,5559
Ideal,G,VS1,0.55,1667
Ideal,E,SI1,0.57,1613
Ideal,F,VVS1,0.38,1096
Ideal,H,SI1,2.13,18442
Very Good,H,SI1,0.7,2066
Ideal,G,SI2,0.43,935
Ideal,F,VS2,0.3,605
Very Good,F,SI2,1.0,4372
Premium,J,VS1,2.27,16994
Ideal,H,VS1,0.9,5222
Fair,F,SI1,0.7,2167
Very Good,I,VS1,0.81,2950
Fair,J,VS2,0.91,2854
Premium,G,VVS2,0.33,965
Ideal,F,VVS2,1.15,10757
Premium,H,SI1,2.05,17521
Good,E,VS1,0.4,1138
Ideal,F,SI1,1.55,12373
Ideal,G,SI2,0.4,651
Fair,J,SI1,0.96,2517
Premium,H,VS2,1.01,5260
Very Good,E,SI2,1.09,5035
Ideal,I,SI1,1.17,5092
Very Good,F,VS2,0.7,2437
Premium,I,SI2,1.22,4735
Ideal,E,VS1,0.34,875
Ideal,H,SI2,0.9,4001
Good,H,SI1,0.54,1131
Ideal,H,SI2,1.1,4537
Ideal,H,VS2,0.76,2692
Premium,J,SI1,1.52,5618
Very Good,I,VS2,0.9,3519
Ideal,J,VS1,1.55,8959
Ideal,G,SI1,1.57,11596
Ideal,D,VS2,0.4,982
Premium,F,VS2,0.41,1107
Ideal,I,VS2,0.33,463
Premium,H,VS2,0.3,608
Good,I,SI2,1.02,3786
Very Good,G,VVS1,0.52,2045
Ideal,D,VS2,1.1,10350
Premium,H,SI2,0.41,649
Good,D,SI1,0.9,3755
Good,F,SI2,0.71,2130
Premium,I,SI2,2.02,13117
Ideal,E,SI2,0.74,2464
Very Good,G,VS1,0.3,605
Ideal,G,VS2,0.33,743
Premium,D,VS2,0.52,1828
Ideal,G,SI2,1.16,4969
Good,G,SI1,0.8,2650
Good,H,SI1,0.7,2117
Fair,I,VS2,1.01,3597
Fair,J,SI1,1.3,5488
Ideal,H,SI1,1.02,4819
Ideal,E,VS2,0.34,816
Premium,E,VS2,0.56,1915
Ideal,E,VVS1,0.31,924
Premium,G,VS2,0.32,720
Ideal,I,SI1,1.5,8736
Very Good,G,VS2,1.09,6388
Very Good,E,SI2,0.71,2343
Ideal,I,VS2,0.33,463
Premium,D,SI1,0.4,924
Fair,F,VS1,0.75,2859
Ideal,F,SI2,0.54,1065
Premium,F,SI1,1.01,5599
Very Good,H,VS2,0.42,773
Ideal,H,SI2,2.07,15475
Ideal,F,VVS1,0.34,858
Premium,E,VVS1,1.03,11538
Ideal,F,VS2,0.35,706
Ideal,E,VS1,0.92,5023
Premium,G,SI1,1.14,5424
Ideal,G,SI1,0.32,612
Ideal,D,SI1,0.7,2822
Very Good,E,SI1,1.01,5224
Fair,F,SI2,1.01,3837
Very Good,H,VS2,0.8,2797
Ideal,E,VS1,0.51,1759
Ideal,F,VVS2,0.26,769
Premium,E,SI2,0.57,1228
Very Good,D,SI1,1.0,4697
Ideal,G,VVS2,0.32,730
Ideal,D,SI1,0.34,626
Ideal,H,SI1,0.37,552
Very Good,G,SI1,0.9,3841
Ideal,I,VS2,0.43,716
Good,D,SI2,0.31,462
Premium,G,VS2,1.02,5346
Good,E,VS2,0.51,1656
Ideal,E,SI1,0.93,4179
Ideal,I,SI1,0.33,557
Very Good,F,VVS2,1.03,8998
Very Good,G,VS1,1.01,6613
Very Good,H,SI1,0.92,3800
Fair,H,SI2,1.55,9045
Very Good,E,SI1,0.5,1316
Premium,H,VS2,1.03,5579
Ideal,E,SI2,0.86,3478
Premium,J,SI1,1.21,4391
Fair,H,SI2,0.92,2283
Ideal,E,SI1,0.72,2666
Premium,H,SI1,1.01,4513
Ideal,G,VVS2,0.55,2064
Premium,J,VS2,1.38,6175
Fair,D,SI1,1.0,5096
Premium,F,SI1,0.7,2423
Ideal,I,SI2,2.16,15124
Premium,H,VS1,0.35,788
Ideal,F,VS1,0.32,900
Very Good,D,VS2,0.7,2985
Ideal,I,SI2,1.54,8092
Ideal,F,VS2,0.32,828
Very Good,G,SI1,0.4,702
Premium,G,VS1,1.31,9891
Good,G,SI1,1.51,9258
Premium,D,SI1,1.08,6623
Good,D,SI2,1.05,4560
Good,H,I1,0.7,1134
Ideal,E,VS1,0.3,703
Ideal,J,VVS1,1.5,9814
Premium,I,SI2,1.18,3925
Ideal,E,SI2,0.34,454
Good,D,SI1,1.03,4441
Premium,F,SI2,0.8,2371
Ideal,D,SI2,0.91,4067
Premium,F,VS2,0.52,1720
Very Good,E,SI2,0.76,2831
Ideal,G,VS1,0.54,1726
Premium,H,VS1,0.33,743
Good,I,SI1,1.0,3850
Very Good,F,SI2,1.2,6085
Ideal,E,SI1,0.43,792
Good,F,VS2,1.25,6440
Premium,G,VS1,1.74,17904
Premium,I,SI2,3.0,16970
Premium,I,SI1,1.21,5218
Ideal,G,SI2,0.51,1094
Ideal,G,VVS2,0.3,665
Ideal,E,VVS1,0.28,828
Good,H,SI1,1.09,4784
Premium,I,VS2,2.01,16778
Very Good,I,SI2,2.54,12095
Ideal,F,VVS1,0.33,880
Fair,D,SI1,0.5,1323
Very Good,E,SI1,1.02,5232
Very Good,E,SI2,1.61,8288
Good,I,SI1,0.31,408
Very Good,D,VS2,0.51,1668
Very Good,E,VVS2,1.2,11456
Premium,F,VS2,1.51,13771
Premium,F,VS1,0.5,1710
Very Good,E,VS2,1.13,8358
Ideal,E,VS2,0.3,844
Very Good,F,VVS2,0.5,1778
Premium,F,VS2,0.33,577
Very Good,E,SI2,1.0,4390
Very Good,E,VS1,0.4,1053
Premium,F,VVS2,1.01,9065
Ideal,I,SI1,0.6,1295
Very Good,E,SI2,1.01,5340
Ideal,F,SI2,1.55,10937
Good,H,VVS1,0.34,775
Very Good,G,VVS1,1.0,7945
Ideal,F,VS2,0.77,3052
Very Good,I,SI1,1.01,4418
Premium,E,SI1,0.51,1237
Premium,G,VS2,0.33,743
Fair,F,I1,0.5,627
Premium,G,SI1,0.4,900
Premium,G,I1,0.7,1138
Ideal,H,SI2,1.0,4459
Ideal,E,VS2,0.79,3605
Premium,J,VVS1,1.53,9322
Premium,H,SI1,2.53,18254
Ideal,G,VS2,0.34,596
Premium,J,SI1,1.3,5176
Ideal,I,VS1,0.45,825
Premium,G,VS2,0.53,1435
Premium,E,VVS1,1.02,10867
Ideal,H,SI1,1.09,5428
Premium,F,VS1,1.0,6692
Ideal,D,SI1,0.8,3564
Very Good,G,IF,1.04,8655
Ideal,H,SI2,1.29,6300
Very Good,E,VS2,0.52,1670
Fair,G,SI2,1.46,5504
Good,D,VS2,0.34,644
Very Good,G,VS2,0.39,787
Ideal,I,SI1,0.31,436
Very Good,H,SI2,2.02,14498
Ideal,E,VVS2,0.4,1158
Premium,E,VS2,0.42,958
Very Good,F,SI2,1.0,3858
Ideal,F,SI1,0.71,2416
Very Good,E,SI1,1.01,5411
Premium,E,VS2,0.54,1754
Premium,F,VS1,1.02,7677
Ideal,G,VVS1,0.3,1013
Premium,I,SI1,0.34,589
Good,G,IF,0.9,5771
Very Good,H,VVS1,0.3,638
Premium,D,VS1,0.66,2861
Ideal,H,VS1,0.33,743
Very Good,G,VS2,1.0,5860
Very Good,E,VS2,1.5,13963
Very Good,F,VS1,0.36,781
Ideal,F,SI2,0.51,1191
Very Good,G,SI2,1.03,4315
Premium,E,SI1,0.44,1040
Ideal,G,VS2,0.33,579
Premium,I,SI2,0.74,2051
Very Good,E,SI1,0.83,3002
Ideal,H,SI2,1.0,4295
Ideal,F,VS2,0.9,4531
Very Good,J,SI1,0.75,1958
Very Good,I,SI2,1.28,5654
Very Good,G,SI1,0.32,540
Ideal,G,SI1,2.01,17492
Premium,I,SI1,1.71,11003
Very Good,I,SI1,0.32,421
Ideal,F,SI2,0.76,2694
Ideal,E,SI1,0.71,2329
Very Good,E,SI1,0.8,3293
Very Good,E,SI2,1.69,10317
Ideal,G,VS1,0.33,854
Premium,F,VS2,1.01,5923
Very Good,F,VVS2,1.0,8216
Ideal,I,SI1,2.01,12617
Very Good,G,VS1,1.01,6669
Ideal,G,VS2,0.76,3183
Very Good,G,VS2,1.2,7371
Very Good,F,IF,1.25,13953
Ideal,F,VS1,0.74,3694
Premium,F,VS2,1.03,5774
Good,G,VS2,1.01,5999
Very Good,H,SI2,2.04,15618
Fair,G,VVS2,1.0,4928
Very Good,E,VS1,0.56,1742
Premium,D,SI1,0.32,756
Ideal,E,VVS2,0.73,3714
Premium,E,VS2,0.57,1949
Very Good,J,SI1,0.4,526
Very Good,J,SI2,1.1,4283
Ideal,I,IF,0.8,3357
Good,G,VS1,0.38,962
Premium,E,VVS1,0.34,1084
Ideal,E,VS2,0.33,723
Premium,H,SI2,1.15,3220
Premium,G,VVS2,1.35,11868
Ideal,D,VS2,0.54,1892
Very Good,D,SI1,1.27,8312
Premium,G,SI1,0.62,1552
Ideal,H,VS1,0.3,545
Good,D,SI1,0.7,2980
Ideal,G,VS1,1.12,8394
Very Good,H,IF,0.7,2882
Ideal,I,VS1,0.72,2586
Premium,J,VS1,2.05,15109
Premium,G,SI2,1.29,6116
Very Good,F,SI1,0.5,1295
Premium,E,SI2,0.72,2376
Ideal,D,SI1,1.01,5234
Ideal,G,VS1,0.26,456
Ideal,G,VS2,1.16,7074
Premium,G,VS1,0.39,855
Very Good,E,SI1,0.51,1318
Ideal,H,SI1,0.57,1292
Ideal,G,VS1,0.45,1055
Premium,D,VS2,0.71,3161
Fair,G,SI2,2.6,17027
Ideal,F,IF,1.01,10688
Fair,G,SI2,1.5,7972
Premium,H,SI2,1.0,3920
Very Good,G,VS2,0.71,2543
Ideal,J,SI1,1.74,9208
Good,G,VVS2,0.3,878
Ideal,G,VS1,0.51,1781
Very Good,G,VS2,1.04,6232
Ideal,F,VVS1,0.3,814
Ideal,G,SI2,2.01,15841
Premium,G,IF,0.31,988
Ideal,E,VS2,0.53,1676
Premium,E,VS1,0.41,1153
Ideal,F,SI1,1.05,4729
Premium,I,VS1,1.79,12985
Premium,I,SI2,1.7,9330
Very Good,G,SI1,0.44,772
Ideal,G,VS1,0.4,1125
Ideal,I,VS2,1.08,5000
Good,D,SI2,0.92,3277
Good,I,VVS2,1.5,9909
Very Good,H,SI2,2.01,12617
Ideal,E,VVS1,0.51,2317
Good,F,VS1,0.36,945
Very Good,G,IF,0.27,566
Ideal,D,SI1,0.71,3502
Premium,H,VS1,1.72,14414
Ideal,J,VS1,0.43,679
Ideal,H,VS1,1.22,8411
Good,F,VS2,0.5,1615
Very Good,E,SI1,1.01,5627
Very Good,D,VS2,0.5,1712
Fair,G,SI1,0.7,1915
Premium,G,SI1,0.41,923
Premium,I,VS2,2.3,18239
Very Good,I,SI2,0.8,2329
Very Good,F,SI2,0.34,447
Ideal,G,VVS2,0.45,1181
Ideal,F,SI2,0.7,2421
Very Good,I,SI2,0.7,1580
Ideal,G,VS1,1.01,7262
Very Good,G,VS2,1.26,8040
Ideal,G,VS2,1.01,6826
Premium,H,SI1,0.9,3387
Ideal,F,VVS1,0.32,841
Ideal,E,SI1,0.73,2791
Ideal,G,VVS2,1.5,16948
Premium,G,VVS1,0.3,1013
Premium,I,VS1,0.7,2394
Good,G,SI1,0.85,2945
Fair,J,VS1,2.01,14402
Fair,G,VS1,0.69,2235
Ideal,E,SI2,0.53,1438
Ideal,G,VS2,1.7,15941
Premium,E,VS2,1.01,6606
Ideal,G,IF,0.35,1001
Ideal,E,SI2,0.81,3101
Ideal,F,VS1,0.72,3759
Good,D,VS2,0.4,891
Premium,D,SI2,0.93,4692
Premium,F,VVS2,1.24,11231
Very Good,G,VS2,0.32,561
Fair,D,SI2,1.52,7702
Ideal,D,SI2,0.32,477
Premium,E,VS2,0.3,658
Very Good,G,VVS2,0.7,3052
Premium,E,SI2,1.66,10553
Good,F,SI1,0.9,4016
Ideal,F,SI2,0.34,574
Ideal,G,VVS1,0.34,844
Premium,E,VS2,1.0,6600
Ideal,G,VVS2,0.32,730
Ideal,E,VVS2,0.4,1145
Ideal,G,SI1,1.02,5055
Ideal,F,VS1,0.56,1915
Premium,G,VS2,1.0,6451
Ideal,E,SI1,0.82,3380
Very Good,E,VS1,0.3,578
Premium,G,VS2,0.53,1607
Premium,J,SI1,1.0,3416
Ideal,F,VS2,0.36,932
Very Good,G,VVS1,1.5,14842
Very Good,E,VS2,0.27,449
Ideal,H,I1,1.75,7680
Ideal,D,SI2,0.71,2610
Premium,D,SI1,0.3,709
Premium,I,SI1,1.0,3808
Ideal,H,VS2,1.7,11605
Premium,G,VS1,0.42,984
Ideal,E,SI2,1.07,5280
Ideal,F,SI1,0.71,2235
Ideal,D,VS1,0.52,1991
Very Good,H,VS1,1.5,10652
Ideal,I,VS2,0.3,438
Very Good,E,IF,0.27,760
Ideal,E,VS1,0.81,4764
Ideal,F,SI2,1.02,4662
Very Good,J,SI1,0.38,538
Premium,H,SI2,1.2,4368
Very Good,H,SI2,2.01,14150
Very Good,E,SI2,0.9,3715
Very Good,G,VS2,0.7,2527
Very Good,D,SI1,1.01,5394
Very Good,D,SI2,0.31,462
Premium,F,I1,0.5,770
Premium,D,SI2,1.13,5376
Ideal,H,SI2,0.64,1125
Fair,H,SI1,0.9,3145
Premium,E,SI1,1.09,5237
Very Good,G,SI1,1.02,4633
Fair,F,SI2,1.01,3597
Ideal,D,VS2,0.32,758
Premium,E,VS1,0.36,727
Very Good,D,SI1,1.0,5005
Ideal,G,VVS1,0.33,802
Ideal,I,VVS2,0.73,2451
Very Good,D,SI1,0.9,4466
Very Good,D,VVS2,0.52,2426
Very Good,F,SI2,1.7,11091
Ideal,G,SI1,1.5,10219
Ideal,G,SI1,1.02,5044
Ideal,E,VS1,0.3,703
Very Good,D,VS2,0.5,1580
Ideal,E,VVS2,1.21,13661
Premium,E,SI2,2.06,14634
Very Good,H,SI2,2.08,15696
Premium,F,VS2,0.71,2686
Premium,G,VS2,0.7,2596
Ideal,G,IF,0.3,863
Very Good,H,VVS1,0.3,684
Ideal,D,VS2,0.41,1076
Very Good,E,SI1,1.61,13047
Very Good,D,VS2,0.3,710
Premium,H,SI1,1.01,4642
Ideal,G,VS2,0.38,726
Ideal,G,SI1,1.11,5428
Ideal,D,VS2,0.73,3255
Premium,J,SI2,2.02,11165
Premium,D,SI1,0.35,601
Premium,E,SI2,1.04,4240
Ideal,H,SI2,1.51,6384
Premium,I,VVS1,0.39,1053
Premium,E,SI2,1.2,5779
Premium,G,SI1,0.9,3774
Premium,F,SI2,1.03,4503
Very Good,E,VS2,0.7,2952
Very Good,I,SI1,0.51,1052
Ideal,E,VS2,0.51,1733
Premium,H,SI1,1.73,9607
Ideal,H,VS1,1.57,12810
Ideal,E,VS1,0.56,1608
Premium,J,VS2,0.39,581
Ideal,F,SI1,1.51,13334
Premium,G,VS2,0.41,1061
Ideal,G,VS1,1.23,8465
Good,I,SI1,2.09,16294
Ideal,J,VS1,1.34,6010
Ideal,E,VS2,0.41,999
Premium,I,SI1,0.75,2142
Ideal,J,SI2,2.01,11011
Ideal,E,VVS2,1.14,11206
Premium,G,VS1,0.5,1559
Premium,J,VS1,0.31,523
Fair,D,SI1,0.5,1253
Ideal,G,VVS1,0.31,816
Ideal,I,IF,0.37,754
Very Good,E,SI2,2.0,16380
Premium,E,SI1,0.73,2821
Ideal,I,SI1,0.51,984
Ideal,G,VVS2,0.53,2250
Premium,J,SI2,1.19,4198
Very Good,I,VS2,2.0,15025
Very Good,F,IF,1.32,14842
Very Good,G,IF,0.4,1154
Fair,E,VS2,0.22,337
Ideal,F,VS2,1.03,6467
Premium,F,SI1,0.52,1280
Very Good,F,SI2,0.3,506
Very Good,G,SI1,0.73,2330
Very Good,I,VS2,0.71,2052
Ideal,G,SI1,0.23,375
Premium,G,VS2,0.42,847
Very Good,D,VS1,0.41,991
Premium,H,VS2,0.82,2939
Ideal,G,VVS2,0.51,1875
Premium,H,VS2,0.75,2496
Ideal,G,VVS2,1.23,10304
Premium,F,SI1,1.06,5580
Premium,I,SI2,1.65,8590
Premium,E,VS2,1.51,14709
Premium,F,VS2,1.0,5718
Premium,H,I1,3.24,12300
Good,E,SI2,1.51,9343
Ideal,E,VS1,0.54,2041
Ideal,G,SI1,1.55,12951
Fair,H,SI1,1.01,4256
Ideal,G,VS2,0.4,1035
Ideal,I,SI1,0.31,436
Very Good,H,SI1,1.21,7203
Ideal,E,VS1,1.12,8991
Ideal,G,SI1,0.9,3931
Ideal,F,VVS2,0.24,678
Ideal,G,VS1,0.3,673
Very Good,I,VS1,2.01,17751
Very Good,I,SI2,1.01,3818
Ideal,G,VS2,0.31,698
Ideal,G,VS1,1.06,8093
Ideal,G,VVS2,0.81,4127
Very Good,H,VS1,0.51,1343
Premium,F,VVS2,0.51,2056
Ideal,G,VS2,1.71,16817
Ideal,E,VVS2,1.26,14429
Very Good,D,VS1,0.25,436
Good,I,SI1,0.35,472
Premium,D,SI2,0.9,3579
Ideal,H,VVS2,0.3,605
Ideal,F,SI2,0.7,2163
Ideal,F,SI1,1.09,5816
Very Good,D,VS2,0.64,2332
Ideal,F,SI1,0.79,2878
Very Good,F,VVS1,0.54,2356
Ideal,H,SI1,1.78,12843
Very Good,E,VS2,0.5,1629
Very Good,E,VVS2,1.01,8797
Fair,H,SI1,1.52,8818
Ideal,G,VVS2,0.54,1829
Very Good,F,SI2,0.9,3770
Ideal,G,SI1,0.9,3841
Premium,H,SI2,1.2,5376
Premium,G,SI2,2.04,16426
Good,G,VS1,0.91,4150
Premium,F,SI2,0.9,3704
Ideal,I,VVS2,0.27,459
Ideal,G,VVS1,1.27,11002
Ideal,H,VVS2,0.76,2690
Ideal,E,SI2,0.4,644
Ideal,D,VVS1,0.32,910
Ideal,E,SI1,1.03,5608
Good,I,VS2,0.37,595
Ideal,H,VVS2,0.7,3325
Very Good,H,I1,1.01,3167
Good,I,VS1,0.33,521
Good,F,VS2,0.66,2138
Ideal,F,VS1,1.1,8796
Ideal,G,VVS1,0.33,838
Very Good,D,VS1,0.79,3798
Ideal,G,VVS2,0.31,707
Premium,I,VS2,1.57,9847
Ideal,J,SI1,0.5,895
Premium,D,SI1,1.0,5880
Ideal,F,VS2,0.32,645
Very Good,I,VS2,0.7,2200
Premium,E,SI2,1.15,4328
Premium,F,SI1,0.7,2394
Ideal,F,VS1,0.39,956
Ideal,J,IF,0.9,3677
Ideal,F,VS2,0.57,1637
Ideal,G,VS1,0.33,854
Ideal,H,SI1,0.39,654
Very Good,G,VS2,0.56,1580
Good,D,VS1,1.51,17111
Premium,D,VS2,0.6,1808
Very Good,D,SI1,0.91,4466
Good,G,SI1,2.01,18374
Good,E,SI2,1.01,4118
Ideal,D,VS2,0.55,2030
Premium,E,SI1,0.7,2753
Very Good,D,SI2,0.79,2823
Ideal,G,VS2,0.3,507
Premium,E,VS2,0.43,1048
Good,I,SI1,0.3,506
Premium,I,SI1,1.07,4126
Very Good,G,VS1,1.0,6867
Ideal,F,VS2,1.39,12744
Very Good,H,SI1,2.07,17019
Ideal,H,SI2,0.5,964
Premium,G,VS2,0.9,4269
Ideal,G,VS2,0.41,1061
Premium,D,VS2,1.24,9738
Ideal,E,SI1,0.81,3935
Ideal,H,SI1,1.11,5358
Very Good,D,SI2,2.03,18120
Premium,E,VS1,1.5,16169
Ideal,G,VVS2,0.3,819
Premium,G,VS1,0.3,605
Very Good,E,VVS2,0.23,530
Good,E,SI1,0.5,1090
Ideal,D,VS2,0.3,710
Ideal,F,SI1,1.34,7893
Ideal,G,IF,0.35,1044
Premium,E,SI1,1.01,4991
Very Good,E,SI2,0.92,3679
Premium,H,VVS2,0.71,2498
Premium,F,VVS2,0.41,1192
Premium,F,SI1,0.37,791
Ideal,D,VS2,0.32,972
Very Good,H,VS1,0.71,2590
Ideal,F,IF,0.41,1439
Ideal,H,SI1,0.3,450
Ideal,E,VVS1,0.32,954
Ideal,E,VS1,0.38,1027
Premium,D,SI1,0.9,3689
Very Good,I,SI1,1.01,4189
Very Good,H,SI2,2.02,15666
Very Good,D,VVS2,1.04,10130
Good,H,VS1,0.34,689
Ideal,J,VVS2,0.44,726
Premium,G,SI2,1.34,6464
Fair,F,VVS2,0.31,757
Very Good,G,SI1,0.34,507
Premium,E,VS2,0.38,866
Ideal,F,VVS1,0.31,959
Very Good,I,VS2,2.16,16080
Ideal,H,VS1,1.55,13665
Ideal,D,VVS2,1.23,12848
Premium,E,SI1,1.1,4472
Good,J,VS2,0.39,581
Fair,G,SI2,1.0,3142
Ideal,G,VVS2,0.3,878
Premium,I,VS1,1.25,6545
Very Good,H,VS2,0.5,1074
Premium,H,SI2,1.12,4065
Good,F,VS1,1.01,6794
Premium,G,VS2,1.21,7318
Premium,F,IF,0.3,947
Premium,E,I1,1.01,3394
Good,F,SI1,1.0,4844
Premium,G,SI2,1.5,8736
Premium,F,SI2,1.0,4452
Very Good,D,SI1,0.32,589
Premium,F,VVS1,1.01,7882
Ideal,H,VVS1,1.08,6961
Very Good,G,SI2,0.9,3398
Ideal,G,VS2,0.52,1428
Good,I,SI1,1.2,4752
Ideal,G,VVS1,0.3,764
Premium,G,SI2,1.01,4327
Ideal,I,VVS2,0.4,1035
Ideal,D,SI1,0.52,1720
Good,H,VVS1,0.5,1596
Good,F,VVS2,0.41,996
Very Good,H,SI1,0.9,3447
Ideal,G,VS1,1.14,7750
Premium,G,SI1,0.4,702
Good,E,SI1,1.0,4474
Ideal,E,SI2,0.6,1385
Ideal,G,VS2,1.06,6890
Ideal,D,VS2,0.71,3135
Very Good,G,SI2,0.9,3539
Very Good,H,SI2,1.07,3296
Ideal,F,VS1,0.51,1870
Ideal,E,VVS2,0.29,669
Ideal,H,SI1,1.0,4469
Ideal,D,VS1,0.38,983
Very Good,F,VVS1,0.52,2314
Ideal,G,SI2,1.09,4733
Good,I,SI1,0.3,394
Ideal,F,VVS2,0.3,684
Premium,I,VS2,0.32,576
Premium,G,SI1,0.41,923
Ideal,G,VVS2,0.31,907
Premium,I,VS2,1.51,9301
Very Good,J,VS1,0.9,3188
Ideal,D,VS1,0.56,2369
Premium,I,VS1,1.5,9761
Ideal,G,VVS2,1.09,8282
Fair,G,VS1,0.71,2686
Ideal,E,VVS1,0.27,622
Premium,F,VS1,0.54,1649
Ideal,G,VVS2,0.31,707
Good,H,VS2,0.9,3989
Very Good,E,VVS1,0.3,862
Very Good,D,SI1,0.9,4523
Premium,H,VS1,0.4,1035
Good,G,VVS1,0.75,3188
Ideal,F,SI2,0.51,1169
Ideal,E,VVS1,0.32,827
Premium,H,VS1,1.01,5294
Premium,G,VS1,0.37,957
Very Good,H,VVS1,0.39,926
Ideal,D,VS2,0.3,670
Premium,G,SI1,0.3,574
Very Good,G,VS1,0.31,640
Ideal,G,VS2,1.06,6411
Good,F,SI2,1.0,4081
Premium,H,VS1,0.33,743
Ideal,F,VVS1,0.71,4937
Very Good,H,VS2,0.91,3887
Premium,F,VS2,0.73,2805
Premium,D,VVS2,0.42,1210
Ideal,G,VS1,0.91,4775
Ideal,D,SI1,0.3,524
Ideal,G,VS1,0.4,868
Fair,H,SI1,0.7,2176
Premium,J,SI1,1.04,4036
Premium,F,VS2,0.51,1402
Good,H,SI1,2.01,16737
Ideal,J,VVS1,0.41,775
Ideal,H,VS2,1.62,11114
Ideal,H,SI2,1.22,5099
Premium,F,SI2,0.72,1806
Good,E,VS2,1.01,6250
Very Good,J,SI1,0.51,872
Very Good,H,SI1,1.08,5286
Ideal,H,VS1,0.31,544
Premium,G,SI1,0.5,1138
Premium,H,SI2,0.71,1567
Ideal,H,SI1,0.31,573
Ideal,D,VS2,0.3,911
Ideal,E,VVS2,1.01,9479
Ideal,E,SI2,0.52,1229
Ideal,D,SI1,1.01,6257
Premium,I,VVS1,0.55,1593
Very Good,F,SI2,0.3,394
Ideal,D,VS2,0.36,852
Ideal,J,IF,1.16,5519
Premium,H,VVS1,0.35,798
Ideal,F,SI1,0.73,2527
Very Good,E,VS1,0.7,3109
Ideal,I,VS2,0.73,2756
Ideal,E,VS2,0.33,928
Ideal,H,IF,1.17,8266
Premium,H,SI1,1.67,11248
Very Good,F,SI1,0.34,566
Very Good,I,SI2,2.01,13669
Premium,G,VS2,1.15,6492
Very Good,J,VS1,1.25,5628
Premium,E,SI2,0.91,3846
Ideal,E,VVS1,0.46,1816
Very Good,G,SI1,0.5,1153
Ideal,D,VS2,0.33,822
Very Good,F,SI2,0.3,394
Premium,E,SI1,0.5,1410
Very Good,I,VS1,1.73,11843
Premium,D,SI1,1.03,6056
Premium,D,VS1,0.53,2321
Ideal,H,SI1,1.05,6255
Very Good,D,VS2,0.5,1646
Very Good,G,VVS2,1.01,6371
Good,F,SI2,1.01,4416
Good,F,SI1,0.53,1363
Premium,G,VVS2,0.31,907
Premium,H,SI2,1.13,4746
Ideal,D,VVS2,0.31,840
Ideal,E,VS1,0.72,3690
Premium,F,VS1,0.74,3170
Premium,E,VVS1,0.24,668
Premium,G,VVS1,1.0,7848
Premium,D,SI2,1.01,4672
Premium,D,VS1,1.0,8333
Fair,F,VS1,1.93,17995
Ideal,G,VVS2,0.54,1914
Fair,H,SI2,1.26,3881
Ideal,D,VS2,0.3,616
Very Good,F,IF,1.0,9248
Very Good,E,SI1,0.44,970
Ideal,G,VS1,0.34,898
Ideal,F,VVS1,0.25,817
Ideal,J,VS1,1.55,8548
Ideal,F,IF,0.33,1042
Ideal,D,SI2,0.32,449
Ideal,H,SI1,1.26,6476
Ideal,J,SI1,1.03,3893
Ideal,G,VVS2,0.33,901
Ideal,J,VS1,0.37,487
Ideal,H,VVS2,0.31,802
Good,J,SI2,1.3,5124
Good,G,VS2,0.48,1130
Very Good,G,SI1,0.7,2184
Premium,I,SI1,1.51,9344
Ideal,J,SI1,2.12,14503
Very Good,D,IF,0.8,6834
Fair,H,VS2,0.71,1832
Ideal,G,VVS1,0.4,1043
Premium,F,VVS2,1.01,8532
Very Good,G,VVS1,0.55,1838
Very Good,F,VS2,0.37,696
Premium,F,VS2,0.31,802
Ideal,F,SI1,0.7,2319
Ideal,I,VS1,1.23,7881
Ideal,D,SI1,0.31,571
Ideal,H,IF,0.34,863
Premium,J,VS2,2.42,18615
Ideal,E,VS1,0.41,1153
Very Good,H,VS1,0.9,3964
Premium,F,VS2,0.55,2376
Ideal,G,VVS1,0.51,2005
Ideal,G,VS1,1.26,9032
Ideal,D,SI1,1.59,13298
Very Good,D,SI1,0.32,756
Ideal,J,VVS2,0.38,629
Ideal,F,SI2,0.81,2843
Fair,D,SI2,0.7,2167
Premium,E,VS1,0.38,1069
Good,G,SI1,1.01,4588
Very Good,F,VS2,0.31,625
Good,H,VVS2,0.7,2699
Ideal,G,IF,0.4,1193
Premium,D,SI2,2.0,17674
Ideal,H,SI2,1.03,3172
Ideal,I,VS2,0.9,3629
Ideal,F,VS2,0.7,2657
Premium,E,VS2,0.42,1024
Good,D,SI2,1.52,8868
Very Good,I,SI1,2.04,15412
Ideal,E,IF,0.33,1129
Premium,G,VS1,0.5,1624
Premium,G,VS1,1.0,6115
Fair,G,I1,1.2,2376
Premium,G,VVS2,0.41,1076
Premium,G,VS2,0.43,1113
Premium,H,VVS1,0.24,432
Very Good,G,VVS2,0.5,1715
Ideal,I,I1,1.5,5412
Ideal,H,VS1,1.31,8583
Good,F,SI2,1.8,12308
Ideal,G,IF,0.32,918
Good,G,VS1,1.01,6412
Ideal,I,VVS2,1.34,8079
Very Good,D,VVS1,0.56,2959
Ideal,G,VS2,1.54,15395
Ideal,D,VVS2,0.42,1389
Very Good,F,SI1,0.7,2453
Very Good,E,VS1,1.0,5914
Ideal,G,VS2,0.32,564
Premium,F,SI1,0.7,2268
Premium,G,VVS2,0.44,1081
Premium,D,SI2,1.01,4805
Good,H,SI2,1.5,7291
Very Good,D,VS2,0.38,1117
Very Good,F,IF,0.3,886
Ideal,E,VVS1,0.7,5338
Ideal,G,VS1,0.52,1662
Very Good,E,VS1,0.51,1636
Fair,I,I1,1.96,6147
Good,J,SI1,2.25,15287
Very Good,D,SI1,1.03,5948
Good,D,SI2,0.4,622
Good,F,SI1,1.01,4632
Very Good,F,VS1,0.52,1778
Fair,F,VS1,0.7,2381
Ideal,G,SI2,0.8,2749
Ideal,F,VS2,0.35,906
Ideal,D,SI2,0.78,3454
Ideal,G,IF,0.44,1378
Ideal,G,VS1,0.72,3478
Premium,G,VS2,0.33,743
Premium,D,VS2,0.3,911
Very Good,E,SI1,1.21,6324
Very Good,H,VS2,1.01,4959
Ideal,G,VS1,1.2,5766
Very Good,E,VS2,0.76,3517
Good,G,SI2,2.0,9999
Ideal,J,VS1,1.05,4116
Very Good,H,SI1,0.72,2168
Good,H,SI1,0.71,2096
Ideal,H,VVS1,0.4,1088
Premium,I,VS2,1.7,11062
Premium,G,SI2,1.0,3696
Ideal,F,SI2,1.01,5154
Premium,H,VS1,0.42,1087
Ideal,F,SI2,0.38,827
Very Good,H,VS1,0.75,2513
Ideal,E,VS2,0.52,1576
Very Good,F,VS2,1.2,9007
Ideal,F,SI2,0.76,2253
Ideal,F,SI2,1.02,4238
Premium,E,VS1,0.41,1153
Good,D,SI2,0.31,593
Very Good,E,SI1,1.71,13970
Ideal,F,VS1,0.74,3340
Ideal,H,SI1,1.14,5861
Fair,I,SI2,1.5,6209
Ideal,G,VS2,1.05,7070
Ideal,G,VS1,0.32,665
Ideal,G,SI2,0.72,2451
Ideal,G,VVS2,0.31,907
Premium,F,SI2,0.52,1219
Very Good,I,SI2,2.04,14477
Ideal,G,I1,1.12,3945
Very Good,H,VVS2,0.23,431
Good,G,VS1,0.72,2958
Ideal,G,SI1,0.31,627
Very Good,G,VS1,0.32,645
Premium,G,VS2,1.52,13287
Premium,D,SI2,1.24,6840
Ideal,F,VVS2,0.5,2016
Very Good,D,VS2,0.7,3092
Very Good,H,VS2,2.01,18507
Very Good,D,VVS2,1.0,9740
Premium,D,SI2,1.52,8737
Ideal,D,VS2,0.31,734
Very Good,G,I1,0.7,1047
Good,H,VS1,1.21,6871
Good,F,SI1,0.9,3950
Very Good,G,VS1,1.09,6570
Ideal,G,VVS1,0.33,1114
Ideal,I,VVS2,0.46,1006
Ideal,F,VS2,0.52,1806
Ideal,I,SI1,2.16,18029
Ideal,G,VS1,1.1,6535
Very Good,G,VS1,1.54,13284
Premium,F,IF,0.31,1122
Ideal,D,VVS2,0.23,530
Premium,D,VVS1,0.32,910
Ideal,G,VVS2,0.41,1007
Ideal,D,VS2,0.31,942
Premium,G,SI1,0.44,990
Premium,G,IF,0.32,954
Ideal,E,SI1,0.55,1668
Ideal,E,SI1,0.7,2656
Premium,G,VS2,1.22,8362
Good,G,VS1,1.69,17338
Ideal,D,VVS2,0.36,1033
Ideal,F,SI1,1.6,12871
Premium,H,VS1,0.31,544
Good,F,SI2,0.9,3621
Ideal,F,VVS2,1.15,8903
Very Good,E,SI2,0.4,611
Premium,J,VS2,1.31,6137
Good,D,SI1,0.31,571
Premium,H,SI1,1.14,4980
Ideal,H,VS1,0.25,431
Premium,F,VS1,0.31,680
Premium,E,SI2,1.15,4701
Ideal,G,VVS1,0.51,1933
Very Good,D,VVS2,0.35,1162
Good,G,SI1,0.9,3574
Ideal,E,VVS2,0.43,1426
Ideal,E,SI1,0.59,1790
Very Good,G,SI2,0.7,1715
Premium,G,VVS2,0.33,752
Premium,G,VS1,1.71,17197
Good,H,VVS1,0.3,684
Good,E,SI2,1.0,4394
Ideal,E,SI1,0.57,1608
Very Good,I,SI1,0.71,2008
Premium,E,VS2,0.2,367
Ideal,E,VVS1,0.46,1661
Very Good,F,VVS1,0.28,707
Ideal,F,SI2,0.91,3588
Fair,E,VS2,0.75,2940
Ideal,G,IF,0.33,946
Good,G,VS2,1.61,9467
Premium,G,SI1,1.51,7577
Ideal,E,SI1,0.75,2821
Premium,E,SI2,1.0,3763
Very Good,E,SI1,0.7,2592
Very Good,H,SI2,2.7,14341
Good,H,VS2,0.52,1385
Good,F,SI1,0.58,1388
Ideal,E,VS2,0.51,1656
Very Good,D,SI2,0.79,2878
Premium,J,SI2,2.03,12078
Ideal,D,SI2,0.53,1243
Ideal,E,SI2,0.74,2501
Ideal,E,VS1,0.34,1033
Ideal,E,SI2,0.71,2458
Ideal,E,IF,0.34,1163
Ideal,G,VS2,0.4,807
Premium,G,VS1,0.32,828
Premium,J,SI1,2.15,13746
Ideal,H,SI1,1.09,6970
Very Good,H,VVS2,0.35,650
Ideal,H,SI1,1.8,9399
Very Good,H,SI1,1.0,4574
Premium,I,SI1,1.01,4242
Premium,G,VS1,0.31,802
Ideal,I,SI1,0.8,2927
Ideal,G,VVS2,1.21,10256
Very Good,D,VS1,0.4,1123
Premium,D,SI1,1.0,5723
Premium,G,VVS1,0.5,1966
Ideal,H,VS1,1.7,13823
Premium,D,VVS1,0.46,1898
Good,E,VVS2,1.01,8976
Ideal,H,SI1,0.7,2487
Very Good,E,VVS1,0.33,770
Ideal,I,VS1,1.22,6887
Ideal,F,VS2,0.39,970
Ideal,D,VS2,0.71,3838
Very Good,E,VS2,0.41,960
Good,G,SI1,2.0,17902
Ideal,G,VS2,1.76,17442
Ideal,F,VVS2,1.03,8701
Ideal,E,VS1,0.57,2297
Ideal,D,SI1,0.34,584
Premium,F,SI1,0.51,1274
Good,F,VVS2,1.01,8956
Very Good,F,VVS2,0.23,472
Very Good,D,VVS2,1.01,10499
Ideal,G,IF,0.54,2271
Very Good,E,VVS2,0.25,548
Good,F,SI2,0.9,3267
Ideal,F,SI1,0.55,1718
Premium,H,SI1,0.72,2398
Ideal,I,SI1,1.21,5556
Ideal,D,VS2,0.53,1956
Ideal,E,VS1,0.33,686
Ideal,G,VVS2,0.74,3495
Ideal,G,VVS2,0.31,707
Ideal,H,SI1,0.51,1331
Ideal,F,VS2,0.31,625
Good,G,VVS2,0.5,1666
Premium,E,SI1,0.31,471
Ideal,G,VS2,0.38,768
Ideal,H,IF,0.31,789
Good,I,SI1,2.01,15371
Premium,G,VS2,0.8,3136
Very Good,G,SI1,0.78,2721
Ideal,E,SI1,1.0,4864
Ideal,E,VS2,0.36,1013
Fair,G,VS1,0.31,695
Ideal,I,SI1,0.34,589
Premium,E,SI1,1.01,5599
Ideal,I,VS2,1.67,12406
Premium,E,SI2,0.51,1205
Ideal,H,SI2,0.7,2110
Ideal,D,SI2,1.02,4946
Ideal,G,VS2,0.28,497
Ideal,F,VS2,0.55,1649
Ideal,E,VS2,0.56,1819
Ideal,F,VS2,1.7,17360
Premium,J,SI1,1.02,3496
Very Good,G,SI1,0.5,1197
Very Good,H,VS1,0.92,4228
Ideal,G,VS1,1.01,6066
Ideal,E,VVS1,0.3,862
Good,G,SI2,0.75,2115
Ideal,F,VVS1,0.7,4458
Fair,J,SI1,0.77,1956
Premium,F,SI1,1.51,11374
Very Good,J,VVS1,0.52,1363
Ideal,H,VVS1,0.31,687
Very Good,H,VS2,0.7,2287
Very Good,G,SI2,1.2,4712
Good,E,VS2,1.01,6221
Good,H,SI2,1.01,3903
Premium,J,VS1,0.3,506
Premium,E,VS2,1.51,14844
Very Good,G,SI1,0.92,3817
Very Good,G,VS1,0.46,1179
Premium,J,VS2,0.38,727
Ideal,I,SI1,0.7,2083
Very Good,I,VS2,0.59,1445
Premium,G,VS2,0.51,1381
Ideal,D,VS2,0.42,1031
Very Good,H,VS1,0.31,698
Ideal,G,SI2,1.1,5535
Premium,I,VS2,0.32,576
Ideal,J,VS1,1.77,11150
Ideal,G,SI2,0.91,3664
Premium,H,IF,0.31,1046
Ideal,E,SI1,1.01,5534
Premium,H,VS1,0.3,526
Very Good,G,SI2,0.42,573
Very Good,H,SI2,2.16,14824
Ideal,G,VVS2,0.57,2095
Ideal,G,VS1,0.54,1847
Premium,G,VVS2,1.7,17228
Ideal,E,VS1,0.34,881
Ideal,H,VS1,1.8,15105
Ideal,E,SI1,0.35,614
Ideal,F,IF,0.26,733
Fair,H,SI2,1.52,7388
Premium,F,VS1,1.03,7365
Very Good,H,VS2,0.83,3276
Good,D,SI1,0.57,1847
Ideal,D,VS2,0.4,895
Ideal,G,SI1,1.03,4900
Very Good,H,VS1,0.73,2641
Very Good,I,SI2,1.21,3964
Very Good,G,VS1,0.53,1655
Ideal,G,VS2,0.42,1087
Very Good,H,SI1,1.5,9660
Premium,D,SI2,1.04,4811
Ideal,F,IF,0.43,1580
Ideal,D,SI1,0.3,552
Ideal,G,VVS1,0.52,2063
Premium,I,VS2,0.92,3895
Premium,J,SI2,1.24,4666
Premium,D,SI1,0.55,1728
Premium,D,SI2,1.5,10206
Premium,E,IF,0.32,967
Very Good,E,VS2,0.26,452
Ideal,E,VS2,0.32,702
Ideal,H,SI2,1.21,6347
Ideal,F,SI2,0.5,1305
Premium,F,SI2,1.58,6990
Ideal,H,VS1,0.32,720
Ideal,E,VS2,0.41,935
Very Good,H,SI1,1.02,4688
Good,E,VS2,0.51,1424
Premium,F,SI2,0.54,1154
Good,G,SI2,1.81,11336
Ideal,F,VS2,0.5,1691
Ideal,H,SI1,2.32,18080
Ideal,G,VS2,0.61,1821
Ideal,D,VS2,0.57,1718
Ideal,H,SI1,0.81,2482
Ideal,E,VS1,0.34,1033
Ideal,G,IF,0.35,979
Ideal,F,VS2,0.43,848
Premium,F,VS2,0.53,1753
Ideal,H,VS2,0.76,3038
Ideal,E,SI1,0.41,969
Very Good,D,SI2,0.64,1629
Good,D,SI1,0.91,3357
Ideal,E,SI1,0.56,1580
Very Good,D,SI1,0.31,571
Ideal,F,VS1,0.38,978
Very Good,E,VVS2,1.0,8638
Premium,G,VS2,0.37,649
Very Good,F,VS1,0.72,2804
Good,D,VS1,1.0,6250
Very Good,H,SI2,2.01,15773
Premium,E,SI1,0.4,907
Fair,F,SI1,1.02,4227
Ideal,J,VVS1,1.29,6918
Premium,G,VS2,1.51,12229
Very Good,E,SI1,0.4,882
Ideal,F,VS1,0.42,1103
Premium,G,SI2,0.77,1996
Very Good,F,VS2,1.51,13080
Fair,E,VS1,0.5,1950
Good,E,SI2,1.01,4285
Ideal,E,VS2,0.32,702
Ideal,G,SI2,1.05,4561
Ideal,J,SI2,1.04,3762
Premium,H,SI2,0.79,2471
Ideal,H,VVS1,0.34,995
Premium,E,SI2,0.33,463
Ideal,I,SI1,0.5,1008
Ideal,H,SI1,0.41,876
Premium,H,SI2,1.01,4638
Ideal,E,VS2,0.57,2319
Ideal,F,VS1,0.36,862
Premium,F,VS2,0.3,605
Ideal,H,VVS2,1.08,6856
Very Good,E,SI2,1.5,8827
Premium,F,SI2,1.23,5695
Fair,F,VS2,0.5,1225
Premium,I,VS1,1.51,10401
Fair,G,I1,1.0,2808
Ideal,G,VS2,1.04,6773
Ideal,G,VVS1,0.52,1969
Ideal,I,VS1,1.5,9618
Ideal,G,SI2,1.14,6346
Ideal,F,VS2,0.3,573
Premium,G,SI2,0.9,3303
Premium,D,VS1,0.44,1232
Ideal,H,VVS2,0.54,1983
Premium,D,SI1,0.32,550
Fair,E,SI2,0.48,907
Very Good,I,SI2,2.31,17062
Premium,E,SI1,0.4,687
Ideal,E,VS1,0.31,942
Good,E,VS2,0.9,3948
Ideal,E,VVS2,0.33,891
Very Good,F,SI1,0.53,1250
Ideal,G,VS1,1.0,7648
Ideal,E,VVS2,0.3,766
Ideal,D,VS1,0.42,1388
Very Good,J,SI1,1.2,4455
Ideal,G,VS2,1.52,12958
Premium,F,SI2,1.32,6541
Premium,H,SI2,1.07,4413
Ideal,G,VVS1,0.32,814
Premium,F,VS2,0.74,2805
Very Good,H,VVS2,0.7,2585
Premium,G,SI1,1.27,7005
Premium,G,SI1,1.24,6145
Premium,G,VS1,1.13,7720
Very Good,E,VS2,1.52,13001
Very Good,J,VS2,0.76,1949
Premium,E,SI1,0.5,1238
Premium,F,VS1,0.71,2839
Ideal,H,IF,0.37,936
Fair,E,VS2,0.45,951
Premium,E,VS1,0.51,1928
Premium,F,SI2,1.11,4134
Ideal,F,SI2,0.53,1421
Fair,H,VVS1,0.91,4115
Premium,D,SI1,0.37,874
Premium,H,VS2,1.31,7277
Very Good,D,VVS2,0.25,575
Ideal,G,SI1,0.73,2583
Ideal,E,SI1,0.56,1405
Premium,F,SI2,2.14,17742
Ideal,H,VS2,1.5,10886
Ideal,D,SI2,0.32,477
Premium,J,VS2,0.32,504
Premium,F,VS2,0.53,2290
Very Good,G,VS1,1.55,14386
Premium,F,VS2,1.25,8840
Very Good,I,SI2,0.96,3286
Very Good,F,VS1,0.7,2808
Premium,G,VS2,1.01,6108
Ideal,G,VVS1,0.31,1046
Very Good,I,VS1,1.51,9640
Very Good,F,SI1,1.0,4620
Good,G,SI2,1.16,3644
Premium,E,SI1,0.3,526
Ideal,I,SI2,1.01,4244
Premium,D,SI2,0.81,2809
Ideal,G,VS2,0.77,3300
Ideal,D,VS2,0.55,2030
Ideal,G,VS2,1.41,10581
Premium,E,VS1,0.41,1079
Good,D,VS2,0.57,2015
Good,J,VS1,0.3,394
Ideal,H,VS2,0.82,2804
Premium,H,SI1,1.07,5123
Very Good,G,VS2,0.3,675
Ideal,E,VS2,0.31,680
Very Good,F,VS1,0.24,373
Good,G,SI1,0.42,687
Ideal,F,VS2,0.41,1107
Premium,G,SI1,1.05,4974
Ideal,F,VS2,1.21,7826
Ideal,H,VVS2,0.3,590
Ideal,G,VS1,1.32,10631
Good,H,VS1,0.31,698
Fair,H,VS2,0.78,2691
Premium,E,VS1,0.25,435
Ideal,D,SI2,0.51,1264
Premium,G,SI1,0.3,574
Premium,I,VS1,0.3,608
Ideal,G,VVS2,0.9,5335
Fair,G,VVS2,0.5,1659
Premium,E,SI2,1.07,5033
Ideal,H,SI2,1.14,4150
Ideal,F,VS2,1.7,17114
Premium,I,VS2,1.22,4562
Ideal,H,VS2,0.76,3016
Ideal,E,SI1,0.42,773
Premium,G,VS2,1.12,6683
Ideal,E,VS2,0.4,975
Premium,E,SI1,0.94,4661
Ideal,G,VS1,0.31,586
Premium,E,VS2,0.33,723
Good,F,SI2,0.97,4182
Ideal,H,SI2,1.0,4260
Ideal,E,SI1,0.71,2663
Ideal,F,VVS2,1.0,10577
Ideal,H,SI1,1.5,11189
Ideal,I,SI2,1.06,3777
Very Good,I,SI1,0.3,506
Very Good,D,SI1,0.56,1378
Ideal,E,VVS1,0.3,862
Ideal,F,VS2,1.08,7781
Premium,F,I1,1.17,3984
Premium,H,SI2,1.02,4207
Premium,D,VVS2,1.03,11335
Premium,F,SI1,0.32,684
Ideal,G,VVS2,0.53,1941
Very Good,F,VS2,1.2,7114
Good,D,SI2,0.9,3425
Ideal,F,SI2,2.01,13201
Ideal,D,SI2,0.83,3207
Ideal,F,VS1,0.35,782
Ideal,H,VVS1,0.9,4783
Premium,D,SI1,0.56,1723
Ideal,D,VS2,0.32,972
Premium,I,VS2,1.0,3918
Ideal,G,SI2,1.12,4990
Ideal,E,VS1,0.41,1004
Premium,F,VS2,0.3,524
Ideal,D,SI1,0.82,4113
Ideal,E,VVS1,0.4,1333
Ideal,I,VVS2,0.61,1867
Ideal,E,SI1,0.75,2652
Good,J,SI2,1.77,8109
Good,E,SI2,2.0,16206
Premium,J,VS2,0.41,784
Premium,J,SI1,1.35,4082
Ideal,F,VS2,0.3,776
Very Good,E,VS1,1.4,12196
Premium,G,SI2,0.6,1433
Ideal,I,VS2,1.31,6873
Premium,H,SI1,1.02,4884
Premium,E,SI2,1.04,4370
Very Good,D,VS2,0.71,3096
Very Good,J,VS2,1.71,9170
Very Good,E,VVS1,0.24,485
Very Good,F,VS2,0.55,1692
Very Good,H,VVS2,0.5,1569
Ideal,F,SI1,0.57,1571
Good,F,SI1,0.91,4279
Premium,G,SI1,0.91,4045
Premium,F,SI2,1.5,7644
Fair,F,VS2,0.74,2596
Good,D,SI1,1.01,5055
Fair,F,SI2,1.51,8287
Good,F,SI2,0.5,1094
Good,D,SI1,0.33,567
Ideal,F,VVS2,0.23,538
Good,F,SI1,0.4,869
Ideal,I,VS2,1.26,6350
Premium,J,SI2,0.75,1588
Very Good,F,VVS1,0.33,912
Ideal,E,VS2,0.52,1689
Premium,D,VVS2,0.42,1241
Premium,H,VS2,1.22,5930
Premium,D,SI2,1.01,4694
Very Good,G,VVS1,0.29,522
Premium,G,VS2,1.52,13606
Very Good,D,VS1,0.5,1750
Premium,E,SI1,1.06,5485
Fair,H,SI1,2.0,14430
Very Good,D,VS1,0.25,388
Ideal,F,VS1,1.2,9641
Ideal,E,SI1,0.3,499
Very Good,H,VS1,0.71,2562
Very Good,E,SI2,1.02,4540
Ideal,I,SI1,1.61,9439
Ideal,E,VS2,0.53,1813
Premium,E,SI1,0.42,873
Premium,F,SI1,0.41,969
Ideal,I,SI2,2.27,12939
Ideal,I,VS1,0.7,2142
Premium,G,VS2,0.32,561
Ideal,J,VS1,0.93,3281
Premium,H,VS2,0.31,489
Very Good,E,VS2,1.02,6580
Ideal,D,SI1,0.56,1578
Very Good,I,SI1,2.1,15474
Ideal,F,VVS2,0.31,695
Premium,G,VS1,0.3,605
Very Good,D,VS2,0.4,850
Ideal,F,VVS1,0.32,912
Good,I,VS2,0.71,1840
Premium,I,SI1,1.04,4368
Very Good,H,SI2,1.02,4004
Good,J,SI1,2.06,11854
Very Good,E,VS2,0.5,1386
Ideal,J,VS2,2.2,15384
Ideal,D,SI2,1.58,11428
Premium,D,SI1,0.54,1551
Ideal,J,VS1,1.11,5012
Fair,J,SI1,1.21,4147
Very Good,I,SI2,1.21,4791
Premium,G,VVS2,0.72,2679
Premium,H,SI1,0.39,834
Ideal,G,VS2,0.34,765
Ideal,F,SI2,0.41,612
Ideal,E,SI1,0.72,3012
Fair,E,SI2,1.01,4118
Ideal,D,VVS2,0.34,1054
Very Good,G,VVS1,0.26,545
Ideal,D,VS2,0.42,1103
Premium,F,VS2,1.5,14199
Premium,D,SI2,0.32,530
Ideal,F,VVS1,0.32,803
Ideal,G,VS2,0.63,2320
Very Good,D,VS2,0.24,373
Ideal,D,VS1,0.32,720
Very Good,G,VS2,0.33,579
Ideal,H,VVS2,0.43,943
Premium,G,IF,0.37,1064
Very Good,G,VS2,0.59,1618
Good,G,VVS2,0.7,3046
Good,G,VS2,0.71,2599
Premium,F,SI2,0.54,1013
Ideal,F,IF,0.3,873
Ideal,D,SI1,0.52,1720
Ideal,G,VVS1,0.44,1294
Ideal,G,VS1,0.78,3736
Very Good,G,VVS1,0.5,2180
Premium,J,SI2,1.28,4553
Very Good,E,SI2,1.03,4326
Very Good,F,VVS2,0.29,664
Premium,F,SI2,1.05,4354
Very Good,E,SI2,0.74,2728
Ideal,F,VVS2,0.6,2822
Ideal,E,VS1,0.35,945
Premium,H,SI1,0.68,1708
Ideal,G,VVS1,0.33,868
Premium,H,VS2,1.03,5364
Ideal,D,SI1,0.42,810
Very Good,F,SI1,0.72,2673
Ideal,G,VVS2,0.56,2357
Ideal,H,VS2,0.79,2844
Ideal,F,VS2,0.43,968
Very Good,E,SI1,0.91,4289
Very Good,D,VVS2,0.55,2585
Ideal,G,SI1,0.32,612
Good,D,SI1,1.0,4928
Premium,F,VS2,0.43,968
Very Good,E,SI1,0.31,698
Premium,E,SI2,1.03,4441
Good,D,SI2,2.01,16776
Ideal,D,VS1,0.3,742
Very Good,G,SI1,0.7,2545
Very Good,E,VVS1,0.66,3309
Ideal,E,SI1,0.41,969
Ideal,G,VVS2,1.01,7941
Ideal,E,VVS2,1.13,11115
Ideal,E,VVS2,0.7,3585
Ideal,F,VVS1,0.3,1041
Ideal,E,VS2,0.33,928
Premium,I,VS2,0.9,3663
Premium,H,SI2,1.67,8118
Premium,D,SI1,0.55,1580
Premium,E,VS2,0.3,844
Ideal,D,VS2,0.54,1763
Ideal,G,VVS2,0.5,1867
Good,F,VS2,0.9,4253
Very Good,F,VS1,1.0,6021
Ideal,F,VS2,1.38,11205
Premium,H,SI1,1.51,9511
Ideal,F,VS2,0.55,1692
Very Good,H,SI2,1.0,3975
Ideal,F,VS1,0.26,618
Ideal,I,VS1,0.91,3906
Ideal,I,SI1,0.3,422
Ideal,E,VS2,0.51,1781
Ideal,D,VS1,0.52,1707
Ideal,H,SI1,1.04,4515
Very Good,F,VS1,0.5,1550
Ideal,J,SI2,1.13,4371
Very Good,E,VS2,0.5,1624
Very Good,F,VS1,1.5,15585
Ideal,G,SI2,0.36,505
Ideal,E,VS2,0.52,1694
Ideal,H,VS2,0.62,1616
Very Good,H,VVS1,0.71,2938
Very Good,G,VS2,0.75,2467
Premium,D,SI2,0.33,492
Very Good,E,SI1,1.01,6268
Premium,E,VS2,0.56,1552
Very Good,E,SI2,1.5,8538
Ideal,H,SI2,1.03,4384
Ideal,G,SI1,0.55,1605
Very Good,I,SI1,0.52,1041
Ideal,F,VVS2,0.33,761
Very Good,I,IF,1.5,10147
Good,D,SI1,0.54,1263
Premium,D,VS2,0.38,998
Very Good,E,VS2,0.23,402
Ideal,I,SI2,0.38,554
Ideal,E,SI2,1.59,11149
Ideal,D,SI1,1.12,7145
Very Good,F,SI2,1.03,4218
Premium,E,SI2,2.07,13786
Very Good,G,VVS2,0.42,1181
Good,D,SI1,0.6,1944
Premium,G,VS2,0.72,2795
Ideal,F,SI1,1.53,12616
Ideal,E,SI2,1.03,4199
Ideal,D,SI1,0.4,772
Ideal,G,VS1,0.54,1957
Very Good,F,SI1,0.42,926
Premium,I,VS2,1.36,7104
Good,E,SI2,1.08,4656
Premium,G,SI2,1.2,4387
Very Good,G,VS2,0.58,1336
Premium,E,SI1,1.25,7260
Very Good,J,VS2,1.13,4206
Ideal,D,VS2,0.71,3020
Premium,E,VS2,0.3,844
Very Good,G,SI1,1.22,6421
Fair,J,VS2,0.51,996
Ideal,F,VS2,1.5,14242
Premium,E,VVS2,0.3,1013
Ideal,D,VS2,1.19,7916
Premium,G,VS1,0.31,802
Ideal,I,VS2,0.52,1214
Very Good,J,SI1,2.0,11189
Ideal,H,VVS2,1.54,12061
Ideal,I,VS2,1.32,7079
Very Good,G,VS1,1.05,7010
Good,I,SI2,2.51,14209
Very Good,G,VVS1,0.3,680
Ideal,F,VS2,0.38,870
Ideal,H,VS2,0.61,1591
Premium,F,VS2,0.54,1786
Ideal,G,VVS2,0.32,730
Premium,I,SI1,0.9,3121
Premium,H,SI1,0.53,1193
Ideal,D,VS1,0.51,1873
Ideal,H,SI2,1.01,4693
Premium,D,SI2,0.9,3578
Ideal,G,VS1,1.06,8093
Ideal,D,VS2,1.03,7697
Very Good,F,VVS2,0.28,596
Ideal,F,VVS2,0.4,1088
Ideal,F,VS1,0.41,1076
Premium,D,VS2,0.72,2721
Very Good,J,SI2,2.0,12342
Premium,H,VVS1,0.34,862
Ideal,E,VS2,0.52,1815
Good,E,VS2,0.75,2717
Premium,J,VS1,1.2,4704
Ideal,G,VS1,0.7,3206
Very Good,G,SI1,0.3,574
Very Good,G,VS2,1.02,5758
Premium,H,VS1,1.55,11562
Very Good,F,SI1,1.82,14545
Premium,E,SI2,2.03,18477
Ideal,E,VS2,0.3,603
Ideal,G,IF,1.11,10053
Ideal,J,SI1,1.43,6789
Premium,J,VS1,2.0,9296
Ideal,F,SI2,0.5,1020
Ideal,D,VS2,0.33,781
Premium,E,VS2,0.73,2902
Ideal,D,VVS2,1.32,15802
Very Good,J,VS2,1.04,4451
Ideal,D,VS2,0.4,982
Ideal,E,VS2,0.52,1689
Ideal,I,VS1,1.1,5544
Premium,E,VVS2,0.33,741
Premium,G,VS1,0.54,1760
Premium,G,VS1,0.41,961
Ideal,E,VS1,0.85,4189
Premium,E,VS2,0.32,702
Very Good,J,VS2,1.29,5068
Premium,G,VS2,1.16,7074
Ideal,E,VS2,0.2,367
Premium,J,VVS2,1.58,7592
Ideal,F,IF,0.31,914
Good,F,SI1,0.56,1340
Good,H,SI1,2.01,14968
Good,G,SI2,1.5,8043
Ideal,D,SI2,0.51,1359
Premium,E,VS1,0.4,1125
Premium,G,VS1,1.07,6730
Ideal,I,VVS2,0.51,1316
Ideal,F,VS1,0.56,2016
Premium,H,VS2,2.01,15651
Premium,H,VS2,0.55,1270
Very Good,G,VS1,0.72,2422
Ideal,I,SI1,1.01,4825
Very Good,I,SI1,0.71,2028
Ideal,G,VS1,0.54,1809
Premium,D,VS2,0.3,710
Ideal,E,VS2,0.4,904
Very Good,I,SI1,0.78,2228
Ideal,I,VS1,2.2,15092
Ideal,G,VS1,0.43,941
Ideal,H,VS2,0.41,941
Premium,G,VS1,0.52,1815
Ideal,D,SI1,0.31,571
Ideal,G,SI1,0.31,493
Ideal,E,SI2,0.71,2340
Premium,G,VS1,1.2,5975
Good,I,SI2,0.71,1922
Ideal,G,VS1,0.31,695
Good,E,SI1,0.51,1361
Very Good,H,VS2,0.52,1389
Ideal,F,VVS1,0.32,905
Premium,G,IF,0.3,895
Very Good,F,VS1,1.21,10009
Ideal,E,VS2,0.32,612
Premium,E,VS2,1.0,7168
Ideal,H,VVS1,0.3,665
Ideal,E,VS2,0.41,999
Good,D,SI1,0.7,2298
Very Good,E,VVS2,1.0,9324
Very Good,H,SI1,0.3,393
Very Good,F,SI1,1.2,6985
Very Good,E,VS1,0.91,5259
Premium,J,VS1,1.23,5209
Ideal,G,VVS1,0.31,789
Premium,F,SI1,1.3,8256
Very Good,D,VVS1,0.42,1238
Ideal,G,VS2,1.06,6660
Ideal,I,VS2,1.16,4869
Ideal,E,SI1,0.54,1637
Premium,F,SI1,0.36,576
Very Good,G,VVS2,1.5,15013
Ideal,E,VS2,0.3,658
Fair,F,VS1,0.5,1577
Premium,G,SI1,1.02,4341
Premium,F,SI1,0.7,2354
Premium,H,SI1,1.01,4320
Ideal,E,SI1,0.59,1607
Ideal,G,VS1,0.73,3459
Ideal,I,VVS2,0.72,2530
Premium,G,VVS1,0.51,1925
Ideal,F,I1,1.13,3366
Ideal,D,SI2,2.21,16558
Premium,G,VS1,0.26,382
Ideal,E,VVS1,0.3,826
Ideal,G,VS1,0.54,1957
Premium,D,VVS1,0.33,1207
Ideal,H,VS2,1.61,13873
Premium,H,SI2,1.12,4641
Premium,G,VS2,1.01,6108
Ideal,I,VS1,1.14,5863
Ideal,I,SI1,1.0,4649
Ideal,I,VVS2,0.35,590
Ideal,F,VS1,0.8,3793
Premium,F,SI1,0.83,3198
Ideal,H,IF,0.34,988
Ideal,E,VS1,0.36,767
Premium,F,SI2,0.72,2298
Very Good,D,VS2,0.3,710
Ideal,F,VS2,0.33,854
Premium,F,SI1,0.4,920
Ideal,F,VVS1,0.29,815
Ideal,D,VS2,0.41,1076
Ideal,I,VS1,1.21,7037
Ideal,H,VS2,1.01,5306
Fair,H,VS2,2.01,15888
Good,H,VS2,1.0,5208
Very Good,I,VS2,1.53,9802
Premium,J,VS1,1.52,8258
Premium,I,VS2,1.23,5622
Premium,H,VS2,1.01,4909
Ideal,J,VS2,1.02,4485
Ideal,D,VS2,0.4,1226
Ideal,I,VS2,0.7,2240
Ideal,H,VS2,1.51,10685
Very Good,G,VVS1,0.28,586
Ideal,G,VVS2,0.52,2012
Ideal,H,VVS1,0.31,907
Very Good,G,VVS1,0.43,1207
Good,D,SI1,0.59,1431
Premium,H,VVS2,0.41,999
Ideal,F,VS2,1.06,7334
Ideal,H,VVS2,0.3,776
Premium,J,SI2,1.32,4160
Premium,J,VS2,1.56,7763
Premium,G,SI1,1.14,5801
Ideal,F,SI2,1.11,4227
Ideal,H,VS2,1.13,6045
Good,G,VS2,0.3,526
Good,G,VS2,0.32,561
Premium,H,VS2,1.36,8877
Good,G,VS2,0.39,787
Ideal,G,VS2,1.62,16183
Ideal,D,VVS1,0.32,917
Premium,G,SI2,0.85,2444
Ideal,G,SI2,0.31,408
Ideal,G,SI1,0.31,493
Ideal,E,VS1,0.52,1886
Ideal,E,SI1,1.01,5206
Good,D,VS1,0.5,1795
Ideal,G,VVS2,0.52,1911
Very Good,F,SI2,0.96,4142
Very Good,H,SI2,1.52,7600
Very Good,J,SI2,2.1,12381
Ideal,I,IF,0.54,1763
Ideal,D,VS1,0.47,2086
Premium,F,VVS2,0.42,1221
Premium,F,SI1,1.24,6125
Premium,I,SI2,2.02,14350
Ideal,G,VS2,0.32,720
Premium,I,SI1,0.34,574
Premium,G,VS1,0.51,1662
Ideal,I,SI1,2.01,14558
Premium,D,SI1,0.7,2512
Premium,G,SI1,1.01,4916
Ideal,F,VVS1,0.58,2728
Very Good,G,SI1,0.35,669
Ideal,I,SI1,2.2,18059
Premium,E,VS1,0.51,1831
Ideal,H,VS1,0.46,1353
Ideal,D,SI1,0.36,801
Premium,G,VS1,1.25,9009
Good,D,SI1,1.02,5219
Very Good,E,SI2,1.0,4620
Premium,H,VS2,0.91,4128
Ideal,F,VVS1,0.3,802
Very Good,J,SI2,1.2,4580
Ideal,G,SI2,1.06,4541
Ideal,F,VVS1,0.31,840
Ideal,G,VVS1,1.0,7644
Very Good,G,SI2,2.0,15485
Ideal,G,SI1,0.52,1319
Premium,H,VS2,2.01,17191
Premium,E,SI2,0.2,345
Ideal,E,VVS2,1.09,10314
Ideal,J,VS2,0.9,3255
Very Good,F,VS1,0.3,603
Ideal,G,VS1,1.04,7655
Ideal,H,VVS2,0.31,596
Ideal,H,SI1,1.35,7619
Premium,E,VVS1,0.63,2765
Very Good,G,SI1,1.01,4916
Very Good,E,SI2,0.45,731
Ideal,E,VS1,0.55,1975
Premium,D,SI2,1.13,5280
Ideal,F,SI2,1.0,3562
Ideal,H,VVS2,0.79,3324
Good,H,SI1,2.0,17600
Fair,G,VVS2,0.6,2167
Premium,D,VVS2,0.54,2505
Good,E,VS2,0.53,1727
Premium,J,SI1,0.32,480
Good,H,VS1,0.34,596
Very Good,E,SI1,0.41,753
Premium,H,SI1,1.2,6129
Ideal,F,SI1,0.32,604
Very Good,D,SI2,1.0,4541
Good,I,I1,1.5,4620
Good,D,VS2,1.01,4466
Ideal,E,SI1,0.55,1551
Very Good,G,VVS1,0.25,451
Very Good,D,VVS2,0.4,1263
Premium,H,SI1,1.24,6215
Ideal,G,VVS2,0.48,1574
Very Good,G,VVS2,1.07,7597
Good,H,VS2,0.91,3302
Ideal,H,SI2,1.33,6480
Ideal,E,VS2,0.35,767
Ideal,F,SI1,0.78,3362
Premium,F,VS2,0.55,1819
Very Good,E,SI1,1.5,12000
Ideal,D,VVS1,0.4,1754
Premium,F,SI2,0.9,3556
Ideal,F,VVS2,1.04,9218
Very Good,E,SI1,0.4,882
Premium,F,VS1,1.24,9738
Ideal,F,VS1,0.38,998
Premium,G,VS2,0.3,675
Very Good,H,VVS1,0.31,907
Ideal,I,SI1,1.57,9555
Very Good,G,VS1,0.31,802
Ideal,H,VS2,0.7,3145
Ideal,D,VS2,0.85,3821
Ideal,D,VS2,0.51,1767
Very Good,G,VVS1,0.32,842
Ideal,F,SI2,0.73,2255
Ideal,F,IF,0.31,766
Premium,E,VS2,1.34,8480
Ideal,I,SI1,0.55,1134
Fair,H,SI2,0.9,3105
Ideal,G,VVS2,0.36,776
Very Good,E,VS2,0.28,487
Ideal,F,VS2,0.33,666
Very Good,I,SI2,1.01,3309
Ideal,H,SI2,1.25,5810
Ideal,E,VVS1,0.6,3082
Fair,D,VS2,1.51,15152
Ideal,J,VVS1,0.54,1239
Good,D,SI1,0.32,589
Fair,H,VS1,0.5,1136
Premium,F,VVS2,0.41,1192
Premium,E,VS2,0.5,1581
Ideal,F,VVS2,0.23,530
Ideal,G,VVS1,0.32,814
Ideal,F,VVS1,0.41,1295
Ideal,J,VS2,1.64,9251
Ideal,G,SI2,0.85,2913
Fair,F,SI2,0.73,1631
Good,G,VVS1,0.42,1179
Premium,G,SI1,0.3,497
Premium,G,SI1,1.01,5139
Premium,G,VVS1,0.35,984
Very Good,G,VS1,0.51,1752
Ideal,D,SI1,1.34,8930
Very Good,G,SI1,0.4,702
Very Good,H,VVS1,0.8,3737
Good,G,SI2,1.56,6246
Premium,G,SI1,1.01,4338
Very Good,I,VS1,0.71,2198
Ideal,F,SI2,2.05,12743
Very Good,F,VVS1,1.01,8706
Very Good,G,VS2,0.52,1369
Ideal,G,VS1,0.41,870
Ideal,H,VVS1,0.54,1944
Ideal,G,IF,0.3,863
Ideal,H,VS2,0.31,507
Ideal,E,VS1,0.3,735
Very Good,J,SI1,0.53,1044
Premium,I,VS2,0.71,2300
Good,E,SI2,2.01,17115
Very Good,D,SI1,0.4,694
Premium,E,SI2,1.22,6121
Very Good,E,VS1,0.28,452
Ideal,E,VS2,0.36,1013
Ideal,J,SI1,0.7,2096
Ideal,I,SI1,1.2,5763
Ideal,D,VVS1,0.32,924
Ideal,E,SI2,1.01,4044
Good,G,VS1,0.3,605
Good,G,VS2,0.9,4309
Premium,F,SI2,0.75,2394
Ideal,H,SI1,0.83,2816
Ideal,G,VS2,0.31,544
Good,E,VS2,0.51,1781
Ideal,H,VVS1,0.57,2052
Premium,E,VS2,1.08,7548
Premium,F,VS2,0.83,3495
Ideal,I,VS2,1.06,5116
Ideal,F,VS2,1.22,8783
Premium,E,VS1,0.35,921
Ideal,E,SI1,0.71,2654
Premium,F,VS1,0.42,1031
Very Good,J,SI2,1.2,4636
Ideal,F,VVS1,0.3,857
Premium,G,SI2,1.04,4158
Premium,I,SI2,2.0,10528
Very Good,I,SI1,0.3,394
Ideal,D,VS2,0.33,1002
Ideal,F,VVS1,0.33,1141
Ideal,F,VVS1,0.41,1295
Premium,D,VS2,0.36,852
Good,D,SI1,1.08,5821
Very Good,I,VVS2,0.71,2137
Premium,F,SI1,0.7,2333
Ideal,H,VVS1,0.88,4334
Very Good,G,SI1,1.61,12028
Very Good,I,VS1,0.62,1818
Ideal,H,VS2,1.5,10920
Ideal,G,VVS2,0.45,1105
Ideal,I,VS1,0.32,471
Very Good,D,VVS2,1.21,13630
Ideal,H,VVS2,0.31,625
Ideal,E,VS2,0.31,872
Very Good,D,SI2,1.01,3671
Premium,G,SI1,0.41,923
Ideal,E,VS2,1.0,6720
Ideal,F,VS1,0.7,3399
Ideal,G,SI2,2.0,11988
Ideal,E,VS2,0.31,642
Good,D,SI1,0.9,3567
Ideal,I,VS2,0.53,1163
Ideal,G,VS2,0.3,503
Ideal,H,SI2,1.05,4504
Ideal,G,VS2,1.17,6321
Ideal,D,VS2,0.46,1291
Ideal,E,VVS2,0.31,816
Premium,H,VVS1,0.35,798
Premium,E,VS2,0.33,723
Fair,H,SI2,1.2,3696
Premium,H,VS2,0.9,3919
Premium,F,SI2,1.01,4416
Very Good,F,VVS1,1.01,9474
Ideal,E,VS2,0.51,1877
Very Good,G,VS2,0.57,1617
Ideal,G,SI1,1.2,7920
Ideal,D,VVS1,0.54,4042
Very Good,I,SI1,1.52,8703
Premium,E,VS2,0.32,900
Ideal,G,VS2,1.52,13153
Ideal,I,SI1,1.11,4273
Very Good,E,VVS2,0.5,2132
Premium,H,SI1,1.11,5439
Very Good,E,VS1,0.78,3601
Premium,H,VS2,1.22,6354
Ideal,F,VVS1,0.55,2569
Ideal,D,VS2,0.4,1172
Very Good,F,VS2,0.24,419
Good,H,VS2,0.35,709
Ideal,F,SI1,0.55,1368
Very Good,E,SI2,0.3,393
Premium,H,VS2,2.09,18443
Ideal,G,VS2,0.32,580
Ideal,F,VVS1,0.41,1196
Very Good,E,VVS1,0.72,4847
Premium,H,SI1,0.41,683
Good,F,I1,0.84,1749
Good,E,VS1,0.7,2952
Ideal,D,VVS2,0.3,814
Premium,G,VS2,0.41,827
Very Good,H,SI1,0.97,4404
Ideal,G,SI2,0.53,1093
Ideal,E,SI2,1.2,5494
Premium,I,VS2,1.71,9384
Ideal,H,SI2,0.9,3016
Ideal,H,VS2,1.23,7687
Good,E,VS2,0.32,658
Premium,F,SI2,1.01,3837
Very Good,J,SI1,0.55,1100
Premium,F,SI2,1.05,4475
Premium,D,VS2,0.53,1904
Premium,F,VS2,1.12,7437
Premium,G,SI1,0.56,1441
Ideal,E,VS2,1.09,8158
Premium,F,VS2,0.32,645
Premium,H,VS1,0.41,1061
Ideal,I,VS2,0.38,648
Good,F,VS1,1.02,7068
Ideal,H,I1,1.23,3905
Ideal,E,VS2,0.32,608
Ideal,H,VS1,1.51,11967
Very Good,I,VS2,0.31,435
Ideal,H,VVS1,0.76,3423
Premium,F,VS2,0.34,880
Ideal,E,VVS1,0.38,1245
Good,I,VS2,0.7,2117
Good,E,VVS2,0.23,530
Ideal,E,VS1,0.26,556
Very Good,H,SI2,0.7,2135
Ideal,F,VS2,0.81,3756
Ideal,D,SI1,1.69,15011
Ideal,G,VVS1,0.33,820
Premium,I,SI2,1.02,4061
Ideal,D,SI1,0.37,643
Fair,F,VS1,1.13,7335
Ideal,J,SI1,1.2,5071
Premium,H,VVS1,0.3,684
Ideal,I,SI2,2.04,10282
Very Good,E,SI2,0.81,2735
Very Good,E,SI1,1.06,5090
Premium,I,SI2,2.03,13182
Very Good,D,VS2,0.52,1555
Ideal,G,VS2,0.59,1789
Ideal,F,VVS1,0.53,2860
Ideal,G,VS2,0.31,698
Very Good,F,SI1,1.01,5789
Good,G,VVS2,0.31,707
Premium,E,VS2,0.32,900
Very Good,E,SI2,0.43,688
Ideal,D,VS1,0.71,3192
Ideal,G,VS2,1.51,13214
Ideal,E,SI2,0.31,558
Very Good,G,VS2,0.61,1675
Ideal,J,SI1,1.3,5728
Ideal,E,SI2,0.33,427
Very Good,E,VVS2,0.25,575
Ideal,G,VS1,1.14,8121
Premium,H,SI1,1.01,4642
Premium,E,SI2,1.0,3450
Very Good,H,VS2,1.2,6000
Very Good,F,VS1,1.0,6098
Ideal,F,VVS1,0.53,2618
Very Good,G,SI1,0.9,3669
Very Good,D,SI1,0.42,756
Very Good,E,SI1,0.5,1374
Premium,E,SI2,1.21,4933
Ideal,D,VS2,1.22,10538
Ideal,F,VS1,0.7,2792
Very Good,J,VS1,0.74,2170
Premium,E,VS1,0.39,1097
Ideal,F,VS1,1.08,8321
Ideal,E,VVS2,0.31,791
Ideal,F,VS2,0.52,1600
Very Good,J,SI2,2.01,11660
Very Good,I,IF,0.33,694
Premium,E,VS1,0.4,800
Ideal,E,SI2,0.5,1104
Very Good,F,SI1,0.71,2436
Good,F,VVS2,0.5,2052
Premium,H,VS1,1.32,5958
Ideal,H,SI2,1.05,4604
Premium,E,VS2,0.72,2822
Good,I,SI1,1.51,9069
Ideal,E,SI1,1.11,7218
Premium,J,VVS2,1.51,8770
Ideal,E,VS2,1.0,6043
Ideal,I,SI1,0.34,459
Ideal,E,VS1,0.53,1917
Very Good,E,VS1,0.34,784
Ideal,E,VS2,0.54,1754
Ideal,F,VVS1,0.55,2380
Ideal,E,SI2,0.7,2061
Very Good,E,VS2,0.54,1726
Very Good,G,VS1,0.3,776
Ideal,H,IF,0.31,1046
Ideal,G,VS2,0.38,743
Premium,H,VS2,1.37,6337
Premium,G,VS1,0.72,2646
Ideal,E,VS2,0.58,1698
Premium,H,VS1,0.36,810
Good,G,SI1,0.4,655
Premium,J,SI2,1.21,4440
Good,H,VS1,0.31,544
Premium,I,VS2,1.24,6257
Very Good,H,SI1,0.3,421
Ideal,J,VS1,0.91,3267
Premium,F,VS2,0.3,605
Ideal,J,VS1,0.29,435
Ideal,G,SI2,0.84,2879
Very Good,F,SI1,0.42,773
Ideal,I,I1,1.01,2844
Very Good,E,VS2,0.39,794
Premium,E,VS2,0.51,1781
Ideal,G,SI1,0.25,363
Very Good,I,SI2,1.02,3769
Premium,G,SI2,1.32,4373
Premium,G,VVS1,0.31,1046
Very Good,G,SI2,0.4,765
Good,H,SI1,0.71,2056
Premium,G,VS1,1.52,10640
Ideal,D,VS2,0.6,2385
Premium,H,VVS1,0.9,4890
Premium,D,SI1,1.02,5998
Very Good,F,VS2,0.9,4186
Very Good,I,SI2,0.7,1801
Premium,G,VVS2,1.07,7593
Premium,I,VS1,0.71,2104
Good,G,SI2,1.5,6006
Premium,J,SI1,1.21,4770
Good,D,VS2,0.51,1430
Premium,H,SI1,1.08,4826
Very Good,G,VS2,1.07,6274
Ideal,I,VS2,0.76,2793
Ideal,H,VS2,1.23,7260
Good,I,SI1,0.7,2034
Ideal,G,SI2,1.07,4419
Good,G,SI1,2.0,17740
Premium,E,VS2,0.34,956
Premium,I,VS1,1.4,7722
Ideal,E,SI2,1.12,6168
Good,H,VS2,1.01,5229
Ideal,G,SI2,0.91,3557
Very Good,F,VS2,0.9,4715
Premium,I,VS1,1.13,5316
Very Good,E,VVS2,0.23,505
Very Good,E,VS2,0.56,1755
Ideal,G,VVS1,0.33,1114
Ideal,E,VS2,0.31,872
Ideal,F,VVS1,0.42,1656
Very Good,I,VVS1,0.52,1577
Very Good,E,VS2,0.5,1559
Premium,G,SI2,2.21,17525
Ideal,E,VS2,0.31,872
Ideal,G,VS1,1.07,7069
Good,G,VVS2,0.51,1800
Good,H,VS1,1.6,12546
Premium,H,SI1,0.74,2300
Very Good,G,VS2,0.91,4316
Good,I,SI2,2.08,11313
Very Good,D,SI2,0.51,1264
Ideal,F,VVS1,0.41,1356
Ideal,J,VS2,0.3,384
Ideal,E,VS2,0.4,975
Very Good,I,VS1,1.53,10602
Ideal,E,VS2,0.32,900
Ideal,D,VS2,0.4,909
Premium,J,SI1,0.31,465
Very Good,H,VS1,0.33,579
Fair,F,SI2,1.05,3615
Premium,D,VVS2,0.37,1071
Very Good,I,SI1,0.52,978
Very Good,F,VVS1,0.3,694
Ideal,J,VS1,0.3,394
Premium,H,SI1,1.4,8624
Very Good,F,VS2,0.9,4504
Ideal,E,VS2,0.3,622
Ideal,I,VS2,0.36,648
Premium,G,VS2,0.43,1113
Premium,E,SI1,0.43,948
Very Good,H,VS2,1.19,6086
Ideal,G,VVS2,0.38,879
Fair,H,I1,1.49,6425
Premium,H,VVS1,0.24,432
Very Good,E,VS1,0.5,1755
Ideal,J,VS2,0.83,2742
Very Good,G,VS2,1.04,5964
Premium,D,VS1,1.01,8823
Ideal,I,VS2,0.91,3726
Ideal,H,VVS1,0.33,687
Ideal,G,VVS2,0.52,1911
Good,F,SI1,0.66,2017
Very Good,G,VS1,1.01,5294
Good,J,VS2,1.04,3285
Ideal,G,VS1,1.17,7155
Premium,G,VVS1,0.31,1046
Ideal,E,VS2,0.31,680
Good,F,SI1,1.72,13499
Ideal,E,VS1,0.3,936
Ideal,H,VVS1,0.34,775
Premium,I,SI2,1.06,4096
Ideal,F,VVS2,0.51,2093
Ideal,G,VS2,0.3,545
Ideal,F,SI2,1.03,4769
Fair,E,SI2,1.5,10080
Premium,F,SI1,0.71,2381
Ideal,H,SI2,1.31,6602
Ideal,F,SI2,1.07,4128
Very Good,E,SI1,0.8,3146
Very Good,J,SI1,2.02,12267
Ideal,G,VS2,0.41,827
Premium,D,SI1,0.51,1687
Ideal,D,VS2,0.33,1002
Ideal,E,VVS1,0.33,986
Ideal,F,VVS2,0.58,2380
Premium,I,VVS2,0.33,743
Ideal,F,VS2,0.76,3257
Good,J,SI1,2.01,8104
Very Good,F,VS2,1.01,6257
Ideal,F,VVS2,0.52,2216
Good,G,SI2,1.05,3898
Very Good,F,VS2,0.7,2744
Ideal,H,VVS2,1.23,7387
Very Good,G,VS1,0.41,839
Ideal,G,SI1,1.14,6741
Premium,F,VS2,1.14,7275
Very Good,F,SI1,1.51,12141
Premium,H,VS1,0.61,1793
Premium,F,VS2,1.01,6330
Ideal,H,VVS2,0.54,1696
Premium,E,SI1,0.3,675
Very Good,G,VS2,1.17,7076
Very Good,D,SI2,1.02,3971
Very Good,G,VVS2,0.7,2681
Good,J,SI1,2.32,13654
Good,F,VS1,0.46,1157
Ideal,J,SI2,1.27,4931
Premium,E,SI1,2.07,16957
Premium,F,SI1,1.5,10962
Very Good,D,VS1,1.08,9168
Very Good,D,SI2,0.43,716
Premium,H,VS2,0.33,668
Very Good,G,SI2,1.55,8873
Ideal,E,VS2,0.58,1752
Premium,H,VS1,1.05,5886
Very Good,J,VS2,0.9,2686
Ideal,H,VS1,0.74,2797
Ideal,G,IF,0.62,3378
Premium,G,SI1,1.04,5223
Premium,J,SI2,2.42,16198
Premium,F,VS2,1.01,6702
Fair,J,I1,1.0,1784
Premium,G,I1,1.65,6788
Ideal,G,IF,0.32,918
Premium,G,VS2,1.6,13942
Premium,E,VS2,0.79,3628
Premium,G,SI2,0.93,3019
Ideal,D,VS2,0.34,730
Ideal,G,VVS1,0.32,814
Good,F,SI1,0.42,722
Premium,J,VS2,0.7,1775
Fair,E,VS1,0.27,371
Ideal,G,VS1,0.33,854
Ideal,G,VS1,0.51,1668
Premium,I,SI2,1.23,4773
Very Good,E,SI2,0.5,1009
Premium,J,SI1,0.76,1904
Ideal,H,VVS2,0.31,802
Good,F,SI2,0.71,2072
Very Good,H,SI2,1.51,8444
Premium,F,SI2,2.32,16237
Good,F,VS1,0.56,1712
Premium,H,VS2,2.01,15908
Ideal,D,VS1,0.41,1230
Very Good,G,SI1,1.5,10019
Ideal,F,IF,0.31,1061
Very Good,G,SI2,0.95,4194
Ideal,G,IF,0.3,826
Ideal,G,VVS1,0.5,1883
Ideal,I,SI1,0.53,1052
Ideal,J,VS1,0.41,830
Very Good,H,VS2,0.9,4155
Good,F,VS1,0.46,1228
Good,F,VVS1,0.31,742
Very Good,G,VS1,1.01,6632
Ideal,G,VS1,0.52,1721
Fair,G,VS2,0.91,4860
Very Good,E,VVS2,0.23,505
Premium,D,SI1,0.9,4304
Premium,H,SI1,1.3,7498
Premium,G,SI1,2.01,18077
Premium,H,VS2,0.73,2496
Ideal,E,VVS1,0.52,2467
Very Good,H,VVS2,0.61,1877
Good,F,VS1,0.52,1841
Very Good,F,SI2,0.74,2298
Good,D,IF,1.01,15081
Premium,H,SI1,0.9,3730
Good,I,SI1,0.31,488
Very Good,H,SI1,0.32,591
Very Good,J,VS1,0.91,3082
Premium,F,SI2,0.9,3210
Very Good,I,SI2,1.54,7589
Ideal,G,VS1,0.51,1781
Ideal,H,VS1,0.33,579
Ideal,E,VS2,0.36,789
Ideal,F,VVS2,0.39,988
Ideal,H,SI1,0.56,1343
Premium,H,VS2,0.33,668
Ideal,G,VVS2,0.32,698
Very Good,I,SI1,2.0,15081
Ideal,D,VS2,1.21,10353
Ideal,G,VVS1,0.41,1151
Fair,D,VS2,0.7,2560
Ideal,D,SI1,0.4,990
Premium,G,SI2,1.01,4038
Ideal,D,SI1,0.41,1015
Very Good,G,SI1,2.03,18257
Premium,F,SI1,1.5,11154
Ideal,G,VS2,0.35,615
Premium,H,SI2,1.2,4301
Ideal,F,VVS1,0.38,1120
Ideal,E,SI1,0.53,1607
Very Good,I,SI1,0.72,2026
Premium,H,VS2,0.93,4387
Ideal,F,SI2,0.52,1121
Very Good,I,SI2,1.0,4107
Very Good,F,SI1,1.0,4704
Ideal,E,VS1,0.65,2533
Premium,G,VS2,2.01,17057
Very Good,D,VVS2,0.7,4022
Ideal,D,SI1,0.59,1821
Premium,J,VS1,0.41,830
Premium,G,VS2,1.62,13702
Ideal,E,VS2,0.32,639
Very Good,H,VVS1,0.41,991
Good,F,VVS2,0.7,3445
Very Good,H,VVS1,0.4,968
Very Good,G,VS2,0.34,596
Premium,I,SI1,2.22,14095
Premium,G,SI1,1.03,5581
Fair,E,VVS2,1.0,7553
Ideal,F,VS1,0.32,876
Very Good,I,SI1,1.01,4243
Very Good,H,VS1,0.74,2956
Ideal,E,VVS2,0.35,881
Premium,H,VS1,1.09,5951
Premium,H,VS2,1.01,4839
Fair,D,SI1,2.02,16386
Ideal,H,VVS1,0.7,2618
Fair,F,VS2,0.64,2063
Ideal,I,VS1,0.74,2690
Very Good,F,VS2,0.54,1551
Ideal,E,VS2,0.3,844
Premium,H,SI2,2.11,13233
Ideal,D,SI2,0.33,631
Ideal,H,SI1,1.02,5257
Ideal,E,VS1,0.38,1211
Ideal,H,VS2,0.72,3122
Very Good,F,VVS2,0.24,538
Very Good,G,I1,0.73,1298
Premium,G,VVS2,0.51,1974
Good,F,VVS2,0.72,3145
Very Good,G,VS2,1.71,15829
Fair,H,SI2,1.0,3164
Very Good,E,VS1,0.71,3059
Very Good,E,SI2,0.91,3638
Ideal,D,SI2,0.58,1342
Ideal,G,SI2,1.09,4586
Very Good,E,VS2,0.31,680
Ideal,G,SI2,2.26,12831
Premium,I,SI2,2.06,14803
Good,J,VS2,0.71,1922
Very Good,J,SI2,0.5,947
Ideal,E,VVS1,0.32,917
Ideal,H,VS1,0.34,615
Premium,E,SI2,0.83,2859
Premium,G,SI1,0.7,2184
Ideal,F,VS1,0.61,2283
Premium,E,VS2,1.02,5666
Very Good,E,SI1,1.72,15948
Ideal,F,VS1,0.41,1007
Ideal,G,IF,1.07,9532
Ideal,H,SI1,0.77,2781
Premium,D,VS2,0.71,2659
Very Good,H,SI1,1.41,7956
Ideal,E,VVS1,0.4,1824
Good,F,VS2,0.57,1642
Ideal,D,VS2,0.51,1882
Good,I,VS2,0.9,3107
Ideal,I,VS1,0.55,1238
Good,E,VS2,0.5,1407
Premium,F,VS2,0.31,625
Premium,E,VS2,0.71,3062
Very Good,H,VS2,0.71,2495
Premium,F,VS2,1.51,14817
Premium,J,SI1,0.77,1909
Very Good,H,VVS1,0.32,730
Very Good,H,VVS1,0.32,730
Ideal,E,SI1,0.9,4147
Good,E,SI1,0.41,705
Ideal,G,VS2,0.71,3299
Fair,D,VS2,0.91,4439
Ideal,G,VS2,1.16,7243
Ideal,F,VVS2,1.23,11040
Premium,G,SI1,0.41,923
Ideal,G,VVS2,0.3,684
Premium,F,VS1,1.5,16783
Very Good,G,SI2,0.91,3615
Ideal,D,VVS1,0.32,1140
Ideal,G,VS2,1.15,5564
Ideal,F,SI1,1.08,6884
Ideal,G,VS2,1.14,7042
Ideal,G,VVS2,0.55,2129
Premium,E,SI1,1.0,5445
Very Good,G,SI2,1.07,4201
Good,H,SI2,1.17,4914
Ideal,G,VVS1,0.34,956
Premium,H,VVS2,0.31,802
Good,J,SI1,0.3,351
Ideal,G,VS1,1.14,7255
Ideal,E,SI1,1.55,12646
Very Good,D,SI2,0.42,838
Good,I,VS1,0.7,2271
Fair,G,SI2,0.9,3104
Very Good,G,VS2,0.28,492
Very Good,D,VS2,1.0,7146
Premium,I,SI1,1.26,5292
Ideal,F,VS2,0.41,863
Ideal,I,SI1,1.5,8907
Very Good,I,SI1,2.01,15145
Good,G,SI2,1.01,3512
Premium,G,VS2,1.0,5242
Very Good,H,SI1,2.48,17893
Ideal,H,SI2,0.8,2122
Premium,G,VS2,0.32,720
Very Good,J,SI2,0.6,1022
Premium,F,I1,0.92,2607
Ideal,D,VS1,0.8,4619
Premium,E,SI1,0.51,1343
Ideal,J,SI2,0.7,1832
Premium,I,SI2,2.01,11312
Ideal,E,VVS2,0.4,1238
Ideal,E,SI2,0.4,679
Very Good,F,VS1,0.4,868
Premium,G,VS1,1.01,6499
Ideal,F,VS2,0.38,969
Very Good,G,VS1,0.51,1656
Ideal,H,VVS1,0.51,1702
Premium,E,VVS1,1.0,10134
Good,E,VS2,0.51,1662
Very Good,F,SI1,1.02,5398
Very Good,G,SI1,0.52,1311
Ideal,D,SI1,0.52,1547
Ideal,E,VS1,0.36,835
Premium,F,VS2,1.0,6899
Premium,F,VVS2,0.5,2160
Ideal,F,VVS2,0.4,1163
Very Good,H,SI1,1.24,6625
Ideal,E,VVS2,0.44,1334
Ideal,J,VS1,1.0,4032
Premium,H,VS1,0.43,1113
Ideal,F,VS1,0.51,2085
Fair,G,I1,0.98,1712
Ideal,I,VS1,1.04,5199
Ideal,D,VS1,0.51,1959
Ideal,F,VS1,1.6,18780
Ideal,F,VS2,0.33,666
Good,J,VS2,1.0,3769
Very Good,G,VS1,1.05,6766
Very Good,G,VVS2,0.76,3549
Good,I,VS1,0.36,568
Ideal,H,VVS1,0.23,484
Very Good,E,SI1,0.6,1836
Ideal,D,VS2,0.64,2224
Very Good,I,SI2,1.51,7441
Ideal,E,VS2,0.3,658
Ideal,D,SI1,0.74,2655
Ideal,D,VVS2,1.06,11209
Premium,G,VS2,1.31,9085
Ideal,D,VVS1,0.62,3968
Premium,H,VS1,1.08,5111
Very Good,I,VS2,1.52,10051
Good,E,SI2,0.5,1077
Very Good,G,VS2,0.71,2599
Ideal,I,VS1,1.01,4118
Ideal,I,VS2,0.31,452
Premium,H,SI1,1.12,4719
Ideal,G,VVS1,0.4,1097
Very Good,D,SI1,0.9,5040
Ideal,I,VS2,0.45,717
Very Good,E,SI1,0.4,707
Premium,E,SI2,0.3,540
Very Good,I,SI1,1.09,4640
Ideal,I,SI2,2.41,16987
Ideal,F,VVS1,0.3,814
Very Good,E,SI2,0.3,421
Very Good,I,SI1,1.01,4475
Ideal,E,VS2,0.3,658
Premium,H,I1,1.16,2368
Premium,J,SI2,2.09,13092
Very Good,F,SI1,1.0,4712
Ideal,D,VS2,0.78,4183
Ideal,I,SI1,0.73,2234
Ideal,G,IF,0.31,891
Premium,F,VVS1,0.41,1356
Very Good,H,VS2,1.97,17377
Ideal,H,VVS1,0.31,907
Very Good,J,VVS1,0.32,544
Ideal,F,VS1,1.63,18179
Ideal,G,VVS1,0.42,1179
Premium,G,SI1,0.65,1612
Very Good,E,VS2,0.31,680
Premium,F,VS1,0.41,1076
Good,H,SI1,1.7,11869
Ideal,G,VS2,0.31,544
Ideal,F,VVS2,0.54,2231
Ideal,G,VS2,0.54,1580
Very Good,G,SI1,0.32,612
Ideal,G,IF,0.33,946
Premium,I,SI1,0.8,2507
Premium,I,VS1,0.3,608
Ideal,D,SI1,1.16,5911
Ideal,H,VVS1,0.3,665
Very Good,F,VS2,1.01,7135
Premium,D,SI1,0.9,4735
Premium,F,VS2,0.63,1905
Ideal,E,VS1,0.37,858
Very Good,E,SI1,1.0,4805
Premium,E,SI2,2.0,12987
Ideal,D,VS2,0.53,1956
Ideal,F,VS1,1.05,8100
Very Good,E,VS1,0.71,2946
Ideal,G,SI1,1.15,5224
Premium,G,VS1,1.79,18419
Ideal,J,SI1,2.4,12468
Premium,I,SI1,0.34,589
Fair,D,VVS1,1.0,10752
Ideal,E,VS2,0.5,1629
Very Good,E,SI2,1.51,8916
Good,G,SI2,0.41,611
Good,G,SI1,0.41,739
Very Good,G,VS2,0.57,1608
Ideal,G,VVS2,0.42,1571
Fair,I,VS1,2.05,17408
Ideal,G,VVS1,0.41,1230
Very Good,E,SI1,0.52,1330
Ideal,D,VS2,0.32,758
Ideal,D,SI1,0.6,1996
Fair,F,SI1,0.92,3117
Very Good,I,SI1,1.19,4665
Premium,F,I1,1.01,2781
Very Good,I,VS2,1.35,6884
Ideal,H,SI2,1.02,4319
Very Good,D,SI2,0.94,3862
Good,E,VS2,1.0,5376
Ideal,F,VVS2,0.23,511
Premium,G,SI1,0.3,574
Good,E,SI1,0.9,3570
Premium,G,VVS2,0.3,878
Ideal,F,SI1,0.69,2459
Premium,E,VS2,0.52,1815
Premium,I,SI1,1.2,5510
Ideal,D,SI2,0.33,492
Premium,H,VS2,1.11,5395
Very Good,D,VS1,0.41,1151
Premium,H,SI1,0.9,3629
Premium,E,VS2,1.01,5430
Very Good,F,SI1,0.32,533
Ideal,D,VS1,0.38,1067
Ideal,F,VS2,1.09,7385
Ideal,I,VS2,1.5,9761
Premium,D,VVS2,1.01,10797
Ideal,F,VVS1,0.39,1124
Ideal,H,SI1,1.63,12910
Very Good,F,SI1,0.9,3950
Ideal,H,VVS2,0.31,625
Premium,G,SI2,2.0,13007
Premium,H,SI1,0.32,461
Ideal,J,SI1,1.31,6337
Ideal,D,VS2,0.31,942
Very Good,I,VS2,0.9,4089
Premium,F,SI1,1.02,5038
Premium,F,VS1,0.44,1081
Ideal,D,VVS2,0.42,1389
Very Good,G,VVS1,1.01,7412
Premium,D,SI1,0.41,1015
Ideal,E,SI1,1.01,5599
Premium,G,VS2,1.03,5814
Ideal,G,VS1,0.53,1772
Ideal,G,VS1,1.56,14957
Premium,F,SI1,1.01,4276
Good,J,SI2,1.04,3425
Very Good,F,SI1,1.04,5290
Ideal,F,VS2,1.01,6787
Ideal,J,VVS1,0.46,1018
Very Good,G,VS2,0.29,471
Ideal,G,SI1,1.14,5548
Premium,E,VS2,0.56,1864
Very Good,D,VS1,0.52,1829
Ideal,H,SI1,0.4,705
Ideal,I,SI1,1.2,5412
Ideal,I,SI1,0.88,3264
Ideal,H,VVS2,1.59,12971
Good,I,SI1,0.9,2823
Ideal,I,SI2,1.53,7859
Premium,F,SI1,1.31,7625
Ideal,E,VS2,0.35,923
Ideal,H,SI1,1.01,4642
Ideal,E,VVS2,0.41,1243
Premium,I,SI1,1.24,4791
Premium,D,SI1,1.1,5166
Premium,F,SI2,1.0,3584
Ideal,F,SI1,0.75,2966
Ideal,G,VS2,0.59,2336
Very Good,G,VS2,0.61,1861
Very Good,E,VS2,0.5,1623
Good,H,VS1,2.01,18340
Very Good,F,VS1,0.79,3806
Ideal,G,IF,0.29,673
Very Good,G,VS1,0.3,605
Ideal,D,SI1,0.72,3550
Ideal,E,IF,0.34,1243
Ideal,D,VS2,0.7,2991
Ideal,F,IF,0.41,1439
Very Good,F,SI1,0.37,616
Very Good,D,VS1,0.24,419
Very Good,G,VVS2,0.63,2481
Premium,I,IF,0.54,1836
Ideal,E,SI1,0.52,1656
Ideal,E,VVS2,0.4,1238
Ideal,F,VS2,1.12,7589
Very Good,D,SI2,1.0,4595
Ideal,F,IF,0.48,2154
Ideal,I,VVS2,0.3,515
Good,D,SI2,1.01,4004
Fair,F,SI2,0.7,2394
Ideal,F,SI2,1.6,10662
Ideal,H,IF,0.6,2270
Ideal,D,SI2,1.03,4764
Ideal,G,VVS1,0.32,730
Ideal,E,VS1,0.36,852
Ideal,D,SI2,0.39,651
Ideal,I,VS1,0.71,2525
Ideal,H,SI1,1.14,5382
Very Good,J,VS1,1.31,6101
Good,F,IF,0.64,2980
Very Good,F,SI2,1.01,4304
Very Good,G,SI1,0.38,666
Very Good,E,IF,0.36,1368
Ideal,D,SI2,0.78,2722
Very Good,G,VS1,0.29,660
Very Good,G,SI2,0.72,2079
Very Good,D,SI1,0.91,4561
Ideal,I,VS2,0.36,505
Ideal,F,VS2,0.7,2942
Good,E,SI1,0.83,3250
Premium,F,SI2,0.5,1094
Premium,H,SI1,0.91,3669
Ideal,D,VS1,0.5,2025
Ideal,G,VS2,1.46,10302
Ideal,F,VS1,0.41,1007
Premium,E,VS2,0.4,975
Premium,J,SI2,0.57,941
Ideal,G,VS2,0.36,579
Ideal,F,VS2,0.35,906
Premium,H,VS2,0.73,2519
Very Good,H,VS2,0.31,628
Premium,G,VVS2,0.3,684
Ideal,E,SI2,0.42,898
Premium,F,SI1,0.54,1330
Good,H,VS2,0.7,2351
Ideal,E,VS2,0.59,1838
Very Good,E,I1,1.18,3278
Very Good,H,SI2,2.0,15694
Ideal,I,VS2,1.27,6401
Good,G,VS2,1.2,7380
Ideal,F,VS1,1.01,7465
Premium,G,VVS1,0.31,816
Ideal,H,VS1,1.03,4874
Ideal,E,SI1,0.33,743
Very Good,G,VS2,0.41,827
Very Good,E,SI1,0.51,1343
Ideal,G,VS2,1.57,14283
Ideal,E,VS2,1.02,6732
Ideal,G,IF,0.3,863
Ideal,G,VVS2,0.51,1825
Very Good,I,SI2,1.01,3833
Very Good,I,SI2,1.8,10161
Very Good,H,SI1,1.01,4559
Good,G,SI2,0.8,2246
Ideal,J,SI1,1.52,7356
Ideal,D,VVS2,0.54,2302
Ideal,I,VS1,0.37,603
Ideal,F,VS1,0.32,716
Premium,G,VVS1,1.6,17360
Very Good,J,VS1,1.01,4588
Good,D,I1,1.2,4346
Premium,I,VVS1,0.44,926
Good,E,SI1,0.7,2569
Ideal,G,VS2,0.72,2960
Very Good,I,SI1,1.51,8758
Premium,F,VVS2,1.01,8688
Ideal,D,VS2,0.42,1031
Ideal,D,SI1,0.42,810
Fair,H,I1,0.96,1808
Ideal,D,VS1,0.38,983
Ideal,I,SI1,0.71,2319
Ideal,F,IF,1.33,18435
Ideal,D,VS1,0.7,3335
Premium,D,VS1,0.3,848
Very Good,I,VS1,0.31,489
Very Good,D,SI1,0.53,1636
Premium,D,SI2,0.7,2596
Very Good,J,VS2,0.39,746
Ideal,E,VS2,0.7,3504
Good,D,SI1,0.9,3689
Fair,H,SI2,1.0,2818
Ideal,D,VS2,0.76,3401
Good,F,VS1,0.4,883
Ideal,E,VS2,0.53,1659
Very Good,D,SI1,1.02,5839
Premium,I,SI1,1.06,4155
Ideal,H,VVS2,0.35,906
Very Good,I,VS2,0.8,2833
Ideal,D,VS2,0.31,734
Good,E,SI1,1.01,5499
Very Good,H,SI1,1.5,9157
Premium,H,VS1,0.33,579
Fair,H,I1,0.7,1138
Very Good,H,VS2,0.92,4173
Ideal,G,VS1,0.52,1665
Premium,E,SI2,0.53,1227
Premium,F,VVS1,0.39,1232
Premium,G,VVS2,1.01,7862
Premium,G,SI2,1.14,4884
Very Good,F,SI1,0.53,1284
Premium,J,VVS1,1.7,11005
Ideal,E,VS2,0.41,999
Premium,E,VS1,0.41,1153
Premium,E,SI2,0.34,477
Ideal,H,SI1,1.35,7609
Fair,I,SI1,0.72,1799
Ideal,F,VS1,0.4,917
Ideal,H,SI1,1.04,4629
Good,F,SI2,0.93,3418
Ideal,G,VVS1,0.47,1441
Premium,G,VS1,0.3,776
Fair,G,VVS1,0.3,790
Ideal,F,SI1,0.72,2920
Very Good,I,VS1,0.3,567
Ideal,F,VVS1,1.1,10861
Good,E,VS1,0.7,2973
Very Good,H,SI1,1.32,5717
Premium,E,VVS2,0.26,724
Premium,E,VVS2,0.35,1024
Premium,F,SI2,1.06,4372
Ideal,H,VS1,0.52,1665
Ideal,D,VVS1,1.11,14584
Ideal,H,I1,1.75,7409
Ideal,F,SI1,0.76,2607
Ideal,H,SI1,1.29,7036
Ideal,E,SI2,0.73,2155
Good,E,SI1,0.84,3577
Premium,H,SI1,0.32,591
Very Good,E,VS2,0.7,2593
Ideal,G,VS2,0.33,604
Premium,I,SI1,2.25,15397
Premium,G,SI1,0.72,2246
Very Good,F,SI2,1.0,4255
Premium,D,SI2,0.4,855
Premium,I,SI1,2.48,16715
Ideal,G,VVS2,0.58,2135
Very Good,E,VS1,0.73,3226
Good,D,SI1,0.7,2318
Good,D,SI1,0.32,756
Ideal,E,VS2,0.31,680
Ideal,G,VVS2,1.2,10812
Very Good,E,VVS2,0.23,465
Ideal,D,VS2,0.36,1094
Good,F,SI2,2.67,18686
Good,E,SI1,1.01,5226
Ideal,E,SI2,1.02,4798
Very Good,F,VS2,1.7,17597
Very Good,G,VS2,0.39,734
Very Good,G,SI2,2.01,13940
Premium,I,VVS1,0.7,2513
Very Good,G,VS2,1.01,6019
Ideal,G,VVS2,1.29,10807
Premium,G,SI1,0.55,1848
Ideal,F,VVS2,0.51,2203
Premium,H,SI1,1.14,4654
Ideal,F,VS1,1.04,7015
Ideal,E,VS2,0.32,900
Ideal,F,SI1,0.51,1580
Premium,J,VVS1,2.1,17606
Premium,G,VS1,1.0,6377
Premium,E,SI1,0.83,3506
Very Good,D,SI1,0.4,690
Ideal,G,VVS1,0.3,789
Premium,D,SI1,0.3,552
Premium,G,SI1,1.53,10830
Very Good,E,SI1,0.72,2646
Very Good,I,SI1,0.78,2348
Ideal,E,VS2,0.32,900
Fair,F,SI1,0.57,1133
Ideal,E,VVS1,0.51,3197
Ideal,D,SI2,0.5,1332
Very Good,E,VS2,0.3,658
Premium,I,VVS1,0.44,926
Premium,H,VS1,0.33,743
Good,F,VVS1,0.7,3310
Ideal,F,SI2,1.07,5027
Ideal,D,VS2,0.34,967
Premium,D,SI2,0.38,812
Ideal,E,IF,0.29,815
Very Good,E,VS2,0.5,1397
Ideal,E,VS1,0.39,1097
Ideal,G,VS1,0.41,899
Premium,G,VVS1,0.31,816
Very Good,G,SI2,1.51,8637
Premium,F,VS2,1.2,8266
Premium,D,SI1,0.6,1996
Very Good,H,VS2,1.55,11602
Ideal,G,VVS2,1.05,9000
Premium,G,VS2,1.52,13282
Premium,I,SI2,1.18,4460
Ideal,G,VVS1,0.38,993
Premium,E,SI1,0.35,788
Good,I,VS2,1.01,3717
Premium,H,VS2,0.74,2485
Premium,G,SI1,0.91,3975
Premium,F,VS2,1.02,6626
Very Good,G,SI1,0.3,447
Very Good,H,SI1,0.3,421
Ideal,D,VVS1,0.53,2905
Ideal,G,VS2,1.32,9580
Premium,F,SI1,1.52,11637
Good,J,VS2,1.5,7177
Ideal,H,VS1,0.74,2797
Very Good,H,VS1,0.31,544
Premium,I,SI1,2.01,12829
Ideal,I,VVS2,0.27,587
Premium,G,VS2,0.74,2621
Very Good,E,SI1,2.02,18731
Very Good,J,SI1,1.2,4752
Ideal,G,VS1,0.39,1077
Fair,F,VS2,0.5,1323
Premium,G,VS2,1.3,9051
Premium,D,SI2,0.3,574
Ideal,D,SI2,1.02,4044
Premium,H,SI1,1.26,6664
Good,D,SI2,1.18,5315
Very Good,H,SI1,0.9,3772
Premium,F,SI1,0.43,948
Very Good,J,VS1,1.22,5056
Premium,H,SI1,0.35,630
Ideal,E,VS2,0.3,844
Ideal,F,VVS2,0.42,1221
Premium,D,SI1,0.3,520
Premium,H,VVS1,0.3,620
Very Good,F,VS2,1.01,5650
Premium,D,VS2,0.31,816
Ideal,E,VS2,0.58,1984
Very Good,H,SI1,0.53,1152
Fair,F,SI2,1.01,4127
Ideal,I,VVS2,0.72,2591
Ideal,H,VS2,1.61,11045
Very Good,F,VS1,0.4,982
Ideal,G,VS2,0.41,827
Very Good,G,VVS1,0.29,607
Very Good,E,SI1,0.33,579
Good,E,VS2,0.53,1561
Premium,J,VS2,1.74,8364
Good,D,SI2,1.02,4633
Good,E,VS2,0.5,1407
Ideal,F,VS1,0.71,3710
Very Good,I,SI1,0.7,2147
Very Good,F,VVS1,0.29,609
Ideal,J,VS2,0.78,2456
Ideal,I,VS2,1.42,8173
Very Good,I,SI1,1.7,9845
Premium,E,SI2,0.5,1240
Good,E,VVS1,0.24,492
Premium,F,VS2,0.4,842
Good,D,SI2,0.3,447
Good,D,SI2,1.23,5689
Very Good,G,SI1,0.75,2634
Good,F,SI1,1.01,4339
Very Good,F,SI2,0.9,3457
Ideal,F,SI1,0.7,2410
Ideal,E,VVS1,0.4,1333
Good,E,SI2,1.07,4453
Ideal,F,IF,0.48,2059
Ideal,D,VVS2,0.33,1021
Premium,I,VS2,1.2,5474
Fair,H,VS2,1.51,9452
Ideal,G,IF,1.02,8311
Good,D,SI2,1.01,4468
Ideal,D,VS2,0.55,2459
Ideal,G,VVS2,0.54,2424
Good,G,SI2,0.4,596
Ideal,E,VS2,0.34,745
Premium,H,SI1,0.9,3095
Premium,H,SI1,0.5,1156
Ideal,D,VS2,0.74,3177
Premium,F,VVS2,0.42,1221
Ideal,H,VS1,0.54,1381
Ideal,F,SI1,1.0,4939
Premium,D,SI2,0.31,593
Very Good,H,SI2,1.03,4268
Good,G,VS1,0.3,605
Ideal,E,VS2,0.54,1754
Ideal,G,VS1,0.3,605
Good,I,VS2,1.0,4081
Very Good,F,VS1,0.35,842
Ideal,G,SI2,0.46,807
Very Good,D,SI1,0.7,2409
Ideal,D,VS2,0.2,367
Ideal,G,VS2,0.74,2723
Very Good,I,SI1,1.11,4273
Ideal,D,SI2,0.36,689
Very Good,I,VVS1,0.33,609
Premium,G,VS2,0.32,720
Ideal,G,VS1,1.09,8296
Ideal,J,SI1,0.71,1889
Ideal,I,SI1,0.77,2475
Premium,D,VS2,0.39,1024
Ideal,G,VS2,0.32,524
Premium,G,I1,0.7,1206
Very Good,J,SI1,1.71,8690
Ideal,H,VS1,0.4,1017
Fair,F,VS1,0.7,2381
Ideal,H,SI2,1.04,4461
Very Good,F,VVS2,0.4,963
Good,G,SI2,0.86,2647
Good,G,SI1,0.35,669
Ideal,I,SI1,1.03,4782
Ideal,I,SI1,1.61,10236
Ideal,E,VS2,0.5,1624
Very Good,J,VVS1,0.4,772
Good,E,VVS2,0.23,485
Very Good,H,SI1,1.01,4559
Premium,G,VVS1,0.65,2510
Premium,D,SI1,0.91,4816
Premium,G,VS1,1.15,7032
Fair,G,SI2,1.01,4047
Premium,D,SI1,0.3,709
Premium,F,VVS2,0.43,1169
Very Good,E,VS2,1.0,5720
Ideal,G,VVS1,0.3,684
Ideal,H,VS1,0.32,720
Ideal,G,SI1,0.74,3130
Premium,E,VVS2,0.31,1046
Very Good,F,SI1,0.4,737
Premium,I,VVS1,0.59,1837
Ideal,D,VS1,1.03,8645
Premium,G,VVS2,1.31,11255
Ideal,I,VS2,1.7,10662
Good,F,SI1,0.9,3950
Good,G,VS2,0.3,648
Good,G,SI2,2.0,12654
Very Good,F,SI1,0.41,904
Ideal,I,VVS1,0.37,768
Good,H,SI2,0.32,393
Good,H,VVS1,0.31,707
Premium,G,VS1,1.51,14542
Ideal,I,VS1,0.73,2167
Premium,J,VS1,0.33,557
Premium,F,VS1,0.62,1942
Very Good,G,SI2,2.18,16878
Premium,G,SI2,1.01,4242
Good,D,VS2,0.33,652
Premium,I,VS2,1.51,9471
Premium,H,VS2,0.7,2218
Ideal,E,SI1,0.7,3330
Very Good,D,SI1,1.01,6270
Premium,D,SI2,0.41,876
Very Good,G,SI1,1.17,5025
Premium,G,VVS1,0.3,1013
Very Good,F,VS2,0.9,5218
Ideal,G,VVS2,0.55,2129
Ideal,G,SI2,1.72,10268
Very Good,E,SI2,1.14,5014
Ideal,H,SI1,2.01,14837
Very Good,I,VVS1,0.58,1790
Premium,I,SI1,0.92,3529
Ideal,E,VS2,0.33,723
Ideal,D,VS2,0.33,1002
Ideal,F,SI2,2.45,16589
Ideal,J,VVS2,0.47,953
Ideal,F,VS2,0.7,3011
Ideal,J,SI1,0.77,2257
Very Good,F,VVS2,0.33,801
Very Good,H,VS2,0.63,1640
Ideal,F,SI1,0.92,4232
Ideal,E,VS2,0.36,1080
Premium,F,VS2,0.37,746
Good,G,VS1,0.31,625
Good,H,SI1,0.37,533
Premium,F,VS1,1.02,7351
Very Good,D,SI2,0.72,2294
Ideal,F,SI1,1.05,5457
Ideal,I,VVS2,0.3,532
Very Good,E,SI1,1.01,6501
Premium,G,VS2,0.41,1061
Ideal,H,SI2,1.1,5002
Very Good,E,VS2,0.32,702
Ideal,E,VS1,0.56,2117
Very Good,D,SI1,1.04,5557
Premium,E,SI2,0.34,612
Premium,F,VS2,1.0,5864
Ideal,G,VVS2,1.0,8239
Ideal,D,SI1,1.08,6203
Very Good,J,VS2,2.01,13109
Ideal,D,SI2,1.01,4837
Very Good,F,SI1,0.41,705
Ideal,F,VS2,0.32,602
Ideal,I,SI1,1.07,4958
Premium,G,VS1,1.5,13009
Ideal,G,VS1,0.3,776
Premium,G,SI2,0.8,2429
Very Good,E,SI2,0.3,421
Premium,G,VS2,0.51,1546
Premium,D,SI1,0.34,750
Very Good,F,SI1,0.6,1554
Ideal,G,SI1,0.3,477
Very Good,G,SI1,1.0,4741
Premium,E,VS2,0.5,1746
Ideal,F,VVS2,0.3,751
Ideal,H,VVS1,0.54,1944
Ideal,E,VVS2,0.38,1073
Ideal,I,VVS1,0.4,790
Ideal,D,VVS2,0.31,777
Ideal,G,VVS1,0.54,2007
Good,G,VS2,0.34,556
Ideal,E,SI1,0.33,501
Fair,H,I1,1.02,2999
Premium,G,VVS2,0.35,1024
Ideal,J,VS1,1.89,12674
Good,J,VS1,1.5,8736
Premium,G,VS2,1.02,5593
Ideal,D,SI1,0.31,571
Ideal,D,SI2,0.32,612
Very Good,I,VS2,0.72,2337
Ideal,H,VS2,0.59,1648
Very Good,F,VS2,1.54,13735
Ideal,H,SI2,0.72,2372
Very Good,E,SI2,0.8,2715
Ideal,G,VVS1,0.61,2544
Good,G,VS2,1.22,8533
Good,J,VS2,1.0,3835
Ideal,G,VS2,1.31,8922
Premium,E,VS2,0.36,789
Good,F,SI1,0.9,4006
Premium,G,SI1,1.01,4395
Good,D,SI2,1.5,7722
Premium,F,SI1,0.34,566
Fair,H,I1,0.96,1773
Premium,E,SI2,0.5,1063
Good,H,VS1,0.61,1706
Fair,F,SI2,0.91,2996
Premium,G,VS1,0.31,625
Ideal,F,VS2,0.71,3516
Premium,F,SI2,1.03,3668
Ideal,G,VS2,1.22,9954
Premium,G,VS1,0.5,1746
Premium,F,VS2,0.44,926
Ideal,F,SI1,0.53,1639
Ideal,H,VS1,1.21,7928
Very Good,D,VS2,0.8,3419
Premium,I,VVS2,1.51,9498
Ideal,F,VS1,0.32,676
Very Good,G,VVS1,1.02,7861
Ideal,E,SI1,0.57,1608
Premium,F,SI2,0.95,4171
Premium,D,SI2,0.7,2239
Fair,I,SI1,1.0,2875
Very Good,J,SI1,1.02,3879
Very Good,G,SI2,1.23,5037
Premium,E,VS1,1.21,9541
Good,F,VS2,0.5,1354
Good,F,SI1,0.32,533
Very Good,G,VS1,0.7,2741
Ideal,G,VVS2,0.5,1935
Ideal,G,VS1,0.51,1632
Very Good,F,SI2,0.54,1311
Premium,H,SI1,0.8,2553
Ideal,G,SI2,0.32,450
Very Good,I,VS1,1.2,6192
Very Good,E,VS2,0.53,1647
Very Good,G,SI2,0.3,506
Very Good,D,VS2,0.32,646
Fair,G,SI1,1.0,3833
Good,E,VS2,0.8,3273
Premium,G,SI1,0.35,522
Ideal,D,VVS1,0.9,8979
Ideal,I,VS1,0.76,2679
Fair,F,I1,0.91,1570
Premium,F,SI2,0.94,3869
Premium,F,SI1,0.93,4010
Premium,H,VS1,0.9,4064
Very Good,E,VS2,0.72,2667
Very Good,D,SI1,0.9,4068
Very Good,H,SI1,0.41,778
Premium,H,VVS2,0.9,4432
Fair,H,SI2,2.01,10772
Ideal,G,IF,0.58,2508
Ideal,D,VVS2,0.52,3284
Ideal,F,VS2,0.3,605
Ideal,G,VVS2,1.24,9788
Ideal,G,VS2,1.06,7255
Very Good,J,VS2,0.4,596
Very Good,J,SI2,1.01,3592
Premium,E,SI2,0.94,4027
Ideal,F,VVS2,0.33,810
Premium,E,VVS2,0.31,1046
Premium,G,VS2,1.01,5701
Good,H,SI1,1.09,4920
Premium,F,VS2,0.65,1853
Premium,E,SI2,1.0,4704
Ideal,D,SI2,0.71,2564
Premium,J,VS2,2.02,13812
Ideal,F,SI1,1.52,12182
Ideal,D,VVS2,0.31,779
Ideal,D,SI1,0.41,1015
Very Good,F,VVS1,0.23,583
Ideal,G,SI1,1.61,11192
Premium,I,SI1,1.01,2885
Ideal,H,IF,0.42,1216
Good,I,SI1,1.5,8580
Ideal,G,VS2,0.59,1774
Good,E,VS2,0.69,2057
Premium,G,VS1,0.7,2648
Premium,H,SI1,1.31,7527
Premium,G,SI2,1.52,8299
Very Good,F,IF,0.23,530
Good,G,VS2,1.5,11508
Premium,G,VS2,1.0,6048
Premium,H,SI2,1.72,10749
Ideal,H,VS1,0.71,2590
Ideal,H,VS2,0.53,2031
Ideal,E,SI2,1.11,5358
Fair,G,SI1,1.0,3304
Ideal,G,IF,0.32,918
Ideal,D,IF,0.59,4208
Very Good,D,SI2,1.03,4478
Premium,I,SI1,1.91,13367
Good,D,SI1,0.41,707
Very Good,D,SI1,0.9,4289
Ideal,G,VS2,0.56,1698
Premium,I,SI1,2.03,16787
Very Good,E,SI2,0.7,2066
Ideal,D,VVS2,0.4,1263
Ideal,G,VS1,0.41,961
Very Good,F,SI2,1.02,3984
Ideal,F,VS1,0.7,3162
Ideal,E,VS2,0.33,723
Good,D,SI2,0.75,2933
Ideal,H,VS2,1.15,6788
Very Good,F,SI2,1.01,4299
Ideal,H,VS2,1.01,5936
Ideal,J,VS2,0.46,746
Premium,F,VS1,0.71,2765
Ideal,F,VVS2,0.37,876
Good,H,SI2,0.7,1899
Premium,F,SI2,0.53,1242
Premium,F,VVS2,0.7,2932
Ideal,G,VVS2,0.52,1858
Ideal,G,VS1,0.32,828
Fair,D,SI1,1.01,5147
Good,G,VS2,0.9,3801
Ideal,G,VVS2,0.42,1031
Ideal,E,VVS1,0.24,678
Ideal,I,VS1,0.38,703
Premium,D,VS2,0.5,1845
Good,H,SI2,1.02,4207
Premium,D,SI1,0.74,2369
Very Good,D,IF,1.01,12581
Very Good,H,SI2,1.2,5211
Premium,G,SI1,1.01,4808
Premium,I,SI2,1.21,4391
Fair,I,VS1,0.89,2334
Ideal,F,VS2,0.32,645
Ideal,G,VS1,0.25,438
Premium,G,VVS2,1.58,14855
Premium,E,SI2,1.1,4201
Ideal,I,VS2,0.31,452
Ideal,E,VS2,1.24,9111
Ideal,D,SI2,0.8,3682
Ideal,D,SI1,0.36,851
Ideal,E,VVS1,0.31,903
Very Good,G,VS1,1.01,6618
Premium,E,VS2,0.35,853
Premium,E,SI1,0.37,649
Premium,G,VVS2,0.33,965
Ideal,G,VVS1,0.3,737
Premium,E,SI1,0.7,2444
Ideal,D,VVS1,0.4,1665
Premium,F,VS2,1.0,6608
Premium,H,SI2,1.52,6086
Premium,H,SI1,0.5,1094
Premium,F,VS1,0.71,2961
Ideal,E,VVS1,0.31,924
Ideal,G,VS2,0.6,1746
Ideal,F,VS2,0.31,591
Ideal,E,SI1,0.31,516
Very Good,D,SI1,0.9,3812
Ideal,E,VS2,0.38,1112
Very Good,J,VS1,1.3,4994
Ideal,H,VS1,0.9,4201
Very Good,D,SI2,1.52,9781
Fair,F,VVS2,0.51,3920
Ideal,H,I1,1.2,3763
Ideal,E,VS1,0.61,2214
Fair,H,I1,1.5,2964
Premium,E,SI2,0.41,876
Ideal,H,SI2,1.7,7664
Ideal,J,VVS2,0.4,662
Ideal,E,VS2,0.7,3376
Good,I,VS2,0.7,2268
Premium,G,SI2,0.95,3671
Ideal,G,SI2,0.8,2517
Very Good,H,VS2,0.6,1557
Ideal,I,VS1,0.32,529
Ideal,H,IF,0.36,1013
Premium,F,VS2,1.0,7072
Very Good,G,VS2,1.01,5519
Good,E,SI1,0.7,2239
Ideal,G,VS1,0.31,695
Very Good,I,VS2,0.77,2262
Very Good,E,VVS1,0.29,664
Ideal,E,VS1,0.71,3380
Premium,H,VVS1,0.31,907
Premium,H,VVS2,0.81,3266
Very Good,E,VS2,0.51,1662
Good,E,VVS1,0.38,904
Fair,G,I1,0.7,956
Premium,I,SI1,1.01,4355
Very Good,D,SI1,1.02,5198
Very Good,F,VS1,1.53,11379
Very Good,J,VS2,0.77,1843
Premium,G,SI1,1.53,9476
Premium,F,VS2,0.31,802
Very Good,I,VS2,1.14,4785
Very Good,G,VVS2,0.41,1007
Ideal,I,SI1,0.32,432
Premium,D,SI1,0.43,993
Ideal,H,SI2,0.72,2252
Ideal,G,VS2,0.42,1087
Ideal,D,VS1,0.7,3618
Premium,G,IF,0.42,1400
Ideal,D,SI2,0.51,1264
Very Good,G,VS2,0.34,596
Ideal,D,VVS2,0.31,1034
Ideal,G,VVS2,1.09,8364
Ideal,G,VS1,1.67,16643
Good,E,SI1,1.0,4573
Good,J,SI2,0.64,1141
Very Good,I,SI1,1.01,4186
Premium,E,SI1,0.52,1577
Ideal,F,VVS1,1.01,10197
Good,I,VS2,1.35,5610
Ideal,D,SI2,0.7,2553
Very Good,H,VS1,1.2,8039
Premium,H,SI1,1.18,5696
Ideal,G,VS2,0.71,2587
Premium,E,SI1,0.5,1316
Ideal,H,SI2,2.3,14215
Ideal,F,VS1,0.55,1754
Premium,G,SI2,0.74,2398
Very Good,F,VS1,1.11,8528
Ideal,G,VVS2,0.59,2283
Very Good,D,SI2,0.91,3573
Good,J,VS2,0.4,591
Ideal,G,VVS2,1.02,8107
Very Good,E,VS1,0.71,3192
Ideal,G,VVS2,0.3,687
Ideal,H,SI1,1.57,11068
Very Good,I,VS1,2.01,17068
Premium,G,SI2,1.04,4200
Very Good,E,VS2,0.54,1426
Premium,J,VS1,0.3,506
Very Good,G,SI2,0.73,2057
Ideal,D,VS2,0.3,911
Very Good,G,SI1,0.71,2711
Ideal,F,VS1,0.41,1076
Premium,H,VVS1,0.41,1115
Very Good,D,SI2,0.4,798
Very Good,G,VS2,1.7,16086
Ideal,G,SI2,1.08,4814
Ideal,E,VS2,0.32,702
Ideal,F,VS1,0.39,958
Premium,H,SI1,2.01,17458
Ideal,I,VS1,1.57,10209
Very Good,G,VS2,0.33,623
Ideal,D,VS1,0.31,683
Premium,J,SI2,2.03,12268
Very Good,D,SI2,1.72,12360
Premium,H,SI2,2.2,11147
Ideal,I,SI1,0.71,2376
Very Good,I,VS1,0.3,473
Good,I,SI2,1.04,2970
Premium,H,VVS2,0.71,2863
Very Good,H,VVS2,0.24,432
Premium,E,VS2,0.26,580
Ideal,E,VS1,0.61,2485
Premium,E,VS2,0.36,1013
Very Good,D,VVS2,0.26,597
Ideal,H,VVS2,0.3,776
Premium,E,VS1,0.43,1131
Premium,G,VS2,1.83,18525
Premium,H,I1,1.54,5071
Very Good,G,VS2,0.51,1438
Very Good,G,VS2,0.7,2657
Premium,D,VS2,0.39,958
Premium,E,SI2,0.91,3639
Premium,I,VS1,1.71,10055
Very Good,H,SI2,1.28,5984
Premium,G,IF,1.09,10065
Good,H,SI1,2.1,12121
Ideal,F,VS1,0.3,570
Ideal,E,VS2,0.52,1694
Ideal,J,VS2,0.84,2376
Good,D,SI1,0.35,601
Good,E,VS1,0.28,470
Ideal,J,SI2,0.52,924
Ideal,F,SI2,0.83,2790
Very Good,E,SI1,1.0,5396
Good,J,VS2,0.7,1843
Premium,F,VS1,1.21,10245
Ideal,F,VS2,0.38,1026
Premium,F,VS2,1.51,14294
Premium,G,VS1,1.01,6618
Ideal,G,VVS2,0.36,794
Ideal,H,SI1,0.31,421
Good,E,SI2,0.77,2371
Very Good,E,VS2,0.7,2952
Ideal,D,SI1,0.41,920
Good,G,SI1,0.58,1388
Ideal,G,VVS2,0.32,936
Ideal,I,VS2,0.51,1277
Premium,F,SI2,1.13,4360
Premium,E,VS2,0.39,889
Ideal,F,VS2,0.37,746
Ideal,G,SI1,1.01,4004
Ideal,H,VS2,0.36,729
Ideal,E,SI2,0.32,427
Premium,F,VS2,0.71,2803
Ideal,H,IF,0.3,764
Very Good,F,SI1,0.35,748
Fair,H,SI1,1.0,2873
Ideal,H,VVS2,0.34,686
Ideal,D,VS2,0.47,1270
Premium,H,SI2,1.44,7419
Ideal,I,SI1,0.5,1066
Very Good,H,SI1,2.01,18027
Ideal,G,VVS2,1.16,8646
Premium,E,VVS2,0.31,1046
Ideal,G,VS2,1.09,7357
Ideal,G,VS1,1.27,8543
Premium,E,VS2,0.32,580
Very Good,I,VS1,0.43,730
Premium,E,SI1,0.32,524
Very Good,E,VVS1,0.25,575
Very Good,H,I1,1.2,2850
Ideal,G,VS1,0.31,645
Ideal,F,VVS2,0.52,2168
Very Good,D,VS2,0.54,1892
Ideal,D,SI2,0.31,593
Ideal,D,SI1,0.31,732
Very Good,E,SI1,0.34,596
Ideal,D,VS2,0.31,734
Very Good,G,VS2,0.38,775
Good,D,SI1,0.47,987
Ideal,G,VS1,0.56,1822
Very Good,I,SI1,0.3,405
Ideal,G,SI2,0.7,2270
Premium,G,VS1,0.52,1815
Very Good,F,VS2,1.01,7370
Ideal,I,SI1,1.13,5149
Ideal,H,VS1,1.7,16240
Premium,G,VS1,0.71,2825
Very Good,H,SI1,2.01,17759
Very Good,E,VS2,0.73,3184
Premium,F,VS2,1.02,6220
Ideal,G,SI2,0.72,2089
Ideal,E,VS1,0.53,2019
Fair,F,SI1,0.71,2458
Good,I,VS2,1.0,4761
Premium,G,VVS2,0.31,907
Very Good,G,SI1,0.72,2396
Ideal,G,VS1,0.31,802
Premium,G,VS1,0.33,854
Very Good,I,SI1,1.52,9664
Good,H,VS2,1.0,4861
Ideal,F,IF,0.32,929
Ideal,H,VS1,0.53,1577
Very Good,F,SI1,0.82,3048
Ideal,H,VVS2,0.31,802
Ideal,H,VVS1,1.09,7055
Very Good,G,VS1,0.32,660
Ideal,E,VS2,0.57,1949
Ideal,I,VS2,0.31,447
Ideal,G,VVS1,0.31,1046
Ideal,D,VVS2,0.37,997
Ideal,J,VS2,0.7,1874
Ideal,I,VVS2,0.3,532
Ideal,F,VS2,0.33,854
Ideal,G,VS1,0.52,1689
Premium,E,VS2,0.37,692
Premium,G,VS1,1.28,9505
Premium,G,SI1,0.7,2010
Premium,F,SI2,1.05,4363
Very Good,E,VS2,0.46,1243
Premium,D,SI2,0.4,666
Ideal,H,SI1,0.56,1270
Very Good,I,VS2,1.0,4739
Ideal,F,VVS1,0.42,1223
Very Good,E,VVS2,1.01,9076
Very Good,I,VVS1,0.7,2484
Ideal,F,VVS1,0.38,1200
Very Good,F,VS2,0.24,419
Very Good,D,SI1,0.61,1622
Ideal,G,SI1,0.9,3780
Good,D,SI2,0.51,1180
Ideal,G,VVS1,0.38,949
Ideal,H,I1,1.57,5170
Ideal,J,VS1,1.15,5152
Premium,E,VS2,0.78,3494
Good,F,VS1,0.47,1243
Ideal,E,SI2,0.71,2470
Ideal,D,VS2,0.33,781
Good,D,SI2,0.53,1226
Ideal,G,SI1,1.02,4044
Premium,J,VVS2,1.66,9882
Ideal,F,VVS2,0.42,1221
Premium,E,VS2,0.63,2344
Premium,E,VS2,1.03,6344
Premium,D,VS2,0.54,1913
Premium,F,IF,0.3,1013
Ideal,I,VS1,0.43,1218
Ideal,H,SI1,2.09,14383
Ideal,H,IF,0.33,838
Very Good,E,VVS2,0.23,485
Premium,D,SI1,0.43,830
Good,E,SI1,0.31,544
Ideal,F,SI1,0.36,770
Good,D,SI2,1.01,4719
Fair,G,SI2,0.7,1999
Very Good,F,VVS1,0.38,1087
Premium,H,VS2,0.31,489
Ideal,G,VS2,1.14,7371
Premium,E,SI1,0.76,2897
Very Good,E,VS1,0.24,378
Ideal,G,VVS2,0.41,1007
Very Good,G,SI1,0.74,2690
Very Good,H,IF,1.17,7644
Fair,D,SI2,2.01,16086
Premium,D,SI2,1.02,4044
Ideal,H,VS2,1.33,8385
Premium,F,SI1,1.32,7683
Premium,H,SI2,0.48,972
Ideal,F,VVS2,0.52,2064
Ideal,D,SI2,0.7,2551
Ideal,F,VVS1,1.21,12556
Ideal,H,VVS1,0.52,1754
Ideal,D,VS1,0.42,1395
Ideal,D,VS1,0.51,2066
Ideal,E,SI1,0.33,579
Good,I,VS1,1.1,4967
Ideal,F,SI1,0.91,4267
Ideal,E,VVS2,0.31,864
Very Good,G,VVS1,1.2,9968
Very Good,F,SI1,0.7,2161
Very Good,D,SI2,0.91,4123
Ideal,E,VS1,0.32,825
Premium,D,VS2,0.5,1819
Good,G,VVS2,1.51,13155
Ideal,E,SI1,0.81,3338
Very Good,E,VVS2,0.25,575
Good,E,SI2,0.5,1077
Ideal,E,SI2,0.9,3958
Premium,F,IF,0.31,979
Ideal,D,VVS2,0.32,790
Premium,H,SI1,1.22,6153
Ideal,J,SI1,0.47,983
Good,G,SI1,1.51,10216
Premium,H,SI1,1.01,3417
Ideal,F,IF,1.1,11233
Ideal,H,SI1,1.21,4249
Very Good,E,SI2,1.01,4561
Ideal,D,SI1,0.32,706
Very Good,G,SI1,0.31,462
Ideal,I,VS2,0.4,639
Premium,G,VS2,0.41,1061
Ideal,D,SI2,0.83,3774
Premium,F,VS2,0.31,802
Ideal,I,SI1,1.75,13393
Fair,G,SI2,1.56,7950
Very Good,I,VVS2,0.71,2450
Ideal,I,VS2,0.71,2582
Premium,H,VS1,0.51,1381
Premium,E,VS2,1.02,6032
Premium,F,SI2,1.11,4612
Premium,G,SI1,1.51,10267
Ideal,D,VVS2,0.26,769
Ideal,G,SI2,0.78,2561
Good,F,SI1,1.01,4989
Premium,F,SI1,1.51,8033
Very Good,E,VVS1,0.36,1140
Ideal,E,VVS1,0.35,905
Premium,I,IF,0.3,631
Premium,G,SI1,0.54,1389
Premium,G,VS1,1.23,5786
Ideal,F,IF,0.32,958
Very Good,J,VS1,0.44,694
Very Good,J,VS1,1.51,8524
Ideal,F,VS1,0.3,731
Ideal,I,SI2,0.72,1927
Very Good,G,VS2,1.01,6108
Ideal,E,SI2,0.72,2530
Ideal,G,VS2,1.07,6558
Very Good,E,VVS2,0.25,548
Premium,I,SI2,0.57,1097
Premium,D,VS1,0.41,1082
Good,G,SI1,0.91,3286
Premium,D,SI2,0.9,3312
Very Good,E,SI2,1.0,4004
Ideal,G,VVS2,0.5,1766
Ideal,E,VS2,0.32,900
Very Good,E,VVS1,0.27,620
Ideal,G,VS1,0.73,3589
Premium,G,VS1,1.15,7535
Ideal,E,SI1,1.01,6346
Ideal,G,VVS1,0.41,1076
Premium,E,VS1,1.0,7260
Good,E,SI2,0.7,2026
Very Good,F,SI2,0.71,2098
Premium,H,VS2,1.27,7219
Premium,I,VS1,1.5,9900
Very Good,F,SI2,1.01,3897
Good,H,SI1,0.37,528
Good,E,SI1,0.53,1355
Premium,G,SI2,0.33,557
Ideal,H,VS1,0.73,2919
Ideal,E,SI2,0.41,876
Ideal,G,SI1,1.5,11180
Ideal,F,VVS1,0.37,931
Premium,G,VS2,0.33,743
Ideal,I,VS1,0.52,1357
Premium,F,VVS1,0.39,1290
Ideal,I,VVS1,0.42,884
Ideal,H,VVS2,0.32,628
Ideal,G,VS2,0.74,2604
Premium,I,VS2,2.07,18359
Good,F,VS2,0.55,1624
Ideal,F,VVS2,1.27,13823
Very Good,G,SI2,1.19,3739
Very Good,I,VS2,0.9,3535
Premium,H,VVS1,0.33,752
Premium,E,SI2,1.05,4742
Ideal,E,VVS2,0.31,816
Good,F,VS2,0.9,4617
Ideal,I,VVS2,1.71,13660
Premium,H,VS2,1.05,5370
Ideal,I,SI1,1.06,4313
Ideal,H,VS2,0.39,983
Premium,G,VS1,0.31,802
Good,H,SI1,0.71,2207
Good,H,VS2,1.51,10628
Ideal,E,VVS2,0.5,2889
Very Good,G,VS1,1.73,15014
Very Good,F,VS2,0.55,1599
Premium,G,VVS1,0.31,1046
Ideal,G,VVS1,0.34,863
Very Good,D,SI1,1.5,12060
Very Good,D,VS2,1.02,6785
Premium,H,SI1,0.41,683
Premium,G,VS2,1.37,7951
Premium,G,VVS1,1.16,11717
Premium,D,VS2,0.38,1117
Premium,F,VVS2,1.02,8774
Ideal,F,VVS2,0.73,3463
Very Good,D,SI1,0.53,1724
Very Good,G,SI2,0.51,1100
Good,G,SI2,0.91,3340
Ideal,E,I1,1.13,3797
Ideal,D,VS2,0.31,942
Ideal,F,SI1,0.5,1286
Premium,G,SI2,1.07,4523
Ideal,D,SI1,0.81,3353
Good,H,SI1,0.7,2029
Very Good,G,VS2,0.51,1438
Good,G,VVS1,0.7,3380
Ideal,G,SI2,0.74,2423
Very Good,I,SI2,3.04,15354
Ideal,E,VS1,0.7,3167
Ideal,I,VVS1,0.7,2386
Ideal,E,SI1,1.24,7701
Ideal,F,VVS2,0.32,800
Premium,F,SI1,0.74,2648
Very Good,G,VVS2,1.53,15466
Very Good,I,SI2,1.37,5834
Very Good,J,VS1,0.3,427
Very Good,F,VS2,0.61,1971
Very Good,I,SI1,0.91,2852
Very Good,H,IF,0.33,795
Ideal,F,VS1,0.53,1619
Fair,G,SI1,1.01,2993
Premium,D,SI2,2.01,13811
Premium,E,SI1,0.7,2657
Ideal,F,VVS2,0.33,824
Ideal,D,VS2,0.51,1882
Very Good,E,VVS2,0.41,1133
Premium,I,SI2,2.08,14047
Premium,I,IF,0.36,972
Very Good,G,VVS2,0.3,878
Ideal,G,VS1,0.52,1694
Ideal,E,VS2,0.36,789
Very Good,D,SI1,0.41,947
Premium,H,VVS1,0.41,1115
Very Good,G,SI1,0.3,413
Ideal,I,VS1,0.31,489
Ideal,F,VS1,1.01,8552
Very Good,G,SI2,0.86,2967
Very Good,E,SI1,1.03,5010
Very Good,D,SI1,0.32,589
Ideal,J,SI2,1.05,4126
Ideal,D,VS2,0.3,710
Ideal,E,VVS2,0.51,2301
Premium,G,VVS1,0.3,789
Premium,F,SI2,1.01,3597
Ideal,H,VS2,1.21,7513
Premium,E,SI2,0.43,716
Ideal,F,SI2,0.29,496
Ideal,E,SI2,1.04,5125
Premium,H,SI2,1.01,4166
Ideal,D,VS2,0.43,1314
Very Good,G,VVS2,1.0,7950
Ideal,E,SI2,0.73,2559
Ideal,E,VS2,0.3,621
Very Good,G,SI1,1.1,4997
Premium,D,SI2,0.85,3398
Very Good,D,VS2,1.02,6974
Ideal,F,VVS1,0.31,1074
Very Good,H,VS2,1.25,7227
Premium,J,SI1,1.71,8690
Good,E,VVS2,0.4,981
Ideal,G,VVS1,1.21,10483
Very Good,E,VS2,1.01,6221
Ideal,D,IF,0.53,3517
Good,H,VS2,0.39,718
Ideal,G,VS1,1.24,9123
Ideal,D,VS2,0.4,982
Ideal,G,SI1,0.53,1308
Fair,D,SI2,1.0,2974
Ideal,H,SI1,0.33,564
Ideal,G,VS1,0.52,1621
Premium,F,VS2,0.2,367
Very Good,D,VS1,0.3,707
Ideal,G,VS2,0.7,2723
Very Good,G,VVS2,0.32,730
Ideal,G,VVS1,1.14,9037
Premium,G,SI2,0.71,1977
Ideal,G,VS1,0.57,1851
Ideal,E,VVS2,0.26,769
Ideal,H,SI1,0.3,540
Premium,G,VS2,0.71,2735
Good,I,SI1,1.2,5040
Very Good,H,SI2,1.01,3032
Ideal,G,IF,0.41,1367
Good,H,VS2,1.51,8904
Ideal,G,SI2,0.41,648
Ideal,H,VVS1,0.33,730
Ideal,H,VS2,0.54,1453
Very Good,G,SI1,1.2,5665
Very Good,D,SI1,0.9,4381
Ideal,F,VVS2,0.4,994
Ideal,D,VS2,0.5,1752
Premium,I,SI1,0.31,537
Premium,G,VS2,0.55,1556
Very Good,D,SI2,1.01,4528
Very Good,H,SI2,1.2,5221
Premium,I,VS2,1.26,5983
Premium,H,VS2,1.01,5260
Ideal,F,SI2,0.61,1424
Very Good,G,SI1,0.42,687
Ideal,I,VS1,0.31,502
Ideal,F,VVS2,0.58,2263
Premium,H,VS2,0.32,648
Very Good,I,I1,1.27,3665
Ideal,E,VVS1,0.3,813
Good,H,SI1,1.01,5544
Ideal,G,VVS2,0.72,3139
Very Good,D,SI1,0.5,1415
Premium,E,I1,1.12,3942
Ideal,H,VVS1,0.33,730
Ideal,G,VVS2,1.06,8726
Very Good,E,VVS2,0.28,642
Ideal,I,VVS2,0.32,720
Premium,H,VS1,0.32,561
Premium,F,SI1,1.0,4234
Ideal,F,SI1,0.7,2596
Ideal,H,VVS2,0.3,590
Very Good,E,VS2,1.01,6787
Premium,J,SI1,2.0,12308
Fair,F,VS2,0.53,1402
Ideal,E,VVS1,0.3,838
Premium,G,SI2,2.13,16931
Ideal,H,I1,1.02,3987
Ideal,H,IF,0.7,3309
Very Good,D,SI2,1.71,11844
Good,J,VS2,1.33,5251
Ideal,H,VVS2,0.72,3417
Ideal,G,SI1,0.31,593
Very Good,E,SI1,0.33,579
Ideal,E,VS2,0.55,1816
Premium,E,VS2,0.57,2069
Ideal,F,VVS1,0.72,4362
Ideal,E,VS2,0.42,908
Ideal,E,SI1,0.37,613
Ideal,H,SI1,0.5,1140
Very Good,G,VS1,1.5,11216
Premium,H,SI1,1.07,4440
Premium,H,SI1,2.01,17849
Ideal,H,VVS1,0.33,901
Very Good,G,VS1,0.39,741
Ideal,F,VVS2,0.33,761
Premium,I,SI1,2.28,17673
Fair,H,SI1,1.01,3869
Ideal,H,VVS1,0.51,1776
Ideal,G,IF,0.24,559
Ideal,H,SI1,2.08,17469
Very Good,E,SI1,0.71,2573
Ideal,G,SI1,0.32,445
Very Good,G,SI1,0.72,2385
Good,F,VS2,1.0,5929
Ideal,G,SI2,0.41,605
Very Good,E,VVS1,0.4,1142
Ideal,E,VVS2,0.38,1176
Premium,I,VS1,1.54,10164
Very Good,E,VVS1,0.24,552
Premium,F,SI1,0.52,1112
Ideal,J,SI1,1.16,3955
Very Good,F,SI2,0.3,506
Ideal,F,SI1,1.04,4426
Good,G,SI1,0.9,3669
Premium,G,VS1,1.24,7800
Premium,F,VS2,0.31,625
Ideal,D,SI2,0.71,2487
Very Good,H,VS2,0.31,489
Ideal,E,VS1,0.75,3086
Ideal,F,VS2,0.35,906
Premium,J,SI1,1.51,6976
Ideal,F,VVS2,0.44,1253
Premium,E,SI2,0.4,821
Very Good,F,VS2,0.93,4925
Very Good,H,VS2,1.54,11527
Fair,H,VS1,0.71,2401
Premium,F,VS2,0.5,1654
Good,F,SI2,0.35,591
Good,E,VS1,0.53,1776
Premium,G,VS1,1.73,15151
Ideal,H,VS1,1.3,5962
Very Good,F,VVS1,1.24,11716
Ideal,I,VVS1,0.31,557
Very Good,F,VVS2,0.73,3442
Ideal,G,VVS1,1.08,8347
Good,D,SI2,1.2,6344
Ideal,E,VS2,0.52,1689
Good,F,VS1,0.47,1243
Very Good,E,VVS2,0.3,789
Ideal,G,SI1,1.01,5166
Premium,H,SI1,2.0,18371
Ideal,I,SI1,1.02,4738
Ideal,G,SI2,0.4,654
Premium,G,VS2,0.4,1035
Very Good,H,SI1,0.58,1219
Very Good,H,SI1,1.2,6019
Very Good,D,VS1,0.62,2310
Ideal,I,SI1,0.85,3392
Ideal,G,IF,0.37,1056
Very Good,H,SI2,1.32,6085
Ideal,F,VVS1,1.03,9881
Premium,I,SI2,0.71,1917
Very Good,H,VVS2,0.32,645
Ideal,G,SI1,0.57,1384
Ideal,E,VS2,0.37,811
Ideal,H,SI1,0.43,858
Premium,E,SI1,0.86,3323
Premium,D,SI2,1.5,8108
Ideal,F,VVS2,0.6,2652
Very Good,E,VS1,0.32,630
Ideal,G,SI1,0.43,968
Very Good,I,VS1,1.51,9704
Ideal,G,VS2,0.3,675
Ideal,I,SI1,1.24,6232
Premium,J,VS1,2.09,15035
Premium,G,SI1,0.91,3816
Ideal,G,VS2,0.3,675
Premium,G,SI1,0.41,719
Good,F,VS2,1.5,10134
Premium,H,VS2,1.11,5395
Ideal,F,VVS1,0.35,994
Fair,I,SI2,1.02,3802
Premium,H,SI2,2.16,16400
Very Good,I,SI2,1.59,7345
Ideal,H,VVS2,0.33,827
Ideal,F,VVS1,0.33,939
Ideal,E,VS2,0.34,956
Ideal,I,SI2,1.54,8254
Very Good,E,SI1,0.52,1438
Good,G,SI1,0.77,2373
Ideal,E,VVS2,0.37,1082
Ideal,D,VVS1,0.41,1582
Premium,H,SI2,2.0,12940
Ideal,I,VVS2,0.28,497
Good,G,SI2,1.12,4158
Very Good,H,SI1,1.01,4369
Very Good,I,SI2,0.41,692
Premium,G,VS2,0.3,675
Ideal,G,IF,0.4,1229
Fair,F,I1,0.96,1917
Fair,D,SI2,1.04,3780
Premium,F,VS1,0.45,1229
Premium,G,I1,3.0,13203
Good,D,SI2,1.5,10302
Ideal,H,VS1,0.3,675
Ideal,E,VS2,1.14,9516
Very Good,J,SI1,0.71,1760
Premium,D,I1,1.16,3711
Premium,H,VVS1,0.3,593
Premium,J,VS1,1.55,7733
Very Good,E,VS2,0.5,1407
Ideal,H,IF,0.31,789
Premium,I,SI2,1.19,4498
Premium,G,SI2,1.04,3564
Ideal,E,SI2,1.29,6473
Premium,I,SI1,1.21,5556
Ideal,H,VS2,0.31,507
Very Good,G,VS2,1.06,6818
Very Good,D,SI1,0.51,1569
Very Good,D,VS2,0.5,1378
Good,H,SI1,0.41,876
Ideal,E,VS1,0.9,5335
Very Good,H,IF,0.31,778
Very Good,F,VS2,1.5,13001
Ideal,H,VS2,0.3,457
Premium,G,SI2,0.32,540
Premium,H,VS2,1.54,11632
Premium,E,VS1,0.3,911
Very Good,G,VS2,1.0,5702
Very Good,H,VS2,1.2,7072
Very Good,F,VVS2,1.24,11234
Ideal,I,VS1,0.3,608
Ideal,G,SI2,1.01,4260
Fair,J,SI1,1.13,4123
Ideal,F,VS1,0.72,3330
Ideal,G,VS1,1.01,7178
Ideal,G,SI2,0.38,602
Premium,D,VS2,1.51,14773
Very Good,D,SI2,1.17,6062
Premium,I,SI2,0.7,1415
Premium,G,SI1,1.11,5750
Very Good,F,VVS1,0.3,858
Ideal,H,SI2,1.5,8471
Very Good,D,SI1,0.7,2681
Very Good,E,VS2,0.9,4598
Ideal,D,SI1,1.02,6158
Premium,E,VS2,0.56,1882
Premium,H,SI2,1.1,4497
Premium,H,VVS2,0.4,1125
Ideal,G,I1,1.09,3614
Premium,H,VVS1,0.33,965
Very Good,D,VS1,0.54,1988
Premium,H,VS2,1.52,8825
Premium,G,VS2,0.4,753
Premium,G,VVS2,1.2,8870
Very Good,E,IF,0.26,547
Ideal,E,SI2,2.01,13387
Premium,G,SI1,1.13,5376
Premium,I,SI2,0.96,2669
Ideal,F,VS2,0.35,906
Very Good,H,SI2,0.56,1144
Ideal,F,VS2,0.34,880
Very Good,G,VVS2,1.2,9169
Premium,H,SI2,2.12,12693
Ideal,G,SI2,1.02,4363
Good,D,IF,0.46,2139
Very Good,F,VVS2,0.32,701
Ideal,E,SI1,1.11,6291
Very Good,F,SI1,0.7,2382
Ideal,D,VS2,0.32,657
Ideal,F,SI1,0.56,1340
Very Good,E,SI2,0.41,638
Very Good,D,SI1,0.74,2880
Ideal,F,VVS2,0.52,2137
Very Good,I,VS1,0.3,608
Premium,G,VS2,1.2,7728
Premium,G,VS1,0.3,776
Ideal,E,SI2,1.02,4478
Ideal,G,IF,0.71,3739
Ideal,D,VS2,0.42,1103
Premium,J,VVS1,1.27,5761
Ideal,H,VVS1,0.43,1017
Premium,F,VS2,0.37,957
Good,F,SI1,0.29,545
Ideal,E,VS2,0.35,984
Good,E,VS1,0.23,327
Ideal,F,VS1,0.53,1830
Premium,I,SI1,1.31,5282
Very Good,E,VVS2,0.23,505
Very Good,E,SI2,1.14,5236
Premium,J,SI1,0.8,2088
Premium,D,SI2,0.3,574
Premium,I,VS2,1.22,5405
Good,G,SI2,1.01,3626
Ideal,E,SI2,1.02,4912
Ideal,H,SI2,2.02,12485
Premium,I,I1,2.34,8491
Very Good,H,VS2,1.08,5155
Ideal,E,I1,1.18,4229
Very Good,H,SI1,0.6,1402
Premium,G,SI1,0.33,492
Premium,J,SI1,1.35,5546
Ideal,G,VS1,0.31,542
Premium,I,VS1,0.57,1212
Premium,J,VS1,0.3,506
Good,E,VS2,0.61,2124
Ideal,G,SI2,0.43,696
Very Good,H,VVS2,0.31,625
Premium,D,VS1,0.4,1123
Premium,H,SI1,0.71,1883
Premium,G,VVS1,0.43,1207
Very Good,F,VS2,0.7,2928
Good,H,I1,1.02,2751
Premium,I,SI2,1.02,3856
Ideal,D,VS2,0.41,1007
Ideal,G,SI1,0.55,1417
Ideal,E,VS2,0.63,2513
Ideal,G,VVS1,0.54,2087
Very Good,E,VS1,0.77,3318
Very Good,I,VVS1,0.59,1709
Ideal,G,IF,0.3,956
Ideal,E,VS2,0.5,1746
Good,I,SI1,0.7,1790
Ideal,I,VS1,1.67,11975
Ideal,H,SI1,0.54,1178
Ideal,H,VS1,0.53,1848
Ideal,E,VVS1,0.53,3084
Ideal,G,VVS1,1.19,10508
Very Good,E,SI2,0.54,1278
Premium,E,SI1,0.55,1630
Ideal,E,VVS2,0.26,564
Ideal,I,VS2,1.72,11226
Very Good,H,VS1,0.5,1429
Good,H,SI2,0.33,416
Ideal,G,VS1,1.09,7078
Good,H,VS2,0.37,584
Ideal,I,VS1,0.36,587
Very Good,E,SI2,1.01,4363
Very Good,G,SI1,0.71,2644
Ideal,H,SI1,1.21,5948
Very Good,G,VS2,0.31,544
Ideal,F,VS2,0.55,1715
Good,E,VVS2,0.6,2511
Premium,F,SI1,1.05,4445
Very Good,E,VS2,1.01,6787
Very Good,G,SI1,0.9,3919
Premium,I,VS1,1.53,9877
Premium,H,VS2,0.32,648
Fair,E,VVS2,0.3,586
Ideal,F,SI2,1.05,5347
Ideal,E,VS2,0.37,768
Ideal,G,VVS1,0.6,3001
Good,D,SI1,1.0,5013
Premium,E,SI1,1.53,12851
Ideal,E,VS2,0.42,958
Ideal,I,SI1,1.51,8400
Ideal,D,VVS2,1.24,13803
Ideal,G,VS1,0.32,828
Very Good,H,SI1,1.5,7459
Premium,E,SI1,0.91,3961
Very Good,G,VS2,1.0,5967
Ideal,G,IF,0.32,918
Ideal,F,VVS1,0.4,1263
Premium,E,SI1,1.01,5599
Ideal,I,VVS2,0.31,698
Premium,G,SI2,1.11,4670
Good,F,SI1,0.51,1220
Ideal,F,IF,0.32,915
Ideal,G,VS1,0.53,1607
Premium,E,VVS1,0.71,3779
Ideal,F,VS2,0.31,625
Good,E,VS2,1.0,5819
Good,G,SI1,0.76,2425
Premium,J,VS2,1.25,5170
Premium,E,SI1,0.38,898
Ideal,E,VS2,0.54,1774
Premium,F,VS2,0.37,746
Very Good,H,VVS2,0.33,614
Premium,G,VS2,0.31,544
Ideal,F,VVS2,0.33,761
Fair,G,SI2,0.71,2055
Ideal,G,SI1,1.02,4633
Good,G,SI1,0.36,537
Ideal,E,SI1,0.37,606
Premium,E,SI2,2.0,17760
Ideal,I,VVS1,0.5,1370
Ideal,F,VVS1,0.32,926
Ideal,D,VS2,0.41,1076
Ideal,F,VS1,0.56,2097
Ideal,G,SI2,0.72,2295
Fair,H,SI1,2.02,13502
Very Good,D,SI2,1.03,4679
Premium,H,SI2,1.51,7321
Ideal,H,VS1,1.26,8238
Very Good,H,VS2,0.9,3878
Ideal,G,VS1,0.74,3635
Premium,G,SI1,0.9,3407
Premium,D,SI2,0.7,2596
Ideal,F,VS2,0.8,3713
Premium,D,VS2,0.4,1050
Good,F,I1,1.66,6025
Very Good,I,VS1,0.3,473
Ideal,F,VS1,0.55,1890
Fair,D,VS2,0.71,3077
Ideal,E,VS1,0.71,2866
Good,H,SI1,1.01,4488
Ideal,H,SI1,1.25,6661
Ideal,I,SI2,1.15,5216
Very Good,E,SI2,1.08,4656
Ideal,H,IF,0.73,3301
Ideal,I,VS1,0.36,729
Very Good,E,VS2,0.28,487
Good,G,VS1,1.04,6360
Premium,F,SI1,0.42,773
Ideal,D,VVS2,0.31,777
Good,J,VS2,1.21,5096
Ideal,G,SI2,0.77,2162
Premium,G,VS1,1.05,6146
Ideal,F,VS1,0.41,1076
Ideal,F,VS2,0.35,906
Ideal,E,VS1,0.73,3660
Ideal,G,VS1,1.02,6857
Very Good,E,VS2,0.24,419
Ideal,E,SI2,1.13,5457
Good,G,VS2,0.9,3918
Premium,D,SI2,0.71,2743
Very Good,G,VS1,0.77,3240
Ideal,G,VVS1,1.04,8120
Good,J,SI1,1.25,5110
Premium,I,VS1,0.38,778
Premium,I,SI1,1.27,5690
Very Good,F,SI1,0.52,1354
Ideal,J,VS2,1.53,7550
Ideal,I,VS2,2.18,13769
Very Good,F,VVS1,0.31,767
Very Good,G,SI2,1.2,4443
Premium,I,SI1,2.25,18034
Premium,E,SI2,0.72,1808
Very Good,E,VS1,1.01,6997
Premium,D,SI1,0.64,2074
Very Good,G,VVS1,0.32,842
Very Good,G,VVS2,0.33,672
Ideal,F,VS1,0.55,1809
Fair,H,SI2,2.0,11600
Ideal,H,VS1,0.41,1269
Very Good,H,SI1,1.47,8663
Premium,J,SI1,2.03,12492
Ideal,J,SI1,1.24,5000
Good,F,VVS2,0.73,3166
Very Good,E,SI2,1.03,5393
Very Good,F,VVS1,0.43,1358
Ideal,E,VVS2,0.72,3093
Premium,H,SI1,0.51,1250
Good,F,VS2,0.41,749
Very Good,F,SI2,0.71,2036
Ideal,G,VS2,1.06,6728
Very Good,E,SI1,0.41,755
Premium,I,SI2,2.32,10913
Premium,D,SI2,0.34,507
Very Good,J,SI2,1.29,3884
Ideal,I,IF,0.4,1053
Premium,H,I1,0.43,581
Ideal,F,VVS1,1.11,10602
Premium,E,SI1,0.35,788
Ideal,G,VVS2,0.55,2022
Premium,E,SI1,0.71,2629
Ideal,G,VS1,0.36,746
Good,H,VS1,1.5,8749
Premium,G,VS2,0.73,2581
Ideal,G,SI1,0.7,2276
Premium,D,SI1,1.08,5419
Ideal,J,SI1,1.75,8840
Very Good,H,VVS1,0.65,2318
Premium,D,SI1,0.52,1344
Premium,E,SI1,0.5,1348
Very Good,G,VS2,1.03,6036
Very Good,D,SI1,0.71,2964
Premium,D,SI1,0.4,990
Fair,H,SI2,0.74,1962
Ideal,E,VS2,0.54,1754
Very Good,I,SI1,2.01,13849
Fair,F,VS1,0.7,3039
Premium,G,VVS2,0.31,907
Ideal,I,VS2,0.71,2614
Premium,I,IF,0.32,673
Premium,G,VS1,0.38,833
Good,E,VVS1,0.23,458
Very Good,J,VS2,1.52,7109
Ideal,G,VS1,1.7,13398
Ideal,D,SI2,1.19,5504
Very Good,H,VS2,1.23,6848
Good,E,SI1,0.41,904
Very Good,E,VS2,0.59,2145
Ideal,D,VS2,0.35,829
Premium,F,VS2,0.53,1753
Premium,J,SI2,0.71,1305
Very Good,E,VS1,0.9,4449
Very Good,D,SI1,0.5,1257
Premium,G,SI1,0.43,929
Ideal,E,VS2,0.54,1765
Fair,I,VVS2,0.77,2292
Ideal,E,VS1,0.41,1079
Very Good,F,VVS1,0.31,897
Ideal,G,SI1,0.54,1404
Good,D,SI1,0.43,993
Ideal,F,SI2,2.01,15955
Ideal,F,SI2,0.7,2398
Ideal,G,VS1,0.81,3923
Premium,D,SI1,0.32,756
Premium,E,SI1,0.72,2385
Very Good,D,VVS1,0.56,2866
Ideal,F,VVS1,0.3,814
Fair,I,I1,0.97,2357
Very Good,F,SI1,0.3,500
Premium,G,VS2,0.71,2515
Premium,H,SI2,1.24,5277
Very Good,D,VS1,0.7,3208
Ideal,G,VS2,1.51,13234
Good,J,SI1,0.32,374
Ideal,G,VS1,0.32,718
Ideal,E,VS1,0.51,2075
Premium,I,VS1,1.27,6415
Very Good,G,SI2,0.53,1079
Ideal,E,VS1,1.52,16916
Premium,I,VVS1,0.34,803
Ideal,E,VVS1,0.25,705
Very Good,F,VS1,0.36,825
Very Good,F,SI1,1.78,13659
Good,E,SI1,0.53,1224
Ideal,G,VVS2,0.34,735
Ideal,I,VS1,1.28,7025
Ideal,H,VS2,0.39,788
Ideal,H,VS1,0.32,720
Premium,E,SI2,0.42,778
Very Good,J,VS1,1.5,8662
Very Good,F,VVS2,1.02,8940
Good,G,SI1,0.58,1295
Good,G,VS2,0.91,4183
Premium,E,SI2,1.01,4371
Ideal,G,VS1,0.55,2132
Good,D,SI2,0.92,3916
Premium,F,SI1,1.0,5221
Good,J,SI1,0.5,912
Ideal,E,VVS1,0.31,936
Ideal,E,VVS1,0.31,853
Very Good,F,VVS2,1.11,9792
Fair,I,SI2,3.01,18242
Ideal,J,SI1,2.01,12048
Very Good,H,VVS2,0.34,686
Ideal,G,VS2,0.31,544
Good,H,SI1,0.71,2096
Ideal,D,VS1,0.33,1007
Ideal,I,SI2,2.18,15706
Good,E,VS1,0.25,361
Ideal,D,VS2,0.33,681
Very Good,H,VS1,0.7,2421
Premium,F,SI1,0.29,518
Ideal,H,VVS1,0.54,1723
Premium,D,VS2,0.4,982
Premium,G,SI2,1.03,4413
Ideal,H,VS2,0.4,764
Ideal,G,VS2,0.39,816
Very Good,G,VS2,0.51,1438
Premium,H,SI1,1.03,4932
Good,G,IF,0.9,5855
Premium,G,VVS2,1.21,9757
Very Good,D,SI1,1.1,6352
Ideal,G,VVS1,0.42,1235
Ideal,D,VVS1,0.38,1867
Very Good,G,VS1,0.24,391
Very Good,G,VS2,0.33,579
Ideal,H,VS2,0.57,1655
Ideal,H,SI1,1.02,4540
Ideal,E,VVS2,0.31,979
Premium,G,VVS2,0.77,3299
Premium,G,SI1,1.04,4467
Ideal,G,SI2,0.45,709
Ideal,H,VS1,0.41,1061
Very Good,J,VS1,0.4,631
Premium,G,SI1,0.53,1268
Premium,D,VS2,0.21,386
Ideal,G,VS2,1.05,7028
Ideal,E,SI1,0.34,765
Premium,I,VS1,2.42,17262
Premium,E,VS1,1.41,12671
Ideal,H,SI2,0.78,1909
Ideal,G,VVS2,1.2,9785
Ideal,H,VVS2,0.9,4838
Ideal,H,VVS1,0.7,3175
Premium,F,VS2,0.5,1433
Good,G,SI1,1.0,4218
Premium,J,SI2,1.13,3987
Premium,E,VVS1,0.36,1035
Ideal,H,SI2,1.41,8030
Very Good,D,SI1,1.52,11595
Very Good,F,SI2,1.02,4162
Very Good,J,VS1,0.93,3651
Good,E,VS2,1.07,7250
Very Good,D,SI1,0.41,920
Very Good,D,VS2,0.85,4211
Ideal,H,SI1,0.91,3635
Ideal,F,SI1,0.52,1383
Premium,I,VS1,0.3,608
Premium,I,SI1,2.34,15818
Premium,H,VS1,0.71,2398
Very Good,H,SI1,0.52,1219
Very Good,I,VVS2,0.4,782
Ideal,F,VS2,1.67,17194
Very Good,D,VS1,0.31,709
Ideal,H,SI1,0.95,4958
Premium,G,SI2,1.71,11248
Ideal,I,VS1,0.34,555
Premium,H,VVS2,1.7,10337
Ideal,G,IF,0.41,1336
Very Good,G,VVS1,0.4,1066
Ideal,F,VS2,1.08,7110
Very Good,E,SI2,0.4,666
Premium,D,SI1,1.01,5939
Very Good,G,VVS2,0.45,1105
Good,D,SI2,0.51,1202
Ideal,F,VVS2,0.41,1036
Fair,G,VS1,0.46,1035
Premium,H,SI2,1.6,8184
Ideal,E,SI2,0.91,3898
Ideal,F,VS1,0.32,716
Ideal,F,SI1,1.06,4862
Fair,H,SI1,1.5,7832
Ideal,H,VVS1,0.31,687
Very Good,G,SI2,1.01,3966
Very Good,D,SI1,0.31,732
Very Good,G,VS1,0.43,943
Good,E,SI2,1.0,4184
Very Good,H,SI1,0.77,2591
Premium,G,SI1,0.4,900
Premium,H,SI1,0.59,1265
Very Good,D,VVS2,0.4,1128
Premium,D,VVS2,1.1,11233
Ideal,D,VS2,0.8,4781
Premium,H,SI2,2.0,13134
Good,D,SI2,1.07,4710
Ideal,E,VS1,0.72,3283
Very Good,F,SI2,0.34,447
Ideal,F,IF,0.31,914
Ideal,D,VS2,0.41,1076
Premium,E,SI1,0.32,561
Ideal,G,VS1,1.51,13995
Ideal,G,SI1,0.41,861
Ideal,D,SI1,0.36,794
Ideal,D,SI2,1.08,5247
Good,H,VVS2,0.7,2657
Fair,E,SI1,0.58,1641
Premium,I,VS2,0.32,576
Very Good,F,SI1,1.21,7877
Premium,D,SI1,0.4,772
Good,F,VS2,0.96,3871
Ideal,E,SI2,0.38,628
Ideal,H,IF,0.52,1956
Very Good,F,SI2,0.9,3457
Premium,G,SI1,0.91,4045
Ideal,H,SI1,0.46,1299
Ideal,F,VVS2,0.41,1115
Ideal,J,VS2,0.31,400
Ideal,D,SI1,0.73,3615
Ideal,G,IF,0.33,984
Premium,I,SI2,0.5,900
Premium,E,SI2,1.0,3450
Very Good,G,VS1,0.52,1736
Ideal,H,SI1,1.22,6541
Good,G,VVS2,1.01,7430
Ideal,E,SI1,1.02,5806
Ideal,H,SI1,0.78,2616
Very Good,D,SI1,1.23,8079
Premium,H,VVS2,0.31,802
Ideal,D,VS2,0.91,6444
Ideal,H,SI2,1.08,4491
Ideal,I,VS1,0.51,1301
Premium,G,VS1,0.39,1097
Very Good,G,VS2,1.03,6786
Ideal,F,IF,0.41,1439
Ideal,E,VS2,0.34,745
Ideal,H,VVS1,0.53,1775
Premium,H,SI1,1.12,4572
Premium,G,IF,0.3,956
Very Good,I,VS2,0.3,407
Very Good,E,VS1,0.27,470
Ideal,F,SI1,0.36,770
Premium,D,SI1,1.52,12707
Ideal,G,IF,0.55,2398
Very Good,H,SI2,1.53,9391
Ideal,I,VS2,0.32,576
Fair,F,VS2,0.65,1881
Good,J,VS2,1.66,8496
Ideal,G,SI2,1.05,4608
Premium,D,VS1,1.02,8181
Premium,F,VVS1,0.7,3300
Ideal,E,SI1,0.34,565
Ideal,H,SI2,0.51,1435
Very Good,D,VVS2,0.23,530
Fair,H,VS2,1.51,7188
Very Good,F,SI1,0.53,1322
Premium,G,SI2,1.08,4318
Premium,D,SI2,0.92,4096
Very Good,F,VVS1,0.44,1187
Ideal,G,VS1,0.62,2178
Ideal,F,SI1,0.31,663
Premium,G,VS2,0.43,867
Ideal,E,SI2,0.73,2431
Ideal,H,VS2,2.2,17460
Ideal,G,VVS1,1.26,10916
Ideal,F,VVS2,0.51,2203
Premium,I,SI2,1.01,3767
Premium,F,VS2,0.71,2694
Ideal,F,VS2,1.22,8733
Ideal,G,VS1,1.54,13846
Premium,G,VVS2,0.52,1835
Ideal,G,VS2,1.07,6648
Good,D,SI1,0.5,1436
Ideal,E,IF,0.31,1239
Ideal,E,VS2,0.36,673
Premium,E,VVS2,0.36,859
Very Good,F,VS2,1.5,13037
Ideal,J,IF,0.35,569
Ideal,G,VVS1,0.71,3210
Premium,D,VS2,0.43,1234
Very Good,H,VS1,0.35,614
Ideal,I,IF,0.39,865
Premium,G,SI2,0.71,1963
Ideal,F,SI2,1.27,5308
Ideal,D,VS2,0.32,972
Ideal,G,VS1,1.12,7827
Ideal,G,IF,0.3,863
Very Good,I,IF,0.32,673
Premium,E,VS2,1.2,8602
Ideal,G,SI2,1.5,8580
Very Good,F,VVS2,1.02,9246
Ideal,G,SI1,0.34,540
Premium,E,VS2,1.54,15185
Very Good,E,SI1,0.41,705
Premium,G,IF,0.3,895
Ideal,H,VVS1,1.28,8928
Good,J,VS2,0.9,2822
Premium,H,SI1,1.5,8669
Ideal,D,VVS1,0.6,3570
Ideal,G,VVS2,0.38,929
Ideal,F,VS1,0.39,939
Ideal,G,IF,0.34,1084
Very Good,G,VVS1,0.67,3178
Ideal,F,VS1,0.41,1076
Good,J,VS2,1.7,8146
Premium,D,VS1,0.7,3365
Premium,J,SI1,0.31,465
Ideal,I,SI1,1.0,4237
Good,E,SI1,0.4,882
Good,F,SI1,1.72,13622
Good,F,SI1,0.44,1018
Very Good,E,VS2,0.34,696
Very Good,H,SI1,0.86,3228
Ideal,I,VS1,1.55,10286
Ideal,F,SI1,0.34,727
Good,D,SI2,0.7,2221
Ideal,H,VVS2,0.72,3417
Ideal,H,VS2,0.34,689
Good,F,VS1,1.02,7197
Premium,D,SI2,1.24,6965
Premium,F,VS2,0.32,828
Very Good,F,VS2,1.45,11667
Ideal,H,VS2,0.54,1389
Premium,F,SI1,0.8,3082
Premium,D,VS2,0.4,1050
Ideal,G,VS1,0.51,1599
Premium,F,VVS2,0.4,1163
Ideal,G,SI1,0.93,5126
Ideal,I,VS2,1.51,9471
Good,F,SI1,1.02,4936
Ideal,E,VS1,0.33,1002
Premium,F,VS2,1.06,5942
Premium,F,SI2,0.57,1746
Premium,F,VVS2,0.42,1221
Premium,F,SI2,1.0,3858
Premium,I,IF,0.9,4516
Ideal,E,VS2,0.3,621
Premium,G,VS2,1.53,12602
Premium,F,VS2,0.72,2724
Good,F,VS1,0.43,943
Good,F,SI2,1.0,3977
Premium,I,VS2,1.61,9341
Ideal,E,VS2,0.31,680
Very Good,H,VVS2,0.28,450
Ideal,H,SI1,1.5,10989
Premium,H,SI2,2.09,17001
Very Good,H,SI1,0.71,1986
Ideal,F,SI2,1.04,4740
Ideal,H,SI2,1.53,5631
Very Good,G,VS1,0.34,701
Ideal,D,VS2,1.01,7127
Premium,J,VS2,1.54,6202
Ideal,I,VVS1,0.31,571
Very Good,F,VS2,1.24,8929
Very Good,G,VS2,0.51,1343
Ideal,I,SI1,0.58,1132
Premium,D,SI2,1.51,9894
Ideal,I,VS2,2.14,13844
Ideal,F,SI1,1.53,11713
Premium,E,VS1,0.4,1053
Very Good,E,VVS1,0.5,2495
Fair,E,SI2,1.0,3136
Premium,F,VS2,0.71,2777
Ideal,D,VVS2,0.5,2376
Premium,E,VS1,0.7,2818
Ideal,G,VVS1,0.4,1043
Very Good,H,SI1,1.11,5780
Very Good,J,VS2,1.16,4323
Premium,F,VS1,0.39,956
Very Good,I,VS2,1.6,10497
Ideal,J,VS2,0.9,2817
Ideal,G,SI1,1.01,5204
Very Good,G,IF,0.3,743
Ideal,H,VS2,1.7,13632
Ideal,E,VS2,0.5,1451
Premium,E,SI2,0.35,491
Good,F,VS1,1.53,15619
Very Good,H,SI1,1.57,10200
Very Good,E,SI2,0.82,2975
Good,G,SI1,1.5,9892
Premium,H,VS2,0.7,2394
Fair,H,VS2,1.51,9678
Very Good,E,VVS1,0.41,1367
Very Good,I,VS1,0.7,2304
Premium,F,VS2,0.7,2648
Ideal,I,VVS1,0.41,863
Good,I,VS1,0.3,473
Premium,G,VS2,0.54,1422
Good,H,SI1,0.31,435
Premium,E,VS2,0.4,1038
Very Good,E,VS2,0.7,2473
Premium,H,SI2,0.78,2074
Premium,J,VS2,1.51,7553
Premium,H,SI1,1.01,4559
Premium,D,VS1,0.9,6441
Ideal,H,VVS2,1.25,8789
Ideal,H,VS2,0.43,1218
Ideal,E,VS2,0.51,1662
Good,I,VS2,2.02,16789
Ideal,G,SI1,1.1,5610
Good,D,VS2,1.01,6176
Very Good,E,SI1,0.75,2698
Ideal,F,SI1,1.06,4862
Ideal,G,VVS2,0.53,1932
Ideal,E,VS2,0.7,2274
Ideal,G,VS1,0.7,2512
Very Good,G,SI2,1.52,8151
Very Good,G,VS2,0.51,1438
Premium,F,VS2,0.31,625
Very Good,F,IF,0.25,560
Premium,J,VVS2,1.66,10062
Ideal,I,VS1,1.1,5864
Ideal,E,SI1,0.7,2617
Very Good,D,VVS2,0.4,1010
Ideal,G,IF,0.3,895
Ideal,G,VS1,1.61,14341
Ideal,H,VS2,0.34,517
Premium,E,SI1,0.71,2441
Ideal,F,VVS1,0.26,733
Premium,E,VVS1,0.41,1367
Ideal,H,SI1,0.3,450
Ideal,G,VVS1,0.53,1958
Ideal,D,VS2,0.4,1050
Very Good,G,VS1,0.5,1592
Very Good,G,SI1,1.01,5497
Ideal,H,VVS1,0.7,2827
Very Good,G,I1,1.06,2080
Ideal,H,SI2,2.04,15874
Very Good,H,SI1,1.23,7313
Ideal,I,VS1,1.2,6380
Very Good,G,VVS2,0.23,354
Very Good,H,SI1,0.78,2600
Premium,E,I1,1.05,2964
Ideal,I,VS2,1.71,11559
Very Good,F,VVS2,0.24,552
Premium,J,VS2,0.3,473
Ideal,E,VS1,0.53,1700
Premium,I,VS1,1.61,9961
Very Good,H,SI1,0.76,2663
Very Good,E,SI2,0.59,1362
Ideal,G,VS2,0.55,1854
Very Good,F,SI1,0.55,1316
Premium,H,SI1,0.57,1309
Premium,D,SI1,1.01,5939
Good,G,VS2,0.9,4124
Premium,H,VS2,1.08,5250
Very Good,F,VVS1,0.24,552
Ideal,F,SI1,0.82,2974
Premium,E,SI1,0.77,2975
Premium,F,VS1,0.4,1050
Very Good,I,VS2,2.04,16874
Fair,F,I1,1.0,2280
Premium,F,SI2,0.71,2169
Premium,H,VS2,1.03,5364
Premium,G,SI1,1.02,4273
Premium,E,VVS1,1.02,11163
Ideal,F,VVS1,0.3,1041
Ideal,F,VVS2,0.54,2231
Ideal,G,VVS1,0.45,1358
Ideal,D,SI2,0.33,492
Ideal,H,SI1,1.12,5363
Good,F,VVS2,1.51,14654
Ideal,J,SI1,0.7,1815
Ideal,E,VVS2,0.3,789
Ideal,E,VVS2,0.33,868
Ideal,J,SI1,0.53,999
Premium,I,VS1,1.74,13037
Ideal,E,SI2,0.91,3756
Good,H,SI2,2.03,14720
Ideal,J,SI1,1.21,5489
Ideal,G,VVS1,0.42,1235
Premium,E,SI1,0.42,992
Ideal,D,VS2,0.3,911
Ideal,H,VS1,0.34,596
Ideal,J,SI2,1.01,3997
Very Good,D,VS1,0.7,2777
Ideal,G,VVS1,0.71,4015
Ideal,F,VS2,0.54,1820
Good,F,SI2,2.04,14936
Very Good,G,SI2,1.06,4769
Very Good,D,SI1,1.01,5543
Ideal,E,VS2,0.4,975
Ideal,J,SI1,1.21,5341
Ideal,D,SI1,0.31,732
Very Good,I,SI1,1.01,4212
Ideal,E,VVS2,0.43,1245
Fair,G,SI1,0.6,1305
Ideal,E,VVS1,0.3,895
Very Good,H,VVS2,0.71,2695
Premium,E,SI1,0.32,720
Premium,D,SI1,0.71,2797
Good,D,SI1,1.03,4441
Ideal,H,VVS2,0.4,868
Premium,E,VVS2,0.33,1114
Ideal,G,SI1,0.7,2074
Premium,I,SI1,0.79,2317
Good,H,VS2,1.0,4028
Premium,E,VS2,0.33,723
Ideal,G,VS1,0.32,828
Good,I,VS1,0.5,1193
Fair,J,VS1,1.5,7819
Very Good,G,VVS1,0.31,816
Ideal,G,VVS1,0.9,5978
Very Good,E,SI1,1.0,5175
Ideal,F,VVS2,0.71,4167
Ideal,E,VVS1,0.34,1084
Ideal,G,VS2,0.34,765
Very Good,H,VS1,0.9,4428
Ideal,G,SI2,0.9,3521
Ideal,D,SI2,0.8,3154
Premium,F,SI1,0.7,2354
Ideal,F,VS2,1.51,15226
Ideal,F,VVS2,0.31,716
Premium,E,SI1,0.56,1848
Very Good,G,VS1,0.36,726
Ideal,G,SI1,0.71,2649
Premium,I,SI2,0.74,1803
Very Good,F,SI1,1.0,4504
Ideal,G,IF,0.3,1025
Premium,D,SI1,0.3,709
Ideal,G,SI1,0.53,1549
Ideal,E,SI1,0.7,2537
Ideal,H,SI2,1.21,5624
Good,E,VS1,1.52,15649
Premium,G,SI1,1.52,9952
Ideal,G,VVS2,1.56,15609
Premium,E,VS2,0.71,2776
Ideal,I,VS2,1.37,7346
Good,I,VS2,1.0,4155
Premium,I,SI1,0.81,2313
Good,G,VS1,1.14,7042
Premium,G,SI1,0.5,1286
Good,I,VVS2,0.41,827
Very Good,J,VS1,1.27,5690
Very Good,F,VVS2,0.27,591
Ideal,H,IF,0.34,863
Premium,E,SI1,1.03,5101
Premium,I,VS1,0.31,628
Ideal,H,SI1,0.53,1197
Ideal,E,SI1,0.73,3453
Premium,H,SI1,2.03,16747
Ideal,H,IF,0.41,1243
Premium,F,SI2,1.16,5072
Ideal,E,SI1,0.91,4706
Ideal,E,VS2,0.32,702
Ideal,E,VS1,1.01,7430
Premium,D,SI1,0.65,2134
Very Good,G,VS2,0.9,4400
Very Good,F,VS2,1.03,6153
Ideal,E,VS1,0.42,1181
Very Good,H,VVS2,0.29,466
Premium,J,SI2,1.46,6387
Ideal,F,SI2,0.46,881
Premium,G,VVS2,0.5,1838
Premium,G,SI2,1.06,4238
Very Good,G,VVS2,1.01,7565
Ideal,G,VS2,0.5,1424
Good,H,VS2,2.0,14042
Ideal,D,SI1,1.19,6857
Premium,H,VS2,0.31,628
Good,E,SI1,0.41,755
Ideal,F,SI1,1.8,16513
Ideal,H,VS2,1.16,6954
Premium,I,SI2,2.01,13574
Premium,G,VVS2,0.51,1875
Ideal,H,VS2,1.21,7236
Ideal,I,VS2,2.39,17955
Ideal,G,VS2,0.51,1546
Ideal,G,SI2,1.1,4750
Very Good,D,SI2,1.0,5227
Premium,F,SI2,1.4,7479
Good,I,VS1,1.62,9526
Ideal,G,VVS2,0.51,1794
Very Good,H,SI2,1.11,4584
Fair,F,SI1,0.62,1641
Ideal,F,IF,0.27,760
Premium,G,VS2,1.75,16220
Premium,F,SI1,0.35,583
Very Good,F,SI2,1.02,3018
Ideal,E,VS1,0.27,470
Premium,E,SI2,0.84,2574
Very Good,G,VS1,0.56,1686
Premium,H,VS2,1.02,5454
Premium,G,VVS2,1.26,10302
Premium,H,VS1,1.01,5000
Ideal,D,VS2,0.51,1787
Very Good,I,SI2,1.01,3885
Ideal,G,VVS2,0.37,909
Premium,E,VS1,0.5,1775
Very Good,E,VS2,0.71,2891
Ideal,E,VS2,0.5,1746
Ideal,G,IF,0.35,1041
Premium,F,SI1,0.71,2458
Ideal,E,SI2,1.01,4666
Ideal,H,VS1,1.1,6470
Ideal,G,IF,0.59,2551
Good,E,SI1,0.31,544
Very Good,E,VS1,0.41,1160
Very Good,E,SI2,1.01,3857
Fair,F,SI2,1.0,3265
Good,F,SI2,0.52,1350
Ideal,I,SI1,0.38,610
Premium,H,VS2,0.55,1363
Premium,G,VS1,0.33,666
Ideal,F,SI1,0.81,3422
Premium,F,SI1,1.21,7257
Premium,F,VS1,0.41,1076
Premium,G,VS1,0.5,1746
Premium,H,SI2,1.01,4242
Very Good,H,SI2,0.74,2198
Premium,G,VS1,0.9,4661
Premium,D,SI1,0.73,2865
Good,E,VS2,1.0,6160
Premium,H,SI1,0.9,3387
Premium,H,SI2,2.01,14558
Good,J,SI1,0.3,439
Ideal,E,VVS2,0.54,2502
Ideal,G,SI2,0.54,1153
Ideal,I,VS2,1.53,9189
Very Good,E,VS2,1.02,5565
Ideal,D,VS1,0.5,1922
Ideal,E,SI2,1.16,5991
Ideal,F,VVS1,0.33,932
Premium,G,VS1,0.33,854
Very Good,I,SI2,0.91,2832
Premium,H,VS2,0.34,689
Good,I,IF,0.4,945
Ideal,D,SI1,0.71,3502
Premium,F,VS2,1.51,14165
Ideal,G,IF,0.56,2442
Ideal,G,VVS1,0.5,1865
Premium,E,VS2,0.71,2613
Premium,D,SI2,0.3,574
Ideal,H,SI2,1.11,4520
Very Good,G,VS1,0.41,899
Good,I,SI2,0.3,351
Premium,G,VS1,0.3,725
Premium,J,SI1,1.3,5569
Very Good,D,VS2,0.33,615
Ideal,I,VS2,0.42,807
Ideal,E,VS2,0.51,1605
Premium,D,SI1,0.7,2355
Premium,F,SI1,1.14,6033
Premium,F,VVS2,1.01,8579
Good,D,VS2,1.01,5986
Good,E,SI1,0.7,2569
Very Good,H,SI1,0.9,3437
Very Good,G,VVS2,0.3,684
Premium,E,SI2,0.77,2723
Premium,E,VS2,1.0,6400
Premium,D,VS2,0.35,829
Good,H,VS2,1.24,7210
Premium,D,SI1,0.68,1909
Good,G,SI2,1.17,4010
Ideal,D,SI2,2.11,16404
Very Good,E,SI1,1.0,5351
Ideal,G,VS1,0.31,625
Premium,E,VS2,0.51,1656
Ideal,G,SI2,0.43,800
Very Good,E,VS2,0.56,1770
Ideal,D,SI1,0.9,4919
Ideal,E,SI1,0.51,1343
Premium,E,VS1,0.7,2930
Fair,E,SI1,1.5,11489
Good,G,SI1,1.01,4672
Ideal,F,VS1,0.71,3710
Very Good,H,SI1,0.3,554
Ideal,H,VS2,1.01,5260
Ideal,D,VS1,0.54,2004
Ideal,E,VVS2,1.01,9310
Ideal,H,VS2,0.5,1279
Ideal,H,SI1,1.1,4827
Fair,D,VVS2,0.31,997
Very Good,G,VS2,0.3,526
Ideal,I,SI1,2.17,17381
Very Good,G,SI2,1.09,4591
Ideal,G,SI2,1.21,6017
Very Good,F,VS1,1.71,17685
Premium,D,VVS1,0.38,1400
Premium,E,VS1,0.26,452
Very Good,H,VS2,0.43,792
Fair,G,VS1,0.5,1350
Good,G,VVS2,0.51,1800
Fair,J,VS2,1.08,3980
Ideal,H,SI1,0.75,2523
Ideal,H,SI1,1.03,4520
Good,I,VS1,2.01,17365
Premium,H,SI2,1.21,5421
Ideal,G,VS1,0.36,725
Very Good,I,SI1,0.9,3176
Premium,J,VS2,2.0,11966
Very Good,H,SI1,2.0,16280
Ideal,J,VVS1,0.41,994
Premium,F,VVS2,0.3,737
Premium,G,SI1,0.54,1389
Premium,E,SI1,0.7,2777
Ideal,H,I1,1.75,7276
Very Good,F,SI2,1.01,4355
Good,H,SI2,0.3,378
Very Good,I,VS1,0.72,2441
Premium,G,SI1,1.06,5113
Good,E,SI1,0.3,526
Ideal,G,SI1,1.01,5698
Ideal,I,SI2,2.06,14120
Very Good,E,SI2,1.5,8167
Premium,E,VS2,0.54,1687
Very Good,E,SI1,1.64,12779
Very Good,E,SI2,0.68,1821
Ideal,E,SI2,0.45,706
Ideal,G,IF,0.41,1431
Premium,H,VS1,0.53,1607
Good,G,SI2,1.52,7933
Very Good,E,SI1,1.01,5226
Ideal,H,SI1,0.31,464
Ideal,J,VS1,0.71,1932
Very Good,G,SI2,0.9,3114
Very Good,F,VS2,1.1,6810
Premium,G,SI1,0.82,2893
Very Good,F,SI1,0.79,2878
Premium,G,SI2,0.92,3555
Very Good,F,SI2,1.06,4224
Very Good,F,VS1,0.5,1710
Very Good,E,VS2,0.28,487
Good,D,SI2,1.17,3866
Ideal,G,SI2,0.54,1133
Ideal,E,SI2,0.5,1240
Good,I,SI2,1.91,10937
Very Good,G,VVS1,0.5,1987
Ideal,F,SI2,0.54,1162
Ideal,J,VS1,0.48,861
Ideal,F,SI1,1.09,5665
Very Good,F,SI1,1.0,5197
Very Good,J,VS2,1.23,4960
Very Good,G,VS1,0.7,3017
Premium,D,VS2,1.1,8796
Fair,E,VVS2,0.3,945
Good,F,SI1,0.5,1043
Ideal,G,VS2,0.51,1443
Ideal,F,SI2,0.81,2795
Ideal,F,VVS1,0.57,2507
Premium,F,VS2,0.93,4961
Ideal,D,SI1,0.78,2799
Fair,G,SI1,0.9,3145
Premium,H,SI1,0.34,477
Ideal,E,SI2,1.02,4645
Premium,H,VS2,0.33,668
Very Good,E,VS2,0.3,612
Premium,E,VS1,0.41,1079
Ideal,E,VS2,0.42,958
Ideal,J,VS2,1.23,4986
Ideal,F,SI1,1.57,12320
Very Good,F,VVS2,1.02,8627
Premium,J,VS2,1.01,3722
Very Good,G,SI2,2.02,15848
Very Good,D,VVS1,0.28,642
Premium,G,SI1,1.01,4338
Premium,G,VS2,0.41,1061
Good,D,SI2,0.5,1157
Ideal,E,VS1,0.71,4053
Very Good,D,SI2,1.01,4588
Ideal,D,SI1,1.18,7087
Very Good,F,VVS2,0.24,478
Premium,F,VS2,0.55,2376
Very Good,D,SI2,1.0,3965
Very Good,G,IF,0.32,872
Ideal,E,VVS2,0.33,898
Ideal,D,VS2,0.36,1094
Fair,D,SI1,1.01,4118
Premium,F,SI1,0.9,3992
Good,H,SI1,0.54,1154
Ideal,G,VVS1,1.09,9282
Premium,I,SI1,1.52,8852
Ideal,I,VS2,0.71,2878
Good,I,SI2,1.01,3349
Premium,F,SI1,1.02,5686
Premium,F,VS2,0.36,905
Ideal,E,VS2,0.58,1683
Premium,E,SI1,0.74,2042
Good,E,VVS1,0.24,499
Premium,E,SI1,0.73,2821
Good,J,SI1,1.03,2855
Ideal,G,VS1,0.73,3209
Very Good,F,SI1,1.01,4812
Good,D,VS2,0.54,1644
Very Good,E,SI1,0.91,4138
Very Good,D,SI2,1.52,9030
Very Good,G,VS2,0.9,4269
Very Good,H,SI1,0.41,876
Premium,G,SI2,0.5,1031
Premium,G,VVS2,1.0,7392
Premium,H,SI2,1.09,4578
Premium,E,VS2,0.37,1041
Premium,I,SI2,1.11,4028
Premium,E,IF,0.3,1097
Very Good,I,SI1,1.64,9144
Good,H,VS2,1.0,4305
Ideal,G,VS2,0.41,949
Ideal,I,SI1,1.01,4638
Premium,E,SI1,1.12,5547
Very Good,E,VS2,0.24,461
Premium,G,VS1,0.5,1746
Ideal,D,SI1,0.35,827
Ideal,J,SI1,1.21,4968
Ideal,H,SI1,0.43,716
Ideal,G,SI2,1.52,7108
Good,F,VS2,0.45,1066
Ideal,G,VS1,0.58,1984
Premium,J,SI2,2.02,8640
Good,I,I1,1.03,2540
Premium,F,VS2,1.23,8959
Ideal,D,SI1,0.59,1835
Ideal,F,VS1,0.53,1812
Premium,J,SI2,0.71,1609
Ideal,F,VVS1,0.3,854
Ideal,E,VVS2,0.41,1187
Ideal,D,VS2,0.5,1854
Premium,I,VS1,1.71,11246
Ideal,D,VVS1,0.58,3154
Very Good,D,VVS1,0.7,4362
Good,F,SI2,1.01,4028
Premium,H,VVS2,0.42,984
Very Good,G,VVS1,0.25,525
Very Good,F,VS1,1.02,7539
Premium,G,SI2,0.7,1636
Ideal,E,SI1,0.8,3630
Very Good,F,VS1,0.32,613
Ideal,G,VVS2,0.3,850
Ideal,G,VVS2,0.53,1948
Very Good,G,VS2,0.91,4105
Ideal,I,SI2,0.35,580
Ideal,G,VVS2,0.57,2147
Very Good,G,SI2,0.72,2218
Premium,J,SI1,0.7,1827
Ideal,H,SI1,2.01,17403
Ideal,F,SI1,1.0,5197
Good,F,SI2,0.99,4052
Good,J,SI1,1.11,3846
Premium,E,VS2,0.3,658
Very Good,G,VS1,1.37,10226
Ideal,E,VVS1,0.3,1071
Ideal,I,SI2,1.51,7693
Ideal,I,SI1,1.1,5037
Very Good,G,VVS2,1.19,8689
Ideal,F,VS1,0.4,917
Ideal,I,VS2,0.42,1081
Premium,J,SI1,0.83,2311
Ideal,E,VS1,0.5,1724
Ideal,F,VVS2,0.28,642
Very Good,I,SI2,1.01,3770
Ideal,H,VVS1,0.54,1846
Premium,G,SI1,0.44,990
Ideal,F,SI1,0.43,745
Premium,H,SI1,1.03,5129
Good,H,SI1,1.0,4200
Very Good,F,VVS2,0.23,530
Premium,J,SI2,2.17,13556
Premium,I,SI1,2.06,15716
Ideal,I,SI2,0.3,405
Ideal,F,VS1,0.8,3884
Ideal,G,VS2,1.02,5922
Very Good,G,VVS2,0.34,713
Premium,H,VVS2,0.7,2644
Ideal,G,VVS1,1.26,10787
Very Good,D,SI1,0.9,4447
Fair,E,VS2,0.5,2579
Ideal,F,VVS1,0.32,854
Ideal,G,SI1,0.56,1631
Good,E,VS2,0.24,378
Very Good,G,SI1,1.01,4588
Ideal,I,SI1,0.93,3856
Premium,F,VS1,0.43,1129
Ideal,G,SI1,0.51,1284
Premium,H,VS1,0.47,1244
Good,D,SI2,0.31,593
Very Good,E,SI1,0.73,2523
Good,J,VS1,0.85,2372
Premium,F,SI1,0.78,2777
Premium,E,I1,0.91,2486
Ideal,E,VVS2,0.53,2250
Ideal,I,VVS1,1.18,6494
Very Good,E,SI2,0.42,653
Premium,D,SI2,0.31,593
Ideal,E,SI1,1.0,5938
Ideal,E,SI1,1.74,15992
Very Good,H,VS1,1.05,5657
Good,F,VS2,0.7,2846
Ideal,F,IF,1.06,12539
Very Good,E,VS2,0.34,745
Good,H,VVS2,0.91,4205
Very Good,G,SI1,0.3,447
Premium,F,VVS2,0.41,1192
Premium,H,VVS2,1.2,5174
Very Good,H,SI1,1.1,4682
Ideal,G,SI1,0.67,1662
Ideal,E,VS2,0.72,3385
Very Good,E,SI1,0.34,765
Premium,J,SI2,0.93,2807
Premium,D,SI2,1.12,4071
Premium,I,SI2,2.49,18325
Very Good,D,SI2,1.01,4472
Ideal,E,VVS1,0.33,1130
Good,I,VS2,1.01,4197
Good,G,VS2,1.08,6708
Ideal,I,VS2,2.22,18531
Ideal,D,VS1,0.4,1200
Ideal,E,VVS2,0.33,814
Ideal,I,SI2,2.4,11988
Fair,F,SI2,1.2,4915
Ideal,F,VVS1,0.3,814
Premium,F,VS1,0.3,658
Premium,H,SI1,1.62,10813
Premium,E,VS2,0.72,2802
Premium,F,I1,2.17,9078
Ideal,F,VVS1,0.41,1205
Very Good,G,VS1,1.07,6610
Ideal,I,SI1,1.11,4709
Very Good,G,VS2,0.55,1551
Ideal,I,IF,0.33,719
Premium,E,VS1,0.58,2192
Ideal,J,VS1,0.37,624
Premium,I,SI1,0.31,408
Ideal,H,VS1,1.33,8558
Very Good,I,SI1,1.5,8081
Very Good,E,VS2,0.72,2923
Premium,E,SI1,0.6,1738
Very Good,G,VVS2,0.61,2351
Good,I,VVS1,1.51,9471
Premium,D,SI2,0.5,997
Very Good,F,SI1,1.0,5804
Very Good,F,SI2,2.01,17244
Very Good,G,VS2,1.02,6906
Premium,E,VS1,1.0,7452
Ideal,D,SI1,0.3,524
Ideal,G,VVS2,0.56,1976
Very Good,H,VS1,0.31,544
Ideal,E,SI1,1.19,6911
Very Good,E,VS2,0.9,4707
Premium,H,VVS1,0.42,1096
Premium,F,SI1,0.43,1016
Premium,H,SI1,1.15,5139
Ideal,E,VS1,0.4,1252
Premium,J,VS2,0.8,2045
Ideal,G,VVS2,0.3,878
Very Good,G,VS1,1.02,6301
Fair,F,SI2,1.0,3975
Very Good,G,VS2,1.7,15259
Premium,E,VS2,0.35,984
Ideal,G,VVS2,0.31,687
Ideal,G,VS1,1.5,12576
Ideal,H,SI1,2.16,17820
Ideal,G,VS1,0.56,1819
Very Good,D,VVS2,0.38,1030
Premium,F,SI1,1.51,11666
Ideal,F,SI1,0.37,616
Fair,J,SI2,2.4,15824
Very Good,F,SI2,0.78,2307
Ideal,F,SI2,1.23,5163
Ideal,H,SI2,1.04,4484
Premium,E,SI2,0.72,2019
Ideal,I,SI2,1.02,4118
Premium,D,SI1,0.87,3742
Ideal,E,SI2,0.5,1181
Ideal,F,SI1,1.51,11950
Ideal,I,SI2,2.09,14838
Good,G,SI1,0.85,2244
Very Good,D,SI2,1.01,5166
Very Good,E,VS2,0.78,3334
Premium,G,SI1,1.51,10235
Premium,E,VVS1,0.25,740
Premium,F,VS1,0.4,1050
Ideal,F,VS2,1.21,8557
Ideal,G,VVS1,0.3,1013
Ideal,F,VS2,0.32,828
Good,J,VS2,1.51,7476
Ideal,D,SI2,0.71,2610
Premium,F,VS2,0.75,2835
Ideal,F,VS1,0.7,3319
Very Good,E,VS1,0.35,885
Premium,G,VS1,0.41,1076
Ideal,E,VS2,0.52,1694
Premium,E,SI1,0.42,722
Very Good,E,VS2,0.37,757
Very Good,E,SI1,0.72,2608
Very Good,E,VVS2,0.42,1167
Good,H,SI2,0.4,561
Very Good,G,SI1,1.01,4916
Ideal,E,SI1,0.41,755
Good,I,VVS2,0.33,579
Good,F,SI2,0.7,2390
Very Good,G,SI1,0.41,719
Ideal,E,SI1,0.71,2704
Premium,F,VS2,1.01,6446
Good,H,SI1,0.3,421
Very Good,G,SI1,0.58,1408
Ideal,I,VVS2,0.3,515
Ideal,F,VS1,0.38,865
Very Good,E,SI1,1.06,6169
Premium,F,SI1,0.7,2470
Premium,F,SI1,1.0,4939
Ideal,H,VVS2,1.5,8224
Very Good,I,VVS1,0.44,926
Premium,H,SI1,1.04,4316
Premium,D,VS2,0.36,933
Ideal,G,VS1,0.38,833
Very Good,I,SI2,1.51,6630
Ideal,E,VS1,0.27,603
Ideal,D,VVS2,0.39,1088
Premium,D,VS1,0.94,5980
Ideal,E,VS1,0.42,1014
Ideal,H,VVS2,1.22,8014
Premium,J,SI1,2.31,15323
Premium,G,VS2,1.13,6743
Very Good,F,SI1,0.32,497
Ideal,D,VS2,0.54,2307
Premium,F,VS1,1.01,7507
Good,H,SI2,2.66,16239
Very Good,F,SI1,1.56,12207
Ideal,D,VVS1,0.27,799
Very Good,I,VS2,2.04,17315
Premium,I,VS2,2.07,18193
Very Good,J,VS1,1.01,4262
Premium,G,VS2,0.32,561
Very Good,G,VVS2,0.31,907
Very Good,D,SI1,0.51,1380
Ideal,H,VVS2,0.3,605
Very Good,F,VVS2,1.0,8772
Very Good,F,VS2,0.34,686
Very Good,J,SI1,1.02,4137
Very Good,D,SI2,0.99,4993
Very Good,E,VS2,0.39,889
Premium,G,VS2,1.11,5346
Premium,I,VS2,0.9,3292
Ideal,E,VS2,0.53,1776
Very Good,J,SI1,1.01,4194
Fair,J,SI1,1.21,4147
Very Good,I,VS2,0.34,477
Ideal,H,IF,0.26,545
Ideal,F,VVS1,0.32,867
Premium,J,I1,1.01,2488
Very Good,F,VVS1,0.32,886
Premium,G,VS2,0.54,1637
Ideal,G,VS1,1.16,9248
Ideal,E,VVS2,1.11,11074
Ideal,F,VVS1,0.37,997
Fair,J,SI1,0.95,3154
Ideal,G,VS1,0.3,776
Premium,G,VVS2,1.06,8149
Premium,I,VVS2,0.41,1061
Ideal,E,VS2,0.7,3504
Premium,G,SI2,2.01,18705
Ideal,E,VS1,0.64,2679
Ideal,F,VS1,1.31,12825
Good,I,SI2,2.19,11522
Ideal,I,SI2,1.26,5363
Ideal,F,SI1,0.73,2951
Premium,E,SI1,0.4,882
Ideal,E,VVS1,0.52,3125
Ideal,H,VVS1,0.31,907
Ideal,G,SI2,1.06,4238
Ideal,E,SI2,0.54,1111
Premium,D,SI2,0.9,3740
Premium,G,SI1,1.01,4805
Premium,G,SI2,0.93,3689
Very Good,D,VS2,0.3,650
Premium,F,SI1,0.92,3967
Ideal,E,SI1,1.74,15847
Very Good,I,SI1,0.9,3220
Ideal,E,VS1,0.58,2041
Premium,H,SI2,2.0,15312
Premium,G,SI2,0.7,2056
Very Good,D,SI1,0.7,2872
Very Good,D,SI2,1.52,9389
Very Good,D,VS2,1.31,10409
Very Good,E,SI1,0.51,1438
Fair,I,SI2,2.0,8736
Fair,F,SI2,0.96,2867
Premium,H,SI1,1.5,9697
Premium,G,VVS2,0.32,936
Very Good,G,SI2,2.06,18005
Premium,F,SI2,1.42,7755
Premium,E,VS2,0.3,844
Ideal,F,VVS1,0.43,1358
Very Good,G,VVS2,1.05,7667
Very Good,I,VS2,0.61,1401
Very Good,E,VVS1,0.26,532
Fair,D,SI1,1.01,5385
Good,D,SI2,0.51,1268
Ideal,E,VS1,0.41,1079
Premium,I,SI2,1.0,3780
Very Good,H,SI2,0.75,2106
Ideal,D,VS1,0.31,863
Very Good,D,SI2,0.75,2551
Very Good,F,VVS2,1.24,11268
Ideal,E,VS2,0.31,680
Premium,E,SI1,0.63,1921
Ideal,E,VS1,0.34,790
Fair,H,SI1,1.0,3511
Ideal,E,SI1,0.71,2717
Very Good,E,VVS2,0.23,505
Premium,D,VS2,0.4,1050
Premium,F,SI1,1.5,10940
Ideal,G,VVS2,0.39,952
Good,E,VS1,0.41,917
Very Good,J,VS2,0.91,3112
Ideal,I,IF,0.4,917
Very Good,G,VVS2,1.01,6354
Premium,F,SI2,1.2,6055
Fair,H,SI1,1.01,4191
Ideal,G,SI2,2.06,16235
Ideal,D,SI1,0.54,1786
Ideal,G,VS2,0.41,827
Premium,D,SI1,0.51,1574
Ideal,D,VS2,0.35,829
Very Good,D,VVS2,1.04,9254
Ideal,E,VS2,0.3,844
Ideal,G,IF,0.32,918
Ideal,G,SI2,1.11,5395
Premium,D,SI1,0.31,732
Very Good,H,VS1,1.21,6871
Very Good,I,SI2,1.0,3276
Good,F,SI2,1.04,4321
Very Good,E,SI2,0.41,818
Ideal,F,IF,0.3,1013
Premium,E,VS2,0.49,1351
Ideal,G,IF,0.39,1209
Very Good,E,VS1,0.24,357
Very Good,J,VS2,1.45,6671
Good,H,SI1,0.91,3520
Very Good,E,SI1,0.79,3077
Ideal,I,SI1,1.01,3999
Ideal,F,VS2,0.3,573
Premium,H,VS2,2.05,18318
Premium,H,SI2,1.2,5280
Premium,E,I1,1.29,3901
Premium,F,VS1,0.42,1103
Very Good,H,VS1,0.41,1061
Premium,D,VS2,0.3,710
Premium,E,VS1,0.33,781
Ideal,J,VVS2,0.73,2482
Ideal,F,VS1,1.03,7752
Ideal,E,SI1,1.0,5728
Ideal,F,SI1,0.5,1282
Premium,E,SI2,0.61,1715
Very Good,E,VVS2,0.4,988
Ideal,G,VS2,1.01,6663
Ideal,F,VS2,1.2,8486
Premium,G,VS2,1.16,7203
Ideal,G,SI1,0.42,704
Good,E,SI1,1.01,4106
Premium,D,SI2,1.41,6988
Premium,F,SI2,2.52,18179
Good,G,VVS1,0.3,789
Premium,F,SI2,0.6,1272
Premium,D,SI2,1.57,9875
Ideal,F,VVS1,1.17,11886
Premium,J,VVS2,0.38,778
Ideal,F,VVS2,1.24,12059
Premium,E,SI1,0.32,720
Premium,F,SI2,0.71,2363
Very Good,D,SI1,0.7,2509
Premium,G,VS2,0.62,1841
Very Good,F,SI2,0.91,3746
Ideal,G,VVS2,0.53,1818
Ideal,G,VS1,0.52,1815
Ideal,G,VS1,0.5,1624
Ideal,G,SI2,0.3,422
Premium,G,SI1,0.74,2553
Ideal,E,VS1,0.5,1603
Premium,E,SI2,0.41,683
Ideal,F,VVS2,1.23,11927
Premium,G,SI2,1.07,4584
Very Good,E,SI1,0.44,810
Ideal,I,VS1,1.74,15189
Premium,E,VS2,1.01,6968
Very Good,I,VVS2,0.33,579
Good,H,SI1,0.3,432
Ideal,G,SI1,0.33,506
Ideal,E,VS1,0.31,626
Ideal,I,SI2,0.93,3047
Very Good,I,SI1,1.58,8782
Ideal,I,VVS1,0.4,790
Ideal,E,VVS1,0.71,4860
Ideal,G,VVS2,0.62,2861
Premium,E,VVS2,0.41,1243
Ideal,G,SI2,0.33,434
Premium,G,VVS2,0.7,3450
Very Good,D,SI2,0.55,1368
Ideal,D,VVS2,0.42,1326
Premium,I,SI1,1.5,8736
Ideal,F,VS2,0.7,3064
Very Good,J,I1,1.69,5182
Premium,E,SI1,0.57,1613
Ideal,H,SI2,2.06,11040
Good,J,SI1,0.51,1071
Premium,H,SI2,0.5,958
Good,G,SI2,2.8,18788
Ideal,D,VS2,0.55,2224
Premium,D,SI1,0.7,2550
Ideal,E,SI2,0.41,760
Ideal,E,VS2,0.31,872
Very Good,F,VS1,0.68,2922
Very Good,F,VVS2,0.24,608
Premium,G,SI2,1.82,12081
Very Good,J,VS2,1.5,7402
Ideal,G,VVS1,0.58,2772
Premium,H,VS2,1.01,5166
Premium,H,VS2,0.3,608
Very Good,F,SI2,1.27,5330
Very Good,J,SI1,0.31,353
Very Good,J,SI1,1.61,7695
Ideal,H,SI1,0.5,1140
Fair,I,I1,0.7,1147
Premium,F,VVS1,0.32,990
Fair,E,I1,1.03,1262
Ideal,F,VVS1,0.3,868
Ideal,I,VS2,1.61,11826
Very Good,E,SI1,0.7,2518
Premium,G,VS2,1.04,6122
Ideal,F,VS2,0.52,1591
Ideal,F,VVS1,0.31,897
Very Good,G,VS1,0.26,418
Premium,F,VS2,1.69,14242
Ideal,E,VS2,0.36,789
Good,G,VS1,1.0,5921
Ideal,G,VS2,1.03,6557
Premium,F,VS1,0.77,2859
Ideal,F,VVS2,0.24,678
Very Good,H,SI2,1.02,4039
Very Good,H,VS2,1.27,7176
Very Good,F,VS2,1.1,7272
Ideal,G,SI1,0.54,1389
Premium,D,VS2,0.5,1752
Ideal,D,VVS2,0.51,2718
Premium,I,VS1,0.33,668
Premium,F,VVS2,0.61,2392
Ideal,G,SI2,0.32,421
Very Good,H,SI2,0.87,2993
Very Good,E,SI1,0.73,2760
Very Good,I,SI1,0.4,765
Ideal,H,IF,0.3,789
Ideal,H,VVS1,0.32,936
Very Good,H,SI1,0.4,666
Premium,I,VS2,1.7,11360
Ideal,E,SI1,0.58,1758
Very Good,F,VS2,1.4,10790
Very Good,F,VS2,0.52,1581
Ideal,I,VVS2,0.7,2367
Very Good,D,SI1,1.02,6863
Very Good,J,VS2,1.52,7504
Very Good,D,SI2,1.2,5174
Fair,F,I1,1.51,3734
Ideal,G,VS2,1.16,7113
Fair,D,SI2,1.6,8666
Premium,F,SI1,0.9,3437
Good,F,SI1,0.7,2289
Ideal,D,VS1,0.7,3287
Very Good,F,VVS1,0.29,731
Good,G,SI1,1.5,10618
Premium,I,SI2,1.01,3818
Ideal,I,VS2,1.51,9352
Premium,E,VS2,0.5,1746
Ideal,F,VS2,0.31,802
Premium,G,VS2,0.43,867
Ideal,I,VS1,0.31,507
Premium,G,VS1,1.03,6749
Very Good,I,SI1,1.51,7891
Ideal,G,VS2,0.32,720
Premium,G,SI2,0.32,421
Premium,E,SI1,0.7,2703
Very Good,H,SI2,2.29,11502
Ideal,G,SI1,0.53,1284
Good,D,SI2,0.61,1423
Ideal,I,VS1,0.33,668
Good,E,SI2,1.21,5787
Very Good,I,VS1,1.5,9759
Premium,H,SI1,1.28,6595
Ideal,H,VS2,1.0,4172
Ideal,F,SI2,0.51,1100
Premium,E,VS1,1.03,7919
Premium,G,VS1,0.3,605
Very Good,J,SI1,1.01,4153
Very Good,E,VVS2,0.51,2062
Premium,G,VS1,1.1,7399
Very Good,F,VS2,0.3,725
Ideal,F,VS1,1.54,17949
Ideal,G,SI1,1.01,5430
Ideal,E,SI1,0.24,486
Very Good,F,VS1,1.13,7092
Premium,G,VVS1,0.31,816
Very Good,G,SI2,0.32,421
Premium,G,SI1,0.32,612
Good,H,VS2,1.22,7201
Very Good,E,VS2,1.72,18557
Ideal,I,VVS1,0.72,2493
Premium,G,VS1,1.01,6335
Ideal,H,SI1,1.13,4959
Premium,D,VS1,1.0,8020
Ideal,E,VS1,0.27,470
Good,E,SI1,0.73,2871
Premium,G,VS1,1.42,11434
Ideal,J,SI1,1.05,4405
Premium,E,VVS2,0.41,1243
Very Good,G,VS2,0.25,407
Fair,E,SI1,1.01,4853
Very Good,F,SI2,0.53,1132
Very Good,G,VS1,0.52,1689
Good,G,VS1,0.9,4395
Very Good,E,SI1,0.72,2723
Ideal,E,SI2,0.38,663
Fair,F,SI1,0.96,4849
Ideal,G,VS1,0.53,1727
Ideal,G,VS1,1.05,7357
Very Good,E,VS1,1.03,7477
Very Good,E,SI1,0.9,5387
Ideal,J,SI1,0.32,384
Fair,G,VS1,0.3,673
Premium,F,SI2,0.9,3457
Ideal,D,VS2,0.59,2352
Premium,I,SI1,0.34,574
Very Good,E,VS2,1.03,5800
Good,F,SI1,0.4,678
Very Good,D,VS1,0.26,425
Premium,G,VS1,1.31,10071
Very Good,I,VS1,1.39,7893
Ideal,I,SI2,2.26,15606
Premium,D,SI2,1.01,4338
Very Good,H,SI1,1.0,5036
Ideal,F,VVS2,0.59,2611
Premium,E,SI2,0.5,1262
Ideal,E,SI1,0.38,660
Very Good,F,VS1,0.51,1751
Very Good,I,VS1,0.5,1242
Ideal,G,SI1,0.29,420
Good,F,IF,0.4,1404
Very Good,I,SI2,2.0,12221
Premium,H,VS1,0.32,561
Good,G,SI1,0.52,1338
Premium,D,VS1,0.51,2203
Premium,G,VS2,1.71,15671
Ideal,D,VVS1,0.54,3494
Very Good,J,SI1,1.11,3901
Ideal,J,VS2,0.41,613
Very Good,G,SI2,1.49,7773
Good,G,VS2,0.47,1226
Very Good,G,VVS2,0.3,684
Ideal,G,VS1,1.1,8060
Premium,E,VS2,1.04,7175
Premium,I,SI1,0.45,941
Ideal,E,VS2,0.27,577
Very Good,G,VS1,1.53,13189
Ideal,E,VS2,0.46,1251
Very Good,J,SI1,0.9,2753
Premium,I,VS1,0.33,668
Ideal,I,SI1,0.42,654
Very Good,E,SI1,0.43,948
Ideal,G,IF,0.25,582
Ideal,D,SI1,1.27,8256
Very Good,F,SI2,0.9,3803
Ideal,G,VVS2,0.3,655
Very Good,I,SI1,1.3,6302
Ideal,I,IF,0.35,808
Ideal,H,IF,0.27,566
Ideal,H,VVS1,0.3,665
Ideal,I,VVS1,1.52,10968
Premium,I,VVS2,0.73,2519
Very Good,G,VS2,0.34,556
Very Good,J,VS1,1.7,10165
Very Good,G,VS1,0.31,625
Premium,G,SI2,0.92,3377
Very Good,H,SI2,2.12,16151
Premium,H,VS2,1.01,5260
Ideal,F,SI2,0.9,4593
Ideal,D,VVS2,0.35,910
Premium,F,VS1,1.21,9846
Good,E,SI2,1.02,4414
Premium,J,VS1,1.51,8524
Ideal,E,VS1,0.34,1033
Very Good,F,VS2,0.5,1396
Premium,E,VS1,0.41,1079
Very Good,G,SI1,1.01,4064
Very Good,D,SI1,1.5,12342
Premium,E,SI1,0.91,4256
Ideal,D,VS2,0.51,1644
Good,J,VS2,0.96,3312
Premium,G,SI2,1.01,4362
Premium,G,VS2,0.32,720
Ideal,G,SI2,0.42,682
Good,G,SI1,0.9,4008
Ideal,E,VS1,1.05,9160
Very Good,D,VS1,0.41,1018
Ideal,I,VS2,1.75,12127
Premium,D,SI2,0.4,855
Good,J,SI2,2.28,9068
Good,G,SI1,1.01,4588
Ideal,F,SI1,0.7,2806
Ideal,F,VS2,1.07,7483
Ideal,G,VS2,0.34,596
Ideal,J,SI2,0.54,978
Very Good,H,SI1,0.35,504
Premium,H,VS2,1.35,8062
Ideal,E,VS2,1.52,15348
Ideal,H,VVS1,1.24,8693
Very Good,E,VVS2,0.23,505
Ideal,D,SI2,1.01,5006
Ideal,H,VS2,2.0,15451
Fair,G,SI2,0.8,2400
Ideal,I,VS1,1.73,13250
Ideal,H,VVS1,0.37,815
Ideal,F,VVS2,0.57,2360
Premium,E,SI2,0.55,1364
Very Good,I,VS1,0.3,442
Very Good,F,VS2,0.52,1680
Very Good,F,SI1,0.7,2264
Very Good,E,SI2,1.11,4307
Very Good,G,SI2,1.12,5504
Ideal,D,IF,1.07,17042
Ideal,E,VS2,0.31,627
Ideal,I,SI1,1.01,4316
Premium,F,VS2,0.31,802
Premium,G,VVS1,0.31,816
Very Good,D,SI1,0.5,1436
Very Good,E,SI1,0.55,1559
Premium,E,VS2,0.72,2954
Ideal,G,VVS2,1.11,9734
Ideal,H,VS1,1.67,14014
Ideal,G,IF,0.33,946
Good,G,SI2,0.72,2333
Premium,E,VS2,0.71,2590
Very Good,E,SI1,0.41,969
Very Good,F,VS2,0.31,583
Ideal,D,VS2,0.52,1919
Ideal,I,SI1,1.18,5378
Good,E,SI2,1.01,4479
Ideal,G,VS1,0.38,882
Very Good,E,VS1,0.38,1083
Ideal,G,VVS1,0.29,607
Ideal,I,SI1,1.05,4516
Ideal,G,VVS1,0.71,3254
Very Good,E,SI1,1.0,5865
Very Good,I,SI1,0.7,2039
Ideal,D,VS2,0.73,3346
Very Good,F,SI1,0.7,2313
Very Good,F,VS1,0.24,461
Ideal,H,VS1,1.24,8299
Very Good,J,VS2,0.53,1122
Ideal,F,VS1,0.57,2189
Ideal,F,VS1,0.72,3489
Premium,D,VS2,0.2,367
Premium,D,VS1,0.4,1123
Ideal,G,VVS1,0.4,1123
Premium,D,VS2,0.3,911
Very Good,J,SI1,1.24,5045
Ideal,I,SI2,2.28,16187
Premium,D,SI1,0.55,1819
Very Good,E,VVS2,0.3,688
Premium,H,SI2,2.36,18745
Ideal,I,IF,0.35,737
Premium,H,VS1,1.78,15460
Premium,G,VS2,1.01,6108
Premium,D,SI1,1.51,12261
Very Good,G,SI2,1.5,8580
Premium,E,VVS2,0.26,724
Premium,I,SI2,0.81,1786
Ideal,F,VVS1,0.71,5019
Ideal,G,VS2,0.34,596
Premium,G,SI2,1.13,4647
Premium,D,SI2,0.42,862
Premium,I,SI1,1.56,7155
Very Good,F,SI2,0.71,2326
Ideal,E,VS2,0.34,745
Ideal,H,VS2,1.63,12620
Premium,I,SI1,1.19,5664
Good,H,VVS2,0.77,2734
Ideal,F,VS1,0.51,1744
Premium,I,VS2,0.29,334
Ideal,D,VVS2,0.3,950
Ideal,G,VVS2,1.07,9169
Premium,D,VS1,0.53,1940
Very Good,J,SI1,2.02,12915
Good,E,SI1,1.5,12870
Good,F,SI2,1.0,4204
Fair,G,VS2,0.7,2338
Ideal,I,VVS1,0.42,945
Premium,H,VVS2,0.23,500
Ideal,F,SI2,0.72,2300
Ideal,D,VS2,0.51,1787
Ideal,I,VS2,0.71,2272
Ideal,F,VS1,0.3,612
Ideal,E,VS1,0.56,2145
Good,F,VVS2,0.62,2131
Premium,F,SI1,0.82,2962
Ideal,E,VS1,0.4,1005
Good,G,VS1,0.91,4744
Ideal,H,IF,0.71,3234
Very Good,E,VS2,0.5,1629
Premium,F,VS2,0.57,1760
Very Good,F,VS2,1.01,6288
Ideal,H,VS1,0.3,675
Ideal,I,SI2,0.31,379
Ideal,E,VS2,0.36,1013
Premium,I,VS2,2.02,13068
Very Good,G,VVS2,0.3,552
Very Good,H,VVS2,0.74,2944
Very Good,H,VS2,1.04,5738
Ideal,H,IF,0.35,921
Ideal,G,VVS2,0.54,1950
Very Good,E,SI1,0.31,698
Ideal,E,VS2,0.5,1624
Premium,E,SI1,1.01,5226
Good,G,SI2,1.31,4864
Ideal,H,SI1,0.9,3967
Premium,H,VS2,1.29,7153
Premium,G,VS2,0.32,720
Ideal,F,VVS2,0.32,741
Ideal,J,SI1,0.78,2169
Very Good,I,VVS2,1.21,6653
Very Good,G,SI1,0.57,1433
Ideal,H,VVS2,0.31,625
Fair,J,SI1,0.7,1723
Premium,J,VS1,0.3,506
Ideal,G,SI2,0.36,505
Good,G,VS2,1.2,8032
Ideal,E,SI2,0.43,716
Ideal,H,VS1,0.53,1607
Very Good,J,SI2,1.64,7579
Ideal,D,SI1,0.35,827
Good,F,SI2,1.01,3886
Very Good,H,SI2,1.05,4042
Ideal,G,VS2,0.31,698
Premium,G,SI1,1.54,11107
Good,H,SI1,1.0,4788
Ideal,J,VS1,2.11,15766
Very Good,D,VS2,0.3,710
Ideal,G,VVS2,1.01,8662
Ideal,E,SI1,0.7,2576
Premium,J,SI1,1.51,6851
Premium,H,VVS1,0.26,600
Very Good,E,VVS2,0.27,621
Good,F,SI2,0.7,2109
Ideal,D,SI1,0.6,1698
Ideal,E,VVS2,0.53,2288
Ideal,D,SI1,0.4,772
Ideal,I,VS1,1.14,7038
Premium,E,SI1,0.41,755
Premium,G,VVS2,0.32,936
Premium,G,SI2,1.23,4426
Ideal,E,VVS2,0.45,1337
Premium,D,VS2,1.02,7643
Very Good,F,VVS1,1.01,9810
Ideal,I,SI1,1.01,4509
Ideal,E,IF,0.39,1333
Premium,F,SI2,1.01,3297
Ideal,G,I1,1.54,6299
Premium,G,SI1,0.52,1249
Premium,H,SI2,1.51,7340
Good,H,VS2,0.91,3192
Ideal,G,VVS1,0.31,789
Good,I,VVS2,0.9,3946
Ideal,E,VS2,0.3,658
Ideal,G,VS2,0.78,3613
Ideal,I,SI1,1.05,4494
Ideal,F,VVS1,0.38,1096
Premium,I,SI1,2.21,17714
Very Good,E,VS1,0.52,1806
Ideal,I,VS2,0.9,4157
Ideal,G,VS1,0.4,877
Very Good,H,IF,1.53,13369
Good,G,VS2,1.01,5701
Ideal,F,VVS1,0.33,880
Very Good,F,IF,1.0,10346
Ideal,D,VS1,0.59,2175
Ideal,G,VS2,0.29,525
Premium,E,SI2,2.04,15398
Ideal,G,VS1,1.71,17049
Very Good,G,VVS1,0.4,1123
Premium,H,SI1,1.04,5179
Good,D,VS2,1.01,6066
Premium,H,VVS2,0.7,2596
Ideal,E,SI2,0.7,2239
Ideal,G,VS2,0.32,561
Very Good,H,SI1,2.05,17811
Premium,H,I1,0.6,835
Very Good,I,SI1,0.9,3120
Premium,G,VS1,1.0,6552
Very Good,G,VS2,0.7,2633
Premium,E,SI2,0.9,3662
Very Good,E,SI1,0.42,992
Premium,H,SI2,0.71,2231
Very Good,J,SI1,1.45,6316
Very Good,E,SI2,1.55,9557
Ideal,G,VS1,1.05,7063
Ideal,D,SI1,0.51,1569
Ideal,G,SI2,1.5,10543
Very Good,I,SI2,2.35,15122
Very Good,G,SI2,1.5,9384
Very Good,D,SI2,0.92,3707
Ideal,E,IF,0.32,1018
Premium,E,SI2,2.02,17825
Premium,D,SI2,0.41,683
Premium,E,SI2,1.5,10080
Premium,D,SI2,0.33,492
Ideal,H,SI1,1.19,6275
Good,J,VVS2,0.38,666
Very Good,E,VS2,0.9,4925
Good,F,SI1,0.81,2718
Good,I,SI2,1.31,5446
Very Good,H,SI1,1.2,5114
Premium,D,SI2,0.76,2706
Premium,H,VS1,0.33,743
Ideal,G,IF,0.41,1367
Premium,D,VS2,0.77,3428
Ideal,I,SI2,0.7,1702
Ideal,F,VVS2,0.33,974
Very Good,I,VS2,1.88,13607
Ideal,D,VVS2,1.1,11550
Ideal,H,VVS2,0.32,645
Good,D,SI1,0.43,774
Very Good,E,I1,1.02,3141
Good,E,I1,1.73,8370
Ideal,D,SI1,0.44,838
Premium,G,VS2,0.32,561
Ideal,F,SI1,0.7,2453
Good,D,SI2,0.7,2382
Premium,E,IF,0.3,984
Ideal,D,SI1,0.81,3852
Ideal,H,VS1,1.37,7979
Very Good,F,VVS2,0.23,530
Very Good,J,VVS2,1.5,8427
Ideal,G,VS2,0.7,3253
Very Good,E,VVS2,0.33,893
Ideal,E,VS1,0.38,1069
Premium,F,IF,0.76,4150
Premium,J,SI1,0.51,1020
Ideal,H,SI1,1.09,5262
Ideal,G,VS1,0.71,3431
Very Good,E,VS2,1.01,6516
Good,D,SI2,0.7,2583
Very Good,G,SI1,1.54,10036
Ideal,F,VS1,0.55,1980
Ideal,G,IF,0.32,918
Ideal,H,VS2,0.54,1439
Very Good,H,VVS2,0.9,4963
Ideal,G,VVS2,0.73,3777
Ideal,I,SI1,0.7,2287
Ideal,G,IF,0.53,2247
Ideal,E,VS1,0.6,2442
Good,E,SI2,0.52,1229
Ideal,G,SI2,0.54,1287
Very Good,F,SI1,0.7,2553
Very Good,I,VS1,1.56,10523
Ideal,E,VVS1,0.33,1052
Good,I,SI1,0.92,3122
Ideal,I,SI2,1.11,4377
Premium,J,SI1,0.7,1666
Premium,F,SI2,1.08,4488
Good,H,SI2,0.79,2346
Very Good,H,VS2,0.7,2415
Ideal,G,SI2,1.06,3936
Ideal,G,VS2,1.11,7109
Premium,E,SI2,0.79,2756
Ideal,D,VVS2,0.8,6004
Premium,F,SI1,0.38,838
Very Good,J,SI1,0.7,1666
Ideal,I,VS2,0.71,2265
Ideal,E,VS1,1.01,7665
Very Good,G,SI1,0.41,719
Ideal,E,VS2,0.3,658
Ideal,E,SI2,0.72,2526
Very Good,G,VS1,0.3,605
Ideal,G,VS2,0.34,596
Good,G,SI2,1.0,3646
Ideal,E,VVS1,0.3,979
Ideal,F,VS1,0.39,958
Ideal,F,VVS2,0.41,1192
Ideal,H,SI2,1.05,3528
Very Good,E,SI2,0.85,2966
Good,G,SI1,0.96,4234
Ideal,I,VVS1,0.33,570
Ideal,I,VVS2,0.4,807
Very Good,H,SI2,1.22,5192
Ideal,E,SI2,0.9,3599
Ideal,J,SI1,0.4,820
Ideal,H,SI1,1.71,13477
Ideal,F,SI1,0.55,1700
Very Good,E,VS2,0.72,3270
Premium,J,VS2,0.33,450
Ideal,I,SI1,2.01,10389
Ideal,G,VS2,0.73,3595
Ideal,H,VVS1,0.52,1809
Good,E,SI2,0.35,491
Ideal,E,SI1,0.75,3053
Good,E,SI1,1.71,12224
Ideal,G,VVS2,0.41,939
Premium,H,VVS2,1.0,4312
Ideal,H,VS2,0.51,1375
Ideal,G,VS2,1.12,7634
Ideal,G,SI1,1.09,5496
Very Good,G,SI1,1.55,9428
Ideal,D,VVS2,0.33,955
Very Good,F,VVS2,0.3,730
Ideal,E,SI2,0.71,2550
Very Good,H,SI2,0.7,1999
Premium,F,SI1,0.38,898
Ideal,I,SI1,0.31,523
Premium,F,SI1,0.79,2656
Ideal,H,VS1,0.42,847
Premium,H,SI1,1.15,5506
Ideal,F,SI2,0.5,1203
Premium,E,VVS1,0.27,799
Premium,F,VS2,0.43,968
Ideal,I,SI2,1.11,4428
Very Good,I,SI1,2.03,15153
Very Good,H,SI1,0.52,1175
Premium,E,SI1,1.01,5311
Ideal,H,VS1,0.31,544
Ideal,J,VVS1,0.55,1238
Ideal,G,VS2,1.04,6809
Very Good,E,SI1,0.71,2685
Very Good,F,SI1,0.38,660
Very Good,G,VVS1,0.32,772
Ideal,G,VS2,0.77,3786
Very Good,I,SI2,0.78,2130
Fair,F,SI2,1.0,4036
Ideal,F,VS1,1.31,10957
Very Good,F,VS2,1.1,7174
Premium,H,SI1,0.43,919
Very Good,D,VS1,0.24,367
Ideal,G,VVS2,0.64,2587
Very Good,H,SI1,1.06,4900
Premium,G,VS1,1.2,8442
Very Good,F,VS1,0.4,982
Premium,H,VS1,1.0,5387
Premium,J,VVS1,0.9,3617
Ideal,G,IF,0.24,559
Very Good,F,VS1,0.5,1692
Ideal,E,SI1,0.59,1664
Very Good,D,SI2,1.0,4295
Ideal,H,VVS2,0.38,1031
Very Good,F,SI2,0.78,2477
Ideal,F,VS1,0.72,3759
Ideal,H,SI1,1.05,5200
Premium,E,SI2,1.04,4566
Premium,G,VS1,1.33,9813
Ideal,E,VVS1,0.71,4231
Premium,G,VS2,0.41,1061
Ideal,E,VS1,0.42,1105
Premium,G,VVS2,0.52,2012
Premium,I,VVS1,0.3,709
Ideal,G,VVS2,0.33,761
Ideal,I,I1,1.5,5593
Very Good,J,SI2,2.02,11757
Premium,D,SI1,0.3,709
Ideal,I,VS2,0.91,4317
Very Good,F,IF,0.34,999
Premium,G,SI2,0.5,978
Premium,H,SI2,1.11,4973
Ideal,F,SI2,0.53,1078
Premium,E,VS1,1.51,16669
Very Good,J,VS2,0.59,1257
Ideal,E,VS1,0.71,3435
Very Good,E,SI2,0.41,638
Very Good,H,VS2,0.5,1178
Good,J,I1,1.03,2220
Ideal,E,VS1,0.74,3804
Premium,D,SI2,0.91,3511
Very Good,E,VS2,0.75,3817
Very Good,F,SI2,1.3,6149
Very Good,F,SI1,0.58,1440
Ideal,G,VVS2,1.36,11956
Premium,H,SI2,1.01,3733
Premium,I,VVS2,0.32,561
Ideal,E,SI1,0.55,1609
Ideal,G,IF,0.95,6951
Good,D,SI1,0.61,1759
Ideal,F,VS2,0.35,706
Premium,D,VVS2,1.12,12152
Premium,H,IF,1.01,6702
Ideal,E,VS1,0.35,851
Ideal,I,VS2,0.76,3075
Premium,G,SI2,0.95,3181
Very Good,E,VS2,0.3,658
Very Good,F,VS1,0.78,3744
Good,E,SI1,1.01,4546
Ideal,F,SI1,0.3,475
Ideal,D,SI2,0.59,1419
Ideal,F,SI1,0.5,1378
Premium,H,SI2,1.5,6458
Premium,D,SI2,0.33,492
Ideal,E,VS2,0.33,928
Very Good,D,VS1,0.35,792
Ideal,I,SI2,2.0,11255
Ideal,I,VVS2,0.54,1346
Ideal,I,IF,0.71,2925
Ideal,E,VVS1,0.31,749
Ideal,H,VS2,0.53,1353
Premium,F,SI2,1.21,5243
Premium,D,SI1,0.83,3556
Ideal,H,IF,0.24,504
Very Good,I,SI1,0.32,554
Very Good,H,VS1,0.91,4514
Very Good,I,VS1,0.31,628
Ideal,J,SI2,1.05,4364
Ideal,G,VS1,0.72,3478
Ideal,H,SI2,1.35,5670
Premium,H,SI1,1.04,4980
Ideal,D,VS2,0.52,1919
Ideal,H,SI1,0.9,4492
Premium,D,SI1,0.53,1566
Premium,E,SI1,0.51,1624
Very Good,J,VS2,2.0,13113
Ideal,H,SI1,0.76,3050
Fair,G,SI2,1.34,5106
Ideal,D,SI1,0.77,3158
Ideal,E,VVS1,0.34,973
Ideal,F,VS2,0.5,1436
Premium,F,VS2,0.31,802
Premium,E,VS2,0.77,3291
Very Good,F,SI1,0.9,3950
Premium,F,VS1,0.37,833
Premium,E,SI1,0.75,2360
Ideal,E,VS2,0.3,658
Ideal,D,SI2,0.77,2923
Very Good,H,SI2,0.9,3481
Ideal,G,VVS2,0.8,4740
Very Good,H,SI1,1.01,4669
Ideal,E,VS1,0.36,852
Ideal,I,SI1,1.19,4998
Ideal,E,VVS2,0.31,791
Premium,G,VVS2,0.32,936
Good,I,SI2,2.01,12681
Ideal,H,SI2,0.83,2666
Ideal,E,VS1,0.38,1000
Premium,D,VS2,0.71,3077
Premium,J,VS2,0.85,2295
Ideal,G,VVS1,0.51,1963
Very Good,D,VVS1,0.57,3126
Very Good,G,VVS2,1.09,7583
Premium,G,VS1,1.02,7129
Very Good,F,VS2,1.0,6927
Ideal,G,VVS2,1.03,8020
Ideal,D,VS2,0.57,1981
Fair,H,SI1,0.9,3024
Ideal,G,VS1,0.79,3413
Premium,H,VS2,0.32,505
Very Good,J,SI1,2.16,14715
Premium,G,VS2,0.9,4183
Very Good,I,VS2,0.76,2551
Premium,E,SI2,1.02,4478
Ideal,I,SI2,0.52,1125
Very Good,D,SI1,1.01,4821
Very Good,E,SI2,0.32,449
Good,E,VVS2,1.01,8569
Very Good,G,SI1,0.5,1171
Good,E,SI1,1.01,4912
Very Good,D,SI2,0.79,2904
Ideal,H,VS1,1.5,11296
Premium,F,VS2,0.34,880
Ideal,G,VS1,0.54,1754
Ideal,J,VS2,0.39,586
Ideal,G,VS1,0.58,1884
Very Good,H,IF,0.44,1194
Ideal,F,SI2,0.5,1118
Very Good,E,VVS2,0.28,572
Ideal,E,VVS2,0.61,2907
Good,I,VS1,1.0,3763
Premium,I,SI2,2.31,17000
Ideal,J,SI1,1.1,4390
Good,G,SI1,0.35,522
Ideal,F,SI2,1.12,5277
Ideal,D,VS2,0.57,1963
Good,E,VVS2,1.01,7769
Ideal,F,VVS2,0.38,963
Good,D,SI1,0.31,732
Premium,H,SI2,1.01,3507
Ideal,G,VS2,0.41,1061
Ideal,H,VS1,0.42,1048
Very Good,D,SI1,1.04,6138
Very Good,E,SI1,0.51,1438
Good,D,SI2,1.51,9069
Very Good,F,VVS1,1.01,9243
Ideal,G,SI1,0.46,990
Premium,H,SI2,1.24,5694
Ideal,F,SI1,1.58,12671
Very Good,I,VVS2,0.39,787
Premium,H,SI2,0.84,2628
Very Good,F,VVS2,0.51,2051
Ideal,G,VS1,1.28,9372
Ideal,E,SI1,0.85,4363
Ideal,G,VVS1,0.51,2111
Ideal,D,SI2,0.31,462
Very Good,I,VS1,1.0,4516
Premium,E,VVS2,1.0,9050
Ideal,G,VVS2,0.3,878
Very Good,H,VS1,0.72,2782
Premium,E,SI1,0.41,904
Ideal,G,VVS1,1.7,18445
Premium,I,VS1,1.21,5540
Premium,G,SI2,0.73,1610
Very Good,E,VVS2,1.01,8849
Ideal,G,VS1,0.52,1815
Very Good,G,VVS2,0.66,2211
Very Good,F,SI1,0.26,401
Premium,D,VS2,0.32,972
Very Good,F,VS2,1.02,6659
Ideal,G,VVS2,0.8,4146
Good,F,VVS1,0.4,1349
Very Good,F,SI2,1.01,4270
Very Good,I,SI1,1.53,9183
Very Good,I,SI1,2.04,16420
Ideal,G,VS2,0.71,2443
Ideal,I,VVS1,0.47,1050
Premium,E,VS1,1.57,17175
Premium,G,VS1,1.46,12151
Ideal,F,VS1,0.41,1007
Ideal,E,SI1,0.34,765
Ideal,G,VVS1,1.23,11469
Very Good,E,VS1,1.01,8668
Premium,G,VS2,1.28,8458
Very Good,F,VS2,1.0,6701
Premium,G,VS1,0.41,961
Ideal,E,VS2,0.37,811
Very Good,G,SI2,1.04,4125
Very Good,E,VS2,0.71,2450
Very Good,F,VS1,1.03,7233
Very Good,E,IF,0.32,1018
Ideal,G,SI1,0.42,945
Ideal,E,SI2,0.3,401
Ideal,H,SI1,0.5,1160
Premium,I,SI2,1.1,3604
Ideal,E,VVS1,1.08,12098
Ideal,E,VS1,0.34,1033
Ideal,I,SI1,0.52,1074
Ideal,H,VS2,1.04,6133
Premium,I,SI2,1.06,2968
Premium,H,SI1,1.52,9527
Very Good,G,VVS1,0.3,705
Good,D,SI2,1.02,3839
Premium,G,VS1,0.36,932
Ideal,G,SI2,1.2,5484
Ideal,H,SI1,0.35,630
Ideal,G,VS2,1.17,7548
Premium,F,VS2,1.07,5974
Premium,E,VS2,0.5,1559
Premium,H,VS1,0.31,698
Good,E,SI2,1.08,4742
Ideal,G,VVS2,0.36,794
Very Good,G,VVS1,1.25,10962
Ideal,F,VS1,0.4,1050
Premium,F,VS2,0.7,2717
Premium,F,VS2,0.63,2211
Premium,G,VS2,1.18,9516
Premium,G,VS1,0.37,746
Premium,E,SI1,0.72,2666
Premium,F,VS2,0.34,880
Ideal,G,VS1,0.42,921
Ideal,D,VVS2,0.38,1060
Very Good,E,VS2,0.51,1638
Premium,G,VVS1,0.3,945
Ideal,F,SI2,1.03,3807
Very Good,I,SI1,2.14,15769
Ideal,F,VS2,0.74,3454
Premium,F,SI2,0.78,2200
Premium,H,VS2,1.02,5217
Ideal,G,VS1,0.24,442
Very Good,E,SI2,1.13,5052
Premium,F,VVS2,0.3,945
Premium,I,SI2,2.24,15515
Very Good,H,VS2,1.1,5729
Ideal,F,SI1,0.71,3421
Very Good,F,VS1,0.3,658
Premium,F,VS2,0.31,625
Ideal,H,VS1,0.93,5375
Premium,I,SI2,1.74,7858
Good,I,VS1,1.5,9278
Ideal,F,VS2,0.53,1803
Very Good,H,VS2,1.01,5897
Very Good,G,VS1,0.4,877
Very Good,D,SI2,0.91,3837
Ideal,E,SI1,1.0,5629
Ideal,H,SI1,0.51,1195
Ideal,E,VS2,0.41,935
Premium,H,VS1,0.71,2572
Ideal,G,VVS1,0.23,536
Premium,I,SI2,1.04,3861
Premium,F,SI2,1.2,5988
Ideal,H,SI1,1.51,10096
Very Good,H,VVS1,0.51,1668
Good,E,VS1,0.47,1293
Ideal,H,SI1,0.41,876
Ideal,E,VVS1,0.33,906
Premium,G,SI2,1.01,4022
Premium,G,VS2,1.3,9120
Very Good,I,SI2,0.38,500
Ideal,H,VS1,1.51,11856
Ideal,D,VS2,0.71,3222
Ideal,G,VS1,0.7,2972
Very Good,E,VS2,0.53,1607
Ideal,H,VS2,1.27,7219
Ideal,D,SI2,0.77,3011
Ideal,G,VVS2,0.54,1985
Good,F,VS2,1.01,6288
Ideal,F,VS2,0.32,645
Ideal,H,VS1,0.27,464
Ideal,D,VVS2,1.23,13653
Premium,G,SI2,1.09,3601
Very Good,F,VVS2,0.27,682
Very Good,E,VVS1,0.24,478
Ideal,G,IF,0.3,844
Ideal,G,VS2,0.33,743
Good,G,VS2,0.54,1422
Ideal,G,SI2,0.98,4116
Premium,G,VS1,1.01,6499
Premium,G,SI1,0.3,574
Ideal,E,VVS2,0.32,1080
Premium,F,SI1,1.72,14300
Good,E,VS2,0.5,1389
Very Good,J,SI2,1.04,3459
Good,G,SI2,0.9,3253
Good,F,SI2,1.39,6969
Premium,G,SI1,0.41,719
Very Good,D,SI2,1.52,9343
Ideal,I,VVS2,0.73,2485
Premium,G,IF,0.31,988
Ideal,D,VS2,0.52,1919
Very Good,F,VS1,0.37,863
Ideal,E,VS2,0.33,928
Ideal,F,SI1,0.3,499
Ideal,G,IF,0.41,1431
Very Good,I,VS1,0.78,2694
Very Good,E,VS2,0.46,1194
Very Good,D,SI2,1.0,3965
Good,G,SI1,0.55,1213
Premium,E,VVS1,0.41,1431
Premium,G,SI2,1.54,7848
Ideal,H,VVS2,0.39,853
Premium,F,SI1,1.01,4989
Good,D,VS2,0.36,739
Ideal,E,SI1,0.51,1343
Ideal,D,SI2,0.71,2505
Good,E,SI1,0.51,1343
Ideal,H,I1,3.5,12587
Ideal,F,VVS2,0.7,2701
Premium,G,VS1,0.31,625
Premium,J,VS2,0.71,1917
Premium,H,SI1,2.0,13986
Ideal,E,SI2,1.0,3450
Ideal,E,IF,0.35,1254
Ideal,E,VVS1,0.4,1278
Very Good,G,VVS1,0.3,680
Ideal,E,SI1,0.54,1778
Premium,F,VS2,0.37,957
Ideal,H,VS1,1.24,5055
Premium,F,VS1,0.4,1050
Premium,D,SI1,0.54,1662
Very Good,F,VS2,1.0,6619
Very Good,I,SI2,0.55,1041
Fair,H,SI2,1.11,3730
Ideal,D,VS1,0.41,1230
Premium,D,VVS2,0.23,688
Premium,H,VS2,1.31,7550
Premium,H,VS2,0.36,729
Very Good,I,SI2,1.5,7211
Premium,J,VS2,0.37,583
Very Good,F,SI1,0.9,3724
Ideal,E,VS2,0.7,2616
Premium,E,SI1,1.64,14107
Very Good,D,VS2,0.51,1599
Very Good,F,SI1,0.7,2196
Premium,H,SI2,1.25,5950
Good,D,SI1,0.3,552
Ideal,G,VS2,1.25,9282
Good,G,VS1,0.84,3316
Ideal,E,SI2,1.22,6343
Premium,J,SI1,1.15,4347
Ideal,F,VS2,0.3,601
Ideal,G,IF,0.33,1052
Premium,G,SI1,0.36,689
Ideal,G,IF,0.3,813
Premium,F,VS2,1.1,9486
Very Good,E,VS1,1.06,8219
Good,D,VS2,1.33,11023
Ideal,D,VVS2,1.19,12912
Premium,E,SI1,1.01,5973
Very Good,H,SI1,1.1,4827
Ideal,G,VVS1,0.42,1235
Ideal,F,I1,1.03,3634
Premium,D,VS1,0.7,3214
Premium,E,VS2,0.85,3803
Premium,J,VS1,0.35,949
Very Good,F,SI2,0.57,1235
Ideal,G,SI2,1.03,3692
Premium,D,SI2,1.52,9959
Premium,D,VS1,1.0,8333
Good,G,SI2,0.83,2614
Very Good,D,VS1,1.0,7877
Very Good,H,SI2,2.54,16353
Good,G,VS2,1.52,11235
Very Good,I,VVS2,0.41,1024
Ideal,H,SI1,1.71,12641
Premium,F,SI2,0.9,3803
Ideal,G,VVS2,0.72,3002
Good,D,VS2,0.77,3489
Very Good,E,SI1,0.34,714
Ideal,G,SI1,0.32,477
Fair,E,VS2,1.0,6285
Good,F,SI2,2.01,16231
Very Good,E,VS2,1.5,14256
Premium,E,SI2,0.9,3830
Good,F,IF,1.01,9451
Premium,E,VS2,1.01,6787
Ideal,G,VS1,1.02,7440
Premium,G,SI1,1.11,4768
Very Good,I,SI2,0.9,2704
Ideal,I,VVS1,0.41,891
Very Good,J,VS1,0.91,3666
Ideal,H,SI1,0.31,421
Ideal,D,SI1,0.9,4612
Ideal,G,VS1,0.7,3034
Premium,E,SI2,1.04,3392
Ideal,G,VS1,0.52,1662
Good,F,SI1,0.71,2345
Very Good,G,VVS2,0.34,775
Premium,G,SI1,1.06,5183
Ideal,F,I1,0.97,2856
Ideal,E,SI1,0.81,3404
Ideal,E,VVS2,0.32,842
Very Good,H,SI2,1.11,4973
Good,G,VS2,0.39,787
Good,F,VS1,1.0,6389
Premium,G,SI1,0.47,1110
Very Good,I,SI1,1.51,8637
Ideal,F,VS1,0.54,1819
Premium,H,SI2,1.51,8033
Ideal,F,SI2,1.12,5046
Premium,G,SI1,0.53,1273
Good,G,SI1,1.0,3965
Ideal,G,IF,0.32,918
Very Good,E,SI1,0.73,2844
Ideal,H,VVS1,0.31,707
Good,I,SI2,1.53,6238
Ideal,H,VVS2,0.3,776
Ideal,G,SI2,2.22,17123
Very Good,F,VS2,0.71,2319
Fair,G,I1,0.72,1147
Good,D,SI2,0.35,522
Very Good,F,VVS1,1.01,9667
Good,F,VS1,0.9,3750
Very Good,E,VS1,0.38,1000
Premium,H,SI1,1.82,14949
Premium,E,VS1,0.38,1069
Ideal,E,SI2,1.04,5163
Very Good,G,SI2,0.98,4542
Ideal,F,VVS2,0.41,1044
Ideal,G,SI1,1.28,7415
Ideal,D,SI1,0.36,663
Very Good,E,SI1,1.2,6373
Ideal,G,VS1,0.38,794
Premium,E,SI2,0.77,2171
Fair,D,SI1,0.91,3730
Very Good,G,SI1,0.72,2488
Ideal,E,SI2,0.77,2563
Premium,F,VS1,0.41,1007
Fair,F,SI2,0.92,3282
Premium,E,SI1,0.72,2863
Premium,E,SI1,0.43,1016
Very Good,E,VS1,1.0,7528
Very Good,E,SI2,1.09,3418
Fair,I,SI2,0.9,2948
Very Good,E,SI2,1.0,4630
Very Good,I,SI1,1.07,4307
Very Good,E,IF,0.31,944
Very Good,I,SI2,2.03,13063
Premium,H,SI2,2.2,12747
Premium,H,SI1,1.52,9959
Premium,F,VS2,1.0,6352
Ideal,H,IF,0.41,1099
Good,E,VVS2,0.3,814
Premium,F,SI2,0.32,540
Very Good,G,VVS2,0.51,1875
Ideal,H,IF,0.33,959
Ideal,I,SI2,1.12,3688
Ideal,I,VS1,1.52,10851
Good,I,VS1,0.31,489
Ideal,F,SI1,0.82,3361
Premium,J,SI1,0.79,2199
Premium,F,VS2,0.75,3013
Premium,D,SI1,0.36,851
Ideal,G,VVS2,0.33,730
Ideal,E,VS2,0.32,900
Ideal,G,VVS2,0.51,1926
Very Good,F,VS1,0.57,1741
Fair,F,SI2,2.0,12610
Premium,D,SI2,1.04,5292
Ideal,E,SI2,1.01,4984
Premium,F,VS2,1.22,8733
Ideal,F,VVS1,0.35,994
Ideal,F,VS2,0.53,1621
Ideal,F,VS1,0.42,1082
Ideal,D,SI2,0.42,898
Ideal,H,SI2,0.51,983
Premium,F,VS2,1.52,12985
Premium,H,VS1,0.4,938
Premium,J,VVS2,0.7,1843
Premium,F,VS2,0.4,842
Premium,E,SI2,0.34,612
Ideal,H,SI2,2.15,16146
Ideal,D,SI1,0.32,558
Very Good,H,SI1,1.01,4642
Ideal,G,VS2,1.21,7806
Very Good,J,VS2,0.78,2312
Fair,G,VS2,1.01,5538
Ideal,E,VS1,0.57,2192
Very Good,F,VS2,0.53,1693
Premium,H,VS2,0.3,608
Very Good,E,VVS2,0.56,2304
Very Good,H,SI2,0.71,2259
Ideal,E,SI2,0.91,4160
Good,F,SI1,0.9,3881
Very Good,I,VS2,0.34,457
Premium,D,VS2,0.64,2243
Ideal,F,VS1,0.53,1908
Ideal,I,SI1,0.59,1352
Ideal,E,VVS1,0.3,826
Ideal,G,SI1,1.0,4737
Ideal,I,VVS1,0.71,2559
Ideal,H,SI2,0.33,433
Ideal,J,SI1,1.02,3856
Ideal,G,VVS2,1.01,7806
Premium,D,SI2,0.91,4051
Very Good,F,VVS2,0.23,530
Premium,E,SI2,0.91,3703
Very Good,E,SI2,1.02,3947
Premium,E,SI1,0.9,4158
Fair,G,SI2,1.03,3530
Premium,I,VS1,0.3,608
Premium,F,SI1,1.0,3881
Very Good,E,SI1,0.9,4921
Ideal,D,VVS2,0.42,1223
Premium,H,SI1,0.37,666
Premium,H,SI1,1.72,9551
Ideal,D,VS2,0.76,3248
Good,D,SI1,0.9,3755
Premium,D,VS1,0.31,788
Very Good,G,VVS2,0.56,2010
Premium,G,SI2,1.16,4320
Ideal,I,VS2,1.04,5242
Premium,F,SI2,2.21,16657
Ideal,F,VVS1,0.33,828
Ideal,D,VS2,0.34,805
Ideal,F,SI1,1.2,7463
Very Good,H,VVS1,0.35,745
Very Good,I,VS2,1.05,4986
Ideal,H,VS2,1.71,13190
Ideal,G,SI2,1.17,5743
Premium,F,SI2,0.41,784
Very Good,E,VS2,0.4,925
Fair,G,VS2,0.35,1415
Ideal,F,SI2,0.72,2298
Ideal,H,SI2,2.02,15974
Premium,G,VVS1,0.44,1235
Ideal,I,VS2,0.52,1232
Ideal,I,VS1,0.71,2965
Ideal,I,SI2,0.53,844
Ideal,I,SI2,0.98,3873
Good,D,VS2,0.51,1430
Premium,E,VS2,0.5,1629
Premium,F,SI1,0.41,755
Premium,H,VS2,1.31,7732
Premium,E,SI1,0.8,2912
Premium,I,SI2,1.13,3987
Premium,D,SI2,1.13,5133
Good,H,SI2,1.5,7500
Ideal,G,VS2,0.31,500
Ideal,G,VS2,0.72,3547
Ideal,F,IF,0.4,1292
Premium,I,I1,2.04,7403
Ideal,H,VS1,0.54,1637
Very Good,H,SI1,1.01,4242
Good,E,SI2,0.9,3736
Premium,G,VS2,1.51,12872
Very Good,D,VS1,0.35,846
Premium,D,VVS2,0.38,1257
Very Good,E,SI2,0.57,1384
Premium,E,SI1,1.55,11871
Premium,F,VS1,1.1,7762
Very Good,G,VS2,0.31,471
Ideal,H,SI2,1.04,4193
Very Good,E,VVS2,0.27,544
Ideal,J,VS1,0.41,648
Very Good,D,VS1,0.7,3231
Ideal,G,VVS2,0.51,1974
Premium,J,SI1,0.82,2283
Very Good,H,VS2,0.42,755
Ideal,H,IF,0.35,921
Ideal,E,VS2,0.3,844
Good,I,SI2,0.7,1675
Very Good,H,VVS2,0.41,873
Premium,D,VS2,0.39,958
Ideal,G,VS1,0.74,2780
Ideal,G,VS1,0.31,587
Premium,F,SI1,0.35,748
Very Good,H,VVS2,0.23,431
Very Good,G,SI2,0.81,2649
Ideal,D,SI1,0.3,524
Very Good,H,SI1,1.06,5048
Ideal,G,VS1,0.32,773
Ideal,I,SI1,1.51,8342
Very Good,G,VS1,1.02,6861
Premium,D,VVS2,0.23,680
Very Good,I,VVS2,1.5,10873
Premium,H,VVS2,1.71,14866
Very Good,F,SI1,0.42,717
Ideal,E,SI1,0.91,4132
Very Good,E,VS1,1.01,7039
Very Good,G,VS1,0.62,2161
Ideal,H,SI1,0.39,874
Very Good,E,VS2,0.55,1725
Fair,G,SI2,2.01,10887
Premium,E,VS1,0.54,2608
Premium,F,SI1,0.51,1406
Good,G,VVS2,1.0,7572
Ideal,D,VS1,0.7,3361
Premium,G,VS2,0.73,2770
Very Good,E,VS2,0.34,745
Very Good,D,SI1,0.3,614
Ideal,G,SI1,0.4,736
Premium,D,SI2,1.06,4155
Premium,G,IF,0.42,1400
Ideal,I,VS1,1.07,5103
Very Good,F,SI1,1.02,5222
Fair,G,SI1,1.02,4044
Ideal,E,VVS2,0.7,3585
Premium,D,VS2,0.35,1063
Good,D,SI1,1.01,5147
Very Good,G,VVS2,0.72,2889
Very Good,D,VVS2,0.71,4014
Ideal,I,SI2,1.24,5221
Ideal,D,VVS2,0.29,664
Premium,F,SI2,1.02,4043
Very Good,H,VVS2,0.9,4432
Ideal,G,SI1,0.37,608
Premium,E,VS1,0.5,1698
Very Good,E,VS1,0.51,1634
Premium,F,VS2,1.4,11368
Premium,G,VVS2,0.3,878
Ideal,H,VVS1,0.43,987
Premium,E,VS1,0.63,2064
Premium,D,VVS1,0.35,1167
Ideal,G,IF,0.33,1052
Ideal,G,VVS2,0.54,2090
Ideal,J,SI2,2.05,12654
Premium,G,VS2,1.0,5940
Very Good,D,VS2,1.14,7928
Ideal,H,IF,0.34,844
Ideal,F,IF,0.52,2598
Fair,E,I1,0.74,1865
Premium,F,VS1,0.39,1010
Premium,F,VS2,1.01,5988
Ideal,F,SI1,1.09,5527
Very Good,D,SI1,1.01,5533
Very Good,H,SI1,0.32,482
Very Good,F,VS1,0.23,402
Ideal,G,IF,0.31,871
Ideal,I,SI2,0.9,2948
Premium,E,VVS2,0.41,1187
Premium,I,SI2,1.52,6214
Good,J,VS2,1.06,4517
Premium,E,SI2,0.56,1206
Ideal,F,VS1,0.32,702
Ideal,H,SI1,1.54,9562
Ideal,E,VVS2,0.32,843
Ideal,H,VS2,0.31,489
Ideal,E,SI1,0.78,3067
Premium,F,VVS1,0.42,1389
Ideal,D,SI1,0.33,608
Good,J,SI1,0.72,1663
Ideal,E,SI1,0.5,1410
Premium,J,VVS2,1.5,8603
Premium,H,SI2,2.51,14543
Fair,J,VS1,0.74,1982
Very Good,D,SI1,0.32,550
Very Good,J,VS2,0.54,1129
Very Good,E,SI2,0.52,1146
Ideal,G,VVS2,0.32,936
Very Good,G,VS2,0.29,712
Fair,E,SI2,1.0,4265
Ideal,F,IF,0.31,1155
Very Good,H,SI1,2.0,15745
Ideal,D,SI1,0.31,692
Premium,J,VS1,0.34,574
Very Good,E,VS2,0.9,4419
Very Good,J,VS2,1.51,8735
Fair,I,VS1,1.0,3763
Very Good,G,VS1,0.37,746
Ideal,F,VS2,1.31,10243
Good,J,VS1,0.4,631
Ideal,E,VS1,0.4,1053
Premium,F,VS2,0.31,802
Very Good,D,SI1,0.7,2686
Ideal,D,VS2,0.32,972
Very Good,I,SI1,0.5,1054
Ideal,F,VS2,0.64,2419
Ideal,E,VVS2,0.4,1158
Very Good,D,SI1,0.34,626
Very Good,I,SI1,1.73,11554
Very Good,H,VS1,1.24,7092
Very Good,H,SI1,2.0,16092
Very Good,D,SI2,1.2,5373
Very Good,D,VS2,0.4,845
Ideal,E,VVS1,0.32,954
Premium,E,SI2,0.33,594
Premium,G,SI1,0.62,1253
Premium,J,SI1,1.51,7441
Ideal,G,SI1,0.33,475
Ideal,E,VS1,0.58,1893
Premium,G,VS2,0.31,435
Very Good,G,VS1,1.07,6780
Premium,E,SI2,0.71,2271
Good,J,VVS2,0.3,483
Premium,E,SI2,1.76,9580
Ideal,I,SI1,0.51,1000
Premium,E,VS1,1.04,6765
Premium,I,SI1,0.36,486
Very Good,I,VS2,0.71,1840
Ideal,E,SI1,0.41,969
Good,J,VS2,2.04,13550
Premium,F,SI2,0.7,2043
Very Good,G,SI2,0.4,765
Premium,E,SI1,0.6,1698
Premium,E,VS1,0.33,1069
Ideal,G,VS1,0.32,828
Good,G,SI2,0.75,1819
Ideal,F,VS2,0.52,1446
Good,H,SI1,0.7,2394
Premium,D,SI1,1.8,12338
Ideal,G,VVS1,0.72,3548
Good,I,VS1,0.7,2443
Very Good,J,VS2,1.57,7813
Premium,J,SI2,1.1,3726
Ideal,G,VS1,1.03,7648
Ideal,D,I1,1.29,5065
Ideal,H,SI2,0.71,2086
Very Good,E,SI2,2.14,18125
Good,F,SI1,0.4,687
Very Good,G,VS1,1.53,13228
Very Good,D,VS1,1.04,6915
Very Good,H,SI1,1.01,4642
Very Good,J,SI2,1.02,3359
Premium,I,VS2,0.9,3398
Ideal,E,SI1,0.34,596
Ideal,H,SI1,1.6,9548
Ideal,H,VVS1,0.32,821
Very Good,G,SI1,0.9,3752
Premium,G,VS1,0.38,833
Ideal,E,VVS2,0.3,766
Fair,D,VS2,0.51,1668
Premium,I,SI1,0.31,523
Ideal,G,VS2,0.44,869
Premium,G,VVS2,0.5,1935
Ideal,F,IF,0.31,979
Ideal,G,SI2,0.9,4314
Premium,H,SI1,1.04,4980
Premium,E,VS2,0.73,2862
Fair,H,SI2,1.0,3472
Ideal,D,VS2,0.5,1752
Very Good,H,VS2,1.51,10090
Good,J,SI1,2.0,11988
Good,F,VS1,0.7,2441
Good,F,SI1,0.54,1292
Ideal,H,IF,1.66,14724
Premium,J,SI1,0.9,3141
Very Good,H,VS2,1.14,5053
Fair,F,SI1,0.5,1069
Premium,E,VVS1,1.04,10539
Very Good,F,VS2,0.85,3705
Ideal,H,SI1,1.12,5457
Premium,G,VS2,1.04,6709
Good,E,SI1,1.0,5345
Ideal,G,SI2,1.34,5358
Ideal,F,VVS1,0.3,857
Good,H,VS1,0.3,675
Premium,F,SI1,0.51,1421
Fair,H,VS2,1.01,4751
Ideal,G,SI1,0.4,702
Very Good,J,SI1,0.56,957
Good,D,SI2,1.02,4246
Very Good,E,SI2,1.34,5065
Very Good,D,SI1,0.73,2841
Good,F,SI1,0.91,4067
Premium,E,SI1,1.01,5599
Ideal,D,SI2,0.31,593
Premium,H,SI1,2.01,14502
Ideal,H,VS1,0.32,524
Fair,G,SI2,2.11,12633
Ideal,E,VVS2,0.41,1243
Very Good,G,VVS2,1.0,8138
Ideal,I,VS2,0.59,1371
Very Good,I,SI2,0.52,974
Ideal,E,SI1,1.63,14022
Ideal,F,VS2,0.56,1761
Premium,E,SI2,1.21,6223
Good,D,SI1,0.51,1574
Ideal,I,VVS1,0.73,2575
Ideal,G,IF,1.3,12467
Ideal,F,SI1,0.43,1016
Ideal,F,SI1,0.7,2382
Ideal,I,VS1,0.3,473
Premium,H,VS2,1.01,5120
Very Good,F,VVS2,1.32,12736
Ideal,H,SI2,0.95,3994
Very Good,F,SI1,1.0,5122
Good,H,VS2,0.31,489
Premium,G,SI1,0.71,2283
Ideal,E,VS2,0.51,1656
Very Good,J,SI1,1.5,6987
Ideal,E,VS2,0.34,646
Ideal,G,IF,0.3,863
Premium,I,SI2,2.06,14982
Good,F,VS2,0.7,2591
Ideal,G,VVS1,0.4,1059
Ideal,H,SI2,0.92,3854
Very Good,F,VS2,0.51,1423
Very Good,G,SI2,1.22,6409
Ideal,F,VS1,0.42,1031
Ideal,G,IF,0.51,2096
Ideal,D,SI1,0.3,709
Very Good,F,VS2,0.31,802
Good,F,SI2,1.09,4698
Ideal,J,SI1,0.81,2307
Ideal,H,SI2,2.02,15785
Good,F,SI1,0.52,1427
Ideal,D,VS1,1.05,8820
Very Good,G,VVS2,0.43,1056
Ideal,G,IF,0.41,1259
Good,G,VS2,0.9,4194
Ideal,F,VVS2,0.3,694
Good,D,SI1,0.3,552
Very Good,H,I1,1.85,5688
Premium,G,SI2,0.36,473
Premium,G,VS1,1.27,9371
Ideal,E,VS2,0.33,928
Ideal,D,SI1,0.32,589
Fair,D,VS2,1.01,6081
Ideal,G,SI1,0.4,1020
Premium,I,VS2,1.5,11655
Ideal,G,SI2,0.6,1250
Very Good,E,SI2,0.67,1244
Premium,E,SI1,0.41,969
Ideal,E,SI2,0.58,1234
Ideal,D,VS2,0.54,1993
Premium,G,SI1,0.49,1026
Ideal,G,VS2,1.14,7099
Premium,F,VS2,1.61,14833
Ideal,E,VS2,0.37,1041
Good,H,VS2,0.34,689
Very Good,G,SI2,0.93,3644
Ideal,I,SI1,1.5,8685
Very Good,D,VVS1,0.33,948
Ideal,D,SI2,1.16,5615
Ideal,J,VS2,1.21,5275
Premium,J,SI1,0.31,363
Ideal,H,VS2,0.34,537
Premium,E,SI1,0.9,4259
Premium,E,VVS1,1.2,13321
Ideal,G,VVS1,0.51,2111
Ideal,G,VVS2,1.17,9289
Ideal,H,SI1,0.33,610
Premium,F,VS1,0.26,452
Ideal,G,IF,1.02,8162
Ideal,H,VVS1,0.32,708
Ideal,J,VVS2,0.91,3826
Ideal,F,SI1,0.7,2671
Good,F,SI1,1.0,4158
Ideal,G,VS1,0.35,706
Very Good,E,VS2,0.7,2845
Ideal,G,SI2,0.96,3858
Good,G,SI1,1.02,5055
Ideal,I,VVS2,0.53,1341
Ideal,F,SI1,0.7,2662
Ideal,G,VS2,1.07,7275
Premium,I,VS2,2.01,15939
Fair,G,SI1,2.0,11935
Ideal,I,VS1,0.26,578
Premium,H,SI1,0.42,898
Ideal,G,VS1,0.51,1708
Ideal,J,IF,2.04,17327
Ideal,F,VVS2,0.3,694
Premium,F,SI2,0.74,2328
Ideal,D,VVS2,0.31,805
Very Good,J,SI1,0.79,1828
Premium,D,SI1,0.31,684
Premium,E,SI2,1.0,4648
Very Good,E,VVS2,0.27,620
Good,E,SI2,0.71,2390
Ideal,E,SI1,0.6,2069
Very Good,E,VS1,1.06,7900
Ideal,J,SI1,0.51,988
Premium,H,IF,0.71,3349
Ideal,G,SI2,0.3,422
Ideal,F,SI1,0.39,921
Ideal,E,VS2,0.73,3429
Good,G,SI1,0.8,2810
Ideal,D,SI1,0.41,735
Fair,I,VS2,0.87,3166
Very Good,E,SI1,0.52,1276
Premium,G,SI2,1.66,10030
Premium,G,VS2,0.41,1061
Premium,E,SI2,1.5,8064
Ideal,G,SI1,0.7,2394
Ideal,G,VS1,1.31,10071
Good,G,SI2,0.9,3060
Very Good,G,SI2,0.9,3303
Premium,G,SI1,1.0,5088
Ideal,G,VVS1,0.32,814
Very Good,D,SI1,0.31,732
Ideal,E,VS2,0.32,702
Premium,F,SI1,0.91,3644
Premium,G,VVS2,0.33,965
Premium,G,SI2,1.21,5430
Very Good,I,SI2,0.72,1814
Ideal,E,VS2,0.54,1754
Ideal,I,VS2,0.7,2111
Premium,G,SI2,0.7,1966
Premium,G,VVS1,0.31,1046
Ideal,D,SI1,0.53,1631
Ideal,I,SI2,2.24,15730
Ideal,I,VVS1,0.31,511
Good,G,VS2,0.51,1443
Ideal,H,SI1,1.51,9569
Ideal,E,VS2,0.74,2984
Very Good,E,SI1,0.52,1389
Very Good,E,VS2,1.01,6666
Premium,G,VS2,1.56,13178
Premium,E,VS2,0.3,658
Ideal,G,IF,0.31,1028
Premium,J,SI2,1.37,5156
Ideal,F,VVS2,1.05,9257
Very Good,G,SI1,1.5,10139
Ideal,F,SI1,0.7,2596
Premium,H,SI1,1.19,5802
Very Good,H,SI1,0.3,421
Ideal,F,SI2,2.01,18183
Premium,I,SI1,1.51,9177
Ideal,G,VS2,0.31,698
Good,F,SI1,0.4,687
Ideal,F,VS1,0.33,723
Fair,G,I1,0.7,1138
Ideal,G,SI1,0.3,477
Good,E,SI1,1.11,6178
Ideal,I,VVS2,0.32,720
Ideal,G,VS1,0.32,645
Ideal,G,VVS1,0.32,842
Premium,G,VS2,0.34,596
Ideal,H,VS1,0.23,423
Ideal,G,VS2,1.01,6104
Premium,E,VS1,0.7,2822
Ideal,G,SI2,2.28,13907
Ideal,G,VS2,0.37,671
Very Good,I,VS2,0.39,712
Premium,I,SI2,1.1,3271
Ideal,H,SI2,1.4,7084
Ideal,E,VVS2,0.26,599
Very Good,H,SI1,1.0,4467
Ideal,H,VS1,0.43,850
Very Good,I,SI1,1.33,6513
Ideal,G,VVS1,0.32,1080
Ideal,F,SI1,0.41,753
Premium,E,SI1,1.0,4435
Very Good,I,SI1,1.13,4766
Ideal,E,SI2,1.04,3588
Good,D,VS2,0.9,4717
Ideal,G,VVS1,1.25,10996
Good,D,VS2,1.01,6563
Good,D,VS2,1.01,6429
Ideal,H,VVS2,0.32,828
Ideal,G,SI1,0.38,666
Very Good,E,SI2,2.0,15840
Ideal,J,VS1,1.2,5722
Premium,H,SI2,2.31,12269
Ideal,D,VS1,0.4,1064
Ideal,G,VVS2,0.33,965
Very Good,H,VS2,0.61,1590
Premium,E,VS1,0.71,2920
Very Good,F,VS2,0.43,905
Premium,H,SI2,1.15,3735
Ideal,J,VS1,0.5,1134
Ideal,H,VS1,0.42,847
Premium,E,VS2,0.3,658
Ideal,F,VVS2,1.51,16754
Ideal,G,VVS2,0.52,1911
Ideal,D,VVS1,0.35,1330
Good,H,VVS2,0.7,2355
Ideal,G,VVS2,1.72,18431
Ideal,H,SI1,0.41,1056
Ideal,D,VVS2,0.58,2617
Fair,D,VS2,0.29,592
Very Good,J,VS1,0.4,756
Very Good,E,VVS2,0.23,530
Premium,F,VS2,1.03,6307
Very Good,J,SI2,2.25,13597
Premium,F,SI2,1.24,5889
Ideal,G,VVS1,0.32,842
Premium,H,SI2,2.01,12423
Very Good,D,SI2,0.73,2703
Ideal,E,VS2,0.6,2079
Premium,E,VS2,1.0,6720
Fair,G,VS1,0.7,2384
Ideal,G,SI1,1.5,11572
Premium,D,SI1,0.41,1015
Ideal,I,SI1,0.73,2122
Ideal,H,IF,0.3,764
Very Good,J,I1,1.05,2705
Premium,F,SI2,2.06,16857
Very Good,E,VS2,0.86,4665
Very Good,F,VS2,0.7,2400
Good,D,SI1,0.32,756
Ideal,G,SI2,1.37,6730
Good,E,SI1,1.01,4619
Premium,G,SI1,0.41,923
Fair,H,SI2,1.25,3990
Good,G,VVS1,0.31,816
Good,F,VS1,1.2,6209
Very Good,F,SI1,0.73,2879
Ideal,E,VS2,0.2,367
Good,F,SI2,1.5,7291
Premium,J,VS1,0.75,1998
Premium,F,VS2,1.01,6097
Premium,G,SI1,0.47,931
Ideal,H,SI1,0.4,705
Good,I,VS1,1.33,6963
Very Good,G,SI1,0.31,462
Premium,G,VS2,0.41,827
Ideal,G,VVS2,1.36,11848
Ideal,J,SI2,0.76,1833
Good,E,VS1,0.7,2826
Ideal,G,VVS1,1.28,11147
Ideal,E,VS1,1.08,10292
Premium,G,SI1,1.5,9954
Good,D,SI1,0.32,589
Ideal,H,SI1,0.5,1035
Ideal,H,VS1,0.41,827
Very Good,I,SI2,1.51,7441
Fair,G,VS1,0.7,2250
Very Good,H,VVS2,0.59,1840
Very Good,D,VVS2,0.3,719
Ideal,F,VS2,0.3,776
Premium,G,VVS2,1.01,6670
Good,D,SI1,0.93,3812
Premium,F,VVS1,0.3,868
Very Good,H,VS2,1.02,5217
Premium,H,IF,0.32,1080
Premium,H,SI2,2.2,17634
Good,D,SI2,0.32,441
Good,E,SI2,2.0,15393
Ideal,F,IF,0.4,1583
Premium,H,VS2,0.93,4050
Ideal,G,SI2,0.72,2170
Ideal,G,VVS2,1.54,15059
Ideal,G,IF,0.31,891
Very Good,G,VVS1,0.29,607
Very Good,I,SI2,1.01,5000
Good,G,VS2,0.3,526
Ideal,H,VVS1,0.54,1846
Ideal,E,VS2,0.71,3035
Ideal,G,VS2,0.34,596
Premium,G,VS2,0.34,765
Ideal,E,VVS2,0.57,2447
Premium,F,SI2,0.73,2329
Ideal,I,SI1,1.7,9901
Premium,H,VS2,0.31,489
Very Good,H,VS1,0.33,579
Fair,D,SI1,1.01,4751
Premium,I,SI1,1.01,3337
Fair,E,SI2,0.6,1033
Premium,E,VVS1,0.3,895
Very Good,D,SI2,2.03,12765
Very Good,H,VS2,0.41,943
Ideal,I,SI2,1.31,5546
Very Good,G,IF,0.32,954
Very Good,E,VVS1,1.01,10891
Ideal,J,VS1,2.16,18462
Very Good,E,VVS1,0.43,1433
Premium,G,VS2,0.31,698
Ideal,F,VS2,0.32,828
Ideal,J,VS1,1.54,8848
Premium,I,VS2,1.19,4591
Ideal,D,SI1,0.55,2018
Premium,G,VS1,0.41,961
Very Good,J,SI1,2.22,13782
Premium,E,SI1,0.57,1406
Good,F,SI1,0.53,1268
Very Good,E,SI2,1.0,4480
Good,D,VS2,0.5,1708
Premium,I,VS2,1.7,9330
Ideal,H,SI1,0.66,1936
Ideal,E,VS1,0.29,619
Very Good,G,VS2,0.42,847
Ideal,F,VS2,1.05,7697
Ideal,H,SI1,0.53,1268
Ideal,E,IF,0.3,1013
Premium,E,VS2,0.55,1881
Ideal,G,VVS2,0.51,2197
Premium,G,VS2,0.41,827
Ideal,H,VVS2,1.07,7821
Ideal,J,SI1,0.76,1859
Very Good,F,VS2,0.8,3369
Premium,E,SI1,0.3,675
Premium,I,SI1,1.21,5276
Good,G,SI1,2.19,13978
Ideal,F,SI2,1.09,3882
Premium,G,VS2,0.41,1061
Premium,G,VS1,1.56,13079
Premium,D,SI1,0.71,2913
Premium,F,SI1,0.72,2670
Ideal,F,VVS1,0.38,1096
Ideal,E,VS2,0.43,1048
Ideal,F,VVS2,0.41,1115
Good,H,VVS2,0.31,625
Ideal,D,SI1,0.72,3062
Premium,E,VS2,1.51,14844
Premium,D,SI2,1.21,6031
Premium,J,VS1,2.05,14411
Ideal,E,VS2,0.52,1815
Ideal,F,SI1,1.64,13289
Very Good,G,SI1,0.79,2793
Very Good,H,VVS1,0.7,2682
Fair,E,SI1,0.9,4220
Very Good,H,SI1,1.2,6569
Very Good,G,VVS1,1.01,8373
Ideal,G,VVS1,0.27,627
Premium,G,VS1,0.51,1781
Very Good,G,SI1,0.33,492
Ideal,F,VS1,0.41,1007
Ideal,H,VS1,1.12,7616
Premium,H,SI2,1.74,10874
Ideal,G,SI1,0.33,631
Ideal,D,VS2,0.3,911
Ideal,E,VVS1,0.34,1014
Very Good,E,SI1,1.0,5351
Very Good,G,VS2,1.08,6777
Ideal,E,VS2,0.52,1815
Very Good,D,SI2,1.01,4760
Very Good,G,VVS2,1.01,6968
Premium,D,SI2,2.14,17127
Ideal,F,SI2,0.9,4593
Premium,H,SI1,1.13,4256
Premium,D,SI2,1.06,4903
Very Good,G,SI1,0.57,1273
Ideal,G,VVS1,0.34,863
Ideal,E,SI2,0.9,4034
Premium,E,VS1,0.7,2826
Premium,H,SI1,1.03,5105
Very Good,G,SI1,2.03,18507
Premium,D,SI2,0.7,2319
Very Good,E,VVS2,0.3,622
Premium,F,SI1,0.74,2671
Premium,D,SI1,0.34,626
Ideal,E,VS2,0.71,3421
Ideal,E,VVS2,0.31,791
Very Good,E,SI2,0.5,1181
Ideal,G,VVS1,0.74,3388
Premium,D,SI2,0.31,593
Very Good,G,VVS2,0.35,798
Premium,E,VS2,1.0,6720
Ideal,G,IF,0.31,871
Ideal,I,VVS2,1.05,5932
Ideal,G,SI1,1.01,4129
Premium,H,VS2,0.38,898
Ideal,H,SI1,0.81,3514
Premium,I,VS1,1.04,4240
Premium,H,SI1,2.01,18295
Good,E,SI1,1.0,5174
Premium,H,SI1,1.52,9700
Premium,F,SI1,1.0,4586
Very Good,G,SI1,0.72,2170
Ideal,F,VS2,1.21,8348
Very Good,G,VS1,0.27,439
Ideal,G,VS2,0.52,1549
Ideal,G,VS2,0.37,851
Good,J,VS1,0.39,616
Very Good,E,SI2,1.51,7848
Ideal,F,SI1,0.59,1424
Good,J,VS2,1.01,3655
Premium,I,VS1,0.9,3145
Premium,G,VS1,1.01,6759
Ideal,E,SI1,0.76,2961
Very Good,G,SI1,0.7,2095
Premium,F,VS2,0.31,625
Premium,G,SI2,2.14,17513
Ideal,D,VVS1,0.64,4084
Ideal,I,VVS1,0.32,756
Premium,E,SI1,0.7,2576
Premium,G,SI2,2.11,13598
Premium,H,VS1,0.32,720
Ideal,I,VS2,0.72,2650
Ideal,F,SI2,0.57,1376
Ideal,H,SI2,0.71,2024
Premium,D,VS2,0.53,1825
Very Good,H,VS2,1.5,10424
Very Good,D,VS2,1.0,6881
Premium,E,SI2,0.72,2125
Premium,H,SI1,0.31,558
Very Good,G,VS2,0.33,579
Ideal,G,VS1,1.08,7635
Ideal,F,VVS1,0.31,884
Premium,I,SI1,0.42,803
Premium,G,SI1,1.6,11189
Very Good,J,VS2,1.57,7832
Very Good,H,SI1,1.03,4520
Ideal,H,SI1,1.1,4916
Ideal,F,VVS2,0.24,526
Very Good,G,VVS2,1.23,9999
Ideal,E,SI1,0.53,1435
Ideal,H,VS2,0.33,668
Very Good,E,SI1,0.83,3295
Ideal,F,I1,2.0,10685
Ideal,F,VS2,0.23,498
Good,J,SI2,1.03,3188
Ideal,H,SI2,2.01,14167
Ideal,E,IF,0.31,1188
Premium,E,VS2,0.33,928
Ideal,D,SI1,0.31,571
Premium,E,SI1,0.51,1443
Good,E,SI1,0.46,967
Very Good,E,VS2,0.56,1963
Ideal,D,VS1,1.09,9650
Premium,F,SI1,1.44,9653
Fair,G,VS1,0.84,2724
Very Good,E,SI1,0.91,4914
Ideal,H,SI1,0.55,1084
Premium,I,VS1,0.31,489
Ideal,E,SI1,2.05,18193
Premium,E,SI2,0.7,2475
Ideal,D,SI2,0.32,612
Premium,F,VVS1,0.4,1323
Ideal,H,VVS2,0.4,877
Fair,G,SI2,1.0,2326
Premium,H,VS2,1.01,4412
Premium,I,SI1,0.78,2387
Fair,H,VS1,0.5,1134
Ideal,D,SI1,0.52,1600
Ideal,E,VS2,0.3,658
Very Good,I,VVS1,0.71,2549
Ideal,D,SI1,1.03,5653
Fair,G,SI2,0.7,1420
Very Good,E,VVS2,1.3,13725
Good,I,VVS1,0.42,867
Ideal,D,VS2,0.57,1914
Ideal,D,I1,0.34,413
Good,H,SI1,0.41,683
Good,E,VS1,0.41,935
Ideal,F,SI1,0.7,2833
Ideal,F,VVS1,0.31,840
Very Good,E,SI1,0.4,687
Ideal,F,VS2,0.33,804
Premium,G,VVS1,0.3,1013
Premium,D,SI2,1.14,5047
Very Good,G,VS2,0.83,3195
Ideal,D,VVS2,0.37,1145
Premium,D,SI1,0.56,1814
Premium,D,SI2,0.36,537
Premium,D,VS2,1.55,16137
Very Good,F,SI2,0.4,579
Ideal,G,VS1,0.54,1567
Fair,E,SI2,1.32,6221
Premium,E,SI2,1.1,4967
Very Good,D,SI1,0.32,589
Ideal,H,SI2,1.25,5932
Ideal,D,VS2,0.3,911
Premium,I,I1,1.04,2870
Good,E,SI2,0.41,818
Premium,I,VVS1,1.5,10956
Very Good,F,SI2,0.7,1940
Premium,E,VS1,0.37,1124
Ideal,F,VS1,0.37,811
Ideal,E,VVS1,0.33,984
Very Good,D,SI1,1.23,7799
Ideal,G,VVS2,0.31,846
Premium,F,SI2,0.52,1073
Premium,F,SI2,1.2,5332
Good,H,VS1,1.05,5555
Ideal,J,VS2,0.7,1940
Good,E,SI1,0.91,4611
Premium,F,SI1,0.71,2317
Ideal,H,VS2,1.08,5625
Premium,D,SI2,0.72,2484
Premium,H,VS2,0.77,2546
Very Good,J,VS1,1.2,5376
Very Good,E,SI1,0.55,1551
Very Good,E,VS2,0.24,419
Good,I,SI1,0.4,596
Ideal,I,VS2,0.4,667
Ideal,H,VS2,1.17,6324
Fair,G,SI2,1.0,3027
Premium,G,VS2,0.34,596
Very Good,G,VS2,0.31,559
Ideal,E,VS2,0.52,1760
Ideal,J,VS1,0.34,469
Ideal,I,VVS2,1.21,7134
Fair,H,SI2,1.0,2912
Ideal,E,VS2,0.3,844
Good,F,VS2,0.9,4268
Premium,D,SI1,0.3,709
Ideal,D,SI2,1.01,4785
Very Good,E,SI1,0.7,2592
Ideal,D,VS2,0.51,1882
Ideal,G,VVS1,1.21,10295
Very Good,E,VS2,0.72,2923
Good,J,VS2,0.55,1134
Very Good,F,VS1,1.51,15440
Ideal,E,VVS2,0.63,2697
Ideal,G,VVS1,0.55,2116
Premium,G,VS2,0.63,1871
Very Good,F,VS2,1.01,5560
Good,G,VS1,0.32,645
Ideal,H,IF,0.52,1798
Very Good,G,SI1,1.01,5231
Ideal,H,IF,0.42,1216
Good,E,IF,0.36,1053
Ideal,E,SI2,0.59,1248
Ideal,H,VVS2,1.04,6619
Very Good,E,VVS2,0.3,622
Good,G,SI2,1.24,4861
Ideal,E,VVS2,0.4,1238
Ideal,J,VS1,0.4,606
Ideal,H,VS1,0.74,3254
Ideal,G,SI2,0.32,459
Very Good,G,VS2,0.71,2905
Premium,I,VS1,1.33,6390
Very Good,F,VS2,1.0,6183
Ideal,G,VS2,0.72,3012
Very Good,E,SI2,0.3,421
Very Good,D,VS2,0.3,663
Very Good,J,SI1,1.13,4391
Very Good,E,SI1,1.01,5002
Ideal,H,VS2,0.27,397
Premium,E,VVS2,0.32,1080
Ideal,G,SI1,0.37,586
Premium,G,SI2,1.28,6236
Premium,D,SI1,0.37,681
Premium,G,VVS2,1.3,10763
Very Good,J,VVS1,0.71,2218
Premium,F,SI2,1.04,4717
Ideal,G,VS2,0.9,4482
Very Good,F,VS2,0.38,800
Very Good,H,VS2,0.9,3919
Very Good,D,VS1,0.9,5757
Premium,G,VS2,1.76,16879
Very Good,D,VVS1,1.29,17932
Ideal,D,VS1,0.51,1845
Fair,E,VS2,0.5,2579
Premium,E,SI2,1.31,5176
Very Good,F,VVS1,0.7,3252
Good,H,I1,1.0,2940
Ideal,J,SI2,0.53,856
Very Good,F,SI1,1.01,5078
Very Good,E,VS2,0.3,585
Ideal,G,SI2,0.72,2068
Very Good,G,SI1,0.3,536
Ideal,H,I1,2.16,8709
Premium,G,VS2,1.53,13077
Fair,H,I1,0.85,1324
Fair,H,SI1,1.09,5085
Very Good,I,SI1,1.63,9199
Very Good,F,SI2,1.26,5998
Very Good,E,VS2,0.71,2759
Very Good,D,SI2,1.21,6125
Very Good,E,IF,0.25,633
Ideal,E,SI1,0.36,810
Ideal,D,SI1,1.05,6196
Fair,H,SI1,1.51,8010
Premium,H,SI1,0.7,2020
Good,H,SI2,1.1,3696
Good,E,VS2,0.52,1625
Very Good,J,VS1,0.6,1378
Premium,G,SI1,1.55,9600
Premium,I,VVS1,0.5,1415
Ideal,J,VS2,0.55,1260
Ideal,E,VS2,1.06,9092
Ideal,E,VS1,0.32,972
Premium,I,VS1,1.0,3763
Premium,D,VS2,0.41,792
Good,E,SI1,0.5,1293
Good,E,SI2,0.8,2640
Good,H,SI2,1.3,6042
Premium,D,VS2,0.5,1845
Very Good,G,VS1,0.7,2676
Ideal,F,SI2,0.53,1142
Ideal,I,VVS1,0.55,1712
Premium,E,VS1,0.31,942
Premium,D,SI2,0.41,683
Ideal,H,SI2,2.51,17162
Ideal,I,VS2,2.33,15073
Ideal,H,VS1,0.31,698
Ideal,E,VS2,0.31,756
Very Good,F,SI2,1.01,4119
Ideal,I,SI1,0.52,1094
Very Good,F,VVS1,0.7,3204
Ideal,G,SI1,0.41,1110
Ideal,F,VS2,1.12,7727
Ideal,G,SI2,0.84,2986
Ideal,G,VVS1,0.3,1013
Premium,J,VS2,1.51,7418
Good,I,IF,0.38,886
Very Good,F,SI1,0.3,641
Very Good,F,VS2,0.73,2939
Very Good,I,SI2,0.78,2132
Ideal,G,VVS1,0.31,816
Very Good,E,SI1,0.24,571
Good,E,SI1,0.41,705
Premium,J,VS2,0.31,488
Very Good,D,SI1,0.59,1621
Premium,F,VS2,0.59,1769
Very Good,F,VVS2,0.57,2290
Premium,E,SI2,1.01,4434
Premium,E,SI2,0.82,2593
Premium,E,VS2,0.72,2626
Premium,E,SI1,0.57,1608
Ideal,F,VVS2,0.53,2158
Fair,F,SI1,0.6,1367
Ideal,J,VS2,1.02,4397
Premium,H,VS1,0.35,614
Very Good,D,VS1,0.47,1795
Very Good,F,SI2,0.9,3519
Ideal,H,VS2,0.64,1831
Very Good,I,SI2,1.0,3276
Good,F,VS2,0.64,2063
Ideal,I,VS1,0.82,2986
Ideal,I,IF,0.33,891
Very Good,H,VVS1,0.38,967
Ideal,E,VVS1,0.41,1367
Very Good,E,SI2,1.11,4177
Good,F,SI2,1.01,4140
Very Good,F,VS1,0.4,851
Ideal,D,SI1,0.3,552
Premium,H,VS2,0.34,689
Ideal,G,VS2,0.34,596
Very Good,H,SI1,1.11,5010
Ideal,D,VS2,0.42,1031
Ideal,G,VS2,1.04,6342
Fair,F,SI2,1.09,3170
Fair,I,VS2,0.47,919
Very Good,D,VS2,0.27,470
Ideal,E,IF,0.38,1433
Ideal,G,VVS2,0.51,2197
Ideal,F,VS2,0.3,776
Ideal,I,VS1,0.31,502
Ideal,G,SI1,0.32,612
Good,D,SI1,0.92,5259
Premium,H,SI1,0.4,855
Very Good,G,SI1,0.65,1828
Premium,H,SI2,1.51,8074
Good,I,I1,3.0,10863
Premium,J,VS2,1.19,4761
Ideal,H,SI1,0.95,4508
Premium,G,VS2,0.33,579
Ideal,G,VS1,0.53,1754
Very Good,G,SI2,1.31,4714
Premium,F,SI1,0.41,969
Very Good,H,VVS1,0.7,2893
Very Good,H,SI1,0.42,700
Premium,G,SI1,1.51,7585
Ideal,D,VS1,0.42,1179
Good,H,VS2,0.9,3601
Ideal,G,SI2,2.21,15948
Premium,F,VS2,0.7,2648
Premium,G,SI2,0.74,2328
Ideal,F,IF,0.33,1389
Ideal,G,SI1,1.71,13196
Ideal,F,VS2,0.31,802
Ideal,H,VS1,0.33,743
Good,I,VS2,1.5,8555
Ideal,I,VS1,0.72,2586
Ideal,I,VS1,0.54,1453
Very Good,G,VVS2,0.71,2977
Premium,H,SI1,1.0,4702
Ideal,F,VS1,0.57,1961
Very Good,F,SI1,2.0,16580
Very Good,G,SI2,0.9,3581
Premium,G,SI2,0.92,3648
Very Good,D,VS2,0.31,734
Very Good,F,SI1,0.73,2473
Ideal,D,VS1,0.34,1109
Ideal,E,VVS1,0.38,1211
Fair,G,VS2,1.0,5484
Premium,G,SI1,1.51,11153
Premium,I,VS2,2.14,15418
Ideal,H,VS1,0.31,562
Ideal,I,VS2,0.73,2453
Ideal,I,VS1,1.79,13908
Ideal,E,SI2,1.68,11781
Premium,D,SI1,1.01,6176
Fair,F,I1,2.11,7019
Ideal,F,VVS1,0.31,828
Ideal,J,VVS2,0.31,453
Ideal,F,SI2,1.56,10571
Good,E,SI2,2.0,15962
Premium,G,SI2,1.33,4634
Very Good,D,SI2,1.0,4543
Very Good,E,VVS1,0.4,1164
Ideal,F,SI1,1.69,13872
Very Good,E,VS1,0.28,489
Ideal,H,SI1,0.7,2383
Ideal,H,VS2,1.71,13445
Very Good,J,VS2,1.7,9586
Ideal,E,VS2,1.24,9240
Ideal,D,VS1,0.42,1006
Ideal,E,SI1,0.5,1415
Very Good,H,VVS1,0.66,2323
Ideal,D,VS2,0.3,911
Very Good,E,SI2,1.18,5088
Ideal,E,VS2,0.3,658
Premium,F,VVS1,0.7,3109
Ideal,G,VS1,0.57,1899
Ideal,E,VS2,0.3,844
Ideal,J,VS2,2.1,13462
Premium,D,SI1,0.37,874
Ideal,H,VVS1,1.23,8920
Ideal,G,SI2,2.09,11119
Premium,I,VVS2,0.31,698
Ideal,H,SI2,1.02,3927
Premium,E,VS1,1.0,7588
Very Good,H,SI2,0.93,3452
Premium,E,SI1,1.01,5301
Premium,D,SI2,0.92,3550
Fair,I,VS1,1.43,6727
Very Good,D,SI2,1.01,4538
Ideal,H,SI1,1.09,5219
Very Good,H,SI1,2.02,18236
Premium,H,VVS1,0.31,707
Ideal,E,VS1,1.22,10622
Very Good,E,VVS2,0.28,608
Premium,F,SI2,1.27,5428
Ideal,G,SI2,1.25,6371
Premium,I,VS1,0.53,1383
Very Good,I,VS1,0.7,2405
Ideal,G,VS2,1.17,7413
Very Good,G,VS2,0.33,579
Ideal,F,VVS2,0.23,530
Premium,F,SI1,0.71,2381
Premium,D,SI2,0.43,919
Ideal,G,SI2,0.72,2139
Ideal,E,VS2,0.7,2839
Ideal,G,VS2,1.5,13135
Premium,F,SI1,0.54,1369
Ideal,E,VVS1,1.13,11641
Premium,F,SI1,1.01,5090
Premium,I,SI2,1.21,4337
Good,I,VS2,2.02,16593
Good,D,SI1,0.4,720
Premium,E,VS1,0.31,942
Ideal,H,SI2,1.02,4398
Good,F,SI1,0.69,1951
Good,I,VVS2,0.55,1384
Premium,G,VS1,0.9,4460
Ideal,E,SI1,0.79,3384
Ideal,F,VVS1,0.57,2555
Premium,D,SI1,0.31,571
Very Good,I,SI1,1.1,4235
Fair,F,VS1,0.71,2707
Very Good,I,SI1,1.51,9283
Very Good,D,SI1,1.01,5654
Premium,G,SI2,1.33,6565
Premium,E,VS2,0.32,702
Premium,E,VS2,1.01,6488
Very Good,F,VS1,0.7,2975
Ideal,E,VS1,0.41,1079
Very Good,J,SI2,1.56,6662
Ideal,J,SI2,1.11,4092
Good,E,VS1,0.9,4353
Ideal,D,SI1,0.3,709
Ideal,G,VVS1,0.31,789
Premium,I,SI1,2.29,18797
Ideal,E,VVS1,0.32,827
Premium,F,VS1,0.9,5000
Ideal,E,SI1,0.51,1356
Ideal,F,SI2,1.02,4968
Ideal,F,IF,0.26,657
Very Good,E,SI1,0.7,2275
Ideal,H,VS1,0.34,596
Ideal,H,VVS2,1.02,6613
Very Good,D,SI1,0.54,1662
Premium,E,SI1,0.3,526
Ideal,G,VS1,0.31,627
Ideal,E,SI1,0.84,4068
Good,H,SI1,0.34,628
Premium,H,SI1,1.05,4608
Ideal,D,SI1,0.34,803
Ideal,E,SI2,1.03,5491
Ideal,G,SI2,1.01,4327
Premium,G,SI1,0.75,1980
Ideal,D,SI2,0.31,593
Ideal,G,SI2,2.01,17555
Very Good,G,SI1,0.34,536
Ideal,E,VVS1,0.32,921
Good,H,SI1,0.9,3282
Ideal,D,VS1,0.41,1427
Very Good,D,SI2,1.0,4628
Very Good,F,SI2,0.92,3763
Ideal,D,VVS2,0.38,992
Ideal,D,VS1,0.36,781
Very Good,F,VS1,0.91,4739
Premium,H,VVS1,0.32,730
Very Good,D,SI1,1.5,11442
Very Good,J,VS2,0.71,1922
Very Good,D,VVS2,0.3,754
Ideal,F,VS1,0.36,803
Ideal,E,VS2,0.34,829
Ideal,D,SI2,0.41,876
Very Good,G,VS1,0.9,4780
Very Good,G,VS2,1.05,6486
Premium,D,SI1,0.53,1753
Premium,F,SI2,1.01,4121
Ideal,F,I1,1.04,3718
Very Good,H,SI1,1.2,6019
Good,G,VS2,0.9,4093
Ideal,E,VS2,0.31,680
Good,I,SI1,0.41,784
Ideal,F,VS2,1.0,6580
Ideal,D,VVS2,0.38,1096
Ideal,F,SI1,0.38,844
Ideal,F,VS2,1.2,8590
Very Good,E,SI1,0.92,4562
Very Good,F,SI1,1.1,5769
Premium,H,SI2,1.04,3611
Ideal,G,VS1,0.53,1727
Very Good,E,SI2,0.3,540
Very Good,D,SI1,0.9,4068
Premium,F,VVS1,0.32,990
Good,F,SI2,1.1,3918
Ideal,F,VVS2,0.4,1163
Ideal,G,VS2,0.43,942
Very Good,E,SI2,0.55,1145
Very Good,F,SI2,0.7,2177
Very Good,H,SI1,1.53,10468
Ideal,F,VVS2,1.02,9521
Ideal,D,VS2,0.32,842
Fair,G,I1,2.07,6503
Ideal,I,VS1,0.4,828
Premium,J,SI2,2.11,12440
Premium,F,SI2,0.56,1286
Ideal,F,VS2,1.13,7504
Ideal,D,SI1,0.78,3214
Premium,G,SI1,1.61,11303
Very Good,I,SI1,1.01,3888
Ideal,G,VS1,1.1,7550
Premium,D,SI1,1.61,12231
Ideal,E,VS2,0.3,658
Premium,F,SI1,0.92,3749
Ideal,G,SI2,0.77,2275
Ideal,D,VS2,0.33,1002
Ideal,G,VVS1,0.32,732
Ideal,F,VS2,1.13,8157
Ideal,G,VS1,0.43,1008
Ideal,H,VVS1,1.2,9604
Very Good,F,VVS2,0.28,628
Ideal,F,VVS1,0.3,814
Fair,I,I1,1.21,2396
Premium,E,VS2,0.3,658
Ideal,H,I1,1.28,3355
Ideal,D,VS2,0.43,1129
Very Good,F,VS1,1.01,7127
Ideal,G,VVS1,0.29,673
Good,G,SI2,1.51,7695
Ideal,G,VS1,0.32,645
Fair,F,SI2,0.82,2508
Premium,F,SI1,1.08,5487
Very Good,F,VS2,0.9,4617
Ideal,G,VVS1,0.32,814
Very Good,I,SI1,0.33,445
Premium,H,SI1,0.59,1106
Good,H,VS2,1.05,5492
Very Good,H,VS2,1.2,6423
Ideal,I,VVS2,0.72,2594
Ideal,I,VVS1,0.38,791
Premium,G,VS1,0.36,726
Very Good,G,VS1,0.57,1934
Premium,D,SI2,1.04,4330
Ideal,H,SI1,1.49,9132
Very Good,H,VS1,0.4,807
Very Good,D,SI1,0.31,507
Ideal,E,VS1,0.71,3272
Good,D,SI2,1.0,4520
Premium,H,VS2,0.33,521
Very Good,F,SI2,1.01,4298
Premium,H,SI2,1.24,5694
Premium,J,SI1,1.3,5569
Ideal,D,VS2,0.51,1674
Good,H,SI1,0.7,2218
Ideal,G,VS1,0.32,718
Fair,F,SI1,1.54,10954
Ideal,F,VVS2,0.38,954
Ideal,F,IF,0.34,985
Very Good,D,VVS2,1.13,13111
Ideal,G,SI2,1.54,9530
Very Good,G,VS1,0.51,1560
Very Good,E,VS1,0.29,504
Ideal,D,VS2,0.73,4134
Very Good,E,VVS2,0.56,2100
Ideal,H,VVS1,0.34,722
Ideal,I,VVS1,0.59,1698
Very Good,G,SI2,0.74,2423
Premium,I,VVS2,0.31,698
Premium,F,SI2,0.8,2447
Good,E,SI2,1.11,4532
Ideal,G,SI2,1.01,3739
Ideal,D,SI1,0.31,732
Very Good,D,SI1,0.3,709
Good,E,VVS2,0.23,505
Ideal,G,VS2,0.36,664
Ideal,G,SI2,0.9,3500
Ideal,E,SI2,0.91,3800
Ideal,I,VS2,1.06,5362
Very Good,D,SI2,1.01,4588
Very Good,E,SI2,1.5,9450
Ideal,H,VVS1,0.3,665
Premium,F,VS1,1.11,7310
Ideal,F,VS2,0.36,786
Premium,H,SI2,1.02,3313
Very Good,D,SI2,1.29,6126
Good,J,SI1,0.3,339
Premium,F,SI1,1.22,7059
Ideal,D,VS2,0.33,855
Good,E,VS2,0.73,2912
Premium,D,VVS2,0.3,741
Very Good,E,SI1,0.51,1340
Very Good,E,SI2,1.13,5147
Premium,E,VVS1,0.79,4490
Premium,D,VS2,0.71,3217
Ideal,H,SI1,0.54,1227
Premium,H,SI1,0.32,591
Ideal,H,SI1,1.2,6578
Premium,E,SI2,1.33,6963
Very Good,E,VVS2,0.59,2214
Ideal,F,VS1,0.25,595
Premium,J,SI1,2.51,17452
Premium,I,SI1,0.77,2089
Premium,I,SI2,0.9,2948
Ideal,J,IF,0.4,1063
Premium,G,SI2,1.11,4755
Premium,H,SI1,1.55,10277
Premium,G,VS1,0.42,984
Ideal,F,VS1,0.26,452
Ideal,G,VS1,1.04,7294
Ideal,H,SI1,1.2,6450
Premium,H,SI2,0.3,485
Ideal,H,VS2,0.81,3084
Very Good,E,SI1,0.51,1318
Premium,D,VVS2,1.04,10984
Ideal,H,VS2,0.76,3948
Premium,D,SI1,0.78,3145
Ideal,D,SI1,0.43,830
Ideal,D,VS2,0.31,942
Ideal,F,VVS1,0.3,814
Very Good,I,SI2,0.71,1875
Very Good,D,SI1,0.83,2811
Ideal,F,IF,0.38,1397
Ideal,E,IF,1.02,12030
Ideal,G,VVS1,1.06,8488
Premium,G,VS2,0.32,561
Ideal,D,VS2,0.31,942
Premium,D,SI2,0.91,3848
Very Good,G,IF,0.3,863
Premium,H,VVS1,0.4,1017
Ideal,G,VVS2,1.19,9587
Premium,H,VS2,0.33,521
Premium,I,VS2,1.63,10479
Very Good,D,SI1,0.9,4068
Very Good,J,SI1,1.4,6145
Premium,E,SI1,1.05,5821
Ideal,D,VS2,0.72,3495
Premium,H,SI2,1.02,3998
Premium,H,SI1,0.71,2364
Very Good,D,SI1,0.52,1237
Ideal,I,SI1,0.35,472
Ideal,G,SI2,1.16,5301
Premium,I,SI1,0.9,3251
Very Good,H,VS2,0.32,505
Very Good,D,VS1,0.4,995
Ideal,J,VS2,2.45,18113
Ideal,F,VS2,0.51,1687
Ideal,H,VS1,0.71,2909
Ideal,E,VS2,0.3,844
Ideal,F,VS2,0.3,573
Ideal,H,VVS2,0.31,802
Very Good,F,VS2,0.7,2593
Ideal,H,VVS2,0.54,1639
Very Good,H,VS2,0.3,608
Ideal,G,VVS2,0.3,638
Fair,D,SI1,1.01,5122
Premium,H,VS2,0.61,1719
Good,D,SI2,0.3,414
Very Good,H,VS2,0.31,489
Premium,F,SI1,0.72,2030
Ideal,E,VVS2,0.53,2271
Good,G,SI2,1.01,4047
Premium,I,VS2,1.7,11257
Very Good,J,SI2,1.01,3793
Very Good,G,VS1,0.31,542
Premium,H,VS2,0.34,689
Premium,E,SI2,0.71,2306
Good,D,VS2,0.9,4739
Ideal,D,VS1,0.54,1955
Good,D,SI1,0.3,515
Very Good,H,VS2,0.36,583
Very Good,H,SI1,1.71,12791
Ideal,F,SI1,0.3,500
Very Good,D,VS2,0.71,2745
Ideal,G,VVS2,0.52,1911
Good,E,SI2,0.5,1077
Ideal,E,VS2,0.56,1882
Premium,E,VS2,0.3,731
Ideal,D,SI1,1.03,5804
Ideal,I,SI1,1.25,6066
Premium,F,VS1,1.01,7353
Premium,G,VS1,0.41,961
Good,G,VS2,0.3,515
Ideal,D,VS2,0.36,852
Very Good,E,VS1,0.7,2671
Very Good,E,VS1,0.26,453
Ideal,I,SI1,0.3,422
Very Good,H,SI1,1.53,9332
Good,G,SI1,1.01,5277
Very Good,H,VS2,0.9,3989
Ideal,F,IF,0.34,1276
Good,D,VVS1,0.3,825
Premium,J,SI1,0.96,3269
Very Good,H,VS1,1.01,5593
Ideal,G,VS1,1.08,7553
Good,H,VS1,1.52,11804
Premium,D,VS2,0.31,942
Very Good,E,SI2,1.05,4010
Ideal,G,VVS1,0.3,789
Ideal,E,SI2,1.07,5325
Ideal,G,VS1,0.57,1868
Premium,F,VVS2,0.44,1196
Ideal,H,VS2,1.56,12146
Good,I,SI1,2.0,12554
Ideal,F,VS2,0.33,666
Very Good,D,SI2,1.09,4244
Premium,G,VS2,1.2,8030
Ideal,G,SI2,0.5,1074
Ideal,H,VVS2,0.51,1574
Very Good,G,VVS1,0.5,1887
Ideal,H,SI1,1.12,5818
Ideal,E,VS1,0.76,3649
Ideal,G,SI1,1.03,5143
Very Good,H,VVS2,1.52,11904
Very Good,G,SI1,1.51,9841
Very Good,H,VS1,1.02,5977
Very Good,E,SI2,0.59,1286
Good,H,VVS1,0.31,786
Good,G,VVS2,1.01,7528
Ideal,G,VS2,0.33,579
Ideal,G,VS1,1.02,6968
Ideal,G,VVS1,0.41,1068
Premium,F,SI1,0.7,2596
Ideal,F,IF,0.36,1063
Very Good,J,VS2,0.32,393
Ideal,D,VS2,0.59,2078
Ideal,F,SI1,0.88,4054
Ideal,G,VS2,0.78,3184
Premium,G,SI2,2.06,17012
Very Good,D,VVS1,0.23,492
Ideal,H,VS1,0.4,792
Premium,D,VS2,0.71,2858
Good,G,VS1,0.6,1757
Ideal,F,VVS2,0.39,1036
Very Good,G,VVS1,1.0,7725
Very Good,E,VS2,0.31,680
Premium,E,SI2,0.33,594
Good,E,VVS1,0.3,763
Very Good,F,SI1,0.5,1250
Very Good,F,SI1,0.71,2436
Premium,G,VS1,0.31,625
Ideal,F,VS2,0.3,573
Premium,F,SI1,0.31,663
Ideal,G,SI1,0.73,2659
Ideal,F,VS2,0.32,828
Ideal,I,VS1,0.57,1448
Premium,J,VS1,1.74,11050
Very Good,G,VVS2,0.3,684
Very Good,F,SI1,0.7,2196
Premium,H,SI1,2.01,17347
Ideal,E,VS2,0.4,912
Ideal,D,VS2,0.59,2103
Ideal,D,VS2,0.33,781
Ideal,F,VS2,1.19,8265
Ideal,I,SI2,1.71,10096
Very Good,H,SI2,1.51,7723
Premium,D,VS2,0.5,1845
Good,D,VS2,0.7,3561
Very Good,I,SI2,1.13,3987
Ideal,G,VS2,0.37,649
Ideal,D,VS2,0.56,2066
Ideal,E,SI2,0.72,2337
Very Good,D,VS1,1.01,7575
Ideal,F,SI2,1.28,6458
Premium,I,VS2,1.5,9479
Ideal,I,VS2,1.18,6191
Ideal,F,VVS2,0.51,2054
Ideal,F,IF,0.31,821
Ideal,F,VVS1,0.71,4454
Good,H,VVS1,0.7,2877
Ideal,J,VVS2,1.02,3451
Ideal,I,SI2,1.1,4624
Premium,E,VS2,0.6,1915
Good,H,SI2,0.9,2883
Ideal,E,VVS2,0.24,526
Fair,H,SI2,1.03,4038
Fair,H,SI1,2.32,18026
Very Good,J,VVS2,1.51,8706
Ideal,G,VS1,1.5,13820
Ideal,D,VS2,0.5,1690
Premium,E,SI2,1.83,12492
Premium,H,SI1,1.13,5194
Very Good,F,SI1,0.52,1326
Very Good,D,VS2,0.32,758
Ideal,E,VS1,1.01,7458
Ideal,D,SI1,1.07,5767
Ideal,E,SI1,0.55,1551
Ideal,F,VVS1,0.56,2510
Premium,I,VS2,0.36,505
Ideal,D,SI1,0.32,589
Ideal,G,VS1,0.32,828
Very Good,I,SI1,1.01,5712
Ideal,G,VVS1,0.56,2055
Ideal,E,VS2,0.53,1801
Very Good,E,VS1,1.29,10780
Premium,E,VS2,0.6,1819
Very Good,E,SI1,1.0,5082
Ideal,G,SI1,0.37,745
Premium,J,SI2,2.53,16934
Ideal,E,VS1,0.4,1053
Ideal,G,VVS2,0.61,2331
Good,H,VS1,0.51,1438
Ideal,D,SI2,1.74,9880
Very Good,D,SI1,0.3,552
Very Good,F,SI1,0.71,2427
Ideal,F,VS2,0.71,2891
Ideal,E,VS1,0.34,1033
Ideal,I,VVS1,0.43,968
Ideal,E,SI1,0.35,788
Ideal,E,SI2,1.04,4804
Premium,J,VVS1,1.53,9384
Ideal,D,VS2,0.31,942
Ideal,E,VVS2,0.52,2371
Ideal,F,VS2,0.45,945
Very Good,G,VS1,0.7,2676
Very Good,F,SI1,0.7,2445
Very Good,G,VS1,0.3,605
Ideal,F,VS2,1.58,13917
Good,G,I1,1.44,5987
Ideal,H,SI1,0.72,2354
Premium,H,VS1,0.33,743
Very Good,F,VS1,0.34,795
Ideal,F,VS2,0.3,605
Good,I,VS1,0.81,3042
Ideal,H,VVS2,1.23,8509
Good,F,SI1,1.51,10514
Ideal,E,VVS2,0.3,1013
Ideal,G,VS2,0.32,720
Very Good,H,VS1,0.7,2394
Ideal,E,SI2,0.31,435
Ideal,G,IF,0.24,559
Fair,H,VS2,1.35,5625
Very Good,H,SI1,1.02,4932
Ideal,G,VVS2,1.2,11530
Premium,E,VS1,0.62,2196
Fair,G,SI2,1.03,3765
Very Good,E,VS2,0.7,2757
Ideal,J,IF,0.72,2279
Premium,E,VS2,1.01,6606
Good,D,VS2,1.51,12709
Ideal,E,VS1,0.39,914
Premium,H,VVS1,0.31,907
Fair,G,SI1,0.6,1197
Premium,E,SI1,0.52,1387
Premium,G,SI2,0.55,1081
Very Good,J,VS2,0.71,1902
Ideal,H,SI2,1.12,5178
Very Good,E,SI2,0.9,3662
Very Good,H,VS1,1.0,5619
Ideal,J,SI2,1.05,3616
Good,J,VS2,1.52,7370
Ideal,D,SI2,0.3,447
Premium,E,VS1,0.9,5242
Premium,E,VS2,0.42,958
Ideal,G,VS2,1.1,6653
Very Good,F,SI1,1.01,4759
Ideal,E,SI1,0.4,737
Very Good,E,VVS1,1.02,10641
Ideal,H,SI1,0.73,2377
Very Good,F,SI2,0.7,1940
Ideal,D,VS2,0.5,1635
Ideal,H,VVS1,0.53,1743
Very Good,H,SI1,0.37,684
Very Good,E,SI2,0.5,1097
Very Good,F,VS1,0.72,2846
Good,H,VS1,1.19,7152
Good,H,SI1,0.3,421
Very Good,H,SI2,2.08,13206
Ideal,E,VS1,0.55,2001
Premium,H,SI2,1.53,8499
Premium,D,SI1,1.09,5799
Very Good,E,VS2,0.42,958
Premium,E,VVS1,0.72,3566
Ideal,G,VS2,0.92,4405
Good,F,VS1,0.9,4770
Good,F,SI1,2.0,18069
Premium,I,I1,1.01,2017
Very Good,E,VS2,0.5,1629
Very Good,I,SI1,1.01,4794
Premium,H,SI1,1.02,4688
Premium,G,VS2,0.9,4424
Ideal,F,IF,0.5,2645
Premium,E,VVS2,0.25,576
Ideal,J,SI1,0.85,2366
Premium,F,SI1,0.91,4204
Good,G,VS1,0.3,776
Premium,H,SI2,1.07,3775
Premium,H,SI2,1.21,4913
Ideal,G,SI2,1.08,4544
Premium,D,SI2,0.3,574
Ideal,I,VS1,1.15,5930
Good,E,VS1,0.7,3018
Ideal,F,IF,0.38,1193
Good,F,SI2,1.0,4386
Premium,F,SI2,0.92,3854
Very Good,F,VVS1,1.09,10463
Very Good,F,SI2,0.91,3489
Premium,D,SI2,1.52,9561
Premium,H,VS2,1.06,5783
Very Good,I,VS2,0.59,1445
Very Good,J,VS2,1.33,5785
Premium,J,VVS2,1.0,3864
Premium,G,VS1,0.91,4570
Ideal,G,SI1,0.5,1857
Premium,H,VS2,0.9,4082
Very Good,J,VS2,1.73,9510
Ideal,E,VS2,1.01,7355
Good,F,SI1,0.31,618
Very Good,F,VS1,0.51,1812
Premium,E,SI2,2.19,18232
Premium,H,VS2,1.57,11575
Ideal,D,VS2,0.35,829
Premium,E,VS2,0.3,570
Very Good,G,SI1,1.26,7000
Very Good,H,I1,1.74,4677
Ideal,H,VS2,1.51,10959
Ideal,E,SI2,1.61,11220
Ideal,G,SI2,1.02,4255
Ideal,G,VS1,0.76,3648
Very Good,E,SI2,1.5,7728
Ideal,D,VS2,0.41,1007
Ideal,H,SI2,0.81,2375
Very Good,E,VS1,0.7,2967
Premium,G,SI1,1.5,10428
Premium,H,SI1,1.05,5228
Very Good,F,SI1,1.04,5137
Very Good,F,IF,0.59,2632
Ideal,F,SI2,0.82,2799
Very Good,I,VS2,2.08,18281
Ideal,E,VS2,0.54,1847
Ideal,E,VVS2,1.12,10769
Very Good,D,SI2,0.92,3613
Ideal,F,IF,0.52,2733
Premium,G,IF,0.36,1074
Premium,G,SI2,2.15,11985
Ideal,J,VS2,0.41,637
Premium,E,VS2,0.52,1694
Very Good,F,SI1,1.5,10973
Very Good,G,SI1,0.5,1187
Premium,F,SI2,1.0,4480
Ideal,D,SI1,0.31,732
Very Good,D,VS2,0.72,2697
Premium,E,SI1,1.01,4299
Good,D,SI2,0.5,1015
Ideal,G,VS1,0.5,1624
Good,E,SI1,0.43,739
Good,G,VS1,0.3,605
Very Good,I,VS2,0.29,384
Ideal,E,VS2,0.72,3601
Very Good,H,VS1,0.91,4224
Premium,G,VS1,1.51,14156
Ideal,E,SI2,0.52,1412
Very Good,H,SI2,1.03,4283
Premium,H,SI1,1.2,6588
Ideal,F,VS2,0.5,1436
Premium,H,SI1,0.7,2155
Premium,E,VS2,0.51,1614
Ideal,G,VVS1,0.32,842
Premium,H,SI1,1.72,12998
Ideal,H,VS2,0.32,648
Ideal,H,SI1,1.53,10153
Very Good,G,VS1,0.71,2994
Premium,G,VS1,0.74,2800
Ideal,E,VS1,0.34,827
Very Good,E,VS2,1.07,6120
Very Good,F,VS2,1.51,13012
Very Good,D,SI1,0.71,2764
Very Good,F,SI2,0.93,3420
Very Good,I,VS2,1.24,6134
Ideal,E,VS2,0.91,4077
Ideal,H,VS2,0.31,628
Good,D,VVS1,0.7,4198
Good,G,VS2,0.9,4269
Ideal,F,SI2,2.02,13453
Premium,D,SI1,1.61,13582
Very Good,G,SI1,0.28,382
Ideal,H,SI1,1.51,11163
Good,E,SI1,0.31,544
Ideal,H,VVS1,0.43,1094
Ideal,H,SI1,0.3,465
Very Good,D,VS1,0.28,487
Ideal,G,VVS2,0.32,730
Ideal,I,VS1,1.21,6418
Premium,G,VS1,1.01,6618
Premium,G,SI1,0.57,1915
Ideal,F,SI1,1.51,11035
Very Good,H,SI1,1.32,7389
Premium,H,SI1,1.13,5050
Ideal,G,VVS1,0.7,3073
Ideal,G,SI2,1.02,4291
Very Good,I,SI2,2.22,16547
Ideal,H,IF,0.54,2096
Very Good,J,VS1,1.5,8896
Ideal,H,VVS1,0.33,702
Premium,E,VS2,0.5,1559
Very Good,J,VS1,0.33,434
Premium,I,VS2,1.13,4430
Very Good,E,SI1,1.01,5216
Ideal,D,SI1,0.63,1992
Very Good,D,VVS2,0.7,3622
Very Good,H,SI2,0.78,2252
Ideal,H,SI1,1.08,6426
Good,D,SI2,0.57,1262
Ideal,G,IF,0.37,1056
Ideal,E,SI2,0.5,1359
Very Good,J,SI1,1.22,4969
Very Good,F,SI2,1.51,8581
Ideal,I,VS2,1.0,4511
Very Good,H,SI1,1.15,5270
Ideal,G,IF,0.31,988
Good,F,SI1,0.76,2706
Premium,H,VS2,0.7,2010
Very Good,G,SI2,1.0,4207
Premium,G,VS1,1.0,6989
Ideal,H,VVS1,0.42,1310
Fair,I,VS1,0.71,2318
Premium,H,VS2,1.57,11470
Premium,E,SI2,0.71,2410
Ideal,G,VS1,1.51,14674
Premium,E,VVS1,0.41,1431
Good,F,VVS1,0.33,724
Ideal,I,IF,0.3,615
Fair,G,SI2,1.35,4627
Ideal,H,IF,0.73,3378
Ideal,G,SI1,0.75,2456
Ideal,E,VVS2,0.27,622
Very Good,H,VS2,0.35,545
Ideal,G,VS1,1.26,6604
Good,G,SI1,0.7,2137
Good,D,SI2,1.5,9173
Ideal,I,SI1,0.5,982
Fair,F,SI1,1.07,4554
Fair,J,VVS1,0.7,1691
Very Good,H,VS2,1.06,5783
Ideal,I,VS2,1.51,8879
Ideal,D,VS1,0.3,885
Premium,H,VS2,1.0,4930
Ideal,I,SI2,2.03,13182
Good,H,SI1,0.7,2335
Very Good,G,VS1,0.3,605
Premium,I,VS1,1.22,6504
Ideal,E,SI1,0.51,1546
Ideal,H,SI2,1.01,3501
Ideal,H,SI1,1.03,5418
Good,I,VS2,1.51,8951
Ideal,D,VS2,0.33,1002
Premium,F,SI2,0.6,1378
Very Good,H,SI2,0.3,422
Ideal,H,VVS1,0.37,810
Very Good,G,SI2,2.11,16188
Very Good,D,SI1,0.57,1906
Ideal,D,VVS2,0.3,1041
Ideal,G,SI1,0.7,2414
Premium,I,SI1,1.5,6888
Premium,I,VS1,0.32,505
Premium,H,SI1,1.21,5948
Fair,I,VS2,0.65,1659
Very Good,I,VVS2,0.34,765
Premium,D,SI2,0.9,3780
Very Good,E,VVS2,0.27,622
Very Good,D,VVS2,0.39,1232
Ideal,G,IF,0.41,1276
Good,D,SI2,2.01,15394
Premium,G,VS1,0.41,899
Premium,D,VS2,0.53,1877
Ideal,D,SI1,0.36,851
Ideal,E,VVS2,0.52,2230
Good,G,VS1,0.76,3121
Good,I,SI1,0.9,3196
Ideal,I,SI2,1.32,5721
Very Good,F,SI1,0.7,2312
Very Good,F,VS2,1.01,6083
Ideal,D,VS2,0.4,890
Very Good,F,SI2,0.51,1090
Very Good,G,SI1,0.93,4111
Premium,I,VS2,2.1,14394
Very Good,D,IF,1.01,15219
Very Good,D,SI2,0.51,1108
Premium,F,SI1,1.02,4884
Premium,F,SI2,1.04,4013
Ideal,G,SI2,1.03,4928
Ideal,E,VS1,0.7,3446
Premium,J,SI1,1.21,5266
Good,I,VVS2,0.71,2428
Ideal,G,VS2,1.55,13912
Ideal,F,VS1,0.81,3933
Very Good,D,VVS1,0.46,1993
Ideal,E,VVS1,0.63,3181
Very Good,G,SI1,0.91,4922
Premium,I,SI1,1.19,4777
Very Good,E,VVS2,0.7,3429
Premium,J,SI2,1.13,4093
Good,E,SI1,0.51,1624
Premium,J,SI2,0.3,405
Very Good,J,VVS2,0.44,834
Very Good,J,SI2,2.25,8442
Ideal,G,VVS1,0.33,1114
Good,H,SI1,1.51,10277
Fair,I,SI2,1.35,4423
Fair,E,SI2,1.01,4600
Ideal,E,VS1,0.38,1133
Premium,D,SI2,0.3,574
Ideal,G,SI1,0.32,612
Ideal,E,VS2,0.41,999
Ideal,D,SI2,0.41,683
Ideal,D,VVS2,0.4,1010
Premium,G,SI1,0.9,2830
Very Good,J,SI2,1.01,3462
Premium,F,SI1,0.77,2856
Very Good,F,VVS1,0.28,572
Very Good,I,VVS2,0.62,1615
Fair,F,SI1,1.01,4634
Premium,G,VS1,1.07,5967
Premium,D,SI1,1.52,12823
Very Good,D,VS2,0.7,3052
Very Good,E,I1,1.0,3300
Ideal,G,VVS2,1.05,8645
Very Good,H,SI1,0.31,435
Very Good,H,VVS2,0.33,666
Good,E,SI1,0.5,1316
Fair,E,SI1,0.47,829
Very Good,J,VS1,1.41,7636
Very Good,E,VVS2,0.24,552
Ideal,G,VS2,0.56,1698
Ideal,J,VS2,0.39,581
Very Good,E,VS2,0.38,866
Ideal,F,VS1,0.72,2804
Very Good,H,SI1,0.9,3242
Very Good,E,VVS1,0.26,554
Ideal,F,VS1,1.29,10923
Ideal,G,VVS2,0.3,878
Ideal,F,VS2,0.33,854
Ideal,F,VVS2,1.27,12576
Very Good,D,IF,1.07,18114
Very Good,E,VS2,1.01,6622
Premium,H,VS1,0.31,698
Ideal,E,VVS1,0.51,2745
Ideal,H,VVS1,0.24,504
Premium,E,SI2,1.05,3951
Ideal,H,VVS2,0.41,899
Ideal,E,VVS2,0.31,767
Very Good,G,SI2,1.08,4318
Ideal,G,VS2,0.4,1035
Very Good,G,VS2,0.57,1608
Fair,F,SI2,1.21,5028
Very Good,G,VS1,1.11,7503
Very Good,E,VVS2,0.26,597
Ideal,G,VVS1,0.36,945
Ideal,G,VS1,0.7,2475
Premium,E,VS2,0.5,1746
Premium,H,SI1,0.32,576
Premium,H,SI1,2.02,17489
Good,E,VVS1,0.26,597
Ideal,E,VS1,0.51,2075
Premium,G,VS2,0.38,918
Very Good,H,VVS1,0.6,2142
Ideal,J,VS1,0.31,429
Ideal,E,SI1,1.0,5396
Ideal,D,SI1,1.03,6250
Ideal,E,VVS2,1.03,10003
Ideal,D,VS2,0.3,710
Ideal,I,VS1,1.52,10641
Ideal,H,SI1,0.92,4587
Ideal,E,SI1,0.55,1448
Very Good,E,VS1,0.78,3564
Premium,F,SI2,1.08,4488
Ideal,E,VVS2,0.3,789
Very Good,F,SI2,0.9,3368
Very Good,D,VS2,0.58,1977
Premium,F,VS1,0.4,1050
Premium,E,VS1,0.42,1040
Very Good,D,VS2,0.5,1632
Ideal,G,VS1,0.7,2839
Ideal,G,IF,0.44,1348
Ideal,J,SI2,2.22,13703
Very Good,F,SI1,1.02,5500
Good,F,VS2,1.0,6223
Very Good,E,VVS2,0.23,485
Good,F,VS2,0.7,2373
Good,H,VS2,0.74,1989
Premium,F,SI2,1.33,6668
Good,E,VS1,0.58,2185
Ideal,E,VS1,0.31,942
Ideal,I,VS2,1.55,8831
Ideal,F,SI1,1.09,6872
Very Good,I,VS1,2.01,15335
Ideal,G,VS2,0.38,721
Fair,H,SI1,0.7,2048
Very Good,H,VS2,0.55,1327
Ideal,G,SI2,0.41,836
Very Good,G,VS2,1.25,8575
Good,J,SI1,0.83,2159
Premium,H,VS2,1.72,13122
Premium,H,VS2,1.02,4958
Ideal,I,VVS1,0.25,421
Very Good,F,SI1,1.83,11782
Very Good,G,VS1,0.31,625
Very Good,H,SI2,0.92,3417
Very Good,H,SI2,0.71,2141
Premium,H,VS1,1.57,10930
Premium,H,VS2,0.38,700
Ideal,F,VVS1,0.31,884
Very Good,E,SI2,1.0,4620
Ideal,E,SI1,0.55,1621
Premium,H,VVS1,1.51,12224
Ideal,H,SI1,1.09,4965
Very Good,G,VS1,1.51,13686
Ideal,I,VVS2,0.41,1061
Premium,E,VS2,0.41,935
Ideal,E,VS2,0.58,1903
Good,F,SI2,1.01,4011
Premium,D,SI2,0.7,2348
Ideal,F,SI1,0.55,1448
Ideal,F,VS1,0.41,1076
Ideal,D,VVS2,0.4,1152
Premium,F,SI1,0.72,2360
Fair,E,VVS2,0.91,5430
Good,E,VS2,0.47,1294
Ideal,E,VVS1,0.3,956
Premium,J,SI1,0.31,453
Ideal,J,VS2,1.29,5646
Very Good,H,SI2,1.52,8408
Very Good,F,VVS1,0.71,3692
Ideal,D,VS2,0.31,734
Good,I,SI2,1.56,8048
Ideal,H,SI2,0.97,3802
Good,G,VS1,1.51,12489
Ideal,F,IF,0.31,979
Ideal,E,VS1,0.36,1094
Premium,E,VVS2,0.28,646
Premium,G,SI1,1.41,8572
Ideal,E,SI1,1.0,5555
Ideal,E,VVS2,0.51,2211
Very Good,G,VVS2,1.0,7163
Premium,F,VVS1,1.0,8154
Ideal,D,SI1,0.73,3189
Ideal,F,VS2,1.02,7078
Premium,D,SI2,0.41,876
Premium,G,VVS1,1.52,15959
Very Good,D,VVS1,0.23,472
Ideal,H,VS2,1.05,6165
Premium,D,SI2,1.59,7779
Ideal,G,VVS2,0.56,2004
Ideal,D,VVS2,1.06,13588
Ideal,G,VS1,1.2,9625
Premium,H,VS1,0.7,2435
Very Good,E,VVS1,0.23,485
Very Good,G,VS2,0.3,675
Premium,H,VVS1,0.3,878
Ideal,E,VS1,0.35,921
Ideal,G,VS1,1.01,6951
Very Good,F,SI1,0.91,3991
Very Good,J,VS2,1.57,7832
Ideal,F,SI1,0.43,739
Ideal,D,SI2,1.11,5501
Premium,F,SI1,1.5,11613
Very Good,H,VVS2,0.42,921
Premium,D,SI1,0.31,571
Good,F,IF,0.3,742
Ideal,H,VVS2,0.7,3325
Ideal,E,SI1,0.71,2612
Fair,D,SI2,0.7,1806
Premium,D,SI1,1.54,13316
Ideal,D,IF,0.51,3446
Good,I,SI1,1.0,4015
Premium,G,VS1,0.5,1624
Ideal,D,VVS2,1.2,13165
Good,F,SI1,1.02,4948
Very Good,E,VS2,0.73,3307
Very Good,D,SI1,1.01,5422
Ideal,I,VS2,0.32,576
Very Good,F,SI1,0.9,4099
Premium,G,VS2,0.59,1717
Fair,J,VS2,0.3,416
Very Good,I,VS1,1.31,6885
Ideal,D,VVS2,0.7,5539
Good,J,SI1,1.01,3665
Good,F,VS2,1.2,8990
Very Good,G,VS2,1.01,5886
Ideal,E,SI2,0.43,919
Very Good,E,SI2,0.91,3968
Ideal,D,VS1,0.7,4323
Very Good,G,SI2,0.9,3256
Premium,D,SI1,0.6,1799
Premium,D,VS1,0.7,3239
Good,D,SI1,0.41,758
Very Good,G,IF,1.01,9063
Ideal,F,SI1,1.03,6178
Good,I,VS2,2.01,16003
Premium,F,VS2,1.51,13945
Ideal,F,VVS1,0.33,939
Ideal,F,SI2,2.0,17534
Very Good,H,VVS1,0.3,631
Premium,D,VS2,0.73,3250
Good,I,VS1,0.7,2274
Very Good,H,SI2,1.29,5601
Ideal,I,VVS2,0.72,2602
Ideal,F,VVS1,0.26,599
Premium,G,VS2,0.41,827
Very Good,H,SI1,1.55,7066
Ideal,F,VS2,0.32,645
Very Good,H,SI1,0.58,1239
Ideal,F,VVS2,0.26,599
Ideal,F,VVS1,0.31,1028
Ideal,G,VVS1,0.45,1297
Ideal,F,VVS1,0.4,1323
Premium,F,SI1,1.0,4234
Very Good,F,SI2,0.9,3217
Premium,H,VS2,1.54,11177
Ideal,E,VVS2,0.58,2808
Ideal,G,VS2,0.39,745
Good,E,VS2,0.3,614
Ideal,E,VS2,0.33,723
Premium,E,VVS1,0.29,807
Ideal,I,VS1,1.7,12996
Very Good,F,VVS2,0.33,810
Ideal,D,VS2,0.53,1956
Good,H,SI2,1.61,9005
Very Good,J,SI1,2.14,14556
Very Good,J,SI2,2.02,11475
Ideal,G,VS1,0.51,1577
Very Good,E,VS2,1.21,8886
Very Good,J,VS1,0.8,2321
Ideal,I,VVS2,0.7,2276
Premium,F,SI1,0.42,773
Very Good,G,SI2,1.01,4154
Ideal,H,VS2,0.56,1388
Premium,H,VS2,0.38,700
Ideal,F,VS2,0.3,573
Very Good,F,VS1,0.9,5242
Premium,I,SI2,2.01,9658
Ideal,I,SI1,0.55,1076
Premium,F,VS2,0.35,706
Premium,G,VVS1,1.3,11162
Very Good,G,VVS2,1.0,7623
Ideal,G,SI1,1.53,8529
Premium,G,VVS1,0.43,1207
Very Good,D,VS1,0.7,3477
Ideal,E,VVS2,0.34,826
Very Good,J,SI1,1.01,4133
Fair,H,VS1,0.7,2100
Premium,F,SI1,0.72,2492
Ideal,G,VS2,0.71,2803
Very Good,F,SI2,1.02,4162
Ideal,G,SI1,0.96,4301
Ideal,F,VS1,0.71,2839
Ideal,D,VVS1,0.27,586
Ideal,E,VS2,0.51,1795
Very Good,F,SI1,1.01,4632
Very Good,H,SI1,1.5,9523
Premium,E,VVS2,1.0,9050
Ideal,F,VS1,0.7,2993
Ideal,F,VVS2,0.41,1115
Good,F,SI2,1.01,4072
Ideal,G,VS1,1.63,16241
Very Good,I,VS1,1.1,5196
Ideal,F,SI1,0.31,628
Ideal,G,VVS2,0.56,2058
Very Good,F,VS1,0.71,3013
Very Good,E,SI1,0.91,4191
Ideal,G,IF,0.58,2528
Very Good,H,VS2,2.01,18561
Very Good,I,SI1,0.34,447
Very Good,G,SI1,0.43,754
Ideal,G,VVS2,1.14,8743
Premium,G,VS2,0.34,765
Good,J,VS1,0.41,647
Very Good,F,SI1,0.71,2505
Premium,E,SI1,0.31,698
Premium,F,SI1,0.93,4081
Ideal,G,VVS1,0.3,789
Premium,H,SI2,1.5,6443
Premium,G,VS1,1.17,7564
Ideal,E,VS2,0.55,1767
Ideal,I,VS2,1.11,5073
Premium,D,VVS2,0.7,3210
Ideal,F,VS2,0.32,828
Premium,I,SI1,0.32,554
Very Good,F,SI1,0.3,500
Ideal,G,VS2,1.21,7996
Very Good,G,VVS2,0.3,878
Ideal,E,VS2,0.33,723
Premium,E,VS2,0.44,1073
Very Good,G,SI1,0.59,1555
Ideal,F,VVS2,0.56,2298
Very Good,I,VS2,0.32,449
Premium,I,SI1,0.78,2377
Premium,I,VS1,1.27,6532
Ideal,I,VS2,0.51,1060
Ideal,G,I1,1.02,3382
Ideal,G,SI1,1.11,6065
Premium,F,SI2,1.07,4644
Premium,F,SI1,0.76,2607
Ideal,G,VS2,0.59,2159
Very Good,H,SI2,0.9,3324
Very Good,E,VVS2,0.26,599
Good,H,VS1,1.0,5544
Premium,I,I1,3.67,16193
Ideal,E,VS2,0.31,720
Premium,H,SI2,2.75,15415
Very Good,G,VS2,0.31,544
Ideal,H,VVS1,0.83,3846
Ideal,G,VS1,0.33,854
Very Good,G,VVS1,0.31,1046
Premium,H,SI2,0.32,504
Premium,E,VS1,0.58,2297
Premium,H,VVS2,0.32,602
Premium,E,SI2,0.7,2135
Very Good,G,VS1,0.7,2473
Very Good,E,SI2,0.5,1154
Premium,F,VS2,1.16,5781
Ideal,G,VS2,0.67,2010
Premium,E,VS2,0.51,1781
Very Good,H,VVS1,0.73,2772
Premium,G,VS2,1.01,6108
Ideal,H,VS1,0.31,544
Very Good,G,SI2,0.71,2107
Ideal,D,VVS2,0.31,1034
Ideal,E,VS2,0.31,680
Premium,H,SI1,1.03,4843
Good,I,SI2,1.0,3465
Ideal,D,SI2,0.71,2690
Ideal,E,VS1,0.54,1823
Ideal,E,VS2,0.7,2980
Premium,D,VS1,0.77,3644
Ideal,G,SI1,0.51,1287
Premium,G,VS2,0.3,675
Ideal,J,SI2,1.2,4509
Very Good,J,VS2,2.02,13693
Ideal,F,SI1,0.3,475
Ideal,E,SI1,0.4,694
Ideal,G,VS1,1.21,8699
Ideal,H,VS2,0.7,3656
Premium,F,VS2,0.32,645
Ideal,G,VVS1,1.37,12455
Very Good,J,VS1,1.21,5267
Premium,G,VS1,0.35,906
Premium,H,VS2,1.03,5722
Ideal,F,SI2,1.21,5996
Ideal,G,VS1,1.01,6672
Ideal,H,VS2,0.51,1385
Ideal,D,SI1,0.32,715
Ideal,I,VVS2,1.2,6581
Very Good,F,VS1,1.01,7079
Ideal,E,VVS1,0.72,4864
Ideal,I,SI2,1.5,7253
Premium,F,VVS2,0.25,740
Ideal,D,SI1,0.54,1662
Ideal,I,SI1,1.51,10232
Ideal,I,VVS1,0.91,4609
Ideal,D,SI2,1.77,10051
Very Good,G,VVS2,0.3,684
Ideal,F,VVS1,0.39,1124
Premium,E,VS1,0.3,911
Ideal,H,VS2,0.3,491
Ideal,G,VVS1,0.31,710
Premium,G,SI1,1.06,4815
Fair,F,VS2,1.0,4829
Very Good,E,SI2,1.07,4824
Very Good,F,VS2,0.3,524
Ideal,G,VS2,0.51,1438
Premium,E,VS2,1.7,18342
Ideal,E,SI2,1.01,4694
Very Good,F,VS1,1.23,9694
Ideal,G,IF,0.3,863
Ideal,I,VS1,1.51,10576
Ideal,G,VS1,0.53,1607
Ideal,H,VS2,0.53,1427
Ideal,E,VS2,1.62,16358
Premium,E,SI1,1.01,5226
Very Good,F,VVS2,0.26,597
Very Good,E,VVS2,0.72,3495
Ideal,E,VVS1,0.27,659
Premium,G,SI1,0.32,477
Ideal,F,IF,0.34,1148
Premium,H,VS2,0.3,608
Premium,E,SI1,0.3,526
Ideal,D,VS2,1.35,10602
Good,J,IF,1.21,6299
Premium,G,SI2,1.01,3461
Very Good,J,SI1,1.9,9540
Ideal,G,VVS2,0.33,752
Very Good,D,SI1,1.02,5598
Premium,G,SI2,0.81,2616
Ideal,F,SI1,0.43,760
Premium,H,SI1,1.29,6588
Ideal,H,VVS1,0.3,650
Premium,H,SI1,0.92,3165
Premium,F,SI1,1.06,4862
Very Good,I,VS2,1.09,4959
Premium,H,SI2,0.89,2815
Good,E,SI1,0.7,2496
Ideal,G,SI1,0.32,449
Good,E,SI1,0.4,662
Premium,E,VS1,1.25,11088
Good,E,VS2,1.21,9176
Premium,G,SI2,1.08,4627
Premium,I,VS2,1.51,9682
Ideal,F,SI2,1.03,4891
Premium,F,SI2,0.4,864
Ideal,D,VVS2,0.7,5539
Premium,J,SI1,1.5,6806
Premium,E,VS1,0.4,1053
Premium,F,SI2,1.24,5741
Very Good,F,SI1,0.8,3267
Ideal,E,VVS2,0.4,1106
Premium,D,VVS2,0.37,1145
Ideal,H,VS2,0.34,537
Ideal,H,VVS1,0.24,504
Premium,D,SI2,0.91,3943
Ideal,E,SI1,0.78,3014
Ideal,H,SI1,1.03,4800
Premium,I,SI1,1.12,4390
Premium,F,SI2,0.72,2058
Premium,D,SI2,0.33,631
Premium,G,SI1,1.02,4718
Premium,I,SI2,2.2,15238
Premium,G,VVS2,0.34,995
Premium,E,SI2,0.81,2901
Very Good,I,SI1,1.24,5456
Ideal,J,VVS2,1.25,5980
Good,I,VS2,1.51,8720
Good,G,SI1,1.0,4528
Very Good,E,VS2,0.71,2450
Ideal,D,VS2,0.52,1822
Ideal,D,VVS2,0.31,997
Premium,H,VS2,1.27,7496
Ideal,H,VS1,0.7,2484
Ideal,I,SI2,2.54,12687
Very Good,E,SI2,1.92,15364
Very Good,D,SI1,0.42,735
Ideal,E,VS1,0.36,852
Very Good,E,SI2,0.9,3449
Premium,E,VS2,0.31,639
Very Good,H,VS2,1.13,5548
Very Good,G,VS1,0.5,1624
Good,I,SI1,1.14,3639
Premium,F,VS2,1.01,6271
Very Good,I,VS2,1.0,5020
Good,G,VS2,1.51,9741
Premium,I,SI1,1.14,4596
Very Good,D,SI1,1.0,5390
Very Good,H,VVS1,1.0,6296
Ideal,G,VS1,1.12,8080
Premium,H,SI1,1.58,10738
Ideal,G,VVS2,1.2,10454
Premium,G,SI1,0.77,2657
Premium,G,VS2,0.32,720
Good,E,SI1,0.7,2386
Ideal,F,SI1,0.52,1624
Premium,F,VS2,0.3,605
Very Good,F,VVS2,0.76,3640
Premium,G,VS1,0.33,666
Ideal,J,SI1,0.73,2184
Ideal,G,VS2,0.5,1721
Ideal,J,VVS1,0.41,994
Premium,D,SI1,0.43,1064
Ideal,G,VVS2,1.17,9225
Good,J,IF,0.41,827
Ideal,E,VS2,0.34,760
Premium,H,SI2,1.21,5140
Premium,J,SI2,1.3,5140
Ideal,E,VS1,0.36,782
Ideal,E,SI2,0.5,1240
Ideal,E,VS1,0.5,1603
Very Good,E,VVS1,0.72,4339
Ideal,H,VVS1,0.4,1017
Ideal,F,VS2,0.33,854
Premium,E,SI2,0.96,3016
Ideal,D,VVS1,0.52,3321
Ideal,F,VVS1,0.41,1001
Ideal,G,SI1,0.46,934
Premium,J,SI1,1.9,10885
Ideal,F,SI2,1.76,9659
Premium,F,SI1,0.37,791
Very Good,G,VS1,0.7,3127
Ideal,F,VS1,0.35,839
Very Good,D,SI2,0.33,492
Good,E,I1,1.21,3726
Ideal,G,IF,0.37,926
Ideal,G,VVS2,0.39,886
Very Good,F,SI2,0.46,809
Ideal,D,VS2,0.5,1844
Ideal,D,VS2,0.51,1986
Good,H,SI1,0.71,2354
Ideal,H,SI1,1.01,4989
Very Good,H,SI1,0.32,461
Premium,F,SI2,0.71,2072
Ideal,I,VS2,0.31,421
Premium,D,VS2,0.32,829
Premium,H,SI2,1.03,3749
Premium,G,VVS2,0.6,2105
Ideal,E,VVS2,0.35,849
Ideal,G,I1,1.28,4428
Ideal,G,SI1,1.18,6960
Premium,G,VS1,1.51,14674
Ideal,J,VS2,0.55,1165
Good,F,SI1,1.01,4549
Very Good,D,VS2,0.55,1867
Premium,I,SI2,2.06,11190
Premium,I,VVS2,0.33,743
Good,F,SI1,1.63,10901
Ideal,J,VS1,0.4,810
Very Good,I,VS2,0.32,449
Premium,E,VS1,0.26,580
Ideal,H,SI2,2.21,13615
Ideal,E,VS1,0.56,1791
Ideal,E,VS2,0.52,1571
Ideal,F,VVS2,1.03,10049
Ideal,G,VVS1,1.18,9260
Very Good,E,VS1,0.62,2147
Ideal,D,SI1,0.73,2632
Fair,D,VVS1,0.5,1792
Very Good,J,VS2,1.51,7418
Good,H,SI2,0.3,473
Ideal,D,VS2,0.3,710
Ideal,G,VS1,0.3,555
Premium,G,VVS2,1.01,7466
Ideal,I,VVS2,1.62,11587
Very Good,H,VVS2,0.71,2960
Ideal,F,SI2,0.72,2340
Ideal,E,VS1,0.36,828
Premium,I,SI1,1.02,4284
Good,E,SI2,1.0,3450
Ideal,E,VS1,0.72,3947
Ideal,F,VVS2,0.29,715
Ideal,J,VS2,0.32,393
Premium,E,SI1,2.01,12898
Very Good,E,VS1,1.24,10202
Premium,H,SI2,2.21,14032
Premium,G,VS1,0.33,666
Premium,F,IF,0.3,947
Premium,E,SI1,0.51,1443
Very Good,E,SI2,0.44,878
Very Good,E,VS2,0.55,1786
Premium,D,SI2,1.02,5198
Very Good,G,VS1,0.35,676
Very Good,F,VS1,0.71,2807
Good,F,SI2,1.03,4101
Ideal,G,VS1,0.35,906
Good,E,VS2,0.59,1845
Very Good,G,VVS2,0.33,752
Ideal,F,SI1,1.32,7079
Good,H,SI1,1.5,9324
Fair,E,SI1,0.53,1286
Good,E,VS2,1.01,6221
Ideal,D,SI1,0.72,3322
Ideal,D,VS1,0.78,4350
Premium,J,VS1,1.56,7144
Premium,H,IF,0.71,3384
Ideal,E,VS2,0.33,723
Fair,H,SI1,1.11,5178
Premium,G,SI2,1.09,4456
Good,G,VVS1,0.3,789
Premium,G,SI1,0.4,702
Premium,J,SI1,0.72,1785
Very Good,H,SI1,1.02,4703
Ideal,G,VVS1,0.31,772
Good,F,SI2,1.39,7096
Premium,E,SI2,0.77,2519
Good,H,SI1,2.04,18026
Ideal,E,VS1,0.71,2923
Ideal,G,VVS2,0.54,1962
Ideal,F,SI2,2.04,17049
Premium,G,SI2,1.26,5899
Ideal,D,VS1,0.47,1617
Ideal,D,VS2,0.32,758
Premium,I,SI2,1.01,3360
Very Good,E,SI1,0.7,2753
Very Good,D,VS2,0.54,1885
Fair,H,SI2,2.0,10752
Very Good,J,VS2,2.44,16533
Very Good,E,VS2,1.0,6315
Very Good,G,VS1,0.72,2919
Premium,G,SI1,0.43,968
Ideal,H,VS2,0.6,1442
Ideal,H,SI1,1.23,6046
Ideal,H,SI1,1.53,10063
Premium,G,VS2,1.7,12681
Ideal,E,VS2,0.38,866
Good,G,VS2,0.71,2649
Ideal,F,SI2,1.04,4695
Good,F,VS2,0.67,2309
Very Good,E,VVS2,0.37,844
Good,G,VVS2,0.92,5390
Very Good,H,SI1,1.3,6758
Ideal,F,SI1,0.51,1593
Very Good,I,VVS2,0.72,2386
Very Good,H,SI1,0.3,389
Good,E,VVS2,0.25,476
Good,I,VS2,0.67,1708
Ideal,G,SI1,0.7,2352
Premium,G,VVS1,0.51,1925
Ideal,I,SI2,1.25,5395
Very Good,G,VVS2,0.8,4002
Ideal,E,VVS1,0.41,1608
Premium,E,SI1,0.6,2016
Premium,D,SI1,0.5,1436
Ideal,D,VS1,0.39,979
Very Good,G,SI2,2.02,13554
Premium,H,VS2,0.32,505
Premium,H,VS1,1.07,5764
Very Good,D,VVS2,0.54,2318
Premium,E,SI2,0.34,612
Very Good,F,VVS2,1.11,11650
Ideal,J,VS1,1.17,5242
Premium,F,VS2,0.37,957
Good,D,SI1,0.78,3253
Ideal,D,VS2,0.33,1002
Ideal,E,VS2,0.54,1754
Ideal,E,VS1,1.27,11840
Ideal,E,VVS2,0.7,3990
Very Good,H,VVS1,0.71,2867
Ideal,G,VS2,0.71,3299
Premium,G,SI1,0.55,1377
Premium,D,VS1,0.41,1286
Premium,H,SI1,0.6,1433
Fair,G,VS1,1.0,5853
Ideal,H,VS2,1.51,10763
Very Good,G,VVS1,0.7,3073
Premium,G,VS2,1.0,6048
Ideal,G,VS1,0.51,1781
Ideal,D,SI1,0.77,3345
Very Good,H,VS2,0.52,1389
Very Good,F,VS1,0.51,1961
Ideal,G,VS2,0.53,1577
Ideal,G,VS1,1.11,7758
Very Good,F,VVS1,1.0,9492
Very Good,E,VS1,1.02,7738
Premium,G,SI1,0.7,2352
Very Good,E,VS1,0.71,3009
Very Good,G,SI1,0.42,798
Premium,E,VVS1,0.35,1116
Premium,I,SI2,1.5,7266
Premium,F,SI2,1.12,4654
Very Good,I,VS2,1.05,4975
Ideal,I,VS1,1.64,12089
Very Good,E,VS1,0.37,784
Ideal,G,VVS1,0.24,559
Ideal,F,VVS2,1.1,9641
Premium,F,VS1,1.24,9916
Ideal,E,VS1,0.31,734
Premium,D,VS2,0.31,942
Premium,F,VS2,0.73,2841
Premium,G,VVS1,0.33,868
Ideal,G,VS1,1.01,6504
Fair,E,SI2,0.96,3674
Ideal,D,VVS2,0.52,2426
Good,J,VS1,1.19,4931
Very Good,H,VS1,0.32,561
Very Good,G,VS2,1.39,10476
Ideal,G,VS1,1.12,6918
Ideal,D,VS1,0.58,2067
Premium,D,SI2,0.71,2317
Premium,E,VS2,0.57,1851
Very Good,I,VS1,0.75,2385
Ideal,E,SI1,0.51,1402
Premium,G,VS1,0.31,695
Ideal,F,VS1,0.55,2079
Good,G,SI2,0.9,3350
Good,D,SI2,2.03,13109
Good,D,SI2,1.51,8742
Ideal,F,SI1,0.74,2379
Very Good,I,SI1,0.34,447
Good,D,SI1,0.9,4120
Very Good,E,SI1,0.41,674
Very Good,D,SI2,1.22,5721
Premium,G,SI2,0.75,2216
Ideal,E,VVS2,0.26,554
Ideal,G,VVS1,0.45,1297
Ideal,G,SI1,0.7,2352
Good,H,VS1,0.9,3734
Good,G,SI2,2.02,12929
Very Good,E,SI2,1.1,5073
Very Good,D,SI2,1.51,10362
Premium,H,VS2,0.91,4128
Ideal,I,VVS1,1.58,11435
Very Good,E,SI1,0.54,1559
Ideal,E,VS1,0.54,1939
Ideal,G,VVS2,0.59,2125
Premium,G,SI1,0.74,2131
Ideal,D,VS2,0.31,734
Very Good,I,SI2,0.51,995
Premium,J,SI2,2.11,12554
Ideal,D,VS1,0.3,885
Very Good,F,SI1,0.55,1260
Ideal,J,SI1,1.01,3207
Premium,I,SI2,1.19,4498
Ideal,I,VS2,2.03,16945
Premium,F,SI1,0.7,2527
Premium,H,SI1,0.74,2201
Good,I,SI1,0.36,486
Premium,H,VS1,1.57,11272
Ideal,E,VVS2,1.07,10453
Ideal,H,SI1,0.4,666
Premium,F,VS2,0.71,2853
Ideal,H,VS2,1.58,11419
Premium,H,VS1,1.61,12242
Ideal,J,SI1,1.23,5407
Good,G,I1,2.0,6854
Ideal,H,VVS2,1.22,8014
Very Good,H,SI1,1.0,4830
Premium,G,SI2,1.07,3296
Very Good,E,SI1,0.31,698
Premium,F,SI1,0.31,663
Very Good,I,SI1,0.72,2074
Very Good,I,VS2,1.13,5531
Very Good,E,VVS1,1.02,10672
Ideal,I,SI1,0.42,833
Very Good,F,SI1,0.9,3992
Fair,E,SI1,1.08,4790
Premium,E,VS2,0.5,1676
Ideal,E,VS2,0.32,900
Ideal,F,IF,0.31,901
Very Good,F,VS1,1.09,7598
Very Good,I,SI1,0.7,1890
Ideal,F,VVS2,0.53,1943
Ideal,G,SI1,1.03,4900
Premium,J,VS2,1.2,5053
Ideal,D,VS2,0.56,2066
Ideal,I,VS1,0.31,513
Premium,G,VS1,0.5,1746
Ideal,D,SI1,0.54,1786
Ideal,E,SI1,0.71,2590
Premium,F,VS1,0.77,3211
Very Good,E,VS1,1.25,10285
Ideal,D,SI2,1.7,8911
Ideal,I,VS2,1.09,5158
Very Good,E,VVS1,0.33,1103
Ideal,F,SI2,0.59,1265
Very Good,F,VS2,0.7,2362
Very Good,I,SI1,0.71,1926
Premium,I,SI2,1.21,4879
Ideal,G,SI2,1.01,4350
Ideal,G,VS1,0.52,1689
Very Good,H,SI1,0.3,432
Ideal,D,VS1,0.3,718
Premium,F,VS2,0.32,828
Premium,E,VS2,0.31,872
Very Good,F,SI1,0.53,1291
Good,I,SI1,1.71,9881
Ideal,E,SI2,1.51,10935
Ideal,G,SI2,1.06,4778
Very Good,D,VVS2,1.01,10800
Ideal,H,IF,0.35,1017
Premium,I,SI1,0.34,589
Very Good,G,SI1,0.83,3171
Premium,J,SI1,2.11,13996
Premium,G,IF,0.34,939
Very Good,I,SI1,1.04,4948
Ideal,G,VS2,0.33,743
Very Good,F,VS1,0.58,2001
Very Good,G,SI1,0.75,2617
Ideal,I,VS1,0.34,689
Ideal,G,VVS2,0.52,2012
Premium,D,VS2,1.04,6814
Very Good,J,VS2,1.33,5913
Ideal,H,VS1,0.62,1828
Very Good,G,SI1,0.42,737
Premium,F,IF,0.25,740
Ideal,E,SI1,0.41,705
Ideal,F,VS2,0.31,625
Very Good,E,VS2,0.59,1838
Ideal,I,VVS1,0.38,800
Ideal,G,VVS2,0.52,1911
Premium,H,VS2,0.7,2184
Very Good,G,VS2,0.43,852
Fair,H,VS2,0.4,704
Ideal,G,VVS1,0.51,1919
Premium,F,VS2,1.0,6521
Good,F,SI1,1.01,4899
Premium,E,VS2,0.2,367
Premium,I,VS2,0.7,2154
Ideal,G,IF,0.3,863
Very Good,J,VS2,0.3,357
Premium,F,VVS2,0.41,951
Premium,F,VVS1,0.31,959
Very Good,F,VVS2,1.5,16116
Very Good,G,VVS1,0.34,835
Ideal,I,VS1,0.31,628
Ideal,I,IF,0.34,668
Good,I,SI1,2.01,10184
Good,H,VS2,0.41,917
Premium,G,VS2,0.62,1841
Premium,D,SI1,0.6,2106
Ideal,F,SI1,0.54,1385
Premium,H,VVS2,0.61,1827
Premium,E,VS1,0.31,942
Very Good,J,SI1,0.78,2035
Ideal,D,SI1,1.13,7066
Premium,G,I1,0.9,1777
Ideal,F,VVS2,0.41,1192
Premium,H,VS2,1.97,17535
Ideal,I,VS1,0.4,945
Ideal,I,VVS1,0.32,756
Ideal,I,SI1,1.05,4679
Ideal,F,SI2,0.51,1146
Ideal,G,SI2,0.5,1180
Good,I,SI1,1.2,5211
Ideal,E,VS2,0.58,1984
Ideal,H,SI1,1.13,6075
Very Good,D,VVS1,0.23,530
Premium,H,VS2,1.21,6710
Ideal,H,VS2,1.1,5888
Very Good,J,VS2,2.14,14065
Very Good,I,VS1,2.01,17877
Very Good,E,SI1,0.61,1721
Ideal,G,VVS2,0.26,545
Ideal,H,SI2,2.01,14998
Ideal,F,VS2,0.38,969
Very Good,E,VS1,0.4,1053
Very Good,J,SI1,2.06,11764
Good,D,SI1,0.81,3179
Premium,G,VS2,0.32,720
Premium,G,VS2,0.7,2657
Ideal,F,IF,0.33,957
Ideal,I,VVS1,1.52,11033
Ideal,G,VVS1,0.9,6680
Ideal,D,VS2,0.51,2056
Ideal,E,VS2,0.71,3112
Premium,F,VVS1,1.0,9901
Good,D,SI2,0.72,2620
Very Good,E,SI2,1.01,4299
Premium,H,VS1,0.4,1035
Ideal,E,VS1,0.57,2061
Ideal,H,SI1,0.56,1197
Ideal,F,VVS1,0.43,1358
Premium,J,SI2,2.01,12048
Premium,G,VS1,1.01,6932
Ideal,H,IF,1.66,14859
Very Good,G,VVS2,0.28,522
Ideal,D,VS2,0.33,724
Premium,G,SI1,0.81,2832
Ideal,I,VS2,0.57,1410
Ideal,G,SI2,1.25,6300
Very Good,H,SI1,1.52,9780
Very Good,G,VS1,0.4,853
Premium,E,SI2,1.12,5620
Premium,H,SI1,0.41,876
Premium,E,VS1,0.43,1209
Premium,E,SI1,0.42,722
Ideal,I,SI1,0.7,2623
Good,G,VS1,1.0,6349
Ideal,G,VS2,0.31,544
Very Good,G,VS2,0.52,1577
Ideal,E,VS1,0.54,2041
Ideal,G,VVS1,0.31,816
Ideal,E,VVS2,0.5,2297
Good,D,VS2,0.44,1009
Premium,F,SI2,0.86,2980
Ideal,F,SI1,1.62,12712
Premium,F,VS1,1.24,9333
Ideal,H,VS2,1.3,8124
Premium,H,VS1,1.0,5169
Ideal,D,VVS1,0.3,912
Premium,G,VVS1,0.4,1200
Premium,F,VVS2,0.36,983
Ideal,D,SI1,0.7,2822
Ideal,I,VS2,0.32,576
Ideal,E,SI1,0.8,3622
Very Good,E,VVS1,0.23,472
Very Good,F,VVS1,0.25,633
Premium,F,VS2,1.02,6597
Premium,I,VVS1,0.3,709
Premium,G,VS2,1.22,8062
Ideal,I,VS2,1.01,5099
Fair,J,SI2,0.72,1762
Very Good,H,SI2,0.77,2293
Good,E,SI1,1.01,4399
Very Good,G,VS2,0.3,675
Premium,F,SI2,0.7,1662
Very Good,G,VVS2,0.33,752
Ideal,E,SI2,0.66,1560
Premium,E,SI1,0.91,3842
Ideal,D,SI2,0.5,1250
Ideal,G,SI2,0.83,2751
Ideal,I,VVS2,1.06,6069
Premium,I,SI2,2.24,15375
Premium,F,VS2,0.51,1574
Premium,J,SI1,1.08,4098
Ideal,H,VS2,0.91,3743
Premium,I,SI1,0.96,2866
Ideal,E,VVS1,0.42,1307
Very Good,F,IF,0.3,886
Premium,G,VS2,0.42,847
Premium,G,VVS2,1.5,12821
Premium,D,SI1,1.05,5821
Ideal,H,SI1,1.01,4836
Ideal,D,VS2,0.3,710
Good,J,SI1,2.01,12257
Ideal,E,VS2,0.71,2982
Ideal,G,IF,0.3,863
Premium,F,SI2,1.03,3974
Ideal,D,SI1,0.31,571
Good,G,VVS1,1.51,15420
Ideal,H,SI1,2.03,16900
Ideal,H,IF,0.32,814
Premium,G,I1,2.04,9727
Very Good,E,SI2,1.17,5163
Premium,D,VS2,0.3,710
Premium,H,SI1,1.83,10162
Very Good,F,VS2,0.3,605
Ideal,H,VS2,0.36,587
Premium,E,VS2,0.71,2735
Ideal,I,VS1,1.59,11119
Ideal,J,SI1,0.71,2700
Ideal,F,VVS2,0.51,2098
Ideal,I,VVS1,0.34,626
Premium,F,VS2,0.43,968
Ideal,E,SI1,0.51,1585
Ideal,E,VS2,0.71,2863
Good,J,SI1,1.51,6394
Premium,E,VS2,0.31,930
Premium,H,SI1,1.73,12931
Very Good,H,SI1,2.01,18149
Very Good,I,VVS1,0.9,4161
Premium,G,VS2,0.9,4137
Ideal,H,IF,0.56,2157
Ideal,F,VVS1,0.31,959
Premium,F,VVS2,1.0,8602
Premium,H,SI1,1.13,5338
Very Good,G,SI2,0.72,2114
Ideal,G,VVS1,0.54,2236
Ideal,H,SI1,0.93,3988
Good,D,SI1,0.31,684
Good,G,SI1,1.31,7147
Very Good,E,SI1,1.0,5051
Very Good,E,SI2,0.4,855
Very Good,H,SI1,0.9,3447
Ideal,G,VS1,0.33,666
Premium,E,SI2,1.01,4089
Premium,E,SI1,0.71,2674
Ideal,G,VS1,1.23,10859
Premium,D,VVS2,0.23,640
Premium,F,SI2,2.01,13610
Good,G,VS1,1.0,6187
Ideal,F,SI2,1.24,6111
Premium,G,VS1,0.56,1819
Ideal,G,VVS1,0.31,772
Ideal,E,VVS1,1.25,13536
Ideal,G,VVS1,1.04,7738
Premium,E,SI1,0.4,882
Ideal,H,SI1,1.46,8855
Premium,F,SI1,0.63,1736
Ideal,J,VS2,0.7,1874
Premium,F,SI1,0.7,2184
Very Good,D,VS1,0.9,6208
Ideal,E,SI1,0.71,2308
Ideal,G,VS1,0.74,3572
Ideal,G,IF,0.3,863
Ideal,G,VS1,0.38,833
Very Good,E,VS1,0.28,452
Ideal,F,SI1,0.53,1359
Premium,I,VS1,2.55,18766
Ideal,G,VS1,1.28,9342
Fair,G,SI1,0.47,1086
Very Good,D,VS2,0.4,982
Good,G,SI1,1.01,4672
Ideal,E,VS2,1.11,8698
Very Good,J,VVS2,1.07,5661
Ideal,F,VS2,0.6,1866
Very Good,J,SI2,1.32,5513
Very Good,H,SI1,1.21,6022
Good,E,SI1,0.72,2361
Ideal,G,SI2,2.05,18017
Premium,D,VVS2,0.41,1356
Very Good,D,SI1,0.54,1662
Ideal,H,VS2,1.12,6110
Good,E,SI2,0.47,844
Ideal,F,SI2,1.07,5077
Ideal,H,VS1,0.51,1668
Premium,G,SI2,1.0,3808
Very Good,E,SI1,0.72,2479
Very Good,E,SI1,0.75,2993
Premium,E,VVS1,0.38,1327
Ideal,H,VS1,1.51,11686
Premium,D,SI1,0.4,772
Ideal,D,VS2,0.74,3858
Premium,E,VVS2,1.5,17667
Ideal,G,SI2,1.3,5169
Very Good,E,SI2,1.04,4472
Ideal,I,VS2,1.09,5421
Good,J,VS1,1.51,8271
Premium,G,VS2,1.21,8294
Very Good,E,SI1,1.01,5002
Ideal,D,SI1,0.55,1840
Ideal,F,SI2,0.74,2410
Premium,E,SI1,0.7,2777
Ideal,F,SI1,0.35,583
Ideal,G,VS1,0.8,3578
Good,D,SI1,1.0,5005
Very Good,G,VVS2,0.36,753
Premium,G,VS2,0.3,630
Premium,G,VS2,0.31,605
Very Good,F,VS1,0.54,1653
Premium,G,VS2,1.07,6644
Very Good,D,SI1,0.71,2525
Ideal,D,SI1,1.02,6340
Very Good,F,SI1,1.16,6301
Ideal,H,VS2,1.09,6419
Very Good,G,VVS1,0.3,1013
Premium,F,SI2,0.91,3618
Ideal,E,VS2,0.6,1897
Very Good,E,SI2,0.93,4325
Ideal,E,SI2,1.19,5497
Premium,E,VS2,0.55,2030
Very Good,F,SI1,0.41,801
Ideal,G,VVS1,0.66,2890
Ideal,G,VS2,0.34,616
Good,E,VVS1,0.41,1228
Very Good,F,VS1,0.75,3129
Premium,H,VS1,0.52,1577
Ideal,J,SI1,0.4,612
Premium,J,VS2,0.72,2043
Premium,J,VS2,0.72,1941
Ideal,G,I1,1.12,3874
Good,F,SI2,1.01,3768
Ideal,E,SI1,0.56,1784
Premium,G,SI1,1.51,10020
Very Good,E,VS1,0.5,1665
Premium,F,VS2,0.83,3408
Very Good,E,VS1,0.4,1053
Very Good,I,SI1,1.0,4649
Very Good,I,SI1,0.3,394
Ideal,E,VVS2,0.31,1046
Ideal,G,SI1,0.4,900
Ideal,E,SI2,1.14,5473
Good,J,VS1,1.01,3823
Premium,F,VS1,1.15,8018
Premium,E,VS2,0.7,2737
Very Good,E,VVS2,0.8,4893
Very Good,D,VS2,1.01,6738
Ideal,G,VVS2,0.71,2893
Ideal,G,SI2,1.15,3613
Premium,G,VS2,1.23,5654
Fair,F,VS1,1.0,6397
Ideal,G,VS2,1.08,5661
Ideal,E,VVS2,0.51,2209
Ideal,I,VS1,0.32,648
Premium,I,VS1,1.22,6012
Premium,G,SI1,0.5,1286
Ideal,E,SI2,1.26,6477
Ideal,E,VS2,0.55,1715
Ideal,F,VVS2,1.09,10246
Very Good,I,SI1,1.16,4785
Very Good,D,SI1,0.44,849
Ideal,D,IF,0.63,6549
Very Good,G,SI1,0.71,2604
Ideal,F,SI2,0.32,720
Very Good,E,SI2,0.4,622
Ideal,G,VS2,0.7,2757
Ideal,J,SI1,2.01,12209
Premium,G,VS1,1.0,7164
Ideal,J,VS2,1.07,4602
Good,H,VS2,0.3,473
Fair,J,SI1,1.02,3027
Premium,E,SI1,0.57,1429
Very Good,H,SI1,0.37,613
Very Good,H,VS2,0.31,628
Very Good,F,VS1,0.72,3229
Good,J,SI1,0.75,2250
Ideal,J,VS1,0.55,1550
Good,E,SI1,0.53,1282
Ideal,D,SI2,1.17,5949
Ideal,F,SI1,0.75,3336
Very Good,E,SI1,1.01,5085
Ideal,F,VS1,0.38,865
Good,F,VVS1,0.9,6124
Ideal,F,IF,0.31,901
Ideal,D,SI2,0.36,537
Ideal,H,SI2,1.21,6098
Very Good,D,VS2,0.23,402
Very Good,E,SI2,0.7,2310
Premium,E,SI2,1.06,4652
Fair,D,SI2,1.72,8264
Very Good,H,SI1,1.5,8058
Premium,I,SI1,2.03,15683
Very Good,E,SI1,0.31,544
Premium,F,SI2,0.91,2461
Ideal,H,VS2,0.5,1306
Ideal,G,SI2,0.4,926
Good,E,VVS1,0.23,439
Very Good,E,VS1,0.56,2037
Premium,I,VS2,1.7,11888
Premium,I,VS2,0.72,2333
Premium,J,SI2,2.38,10716
Premium,E,SI1,0.34,596
Ideal,D,SI1,0.33,608
Ideal,G,VS1,0.38,832
Premium,I,VVS2,0.7,2415
Premium,F,VVS1,0.51,2341
Very Good,E,SI1,0.34,596
Good,H,SI1,0.9,3398
Good,E,VS2,0.51,1554
Very Good,E,SI1,0.8,3050
Ideal,G,VS2,1.04,6589
Premium,G,VS2,1.06,5543
Very Good,H,SI2,1.2,5884
Ideal,E,VVS2,0.27,760
Premium,I,SI2,0.47,814
Ideal,H,SI2,1.22,5602
Premium,E,SI1,0.5,1415
Very Good,H,VS2,0.91,4193
Premium,D,SI2,1.12,4663
Premium,I,VS2,1.7,10662
Premium,H,SI1,0.31,558
Good,E,I1,1.5,4989
Ideal,G,VVS1,0.52,2387
Ideal,F,VVS2,0.35,795
Ideal,G,VVS1,0.51,2005
Premium,G,SI1,0.42,882
Premium,D,VVS2,1.41,17216
Ideal,E,VVS2,0.61,2823
Ideal,F,VVS2,1.03,9254
Fair,H,SI1,0.7,1840
Ideal,F,VS1,0.36,789
Fair,I,I1,2.2,7934
Premium,H,VVS2,0.37,957
Very Good,F,VVS1,0.25,633
Premium,J,SI2,0.78,2022
Good,J,VS2,1.23,5290
Premium,E,SI2,1.5,9450
Premium,F,VVS2,1.23,11430
Ideal,I,SI1,0.31,436
Premium,G,SI1,0.4,702
Very Good,D,SI1,1.03,5498
Ideal,F,VS2,1.01,7229
Premium,F,SI1,1.1,5821
Ideal,F,SI2,1.75,11113
Good,H,SI2,2.27,14249
Good,J,VVS2,1.5,8276
Ideal,E,VS1,0.35,1063
Good,J,SI2,1.0,3536
Very Good,G,SI1,0.9,3649
Premium,G,VS2,0.79,2839
Good,F,IF,0.71,3393
Good,I,VVS2,0.5,1280
Premium,G,SI2,2.01,17014
Ideal,G,SI1,1.02,5044
Good,E,SI2,2.02,18236
Ideal,H,VVS1,0.31,707
Ideal,E,SI2,0.94,4366
Ideal,F,VVS1,0.33,955
Ideal,D,VVS2,0.39,1290
Ideal,E,VS2,0.3,658
Premium,D,SI1,0.8,3312
Premium,G,VS2,1.7,15941
Premium,I,VS1,1.63,8900
Good,J,SI1,0.9,2873
Premium,D,SI1,0.61,1614
Ideal,F,VVS2,0.8,4140
Premium,G,VS2,1.01,5759
Ideal,G,VVS2,1.09,8149
Ideal,F,SI1,1.08,5106
Premium,H,SI1,0.3,540
Premium,J,SI2,2.02,11463
Good,F,I1,1.27,4324
Very Good,E,VVS1,0.31,1039
Ideal,F,VS2,1.02,6479
Very Good,F,SI1,0.7,2100
Good,H,VS2,0.9,3538
Ideal,E,VS2,0.32,702
Ideal,E,VS1,0.31,692
Premium,D,VVS2,1.01,10927
Ideal,D,IF,0.56,4293
Ideal,E,VS2,0.52,1576
Premium,F,VS1,0.72,3167
Very Good,G,IF,0.35,1044
Premium,D,SI2,1.0,4626
Premium,E,VS1,0.91,5101
Premium,F,SI2,0.7,1792
Ideal,G,VVS2,0.5,1935
Ideal,E,SI1,0.31,595
Very Good,D,VVS2,0.23,530
Premium,G,VS2,0.71,2515
Ideal,H,SI2,1.02,4243
Very Good,F,SI2,1.0,4383
Ideal,G,VVS2,1.01,8252
Ideal,I,VS2,1.37,7500
Premium,E,IF,0.35,1148
Ideal,H,VS1,0.71,3229
Ideal,F,VS2,0.54,1563
Ideal,F,SI1,0.28,453
Ideal,I,SI1,0.31,523
Ideal,F,VS2,0.35,706
Ideal,J,VS2,2.0,13263
Premium,D,VS1,0.73,3620
Ideal,F,IF,0.35,1312
Ideal,G,VS2,0.31,544
Premium,D,VS2,1.07,7751
Ideal,G,VS2,0.33,579
Very Good,E,VVS2,0.28,544
Ideal,H,SI2,1.7,7273
Premium,D,VVS1,0.46,1947
Fair,D,SI2,0.9,3205
Very Good,G,VVS2,0.3,638
Ideal,H,SI1,1.06,5255
Ideal,H,VS2,1.71,10534
Ideal,D,VVS2,1.1,11654
Premium,H,SI2,0.52,975
Ideal,G,VS2,0.56,1658
Very Good,G,VS2,0.31,544
Very Good,E,VS2,0.55,1629
Premium,D,SI1,1.5,11489
Very Good,D,SI1,0.9,3997
Premium,E,VS2,0.74,3108
Ideal,G,SI2,0.73,2585
Premium,F,SI1,0.5,1286
Ideal,I,VS1,0.36,568
Very Good,G,VVS1,0.41,945
Good,G,SI2,1.01,4135
Ideal,G,SI1,0.35,555
Premium,F,VS2,0.5,1654
Good,G,VS2,0.67,2131
Very Good,F,SI2,1.01,3709
Premium,G,SI1,0.9,3669
Fair,F,VS1,0.62,2083
Ideal,D,VS2,0.35,829
Good,H,VVS1,0.9,4763
Ideal,J,VS1,1.2,5040
Very Good,E,SI1,0.35,614
Premium,E,SI1,1.01,5430
Premium,H,VS1,1.21,6607
Very Good,I,SI1,0.5,1035
Premium,E,VS2,0.75,3024
Ideal,F,VS2,0.41,1085
Premium,F,VS2,0.3,673
Very Good,D,VVS2,0.25,548
Very Good,H,VVS2,0.31,625
Ideal,H,VS1,0.33,579
Very Good,F,VS1,0.54,1657
Fair,D,SI2,0.75,2848
Good,G,VVS2,0.39,894
Very Good,H,SI2,1.04,3546
Ideal,H,SI2,0.7,1715
Ideal,F,IF,1.04,10787
Ideal,F,SI1,1.26,6922
Premium,J,VS2,1.27,4011
Ideal,F,VS2,0.3,573
Ideal,D,VVS1,0.3,1069
Ideal,E,SI1,1.01,5132
Ideal,G,VVS2,0.3,650
Good,H,VVS2,0.26,468
Very Good,D,VS2,0.6,1657
Ideal,I,VS2,1.68,10800
Premium,E,VS2,1.06,7275
Good,E,SI1,1.01,5823
Ideal,E,VS2,0.53,1956
Ideal,F,VVS2,0.36,817
Ideal,H,SI1,1.12,5521
Good,E,VVS1,0.26,554
Premium,G,SI2,0.83,2749
Very Good,E,SI1,0.51,1304
Premium,J,SI2,0.45,720
Ideal,F,SI2,0.74,2295
Premium,G,I1,1.02,2387
Premium,H,IF,1.0,7235
Very Good,E,VS1,0.29,499
Ideal,E,SI2,0.34,612
Ideal,F,VVS1,1.11,12956
Good,D,SI1,0.4,720
Very Good,G,VVS1,0.5,1885
Premium,G,VS1,0.31,802
Very Good,H,VVS1,1.2,6672
Ideal,G,VS1,1.03,7587
Premium,F,VS1,1.24,9930
Very Good,G,SI1,0.58,1408
Ideal,H,VS1,1.22,7738
Premium,G,VS2,1.07,6213
Good,G,SI1,0.72,1969
Very Good,G,SI1,0.32,477
Premium,E,VVS1,0.26,769
Ideal,F,VS2,1.2,8436
Premium,D,SI2,0.53,1318
Very Good,E,VS1,0.9,5001
Good,E,VS2,0.5,1299
Ideal,E,VVS2,0.32,1080
Ideal,I,SI1,0.79,2539
Very Good,H,SI2,1.5,7365
Very Good,E,VS1,0.33,886
Premium,F,VVS2,1.01,9231
Ideal,F,VVS1,0.53,2896
Premium,G,VVS2,0.37,1010
Ideal,F,VVS1,0.31,840
Premium,I,VS2,1.16,4958
Ideal,G,SI2,0.52,1042
Premium,I,VVS2,0.34,765
Ideal,H,SI1,0.31,591
Very Good,H,VS1,1.05,4969
Ideal,G,SI2,0.84,2879
Ideal,I,SI2,2.01,13777
Good,H,SI2,1.01,4865
Premium,G,SI1,1.23,6909
Ideal,H,SI2,1.2,5040
Ideal,G,VVS1,0.43,1037
Very Good,H,VVS1,0.41,991
Premium,I,VS2,2.01,17592
Good,F,SI2,1.02,3811
Very Good,D,VVS2,0.65,3056
Very Good,I,VVS1,0.31,541
Ideal,I,VS2,2.02,16018
Premium,E,VS2,0.3,844
Premium,H,SI1,1.17,5831
Very Good,D,VS2,0.54,1583
Ideal,F,VS2,0.51,1431
Ideal,F,VVS2,0.42,1142
Very Good,I,VS2,1.01,5067
Premium,J,SI2,2.17,13395
Very Good,G,VVS2,0.3,878
Premium,E,VS2,0.3,658
Ideal,D,SI2,0.33,631
Premium,G,VS2,0.7,2633
Good,J,VS1,0.44,694
Fair,E,SI2,0.41,818
Good,E,SI2,0.41,638
Very Good,D,VS2,0.52,1749
Premium,E,SI1,0.54,1356
Premium,F,SI2,0.3,506
Fair,H,VS2,1.5,10206
Ideal,D,VVS1,0.27,799
Good,E,VS2,1.01,6606
Premium,G,VS2,0.32,561
Premium,I,VS2,1.24,5889
Good,D,SI1,0.4,924
Premium,F,VVS1,0.41,1295
Ideal,E,SI2,1.09,5035
Premium,H,SI2,1.5,6250
Premium,F,SI2,1.53,7685
Ideal,F,SI1,0.72,2870
Premium,G,VS1,0.35,906
Premium,J,SI1,1.79,9205
Ideal,I,SI1,0.79,2507
Very Good,H,VVS1,0.26,468
Premium,J,VVS2,1.52,8427
Premium,E,VS2,0.31,680
Very Good,E,SI2,1.5,10080
Ideal,E,SI1,1.58,13557
Ideal,D,SI1,0.32,715
Ideal,E,SI2,0.73,2581
Ideal,H,VVS2,1.53,12731
Premium,H,SI2,0.93,3437
Good,D,VVS2,0.3,752
Ideal,F,SI2,0.72,1743
Premium,F,VS2,0.37,746
Ideal,D,SI1,1.51,12688
Ideal,H,VS1,0.3,539
Premium,F,VS1,1.42,10338
Very Good,H,SI1,0.3,421
Ideal,G,VVS1,0.4,1097
Ideal,I,VVS2,0.3,765
Very Good,G,SI1,0.3,447
Ideal,H,SI2,1.09,4383
Premium,D,SI2,1.0,4626
Ideal,I,VS2,0.32,485
Very Good,D,SI1,0.5,1436
Very Good,I,VS2,0.7,2316
Ideal,I,SI2,2.14,14321
Premium,F,VVS2,0.32,793
Very Good,I,SI1,1.06,4507
Ideal,D,VS2,0.3,911
Premium,F,SI2,0.51,1068
Premium,F,SI1,1.01,5345
Premium,J,SI2,1.21,3984
Premium,F,VVS2,1.01,8319
Ideal,F,VS2,0.72,2607
Very Good,H,VS1,0.32,561
Ideal,F,VS2,1.03,6662
Very Good,G,SI2,0.7,2141
Ideal,G,VS1,0.32,559
Premium,H,VS2,1.0,5320
Premium,H,VVS1,0.62,2232
Very Good,D,VS2,0.77,3489
Very Good,J,VS1,0.3,427
Very Good,H,SI1,1.02,4487
Very Good,F,VS1,1.07,7513
Ideal,I,VS2,0.32,466
Ideal,F,VS1,0.52,1767
Very Good,D,SI1,0.5,1436
Good,F,SI1,0.41,705
Ideal,F,VS2,1.5,14281
Ideal,J,SI1,0.52,1395
Ideal,G,VVS1,0.72,3502
Very Good,F,VVS2,0.71,3354
Fair,E,SI2,2.04,12454
Very Good,G,VS2,0.52,1423
Very Good,G,VS2,0.32,548
Ideal,G,VVS1,0.33,868
Premium,D,VS2,0.56,1963
Premium,F,SI1,1.64,12670
Very Good,J,VS2,1.22,5160
Very Good,F,SI2,0.34,447
Ideal,D,SI1,0.4,990
Good,H,VVS2,1.51,11826
Very Good,G,VS1,0.9,4540
Premium,G,VS2,1.29,8530
Very Good,D,VS1,0.31,736
Very Good,F,VVS1,0.77,4399
Premium,H,SI2,1.0,4088
Ideal,F,SI1,0.57,1751
Ideal,G,VS2,0.8,3494
Ideal,G,VS1,0.33,666
Good,H,VVS2,0.3,605
Premium,H,SI2,1.15,4959
Very Good,D,SI2,0.9,3918
Very Good,D,VS2,1.11,8006
Very Good,E,SI2,1.01,4566
Very Good,E,SI1,0.41,705
Good,E,VVS2,0.29,617
Ideal,G,VS1,1.3,10221
Very Good,F,VS2,1.1,7509
Very Good,D,VVS2,0.23,530
Ideal,H,SI2,0.73,2278
Premium,H,SI1,2.19,15801
Fair,G,SI1,1.0,3631
Ideal,H,VS2,1.14,5937
Premium,I,SI1,1.01,3959
Good,F,VS1,0.49,1294
Ideal,G,SI1,0.73,2630
Ideal,H,SI1,1.05,4937
Very Good,E,SI1,0.31,507
Ideal,E,SI1,0.73,2361
Premium,E,SI1,1.01,5599
Very Good,G,VS2,0.7,2539
Very Good,D,VVS1,0.32,1015
Very Good,H,SI1,1.01,4876
Premium,J,VS1,1.23,5412
Premium,F,VS1,0.42,1176
Very Good,E,SI2,0.9,3342
Premium,D,VS2,1.01,6827
Ideal,H,SI2,1.0,4312
Premium,H,SI1,1.1,5056
Very Good,E,SI1,0.7,2239
Ideal,J,VS2,0.71,2052
Good,F,SI1,0.8,2941
Premium,G,VS1,1.53,13119
Ideal,H,VS2,0.33,539
Ideal,D,SI1,0.73,3189
Premium,E,SI1,1.01,5279
Premium,F,VS2,0.33,666
Ideal,I,VS2,1.01,4378
Very Good,G,VVS1,0.25,457
Premium,I,VVS1,0.44,990
Premium,F,SI2,0.57,1247
Ideal,I,VVS2,0.33,579
Ideal,G,SI2,1.12,4955
Ideal,I,VS1,0.31,628
Ideal,E,SI1,1.06,5877
Very Good,D,SI1,1.0,5851
Premium,I,VVS1,0.4,1080
Premium,D,VS1,1.04,7041
Very Good,E,VS2,1.0,7607
Premium,I,SI2,2.01,14444
Premium,G,VS1,0.74,2574
Premium,G,SI2,1.05,4198
Premium,G,VS2,1.0,6160
Premium,D,SI1,1.05,5659
Ideal,I,SI1,0.53,1127
Premium,J,VS2,1.26,5173
Premium,E,VS2,0.55,1928
Very Good,D,SI2,1.12,5243
Very Good,I,SI1,1.31,6686
Very Good,E,SI2,0.71,2313
Ideal,D,SI2,0.76,2770
Ideal,D,VS2,0.7,2998
Ideal,I,IF,0.56,1689
Premium,G,VS2,0.9,4194
Good,G,VS2,1.0,5242
Premium,E,VS2,0.3,844
Ideal,F,VS2,0.3,605
Good,F,VS2,0.31,749
Ideal,F,VS2,0.3,605
Ideal,G,SI2,1.17,5012
Good,H,SI1,1.0,4138
Good,F,VVS2,0.32,619
Very Good,G,VS2,0.9,4309
Ideal,I,SI2,1.1,3216
Ideal,F,SI2,1.28,4179
Very Good,I,VS2,0.74,2459
Very Good,I,VS2,0.71,2185
Good,F,SI2,0.73,2023
Premium,E,SI1,1.06,5642
Premium,I,SI2,1.25,5040
Premium,I,VS1,1.52,10300
Premium,H,SI2,1.58,8777
Good,D,SI1,0.41,738
Ideal,D,VS2,0.43,1056
Premium,D,SI1,0.38,941
Ideal,D,VS2,0.33,781
Ideal,F,VS2,1.08,7923
Ideal,E,SI1,0.34,765
Premium,G,VS2,1.53,12228
Premium,F,VS2,1.02,6652
Ideal,G,VS1,1.5,14067
Ideal,D,VS2,0.54,1993
Very Good,G,VVS2,1.26,9158
Premium,F,SI1,0.41,755
Very Good,E,SI1,0.32,672
Premium,F,SI2,0.51,1052
Premium,F,VS2,0.7,2459
Very Good,I,VS2,0.71,2384
Very Good,H,SI2,1.01,4023
Ideal,G,SI2,0.39,603
Premium,G,VVS2,0.33,965
Very Good,E,SI1,0.59,1748
Ideal,G,VVS2,0.54,1985
Premium,G,VVS2,1.02,7741
Fair,H,SI1,1.21,3862
Premium,G,VS2,0.58,2297
Ideal,G,VVS1,1.23,10572
Very Good,G,VS2,1.04,6177
Ideal,G,VVS2,1.12,9214
Ideal,F,VS2,0.78,3531
Ideal,F,VS2,0.55,1819
Premium,D,VS1,1.03,6974
Good,E,SI2,1.01,4168
Premium,I,SI2,1.32,5921
Very Good,G,SI1,0.7,2175
Very Good,D,SI2,1.01,4260
Good,G,SI1,0.57,1364
Very Good,I,VS2,0.38,680
Ideal,I,VVS2,0.32,540
Very Good,E,VS2,0.4,858
Very Good,I,VS1,1.27,7031
Fair,I,SI1,1.0,2856
Premium,I,SI2,2.0,13820
Very Good,I,VS2,0.91,3579
Fair,E,VS2,0.63,2011
Ideal,H,SI2,2.19,17433
Premium,F,SI1,0.56,1436
Very Good,F,VVS1,0.25,633
Fair,G,SI2,1.22,3763
Premium,H,SI1,1.14,4948
Very Good,I,SI2,1.75,10098
Premium,D,VS2,0.51,1807
Good,E,SI1,1.0,6275
Ideal,E,SI2,1.04,5067
Ideal,D,VS2,0.32,758
Very Good,D,SI1,0.5,1376
Fair,J,SI2,2.02,9095
Ideal,E,VS2,0.6,2061
Premium,I,VS2,0.9,2761
Ideal,F,VVS1,0.35,945
Ideal,F,SI2,0.51,1046
Premium,F,VVS2,0.3,945
Ideal,D,VS1,0.33,957
Premium,F,VS1,1.02,7677
Premium,F,SI1,1.51,10866
Ideal,F,VS2,0.5,1436
Premium,G,VS1,0.3,776
Ideal,D,SI1,0.76,3306
Very Good,G,SI2,1.33,6603
Premium,J,VS2,1.0,3685
Very Good,E,VS1,0.48,1644
Very Good,H,SI2,2.04,13790
Very Good,H,SI2,1.2,5280
Very Good,I,VS2,0.93,3563
Ideal,H,VVS1,0.32,730
Premium,G,VS2,1.43,10609
Premium,G,SI2,1.21,4472
Ideal,E,VS1,0.36,1094
Ideal,G,VS1,0.55,1786
Good,H,SI2,0.35,429
Very Good,D,SI1,0.31,732
Ideal,E,VS2,0.32,900
Ideal,H,VS2,0.57,1725
Ideal,E,VVS1,0.38,1267
Very Good,E,SI2,0.5,1046
Very Good,D,VS2,0.74,3476
Premium,J,VS1,0.38,770
Ideal,D,VS2,0.52,1822
Ideal,G,VVS2,0.37,1073
Very Good,D,VS2,0.72,3493
Ideal,G,VVS2,0.54,1927
Ideal,H,VS2,0.58,1755
Premium,G,VVS1,0.42,1179
Good,E,SI1,0.32,524
Ideal,I,SI2,2.19,16147
Very Good,D,SI1,0.32,589
Ideal,F,VVS2,0.4,972
Ideal,H,VVS1,0.33,752
Good,F,VS1,0.31,814
Premium,G,SI1,0.37,708
Ideal,H,VS2,0.8,3030
Premium,G,SI1,1.51,9710
Premium,G,SI1,1.5,10219
Ideal,G,SI1,0.43,763
Very Good,F,VS1,0.38,883
Ideal,E,SI2,0.34,477
Very Good,D,SI1,1.11,5915
Premium,H,VVS1,0.3,796
Very Good,E,VS1,0.28,487
Fair,E,VS2,0.4,813
Very Good,F,SI1,1.14,6194
Premium,G,SI1,1.2,5868
Fair,G,SI1,0.84,2782
Premium,D,SI2,0.64,1751
Fair,E,SI2,0.7,1998
Very Good,E,SI1,1.75,15255
Ideal,E,VS2,0.57,1778
Ideal,D,VS2,0.82,4628
Ideal,F,VS1,0.54,1724
Ideal,D,SI2,0.9,4078
Premium,G,SI2,1.53,8799
Fair,J,VS2,2.01,13744
Ideal,I,VS1,0.71,2432
Ideal,F,VS2,1.78,18128
Ideal,G,IF,1.16,9901
Very Good,H,VS1,0.32,624
Premium,G,VVS1,0.31,1046
Ideal,H,SI1,0.71,2368
Premium,G,SI2,1.01,3981
Premium,F,VS2,0.5,1654
Very Good,D,SI1,0.51,1425
Good,E,VS2,1.01,6399
Ideal,F,SI2,1.04,4797
Very Good,H,VS2,1.2,6833
Very Good,I,SI1,0.9,3220
Ideal,E,VS1,0.7,3107
Premium,E,VS2,0.71,2735
Ideal,I,SI1,1.18,5154
Ideal,G,IF,0.33,1052
Good,J,VS2,0.5,965
Ideal,G,VS1,0.31,625
Ideal,J,VS1,0.73,2121
Good,E,SI1,0.41,755
Ideal,H,VVS1,1.3,9232
Ideal,F,VVS1,0.55,2359
Ideal,E,VS1,0.31,733
Premium,H,SI2,1.11,4662
Ideal,J,VS1,0.92,3489
Ideal,G,VVS2,1.21,10568
Ideal,H,IF,0.31,789
Ideal,F,VS2,0.58,1798
Ideal,I,SI1,0.79,2756
Fair,H,I1,2.25,6653
Ideal,J,VS2,2.36,17534
Good,H,SI1,0.35,504
Ideal,G,SI1,0.9,3894
Ideal,G,VVS2,0.73,2869
Ideal,E,SI2,1.01,4668
Ideal,F,SI1,0.45,930
Very Good,E,VS1,0.52,2021
Ideal,E,SI1,0.52,1555
Ideal,E,VVS2,0.31,755
Ideal,D,SI1,0.36,851
Ideal,D,VVS2,1.13,12261
Premium,F,VS1,0.9,4687
Very Good,F,VS2,0.35,706
Very Good,D,SI2,0.9,3989
Very Good,I,SI1,1.2,4301
Ideal,E,VVS2,0.38,1100
Premium,I,SI2,1.04,3774
Premium,E,SI2,2.01,17179
Ideal,D,VS2,0.73,3673
Premium,F,VS1,1.7,18398
Premium,F,VS1,1.52,15522
Ideal,F,VS1,0.39,902
Ideal,F,VS1,0.55,1857
Ideal,H,SI1,1.08,4964
Premium,E,SI1,0.7,2753
Very Good,G,VS1,1.2,8442
Ideal,G,VS2,0.54,1605
Ideal,F,SI1,0.58,1442
Ideal,E,VS2,0.31,680
Premium,D,VS1,0.53,2147
Very Good,H,SI1,0.91,3087
Ideal,E,VVS2,0.52,2220
Ideal,I,SI1,0.34,589
Premium,G,VVS2,0.42,1029
Ideal,F,VVS2,1.03,9131
Ideal,G,SI1,0.31,493
Ideal,F,VVS1,0.38,1101
Premium,G,VS2,1.28,9032
Ideal,D,VS1,0.3,661
Ideal,H,VS1,0.9,4428
Premium,F,VS2,0.3,776
Premium,H,SI2,0.91,3363
Premium,H,SI1,0.77,2457
Ideal,G,VVS2,0.55,1948
Very Good,H,SI2,1.27,4978
Ideal,E,VS2,0.75,3206
Very Good,I,VVS2,0.31,544
Premium,H,SI1,1.74,7932
Very Good,H,I1,1.2,3696
Premium,G,VS2,1.05,6096
Good,J,SI2,1.0,3234
Ideal,E,VS2,0.78,3713
Ideal,G,VS2,0.59,1664
Ideal,G,IF,1.16,10082
Ideal,G,SI1,0.56,1633
Ideal,E,VS1,0.33,850
Premium,G,SI2,2.0,11544
Very Good,I,VS2,1.5,9960
Ideal,E,VS1,0.4,918
Premium,H,SI1,1.02,4796
Good,H,VS2,0.52,1289
Ideal,F,VVS2,0.38,963
Ideal,I,SI2,1.53,8062
Very Good,F,SI1,0.5,1213
Good,G,SI1,0.48,914
Very Good,F,VS2,0.38,800
Ideal,E,VS1,0.71,3238
Very Good,E,SI1,0.81,3243
Very Good,G,IF,0.33,898
Ideal,H,SI2,2.14,12720
Fair,D,SI2,0.73,2147
Very Good,G,VVS2,1.4,11624
Ideal,D,SI2,1.08,5352
Ideal,F,VVS2,0.41,1192
Premium,F,IF,0.3,846
Ideal,J,SI2,1.56,5766
Ideal,F,VVS1,0.33,893
Ideal,G,VS2,0.41,827
Ideal,D,SI2,0.53,1412
Very Good,E,VVS2,0.36,968
Good,E,SI1,0.51,1304
Premium,H,VS1,1.25,7328
Good,G,VS1,1.02,5706
Very Good,D,VS2,0.23,402
Premium,I,IF,1.3,7621
Very Good,F,SI2,0.7,1792
Very Good,G,SI1,0.36,537
Premium,F,SI2,1.0,3640
Ideal,F,VS2,0.35,906
Premium,E,SI2,0.51,1265
Premium,F,SI2,1.01,3903
Very Good,E,SI2,1.11,4170
Premium,F,VS1,0.7,2792
Premium,H,VS2,0.3,608
Very Good,H,SI1,2.0,15840
Premium,G,SI1,0.43,968
Premium,G,SI1,0.9,3774
Ideal,I,VS2,0.72,2650
Ideal,D,VVS2,0.34,1174
Premium,I,SI2,2.0,14199
Premium,H,SI2,2.18,17473
Very Good,D,SI1,0.91,4466
Very Good,J,VVS2,1.23,5665
Very Good,G,SI1,0.31,593
Premium,F,VS2,0.39,1053
Very Good,H,SI1,1.27,7125
Good,I,VS2,2.01,17497
Ideal,H,SI1,2.01,17403
Ideal,F,SI1,0.4,703
Good,H,VVS1,0.3,684
Ideal,I,VVS2,0.41,843
Ideal,H,VS2,0.31,489
Ideal,I,SI1,1.02,3656
Fair,F,SI1,0.7,1974
Ideal,F,VS2,0.32,781
Premium,E,VS2,0.9,4562
Very Good,I,SI2,0.31,383
Premium,E,VS1,0.53,1950
Very Good,F,SI1,0.54,1944
Ideal,E,VVS1,0.31,988
Premium,E,SI1,0.36,810
Ideal,F,VS2,1.5,15584
Premium,E,SI1,0.33,579
Ideal,G,VS1,1.02,7077
Ideal,E,VS2,0.35,984
Premium,E,VS2,0.55,1664
Premium,D,SI1,0.42,810
Ideal,I,SI2,2.43,17856
Ideal,G,VS2,1.54,14103
Good,D,SI2,1.02,3773
Ideal,G,SI1,0.63,1711
Premium,F,VS2,0.33,854
Ideal,H,VVS2,0.3,577
Very Good,E,VVS2,0.91,7131
Good,I,SI2,2.01,12985
Ideal,G,SI2,0.39,716
Ideal,E,VS1,0.51,1758
Good,I,SI1,1.0,3360
Very Good,H,VS1,1.65,11823
Premium,E,VS1,1.06,6669
Fair,H,VS1,1.01,5062
Premium,H,SI2,1.12,4014
Very Good,D,SI1,0.5,1395
Ideal,G,VS2,0.51,1557
Ideal,G,VS1,0.3,776
Premium,G,VVS2,1.01,7665
Very Good,D,VVS1,0.39,1092
Ideal,G,SI2,0.71,2194
Very Good,J,SI1,0.9,3061
Very Good,F,SI2,0.37,487
Premium,G,SI2,1.0,4480
Very Good,H,SI1,0.3,421
Ideal,E,VVS2,0.32,779
Very Good,G,SI2,0.72,2001
Ideal,F,VS1,1.03,7137
Ideal,D,VS2,0.31,734
Premium,F,SI1,0.39,823
Very Good,D,VS2,0.39,958
Premium,E,SI1,0.29,548
Ideal,G,SI1,0.91,4240
Premium,G,SI1,1.79,14127
Premium,H,SI2,1.28,5376
Ideal,E,SI2,0.91,3723
Good,D,SI1,1.5,9718
Very Good,H,SI2,0.78,2125
Very Good,I,VS2,1.2,5724
Ideal,E,VVS1,0.32,1061
Very Good,D,SI2,1.51,9627
Fair,D,VVS1,0.32,875
Very Good,D,SI1,1.26,7785
Very Good,F,VS2,1.01,6196
Very Good,D,VVS2,0.4,977
Ideal,D,SI1,0.71,2690
Ideal,G,VVS2,0.52,2012
Ideal,J,SI1,2.28,12755
Ideal,F,VVS2,0.32,728
Very Good,G,VS1,0.5,1569
Ideal,F,VS2,1.51,13325
Very Good,D,SI2,2.02,17263
Ideal,J,SI1,0.37,451
Premium,F,VS2,0.55,1746
Ideal,G,VVS1,1.2,9570
Ideal,I,VS2,0.5,1244
Ideal,F,IF,0.3,886
Fair,G,VS2,1.01,4887
Ideal,H,VVS1,0.33,698
Very Good,D,SI2,1.21,5922
Good,E,SI1,0.9,3274
Premium,H,VS1,0.47,1221
Ideal,H,VS1,0.91,4939
Very Good,F,SI1,1.01,5010
Very Good,E,VVS2,0.71,3376
Premium,I,VS1,0.31,628
Premium,F,SI2,0.7,1890
Premium,E,SI1,0.34,596
Ideal,G,VVS2,0.53,1948
Very Good,E,VS2,0.9,4707
Ideal,I,SI2,1.2,4596
Premium,H,SI1,1.18,5801
Premium,F,IF,0.39,1290
Ideal,J,SI1,1.14,4708
Ideal,G,VS1,1.21,8774
Good,G,VS2,0.9,4135
Very Good,G,VS2,0.52,1450
Very Good,H,VS1,1.21,7279
Ideal,I,VS1,0.9,3724
Premium,E,VS2,0.9,4625
Good,E,VS2,0.32,801
Very Good,G,VS1,0.72,2970
Ideal,G,VS2,0.9,4309
Ideal,F,VS1,1.21,10504
Premium,D,SI1,0.4,924
Premium,I,VS2,2.16,18481
Very Good,F,VS2,0.3,605
Ideal,F,VS1,0.39,913
Very Good,I,VS2,0.69,2070
Premium,J,VS2,0.77,1792
Very Good,G,VVS1,1.1,9257
Good,I,VS2,2.01,11115
Good,G,SI1,0.7,2117
Ideal,D,SI1,0.57,1810
Premium,G,VS2,0.55,1668
Ideal,J,IF,0.4,758
Ideal,G,VS1,1.03,7119
Ideal,J,SI1,0.72,1864
Very Good,I,VVS1,0.71,2549
Ideal,G,VS2,1.02,6648
Ideal,E,VS2,0.4,912
Premium,H,IF,0.32,763
Ideal,G,SI1,0.43,795
Premium,D,SI1,1.01,5543
Ideal,F,I1,1.13,3542
Premium,I,SI1,1.13,4746
Ideal,E,VVS2,0.32,1010
Ideal,G,VVS2,1.21,9954
Ideal,G,VS2,1.14,7199
Premium,F,VS2,1.5,13506
Good,D,SI1,2.04,18468
Very Good,G,SI2,0.76,2422
Very Good,G,VS1,0.26,418
Very Good,J,VS1,1.51,7953
Premium,G,IF,1.01,8120
Premium,G,VS2,0.7,2317
Ideal,I,SI2,0.9,3104
Premium,E,VS2,0.52,1743
Ideal,G,VS2,0.7,2371
Fair,F,SI1,1.49,8779
Very Good,F,SI1,1.1,5667
Very Good,G,SI1,0.42,882
Ideal,D,VVS1,0.44,2290
Premium,G,VS2,0.31,698
Very Good,H,SI2,2.05,15949
Ideal,J,SI1,1.21,5232
Very Good,G,VVS2,0.81,3981
Good,E,SI2,0.52,1120
Premium,H,SI1,1.12,5363
Ideal,F,VS2,0.3,776
Ideal,I,VS2,1.5,9730
Premium,F,VS2,0.51,1619
Premium,H,VS2,1.08,5775
Very Good,F,VVS2,0.28,707
Very Good,E,VVS2,0.24,608
Ideal,E,SI2,1.32,7037
Premium,G,VS2,1.0,6048
Very Good,G,VVS1,0.32,676
Premium,J,VS1,0.3,394
Premium,H,SI1,0.5,1172
Ideal,D,VS1,1.02,8818
Ideal,G,VVS2,0.43,1129
Ideal,D,VS2,0.52,1919
Ideal,H,SI1,1.03,4603
Ideal,I,VS1,0.3,518
Very Good,G,SI2,0.52,1049
Ideal,E,SI1,0.82,3966
Very Good,D,SI1,0.5,1231
Very Good,D,SI1,0.57,1754
Premium,D,SI1,0.5,1279
Ideal,E,VS2,0.35,704
Ideal,E,SI2,0.41,876
Very Good,F,SI2,0.91,3659
Good,E,VVS1,0.23,498
Very Good,H,SI2,2.09,12295
Very Good,G,VS2,1.66,15229
Very Good,D,SI2,1.02,4583
Ideal,E,SI2,0.46,870
Ideal,E,SI1,0.34,765
Very Good,H,VS1,1.53,9896
Good,G,VS1,0.54,1685
Premium,F,SI1,0.6,1323
Ideal,H,SI1,1.09,5219
Premium,E,SI2,1.13,5316
Ideal,G,VS1,0.53,1721
Ideal,D,IF,0.31,1310
Ideal,I,SI1,1.2,5174
Premium,H,SI2,1.05,4116
Good,D,SI1,1.51,11087
Ideal,E,VS2,0.56,1915
Very Good,G,SI2,1.24,6354
Premium,G,VS1,1.5,14105
Very Good,G,IF,0.32,918
Very Good,I,SI2,0.7,1775
Very Good,G,VVS2,0.43,1056
Ideal,J,VS2,1.12,3638
Very Good,I,SI1,1.21,5324
Premium,I,VS1,1.36,7592
Fair,G,VS1,0.86,3756
Premium,H,SI1,1.01,3869
Ideal,I,VVS2,0.7,2353
Good,H,SI2,0.3,485
Premium,J,VS1,0.9,2964
Premium,F,VS2,1.3,9909
Premium,E,SI2,0.7,2376
Premium,H,VS2,0.92,3916
Premium,G,SI2,0.91,3363
Premium,D,SI1,1.22,5739
Premium,G,SI2,1.12,4084
Very Good,D,SI2,0.95,4418
Good,F,SI1,0.68,1924
Ideal,F,VVS1,0.31,878
Premium,J,SI1,2.4,16304
Ideal,F,VS2,0.33,666
Very Good,G,VVS2,0.37,774
Ideal,F,SI1,0.54,1260
Very Good,E,VS2,0.37,811
Ideal,D,VS2,0.35,1063
Premium,G,SI2,2.38,14648
Premium,F,VS2,1.23,9333
Ideal,G,SI1,0.71,2423
Ideal,F,IF,0.3,886
Ideal,D,VS1,1.1,10144
Ideal,G,VVS1,0.42,1235
Good,E,SI1,0.78,2723
Premium,I,SI2,1.07,4206
Premium,G,VVS2,1.01,6843
Very Good,F,VS1,1.54,16082
Premium,I,VVS1,0.33,608
Ideal,H,VVS2,0.91,5411
Ideal,F,SI1,0.54,1385
Very Good,E,VS1,0.53,1909
Premium,E,SI1,1.2,6742
Premium,E,VS2,0.31,639
Premium,F,VS1,0.5,1715
Ideal,D,VS2,0.31,734
Good,D,SI2,0.93,4165
Fair,J,SI2,1.52,5916
Very Good,E,SI2,1.01,4270
Premium,F,SI2,1.05,4363
Very Good,G,VVS1,1.2,8928
Premium,F,SI2,0.3,506
Ideal,E,SI2,0.76,2680
Premium,G,SI1,0.36,689
Ideal,D,VS2,0.32,972
Ideal,I,VVS2,0.71,3007
Good,F,VS2,1.0,6030
Good,I,VS1,0.32,505
Very Good,F,SI1,1.5,10962
Ideal,G,VVS2,1.15,9457
Premium,D,SI2,0.52,1385
Premium,E,SI1,0.4,882
Very Good,E,VS1,0.7,2844
Ideal,E,VS2,0.31,680
Good,E,VS2,1.0,6445
Premium,E,SI1,0.33,743
Ideal,I,VS2,1.33,7186
Ideal,I,SI2,2.24,15852
Premium,J,SI2,2.47,16532
Very Good,J,VS2,1.27,5530
Ideal,H,VS2,2.0,13320
Very Good,F,SI1,0.71,2742
Very Good,D,VVS1,0.73,4716
Very Good,J,SI2,1.56,6996
Very Good,H,SI1,1.04,4564
Premium,H,SI2,1.7,8263
Ideal,H,SI1,1.33,7742
Fair,H,SI1,1.51,8260
Ideal,F,VVS2,1.12,9461
Good,G,VS1,0.93,4503
Very Good,F,SI2,0.99,4852
Very Good,E,SI1,1.42,9278
Very Good,F,SI2,2.01,11925
Premium,F,SI1,0.7,2306
Ideal,H,VS2,0.56,1388
Fair,G,SI2,1.0,3541
Fair,I,VS1,0.9,3387
Very Good,F,VS2,0.31,625
Ideal,D,SI1,0.3,670
Very Good,E,VS1,1.23,10730
Good,D,SI2,1.01,3932
Ideal,G,VVS1,1.07,9703
Ideal,E,VVS1,0.28,787
Very Good,H,SI1,0.7,2106
Premium,F,VS2,0.79,2953
Very Good,F,SI1,1.53,11267
Very Good,E,SI1,0.92,4232
Ideal,J,VS2,0.32,504
Ideal,I,SI1,1.03,4401
Premium,D,VVS2,0.41,1356
Very Good,G,VVS2,0.5,1715
Ideal,G,I1,1.35,4643
Ideal,H,VS1,0.3,526
Premium,G,SI1,0.71,2613
Ideal,G,VVS2,0.73,3183
Good,I,VS1,0.4,737
Ideal,E,VVS2,0.32,842
Ideal,H,VVS1,0.53,1781
Premium,G,SI2,0.7,2056
Premium,E,SI2,0.37,666
Very Good,G,IF,0.32,954
Premium,F,SI1,1.22,6887
Premium,E,VS2,0.5,1624
Very Good,E,VS2,0.3,658
Ideal,G,VS1,1.1,7111
Ideal,H,SI2,2.37,16937
Ideal,G,VVS2,0.3,638
Premium,F,SI2,0.82,2688
Very Good,I,SI1,1.01,2323
Very Good,G,VS2,1.5,13239
Very Good,I,VVS2,0.52,1289
Ideal,F,IF,0.31,979
Very Good,I,SI1,0.9,3407
Premium,E,IF,0.32,1095
Ideal,F,VVS1,0.29,858
Ideal,G,VS2,1.54,13761
Ideal,J,VS1,2.05,16793
Very Good,D,VVS1,0.28,642
Premium,G,VS2,0.9,3841
Ideal,G,VVS1,0.44,1207
Fair,G,VS2,1.01,4072
Ideal,G,VVS2,0.32,936
Very Good,D,VS2,1.01,6563
Ideal,G,VVS2,0.53,1893
Premium,I,VS2,1.76,9659
Ideal,G,VVS2,0.56,1949
Ideal,G,SI2,1.5,8580
Very Good,D,VS1,0.51,1849
Ideal,F,VS1,0.71,3710
Ideal,F,VVS2,0.61,3248
Ideal,G,VS2,1.07,6471
Ideal,H,VVS2,1.24,8069
Ideal,D,SI1,0.34,803
Good,G,SI2,0.9,3246
Premium,E,VS2,0.41,999
Very Good,H,SI2,1.5,7161
Premium,E,VVS1,0.4,1333
Fair,D,SI1,1.03,4441
Very Good,F,VS2,1.02,6047
Ideal,D,VS2,0.41,1076
Very Good,H,SI1,1.51,9218
Ideal,G,VVS2,0.54,1985
Premium,F,IF,1.51,18102
Premium,E,SI2,1.5,10080
Ideal,D,SI1,0.34,803
Ideal,F,IF,0.24,678
Very Good,G,VVS2,0.24,449
Premium,H,VVS2,1.52,12232
Premium,I,VVS1,0.3,709
Ideal,I,IF,0.33,694
Premium,D,VS2,0.33,781
Good,I,VS1,0.9,3666
Ideal,G,VS1,1.1,8775
Ideal,H,VVS1,0.72,3708
Good,F,VVS2,0.91,5225
Very Good,I,VS1,1.5,9519
Ideal,F,VS2,0.7,2535
Ideal,I,IF,0.32,655
Ideal,G,VS2,1.24,9188
Premium,H,SI1,1.19,5698
Premium,F,VS2,1.16,7003
Ideal,H,VS2,0.4,800
Ideal,D,VS2,0.32,758
Good,H,SI1,1.0,4405
Premium,E,SI1,1.0,5544
Very Good,I,SI1,0.9,3251
Premium,F,SI1,1.62,13298
Very Good,G,VS1,1.06,6595
Premium,D,VVS2,0.3,1099
Ideal,H,SI2,1.05,4331
Good,E,VVS1,0.9,7214
Very Good,G,VS2,0.71,2671
Very Good,G,SI1,0.93,3933
Premium,G,VS2,0.31,698
Good,I,VS1,1.7,11921
Good,D,SI1,0.31,732
Premium,F,SI2,0.91,3346
Ideal,H,VS1,1.21,7811
Ideal,G,VVS1,0.34,844
Fair,G,VS1,0.9,3806
Premium,G,VS1,0.31,625
Ideal,E,VS2,0.75,3263
Ideal,F,VVS1,0.3,814
Ideal,F,SI2,0.96,4500
Ideal,E,VVS2,0.65,3023
Premium,E,I1,0.51,826
Very Good,F,SI2,0.66,1311
Ideal,G,SI1,0.38,723
Good,J,VVS2,0.9,3193
Ideal,E,VS1,0.31,942
Ideal,F,SI1,1.03,5378
Premium,F,SI2,2.04,18066
Very Good,F,VS2,0.26,499
Good,H,VS2,0.82,2947
Ideal,G,SI1,0.34,507
Premium,E,SI2,1.1,4622
Premium,F,SI1,0.51,1421
Ideal,G,VS1,0.54,1847
Ideal,F,VS2,0.3,601
Fair,I,SI1,2.11,15282
Ideal,I,VS2,0.32,466
Ideal,G,VVS2,1.23,10445
Ideal,I,VVS2,0.3,495
Ideal,F,VVS2,0.28,787
Ideal,E,VVS2,0.23,530
Good,J,SI1,1.01,3699
Ideal,F,VS1,0.7,3399
Very Good,I,VS1,0.52,1310
Premium,E,SI2,1.78,10765
Fair,E,SI2,0.9,2639
Very Good,E,SI1,1.04,5231
Very Good,I,SI1,1.0,4149
Ideal,H,SI1,1.05,5704
Very Good,D,SI1,0.84,4205
Good,F,SI1,1.09,4230
Premium,D,VS2,0.3,710
Ideal,E,VVS1,0.33,1207
Ideal,I,SI1,0.3,422
Ideal,E,VS1,0.37,950
Premium,H,SI1,1.03,3945
Good,I,IF,0.9,3734
Premium,F,SI1,0.57,1571
Ideal,H,VS2,1.01,5166
Very Good,I,VS1,0.5,1013
Very Good,D,VVS2,0.33,856
Ideal,D,SI1,0.32,589
Premium,I,VVS2,0.54,1944
Premium,E,VS1,0.36,1094
Ideal,D,VS1,0.31,713
Premium,D,SI1,0.51,1569
Premium,E,SI1,0.9,4502
Ideal,D,VVS2,0.44,1408
Ideal,E,VS1,0.71,3516
Very Good,D,VS2,1.0,6115
Premium,G,VVS1,0.41,1230
Very Good,E,SI1,0.4,882
Very Good,F,VVS1,0.4,1116
Ideal,G,VVS2,0.43,1056
Premium,E,VVS2,0.3,1013
Ideal,F,VS2,0.54,1786
Premium,G,SI1,0.9,3669
Ideal,I,VS1,0.34,555
Very Good,G,VVS2,0.51,1768
Ideal,I,VS1,0.32,648
Premium,J,SI2,1.56,6306
Very Good,E,VVS1,1.01,10693
Very Good,I,SI2,1.37,5584
Premium,H,SI2,1.09,4578
Very Good,G,VS2,0.9,4503
Very Good,E,SI2,1.6,11537
Ideal,F,VVS2,0.64,3217
Ideal,I,SI1,1.65,10365
Fair,G,VS2,1.42,7214
Ideal,F,VS2,0.41,1107
Ideal,I,VS2,1.16,5587
Ideal,H,SI1,1.02,5079
Ideal,D,SI1,0.42,1040
Very Good,F,VS2,1.27,8928
Premium,E,SI1,0.36,756
Premium,D,SI1,0.44,1089
Very Good,E,SI1,0.31,698
Good,I,SI2,2.01,11312
Good,E,SI2,1.01,4506
Ideal,D,SI1,0.53,1566
Ideal,E,VS1,0.4,1053
Very Good,D,SI2,1.02,4633
Very Good,I,SI1,0.38,601
Ideal,I,VS1,0.9,3867
Premium,H,VS1,1.25,8099
Good,J,VS2,1.29,5898
Very Good,I,SI2,1.51,7139
Ideal,G,IF,0.31,871
Premium,G,SI2,2.29,15366
Ideal,D,SI1,0.51,1346
Ideal,D,VS2,0.31,804
Premium,F,SI1,1.03,4579
Ideal,F,SI2,2.02,16256
Premium,E,SI1,0.5,1374
Very Good,E,VS1,0.7,3107
Premium,F,I1,0.53,886
Ideal,E,VVS2,0.38,1100
Very Good,E,SI2,0.51,1098
Premium,H,VVS2,0.3,776
Very Good,D,VS2,1.2,9138
Very Good,D,VS1,0.38,995
Ideal,H,VS1,0.42,847
Ideal,G,VS1,0.26,508
Ideal,E,VVS2,1.2,11839
Very Good,G,VS1,0.33,666
Ideal,I,VS1,1.04,4696
Ideal,J,SI1,0.71,1609
Very Good,I,VS2,0.36,505
Ideal,F,IF,0.39,1368
Good,H,VVS1,1.08,6504
Very Good,I,VS2,0.9,3570
Good,H,VVS2,0.3,605
Premium,D,SI1,0.72,2782
Ideal,D,SI1,1.02,6191
Good,F,VVS2,0.7,2940
Very Good,G,VVS1,0.3,1013
Ideal,J,SI1,1.38,6260
Very Good,G,VS2,1.07,6355
Premium,D,VS2,0.36,852
Ideal,H,SI1,1.01,4886
Very Good,H,VVS2,0.26,600
Very Good,H,SI2,1.0,3850
Very Good,G,VVS2,0.7,3235
Premium,D,SI2,0.81,2994
Very Good,I,VS2,0.7,2360
Premium,G,I1,0.5,1020
Premium,H,SI1,1.11,5102
Very Good,G,SI1,0.74,2468
Good,F,SI2,1.1,4244
Premium,G,VVS1,0.33,1114
Ideal,E,VS2,0.5,1892
Ideal,E,SI2,1.65,8455
Ideal,E,SI1,0.7,2656
Ideal,F,VVS1,0.3,802
Ideal,F,VVS1,0.41,1356
Good,F,SI1,1.01,4759
Good,G,SI2,1.5,9116
Premium,F,VS2,0.73,2933
Good,D,SI2,1.0,4218
Premium,I,SI1,1.28,6093
Good,H,SI1,0.71,2282
Ideal,G,VVS2,0.34,995
Premium,I,SI2,1.0,3712
Very Good,F,SI2,1.3,6149
Very Good,I,IF,0.9,4596
Good,F,SI2,1.16,4395
Ideal,D,VVS1,0.42,1621
Fair,F,I1,2.0,6532
Premium,F,SI2,2.03,12021
Good,I,SI1,0.31,377
Premium,E,SI1,0.94,4580
Very Good,H,SI2,1.56,7583
Ideal,F,VS2,1.04,7508
Very Good,E,VS2,1.01,6771
Very Good,E,VVS1,0.27,682
Ideal,F,VS1,1.14,8953
Very Good,E,SI1,0.31,544
Premium,I,SI2,2.44,13027
Ideal,H,VS2,0.92,4568
Premium,E,SI1,0.34,596
Very Good,G,SI1,0.52,1244
Ideal,E,VVS2,0.56,2712
Ideal,D,SI1,0.52,1651
Premium,H,SI1,1.3,5671
Ideal,J,VS2,1.55,8088
Ideal,H,SI2,1.07,4604
Very Good,E,SI1,0.38,640
Very Good,J,SI1,1.21,4312
Premium,I,VS2,0.82,2716
Ideal,D,SI1,0.56,1723
Very Good,F,VS2,0.51,1781
Good,F,SI1,0.3,500
Ideal,H,SI1,0.38,637
Premium,G,SI2,0.72,1764
Premium,E,VS2,0.5,1629
Ideal,F,VVS2,0.5,2283
Premium,G,SI2,0.55,1069
Very Good,E,VVS2,0.3,789
Very Good,G,VVS1,0.54,1983
Good,E,SI1,1.04,5766
Good,F,VVS1,0.7,3536
Premium,H,SI1,1.09,5219
Ideal,F,VS2,0.74,3200
Ideal,H,SI2,0.51,1435
Very Good,F,VS1,1.52,16670
Ideal,G,SI2,2.02,15814
Ideal,I,VS2,2.01,17197
Very Good,G,VVS2,1.02,7942
Good,F,SI1,0.9,3724
Very Good,I,SI1,1.01,4185
Premium,G,SI2,1.0,3427
Very Good,I,VS1,0.9,3880
Very Good,I,VS2,0.8,2591
Premium,H,VS2,1.02,4958
Ideal,E,VS2,0.63,2156
Ideal,G,VVS1,0.43,1183
Premium,E,VS1,1.06,8044
Ideal,G,VVS1,1.02,8317
Good,F,SI1,0.55,1400
Ideal,F,VS2,0.34,686
Premium,G,SI1,0.4,864
Very Good,I,VVS2,0.65,1828
Ideal,E,VS2,0.57,1949
Ideal,F,VS2,1.23,9376
Good,D,SI2,0.71,2015
Premium,E,VS2,0.55,1881
Ideal,F,IF,0.38,1212
Ideal,D,VVS2,0.3,814
Very Good,G,SI1,0.3,447
Premium,G,VS1,1.51,13638
Premium,D,VVS2,0.32,990
Ideal,G,VS2,1.72,12830
Premium,I,SI2,2.55,14351
Premium,F,VS1,1.51,13134
Ideal,D,VVS2,0.38,1257
Premium,D,SI2,0.91,4051
Ideal,F,SI1,0.7,2662
Premium,G,SI2,1.07,4401
Ideal,D,SI1,0.52,1600
Premium,E,SI2,1.33,7090
Very Good,I,SI1,2.01,12271
Ideal,D,SI2,0.72,2670
Very Good,H,SI2,0.8,2487
Premium,E,SI2,1.52,9193
Very Good,E,VS1,0.27,470
Ideal,E,SI1,0.4,737
Premium,I,VS1,0.89,2955
Ideal,D,SI1,0.42,1040
Ideal,H,VS1,0.31,698
Ideal,G,SI2,0.91,3985
Premium,G,VVS1,0.3,945
Premium,I,SI1,1.39,6694
Premium,H,VVS2,0.27,486
Very Good,G,VS2,1.2,6580
Ideal,G,SI1,0.38,855
Ideal,E,VS1,0.26,556
Ideal,G,VS2,1.25,9030
Ideal,E,VS1,0.7,3248
Very Good,J,SI2,1.22,4861
Ideal,G,VS1,0.33,854
Ideal,G,VS2,1.01,5999
Premium,H,SI2,2.23,12921
Very Good,F,IF,1.0,10046
Premium,J,IF,2.29,18594
Ideal,G,VS2,1.13,7290
Ideal,H,SI1,0.3,450
Premium,E,VS2,0.56,1882
Premium,I,VS2,0.9,3385
Ideal,E,SI1,0.5,1617
Good,F,VS1,0.72,2795
Premium,H,VS2,1.02,5217
Good,F,VS1,1.02,7197
Fair,D,SI2,1.0,3767
Premium,G,SI1,1.32,7676
Ideal,I,IF,0.33,694
Ideal,E,VS1,0.57,2110
Good,E,SI2,0.9,3595
Very Good,G,IF,0.35,892
Premium,G,VS2,1.26,8113
Very Good,I,VS2,1.56,9231
Ideal,G,VS2,1.04,6617
Very Good,E,VS1,0.71,3192
Very Good,I,VS1,0.5,1317
Very Good,G,SI2,1.2,5518
Ideal,F,SI2,0.71,2173
Ideal,H,VS2,0.32,523
Premium,G,VS2,1.02,6169
Premium,F,SI2,0.9,3619
Premium,E,SI1,0.53,1307
Ideal,G,SI2,2.22,15584
Good,F,VS1,0.76,3057
Premium,G,VS2,0.38,983
Premium,E,VS1,1.01,7821
Premium,H,VS2,1.7,12992
Very Good,F,VVS2,1.2,10173
Ideal,F,IF,0.52,2504
Ideal,D,SI1,0.31,533
Very Good,E,VS1,0.25,436
Ideal,H,SI2,0.51,983
Ideal,F,VS1,1.14,9074
Ideal,F,SI1,0.52,1232
Premium,E,SI2,1.5,9450
Ideal,H,VVS1,0.56,1819
Ideal,E,VS2,1.01,6806
Ideal,G,VS1,0.51,1656
Ideal,D,SI1,0.71,2719
Ideal,D,VS1,0.41,1151
Fair,G,I1,2.01,6315
Premium,G,VS2,0.57,1571
Very Good,F,VVS1,0.24,552
Ideal,I,VS2,0.47,884
Premium,D,SI2,0.4,855
Good,G,VS1,0.62,1893
Very Good,G,SI2,1.29,4045
Very Good,H,VS1,0.71,2559
Premium,E,VS1,0.42,1105
Premium,E,VS1,0.73,3370
Ideal,E,VVS1,0.35,967
Ideal,H,VS2,0.36,568
Very Good,D,SI1,0.4,924
Very Good,E,SI2,0.73,2395
Very Good,H,SI1,1.01,4873
Very Good,H,VVS2,0.3,581
Good,H,SI2,1.02,4517
Premium,G,VS1,1.02,6505
Premium,G,VS2,0.37,833
Ideal,E,VS2,1.07,7240
Ideal,G,SI1,0.55,1429
Ideal,E,VS1,0.4,1053
Ideal,H,SI2,1.15,4870
Very Good,I,SI2,2.18,12220
Premium,E,SI1,0.3,675
Ideal,F,VVS2,0.4,1351
Ideal,G,VS2,1.13,7147
Good,I,VVS1,0.4,842
Fair,E,SI1,0.56,1358
Ideal,G,IF,0.31,853
Ideal,G,VS2,1.02,6648
Very Good,D,SI1,0.41,947
Premium,G,VS1,0.61,1704
Ideal,E,SI1,0.51,1443
Good,F,SI1,0.31,516
Good,F,SI2,1.01,3597
Good,H,VS2,0.41,755
Good,I,SI2,2.02,14027
Ideal,D,VS1,0.43,1207
Premium,G,VVS1,0.31,1046
Ideal,D,VS2,0.3,670
Ideal,H,VS1,0.31,544
Very Good,F,SI1,0.41,969
Very Good,F,IF,0.4,1217
Very Good,G,SI2,0.53,1079
Premium,F,VS2,0.51,1687
Ideal,G,VS1,1.0,7114
Premium,H,VS1,1.65,9314
Good,G,SI1,2.0,17930
Ideal,I,SI1,0.71,2319
Ideal,H,VS1,0.77,3074
Premium,F,SI1,0.36,770
Very Good,G,VS2,0.41,827
Ideal,H,VVS1,0.4,1017
Good,E,VS2,0.74,3163
Good,E,SI2,0.59,1327
Very Good,H,VS1,0.3,630
Ideal,I,SI1,0.56,1094
Premium,I,SI2,1.54,7727
Ideal,G,VVS1,0.31,816
Premium,G,IF,1.01,7220
Good,H,SI2,0.9,3250
Very Good,F,VS2,0.7,2400
Very Good,H,SI2,0.41,593
Very Good,I,VS2,0.77,2391
Premium,E,VVS2,0.28,780
Ideal,G,VS2,0.31,544
Ideal,G,VS1,0.35,923
Very Good,J,SI2,1.02,3599
Ideal,H,VS2,1.59,11437
Ideal,G,VS2,1.07,6355
Ideal,I,IF,1.19,7207
Premium,F,VS1,0.72,2802
Premium,I,VS1,0.82,2853
Good,F,SI2,0.79,1943
Premium,H,SI1,0.7,2155
Very Good,E,VVS2,0.29,674
Very Good,J,SI2,1.12,4066
Fair,G,VVS2,0.81,3323
Ideal,G,SI1,1.56,13724
Premium,F,VS2,0.71,2571
Premium,F,SI1,0.66,1802
Premium,E,VS2,0.3,658
Ideal,F,VS1,0.32,702
Ideal,E,SI1,0.35,614
Premium,I,SI1,0.31,523
Ideal,G,VVS1,0.54,1982
Ideal,G,SI1,0.83,2800
Ideal,H,SI1,1.08,4413
Premium,E,VS2,1.2,9139
Premium,I,SI1,1.21,5760
Ideal,E,SI1,1.21,7231
Premium,H,VS2,1.59,11333
Ideal,G,VVS2,0.52,2012
Very Good,I,SI2,0.73,2093
Fair,J,I1,1.83,5083
Premium,H,SI1,1.14,4463
Ideal,F,IF,0.34,999
Premium,I,SI2,1.17,4423
Ideal,I,VVS1,0.42,865
Very Good,H,SI1,1.04,4791
Very Good,G,VS1,0.4,760
Premium,E,VS1,0.38,1069
Good,E,SI1,0.54,1600
Ideal,H,SI2,1.03,4611
Ideal,E,VS2,0.53,1813
Very Good,H,VS1,0.3,526
Premium,E,VS2,1.27,9086
Ideal,G,IF,1.28,11372
Premium,H,SI1,0.51,1163
Ideal,G,VVS1,1.01,7805
Very Good,I,VVS1,0.31,613
Ideal,J,SI2,2.01,12814
Ideal,F,SI2,0.46,758
Very Good,G,VVS2,0.91,4913
Ideal,E,VVS1,0.3,862
Very Good,F,SI1,0.9,4158
Premium,G,SI2,1.4,7357
Premium,G,SI2,1.02,4471
Very Good,I,VS2,2.01,15819
Ideal,E,VS2,0.51,1781
Premium,F,VS2,0.37,746
Ideal,E,VS2,0.5,1676
Premium,G,VS1,1.19,7797
Ideal,I,SI1,0.38,581
Ideal,E,VVS1,0.3,956
Ideal,G,VVS2,1.17,8947
Premium,E,VS2,0.74,3285
Fair,F,SI1,1.51,8387
Ideal,E,SI1,0.64,2215
Very Good,G,SI1,0.38,755
Fair,F,VS1,1.01,6651
Ideal,E,SI1,0.4,945
Ideal,E,VS2,1.11,7326
Ideal,H,SI1,0.58,1421
Premium,G,SI1,1.02,4855
Ideal,H,SI1,1.04,4801
Ideal,H,VS2,0.53,1314
Premium,G,SI1,1.03,5037
Premium,H,SI2,0.82,2629
Ideal,H,VS1,1.26,7691
Premium,G,VS2,0.34,765
Premium,G,SI2,2.06,16437
Premium,G,VS2,1.08,6532
Premium,G,VVS1,0.54,2236
Ideal,G,VS1,0.33,854
Premium,E,VS2,0.3,844
Premium,D,SI1,1.0,5488
Good,F,VVS1,0.4,1080
Good,G,SI1,0.91,3776
Ideal,I,VVS2,0.74,2761
Very Good,F,SI2,0.7,1940
Ideal,D,VS2,0.5,1845
Very Good,H,VS1,0.3,526
Ideal,I,VVS1,0.4,1080
Very Good,F,VS1,0.35,760
Premium,E,VS1,0.63,2171
Good,F,SI2,0.71,2130
Very Good,I,IF,0.67,2066
Good,E,SI2,1.02,4398
Ideal,G,VS1,0.91,4029
Ideal,F,VVS1,1.02,9645
Premium,G,VS2,0.51,1546
Good,G,SI1,1.01,3733
Very Good,J,SI1,0.7,1979
Ideal,G,VVS2,0.33,965
Ideal,D,VS2,0.31,734
Premium,H,VVS1,0.59,1982
Premium,G,SI2,1.99,11486
Very Good,D,VS1,0.61,2096
Very Good,G,VS2,1.01,5119
Ideal,H,IF,0.41,1100
Ideal,J,VVS2,1.59,8227
Ideal,F,VS2,0.4,790
Ideal,H,VVS2,0.33,854
Ideal,G,VS1,1.21,9287
Ideal,G,VS2,0.34,765
Premium,J,VS1,1.57,8595
Ideal,G,VS2,0.7,2633
Ideal,H,SI1,1.25,6783
Very Good,J,I1,1.24,2940
Good,H,SI1,1.02,4796
Premium,H,VS1,0.3,675
Ideal,G,VS1,1.04,7951
Very Good,D,VVS1,0.27,544
Ideal,F,IF,0.3,886
Very Good,F,SI1,0.65,1814
Ideal,E,VVS1,1.2,13474
Premium,G,VS1,1.2,8602
Good,E,SI1,0.51,1443
Very Good,D,SI2,0.4,798
Very Good,G,SI1,0.56,1408
Ideal,G,VS2,0.31,557
Ideal,H,SI2,0.33,554
Ideal,I,SI1,1.19,5690
Ideal,H,VS2,1.24,8257
Ideal,F,IF,0.38,1218
Ideal,E,SI1,0.6,1613
Ideal,J,VVS2,0.39,687
Very Good,D,SI1,1.5,11352
Ideal,E,VVS2,0.3,1013
Ideal,F,SI1,1.07,5909
Ideal,D,VS2,0.59,1978
Very Good,D,VVS2,0.25,548
Ideal,G,VVS2,0.51,1875
Ideal,E,SI2,0.82,3012
Ideal,E,SI2,1.07,4374
Very Good,I,VVS1,0.38,630
Premium,D,SI2,2.57,17924
Premium,D,SI1,0.51,1642
Ideal,F,VS2,0.5,1736
Premium,E,VS1,1.26,10367
Premium,D,VVS2,0.72,3459
Good,D,SI1,1.01,5055
Premium,D,VS1,0.61,2306
Very Good,H,VS1,0.9,4939
Ideal,D,VS1,0.36,1095
Ideal,F,VVS1,0.32,867
Ideal,G,VS1,0.33,666
Premium,F,SI2,1.15,5120
Good,E,SI2,0.35,454
Ideal,G,VS1,0.42,1055
Premium,I,VS2,0.38,812
Very Good,H,VVS2,0.32,645
Fair,J,SI2,1.02,3119
Very Good,G,VVS1,0.26,545
Ideal,H,SI2,0.73,2260
Premium,F,SI1,1.56,11299
Ideal,D,SI1,0.41,1015
Very Good,I,VS2,1.29,6166
Premium,G,SI2,0.72,2364
Very Good,G,SI2,1.17,5595
Good,D,VVS1,0.7,4407
Ideal,E,SI2,1.0,4077
Ideal,E,VS2,0.58,1683
Premium,E,SI2,1.7,9596
Very Good,E,VS2,0.33,672
Premium,H,VS2,0.8,2867
Very Good,G,SI1,0.53,1219
Ideal,H,VS1,0.58,1671
Ideal,H,VVS2,1.65,12225
Ideal,I,SI1,1.35,6199
Ideal,D,VVS2,0.55,3468
Premium,G,SI1,0.91,3763
Very Good,H,VVS1,0.41,1166
Good,F,VS2,0.77,2911
Ideal,G,VS2,0.87,4553
Premium,I,SI2,1.51,7577
Very Good,F,SI1,0.7,2312
Very Good,D,VS1,0.42,1009
Ideal,G,IF,0.58,2528
Ideal,G,VVS1,0.32,1080
Very Good,H,SI1,0.56,1286
Good,D,VS2,0.5,1635
Ideal,F,VVS2,0.34,784
Ideal,G,VVS2,1.22,10221
Premium,H,VS2,2.02,18207
Ideal,E,VS2,0.7,3142
Ideal,G,SI2,0.31,558
Premium,I,SI2,1.11,3469
Premium,G,IF,0.7,3591
Ideal,F,SI1,0.9,4401
Ideal,I,VS1,2.02,18324
Ideal,E,VS2,0.33,792
Premium,G,VVS1,0.4,1200
Ideal,D,VVS2,1.01,11015
Very Good,F,SI2,0.53,1132
Premium,F,VS2,0.35,906
Ideal,E,VS2,1.62,16507
Very Good,F,SI1,0.4,687
Very Good,H,VS1,0.34,590
Very Good,G,VVS2,0.65,2178
Ideal,D,SI2,0.72,2647
Premium,G,VS2,1.22,8213
Very Good,F,VS2,0.41,863
Ideal,F,VVS1,0.34,1174
Very Good,J,SI1,0.58,1095
Ideal,D,VVS1,0.35,1247
Ideal,E,VS2,0.37,811
Ideal,G,SI2,1.16,5171
Premium,D,SI1,0.56,1865
Very Good,F,VS1,1.02,7257
Ideal,G,SI2,0.3,382
Premium,F,SI2,0.95,2867
Premium,H,SI1,0.31,573
Very Good,E,VVS2,1.01,9930
Premium,G,IF,0.8,4193
Premium,E,VS2,0.39,951
Premium,E,VS2,0.51,1662
Premium,D,VVS2,0.41,1105
Premium,G,SI2,1.37,6495
Premium,D,SI1,0.3,552
Very Good,J,VS1,1.34,6237
Very Good,G,VS2,1.5,12014
Ideal,G,SI1,1.54,11333
Ideal,F,I1,1.14,3824
Good,I,VS2,0.71,2214
Ideal,E,VS2,0.57,1728
Ideal,E,VS2,0.7,3201
Ideal,G,VVS1,1.26,10720
Good,H,SI2,1.01,4149
Ideal,I,SI1,0.34,459
Ideal,H,IF,1.55,13421
Very Good,E,VS2,1.0,5544
Ideal,H,VVS1,0.32,708
Ideal,G,VVS1,0.32,1080
Ideal,G,SI1,0.7,2312
Ideal,G,SI1,1.01,4868
Very Good,D,SI1,0.51,1569
Very Good,G,SI2,1.22,6531
Premium,I,SI2,1.02,3856
Good,H,SI1,0.3,432
Very Good,E,SI1,0.92,3586
Ideal,D,SI2,0.54,1247
Very Good,H,SI1,0.3,432
Good,I,VS2,1.29,7102
Ideal,E,SI1,1.03,5710
Ideal,E,SI1,0.54,1594
Premium,E,SI2,0.5,1240
Ideal,G,SI1,1.63,12990
Ideal,H,SI1,1.53,10145
Ideal,I,VS1,0.74,2947
Good,G,VS2,0.71,2029
Ideal,J,VS1,1.0,4144
Ideal,H,SI1,1.52,10589
Premium,E,I1,1.0,3136
Premium,H,SI1,0.91,2935
Very Good,E,VS2,1.22,9475
Ideal,J,VS1,0.23,340
Ideal,J,IF,0.35,569
Ideal,I,SI1,0.54,1586
Premium,G,SI2,1.27,4353
Premium,D,SI1,1.23,7715
Ideal,I,VS2,0.36,523
Ideal,G,VS1,0.61,2167
Ideal,G,IF,0.32,918
Premium,D,VS1,0.3,732
Ideal,I,IF,0.31,635
Premium,J,VS1,0.4,810
Ideal,H,I1,1.23,4025
Ideal,F,VS2,1.27,10656
Very Good,F,VS1,0.55,1853
Ideal,F,VVS2,0.61,3248
Very Good,H,SI1,0.41,683
Fair,H,SI1,1.5,7211
Premium,H,VS2,1.01,4559
Ideal,E,SI1,0.38,653
Very Good,F,VS2,0.32,624
Very Good,J,VVS2,0.38,855
Ideal,H,SI1,1.09,5358
Ideal,G,VVS2,0.61,2242
Ideal,F,SI2,0.71,2525
Very Good,D,SI2,0.57,1413
Ideal,G,SI1,1.25,6608
Ideal,G,SI2,1.16,4880
Very Good,F,SI2,0.82,2643
Premium,G,VS1,1.01,6618
Ideal,G,SI2,1.12,4798
Premium,G,VS2,0.81,2994
Ideal,G,VVS1,0.7,3123
Fair,G,VS2,1.01,5475
Ideal,D,VS2,0.52,1919
Premium,F,VS2,0.31,749
Ideal,I,VS1,0.27,432
Very Good,F,SI1,1.11,5384
Ideal,I,VVS2,0.73,2496
Very Good,I,VS2,0.5,1176
Ideal,F,VVS2,0.5,2210
Ideal,E,VVS2,0.61,3011
Premium,I,VS1,0.3,608
Ideal,H,VS1,1.2,8275
Very Good,I,SI1,0.53,923
Very Good,H,VS2,1.02,4604
Good,G,SI1,0.5,1286
Very Good,I,VVS2,0.7,2415
Ideal,D,VVS2,0.42,1389
Ideal,G,IF,0.3,956
Ideal,G,VVS2,0.4,931
Ideal,F,VS2,0.34,686
Very Good,F,SI1,0.71,2416
Ideal,I,VS1,0.41,753
Good,G,VS1,1.01,6529
Ideal,I,VS1,1.05,5101
Ideal,I,VS2,0.73,2327
Premium,G,SI2,2.02,17099
Very Good,H,SI1,0.7,2107
Very Good,G,VS2,1.01,6449
Ideal,F,SI1,0.3,641
Very Good,I,VS2,1.54,8656
Ideal,I,SI2,1.23,4805
Very Good,H,SI2,1.5,7775
Ideal,D,VS1,1.02,8181
Ideal,G,VS2,1.3,9225
Very Good,F,VS2,1.0,6382
Very Good,E,SI1,0.4,882
Very Good,E,VVS2,0.43,1245
Premium,G,VS2,1.21,7320
Ideal,F,VVS2,0.81,4630
Very Good,F,VS1,1.2,9574
Ideal,F,VVS2,1.04,9169
Premium,H,SI2,1.13,4873
Ideal,G,VVS2,0.71,3307
Ideal,G,VS1,0.72,3035
Ideal,G,VS1,0.9,4531
Fair,H,SI2,0.96,2672
Very Good,I,VVS1,0.3,552
Good,E,VVS2,1.01,7293
Ideal,E,SI2,1.2,5268
Ideal,D,VS2,0.3,911
Ideal,G,VS2,1.53,13369
Very Good,F,VS1,0.24,419
Very Good,I,VVS2,0.71,2400
Good,E,SI2,2.01,16582
Premium,D,SI2,1.02,5055
Good,G,SI2,0.37,487
Ideal,G,IF,0.4,1199
Ideal,D,VS2,0.72,3236
Good,F,SI1,0.7,1988
Ideal,F,VS2,0.43,905
Very Good,H,VS1,0.51,1628
Good,I,SI1,1.51,8464
Ideal,H,IF,0.34,863
Very Good,J,SI1,1.67,7911
Good,F,VS2,1.12,7051
Ideal,E,VVS1,0.71,4802
Premium,G,I1,1.15,3574
Very Good,G,IF,0.32,954
Premium,J,VS2,0.37,454
Very Good,D,SI1,0.31,571
Very Good,H,SI1,1.21,6058
Premium,H,SI1,0.53,1159
Ideal,G,SI1,0.3,487
Premium,G,SI1,1.01,5232
Ideal,H,IF,0.31,1081
Ideal,D,SI2,1.0,4427
Ideal,D,VVS2,0.32,854
Premium,G,SI2,1.54,7707
Ideal,F,SI1,0.41,969
Ideal,E,VVS2,1.04,10019
Premium,G,SI2,0.71,1740
Premium,E,SI2,0.96,2961
Premium,H,VS1,1.03,5624
Good,G,SI1,1.2,4828
Premium,G,VVS1,0.34,1122
Very Good,F,SI2,0.9,3368
Premium,G,VS1,1.5,13720
Very Good,G,VS2,1.01,5759
Very Good,F,SI1,1.01,5107
Ideal,H,VS1,1.59,12047
Premium,E,SI2,0.31,558
Ideal,E,VVS2,0.3,789
Ideal,F,VVS1,0.39,1089
Very Good,F,VS2,0.33,666
Premium,J,VS2,1.05,3593
Ideal,G,VVS2,0.3,684
Premium,F,VS2,1.0,6640
Very Good,F,VVS2,1.02,9728
Very Good,E,SI2,0.32,449
Very Good,J,SI2,0.61,1125
Good,F,SI1,0.91,3363
Ideal,F,SI1,0.31,663
Very Good,H,IF,0.33,838
Very Good,F,VS2,0.5,1436
Ideal,F,SI1,0.98,4950
Premium,H,VVS1,0.26,600
Ideal,I,VS1,0.3,518
Premium,D,VS2,0.32,972
Premium,F,SI1,0.65,1748
Good,F,SI2,1.01,3886
Ideal,G,VVS2,1.13,10396
Ideal,F,VS2,0.51,1619
Very Good,H,SI1,1.17,4652
Premium,F,IF,0.3,1013
Ideal,G,SI1,0.44,772
Very Good,G,VS1,0.5,1624
Ideal,D,VS2,0.32,758
Ideal,E,VS2,1.37,11314
Ideal,H,VVS2,0.27,623
Ideal,E,VVS1,0.39,1183
Premium,H,VS2,1.23,7431
Premium,E,VS1,0.39,1026
Very Good,E,VVS2,0.38,1157
Ideal,E,IF,0.32,1018
Good,F,SI2,1.01,4197
Ideal,G,IF,0.31,891
Premium,F,SI2,0.33,434
Premium,E,VS1,1.37,12713
Very Good,I,VVS2,0.43,850
Ideal,D,VS2,0.54,2177
Very Good,E,VVS1,0.55,2585
Premium,H,SI2,1.78,11262
Fair,H,SI1,0.91,2854
Ideal,D,VS2,0.34,802
Ideal,G,VVS2,1.12,8773
Ideal,H,VVS2,0.38,898
Ideal,G,SI1,0.54,1574
Ideal,G,IF,0.32,918
Very Good,I,SI1,0.3,405
Premium,E,SI1,0.91,4138
Premium,J,VS2,1.7,9939
Very Good,E,SI2,0.7,2263
Very Good,G,SI1,0.5,1187
Ideal,F,I1,0.9,2634
Premium,F,SI1,0.38,898
Premium,G,VS1,0.3,776
Ideal,E,SI1,1.02,4675
Ideal,D,VVS2,0.31,840
Ideal,D,VS2,0.51,1882
Premium,G,I1,0.73,1395
Ideal,H,VVS2,0.52,1749
Ideal,E,VS2,0.59,1968
Good,E,VS1,0.9,5201
Very Good,F,SI2,0.5,1068
Ideal,H,VS2,0.31,628
Premium,F,VS2,0.33,666
Premium,D,SI2,0.5,1190
Fair,E,SI2,1.01,3991
Very Good,D,SI1,0.59,1771
Premium,G,VVS1,1.25,8281
Good,I,SI2,0.7,1699
Premium,G,IF,0.71,3545
Premium,H,SI2,2.12,16992
Ideal,D,SI1,0.31,571
Good,E,SI2,0.62,1333
Premium,H,SI2,1.17,4914
Good,G,SI1,0.91,3506
Ideal,I,VS2,0.73,2327
Good,J,VS1,2.0,14973
Premium,E,VS2,1.56,12156
Ideal,G,VS1,0.57,2060
Premium,I,VS2,2.03,16309
Ideal,G,SI2,0.74,2690
Ideal,E,VS2,0.52,1549
Premium,I,SI2,1.5,7056
Very Good,G,SI1,0.38,666
Ideal,E,VS2,0.79,3377
Very Good,F,I1,1.1,3678
Ideal,I,VS1,0.3,473
Very Good,D,VS1,0.9,5547
Premium,G,VS2,1.03,5826
Premium,F,VS2,0.7,2838
Good,E,VVS1,0.5,2008
Premium,F,SI2,1.01,4468
Premium,D,SI1,0.34,803
Good,E,SI1,1.01,4608
Very Good,G,VVS2,1.51,14938
Ideal,G,VVS2,0.72,3352
Premium,H,SI2,1.03,4078
Very Good,I,VS1,1.21,5866
Ideal,D,VVS1,0.33,1176
Very Good,G,VVS2,0.77,3829
Ideal,G,SI2,1.2,5385
Ideal,J,VS1,0.41,674
Premium,H,SI2,0.74,1962
Ideal,E,SI1,1.5,11385
Ideal,F,VS2,1.12,8074
Fair,I,SI2,1.5,4704
Ideal,D,VS2,0.52,1822
Ideal,G,VS1,0.55,1591
Very Good,H,SI1,0.42,700
Good,F,VS2,1.01,6332
Ideal,E,SI2,0.52,1299
Ideal,G,SI1,0.5,1237
Premium,I,VS1,1.53,10729
Premium,I,SI1,0.31,408
Ideal,H,VS2,0.32,505
Premium,I,VS2,0.9,3398
Premium,H,SI2,0.71,1826
Very Good,I,SI1,2.01,13464
Premium,I,SI1,1.03,4248
Ideal,I,VVS2,1.51,10821
Premium,E,VS2,0.91,4739
Ideal,F,VVS2,0.42,1142
Very Good,I,VS2,1.5,9118
Premium,F,SI1,0.54,1349
Premium,I,VS2,0.35,630
Ideal,D,VVS2,0.39,1212
Premium,I,SI1,1.73,10957
Ideal,H,SI2,0.31,421
Premium,G,SI2,2.23,16805
Ideal,G,VS2,0.34,596
Premium,H,VS2,0.32,505
Premium,H,SI1,1.0,4788
Ideal,H,SI2,2.26,17312
Ideal,D,VS2,0.51,1678
Ideal,F,VS2,0.33,854
Very Good,E,VVS1,0.28,642
Very Good,G,VS2,0.52,1423
Very Good,F,VS2,0.7,2780
Very Good,H,VVS1,0.3,878
Very Good,G,VS2,0.56,1605
Premium,D,SI1,0.51,1569
Very Good,G,SI1,0.52,1338
Ideal,E,VS1,0.5,1745
Ideal,I,SI1,0.56,1212
Premium,E,VVS1,0.33,984
Premium,G,SI2,2.02,15014
Very Good,F,SI1,0.6,1661
Very Good,E,VS2,0.91,4795
Ideal,G,VVS1,1.24,10724
Good,G,VVS2,0.5,1690
Ideal,H,SI1,0.4,705
Ideal,I,VVS2,0.24,523
Very Good,F,VVS1,0.41,1295
Premium,H,SI2,1.29,5418
Premium,H,SI1,1.0,4788
Ideal,E,VS2,0.53,1813
Fair,H,SI2,1.27,5334
Fair,J,SI1,1.0,3427
Premium,F,SI1,0.57,1676
Ideal,E,VVS2,0.59,2911
Very Good,D,VVS1,0.56,2866
Very Good,F,VVS2,0.75,3551
Premium,H,IF,0.3,1013
Very Good,E,VVS1,0.25,548
Ideal,G,VS1,0.3,605
Very Good,D,VS2,0.5,1703
Ideal,E,SI2,1.1,5174
Very Good,H,SI1,0.76,2557
Ideal,F,VS1,0.77,3655
Good,J,VS2,0.9,3024
Good,J,SI2,2.01,11554
Premium,J,VS2,1.01,3535
Premium,G,VS2,0.3,675
Very Good,D,VS1,1.54,16750
Good,D,SI2,1.13,4406
Ideal,E,SI2,0.7,2436
Very Good,I,SI1,1.55,8644
Ideal,I,VS2,0.3,438
Premium,F,I1,0.93,2396
Ideal,H,SI2,1.06,4452
Premium,G,SI1,1.2,5154
Good,G,SI1,0.51,1312
Good,F,VS1,0.61,2196
Premium,H,SI2,1.31,6089
Very Good,E,VS1,0.29,619
Very Good,F,SI2,1.01,4072
Ideal,F,SI2,0.72,2232
Very Good,J,VS1,0.41,693
Ideal,F,SI1,1.57,11523
Premium,H,SI1,0.32,449
Premium,D,SI2,0.42,898
Good,E,SI2,0.8,2829
Very Good,D,VVS2,0.3,752
Good,F,SI2,1.51,9301
Premium,I,VS2,2.29,18823
Ideal,E,VS1,1.02,8096
Premium,E,VS2,0.42,958
Ideal,F,SI2,0.5,1016
Ideal,E,SI1,0.92,5014
Ideal,F,VVS1,0.31,903
Very Good,E,VVS2,0.29,633
Premium,E,VVS1,1.01,10888
Ideal,F,VVS2,1.05,9483
Good,D,SI2,1.5,8517
Very Good,H,SI1,0.41,683
Ideal,E,SI2,2.16,17263
Ideal,H,SI1,1.15,7100
Premium,G,VS2,1.06,5813
Fair,H,SI1,1.0,3511
Very Good,J,SI1,0.7,1959
Premium,E,SI1,0.33,579
Premium,H,VS2,1.0,4514
Ideal,G,VVS1,0.57,2259
Premium,E,VS2,0.59,1883
Ideal,H,VS2,0.61,1591
Ideal,D,VS1,0.64,2787
Ideal,G,SI1,1.24,6895
Very Good,G,VVS2,0.32,672
Very Good,F,VVS2,0.97,6889
Ideal,D,SI2,0.73,2557
Premium,G,VS2,0.32,561
Premium,D,SI1,0.3,709
Premium,H,VS2,0.31,628
Ideal,G,VVS2,1.12,8701
Ideal,H,VVS1,0.54,1846
Very Good,I,VS2,1.22,6419
Ideal,H,SI2,0.42,625
Ideal,D,VS1,0.34,787
Premium,G,SI1,1.01,4672
Very Good,F,VS1,1.02,6785
Premium,H,VS2,0.74,2530
Very Good,J,VS1,0.71,2062
Ideal,F,VS2,0.54,1836
Ideal,H,VVS1,0.55,1845
Ideal,G,SI1,0.31,493
Premium,H,SI1,1.04,4890
Good,F,IF,0.55,2266
Ideal,H,SI1,1.26,8110
Good,G,SI2,2.0,10416
Premium,F,SI2,1.01,4197
Ideal,I,SI1,1.7,10967
Very Good,H,SI1,0.4,666
Premium,D,SI1,0.9,4304
Premium,G,SI2,1.53,8688
Very Good,G,SI1,0.33,521
Ideal,E,VS2,0.52,1644
Premium,J,VVS1,1.54,9383
Good,E,VS1,0.5,1690
Very Good,G,VS1,0.26,423
Very Good,G,IF,1.06,8415
Premium,G,VS1,0.3,776
Very Good,F,VVS2,1.03,8375
Ideal,E,SI1,0.7,2459
Premium,I,SI1,1.03,4362
Good,I,SI2,1.01,3823
Premium,H,SI2,0.8,2409
Premium,D,SI1,0.3,709
Good,E,SI1,0.34,596
Ideal,E,SI1,0.66,1901
Ideal,E,SI2,1.01,4788
Premium,G,VVS1,1.3,11061
Ideal,G,VVS2,0.25,525
Ideal,I,VS1,0.74,2557
Premium,G,SI2,2.15,15751
Ideal,D,VS2,0.76,3443
Premium,F,VS2,0.56,2318
Good,H,VVS2,0.7,2767
Ideal,H,VVS1,0.61,2237
Ideal,F,SI2,1.09,4891
Premium,G,SI2,1.2,5250
Very Good,D,SI2,1.11,5042
Ideal,G,SI1,0.71,2386
Ideal,H,IF,0.37,936
Premium,F,VVS2,0.7,2975
Good,G,VS1,1.01,6407
Ideal,E,SI1,0.52,1429
Fair,D,I1,1.5,5460
Premium,D,VS2,0.51,1882
Ideal,J,VS1,1.56,8763
Ideal,F,SI1,0.63,1698
Ideal,H,SI2,0.9,3516
Ideal,F,VS1,0.74,3590
Ideal,D,VVS2,0.53,2563
Ideal,H,VS2,1.51,10959
Premium,F,VS2,1.2,8796
Premium,H,SI2,0.44,759
Ideal,F,I1,0.38,497
Very Good,I,SI1,1.01,4805
Fair,G,SI2,0.69,1691
Ideal,F,SI2,0.77,2401
Very Good,D,SI2,1.01,4719
Ideal,J,VS1,0.9,3587
Ideal,H,SI1,1.23,6681
Ideal,E,SI1,0.52,1429
Premium,F,I1,1.72,7089
Premium,F,SI1,0.7,2196
Good,D,SI2,1.02,3909
Premium,F,VS2,0.33,740
Very Good,D,SI2,1.71,11873
Ideal,H,VS2,0.47,989
Premium,F,VS2,0.31,802
Ideal,G,VS1,0.37,798
Premium,H,SI2,2.26,15428
Ideal,F,VVS1,0.33,880
Premium,G,SI2,2.02,16929
Premium,E,SI1,0.3,675
Premium,F,SI1,0.42,926
Very Good,G,SI1,0.9,3512
Good,G,VS2,1.01,5756
Very Good,F,SI2,0.51,1100
Very Good,F,SI1,0.52,1261
Ideal,F,SI2,1.02,4662
Very Good,F,VS1,0.23,402
Ideal,D,VS1,0.9,7393
Ideal,G,VS2,1.5,12821
Premium,G,SI1,0.31,593
Good,D,VS2,0.3,621
Ideal,F,VS1,1.23,9836
Very Good,E,SI1,0.57,1608
Premium,G,VS1,0.4,877
Premium,F,SI1,1.0,5292
Ideal,J,VS1,0.61,1569
Very Good,H,VS2,0.37,537
Ideal,F,VS2,1.02,7632
Premium,E,VS2,0.51,1781
Ideal,E,VS2,0.33,723
Premium,E,VVS2,0.32,1080
Very Good,D,SI1,0.51,1387
Good,D,SI1,0.41,947
Ideal,F,VS2,0.35,706
Very Good,F,VVS2,0.34,724
Ideal,D,VS1,0.39,1095
Very Good,D,VS1,0.78,3800
Premium,E,SI2,0.75,2214
Premium,D,SI2,1.04,4811
Good,G,SI1,1.0,4543
Very Good,G,SI2,0.74,2262
Very Good,F,SI2,1.0,4081
Very Good,I,SI2,0.57,1000
Good,G,VS1,0.58,1777
Very Good,I,VVS2,1.2,6558
Premium,I,SI1,1.74,11020
Premium,E,VS2,1.59,15249
Very Good,F,SI2,1.0,4269
Premium,I,VS1,0.32,648
Very Good,J,SI1,1.01,3952
Ideal,H,VS1,0.72,2608
Very Good,H,SI1,0.41,683
Ideal,I,SI1,0.31,537
Premium,G,VS2,0.71,2443
Premium,D,SI2,0.33,631
Premium,E,VS2,1.02,7311
Ideal,F,VS2,1.24,9073
Premium,H,SI2,0.35,566
Ideal,D,VS2,0.51,1882
Premium,F,VS2,0.35,706
Good,H,VVS1,0.3,684
Premium,H,SI2,1.05,3352
Premium,F,SI1,0.72,2385
Ideal,F,VVS1,0.41,1295
Very Good,G,VVS2,0.31,707
Very Good,D,VS2,0.3,710
Premium,E,SI2,0.7,2442
Fair,E,SI1,2.0,15330
Ideal,D,VVS2,0.42,1132
Ideal,J,SI1,1.59,7943
Very Good,G,VS1,0.91,4209
Ideal,E,SI2,0.75,3129
Very Good,H,VS2,0.6,1597
Very Good,G,SI1,1.0,4919
Ideal,D,SI1,0.36,663
Premium,F,VS2,1.24,9513
Premium,E,VS2,0.5,1559
Very Good,I,VS1,1.51,9467
Good,F,VS2,1.52,12283
Premium,D,SI2,1.03,4560
Premium,G,VS2,0.85,3237
Premium,I,VVS2,0.73,2519
Premium,H,VVS1,0.32,936
Premium,D,SI2,0.4,855
Premium,H,SI2,1.21,5082
Ideal,G,VVS2,0.52,1911
Ideal,G,VS2,1.01,6937
Ideal,D,SI2,1.02,5235
Premium,E,VVS1,0.23,680
Ideal,F,VS1,0.56,1915
Ideal,F,VS2,0.51,1687
Good,F,VS2,0.72,2705
Premium,E,SI2,2.08,15873
Very Good,E,VVS2,0.4,849
Ideal,F,VS1,0.8,4362
Very Good,F,SI2,1.04,4244
Premium,D,VVS2,1.26,14663
Ideal,E,VVS2,1.22,12036
Premium,H,VS2,0.31,628
Fair,G,SI1,0.9,2691
Ideal,E,VS2,0.54,1847
Premium,E,VS1,0.41,1153
Ideal,D,VVS2,1.2,14033
Very Good,G,SI2,1.01,4249
Ideal,I,SI1,1.58,9335
Very Good,F,SI1,0.79,3519
Premium,H,SI2,1.0,3584
Ideal,F,VS2,0.3,601
Ideal,G,VS1,0.71,2962
Ideal,J,VS2,0.73,2054
Very Good,H,SI2,1.02,4341
Premium,E,VS2,0.52,1815
Ideal,H,VS2,0.3,491
Very Good,H,VS2,1.71,13445
Ideal,D,VS2,1.16,8038
Very Good,F,VS1,0.28,487
Premium,H,SI2,2.31,13831
Very Good,F,VS2,0.24,419
Good,I,VS1,0.7,2390
Ideal,E,VVS2,0.7,3238
Very Good,J,SI2,2.01,11406
Ideal,F,SI2,1.01,4497
Ideal,E,VVS2,0.3,766
Ideal,G,VS2,0.32,561
Premium,I,VS2,0.37,666
Very Good,F,VS2,0.31,500
Premium,E,SI1,1.22,7395
Premium,F,VS2,0.31,802
Good,F,VS1,0.59,1861
Ideal,I,SI2,1.37,6401
Ideal,D,VS2,0.78,3736
Ideal,H,VS2,1.06,5277
Premium,I,SI1,0.9,2861
Very Good,F,IF,0.4,1404
Good,G,SI1,0.5,1286
Premium,F,VS2,0.3,605
Ideal,E,VS1,0.5,1665
Premium,F,SI2,0.91,3609
Good,D,SI1,0.59,1694
Premium,J,SI1,1.21,4269
Premium,I,VS2,0.51,1179
Ideal,G,VS2,0.87,4899
Ideal,H,VS1,0.93,4265
Very Good,F,SI2,0.33,434
Good,E,SI1,1.5,11795
Very Good,E,VVS2,0.7,4240
Ideal,E,SI1,0.5,1410
Good,I,VS1,0.31,489
Premium,G,SI1,0.53,1273
Good,I,VS1,0.92,3723
Very Good,F,SI2,0.59,1247
Ideal,E,VVS1,0.32,954
Very Good,H,SI1,0.51,1227
Ideal,G,VVS2,0.39,974
Ideal,F,SI1,0.71,2999
Good,G,IF,0.52,2093
Ideal,G,VVS1,0.3,789
Ideal,I,SI2,0.51,1051
Ideal,J,SI1,0.58,1227
Premium,F,SI2,0.78,2340
Ideal,H,VS2,0.31,507
Premium,I,SI1,2.07,15392
Ideal,G,VVS1,1.54,18294
Ideal,I,SI1,1.0,4200
Good,G,VS2,0.9,4022
Ideal,H,SI1,0.43,716
Very Good,H,IF,0.76,3367
Very Good,F,SI1,0.83,3207
Ideal,E,SI2,0.72,2674
Good,I,SI2,2.3,12944
Very Good,G,VVS2,0.24,449
Premium,H,SI1,0.4,855
Premium,G,VS2,0.51,1546
Ideal,J,SI1,1.58,7592
Very Good,E,SI1,0.45,851
Ideal,F,IF,0.51,2730
Very Good,D,VS2,1.51,12311
Ideal,D,VS2,0.71,3137
Ideal,E,SI1,1.02,6342
Ideal,D,SI2,0.32,612
Premium,G,VS2,0.53,1607
Very Good,E,VVS1,0.27,620
Very Good,F,VS1,0.42,921
Good,G,SI1,1.01,4064
Good,D,VVS1,0.23,425
Very Good,J,IF,0.41,1061
Very Good,F,VS1,1.2,9203
Ideal,H,VVS2,1.13,7108
Ideal,E,SI1,0.57,1670
Ideal,E,VS1,0.34,687
Very Good,F,VS2,0.3,642
Ideal,D,SI1,0.35,827
Premium,G,VS2,1.02,5978
Premium,G,VS1,0.33,797
Premium,F,VS2,0.42,945
Fair,J,I1,1.5,4284
Very Good,F,VS2,1.0,6957
Very Good,G,SI1,0.81,2733
Good,G,SI1,1.18,6743
Good,F,SI1,0.35,583
Ideal,E,VVS2,0.59,2643
Ideal,G,SI2,1.53,7240
Ideal,E,VS2,0.23,543
Good,D,SI2,1.01,4672
Premium,H,SI1,0.38,812
Ideal,I,VS2,1.31,6338
Very Good,E,VVS2,0.26,564
Ideal,I,VVS2,0.78,3267
Ideal,F,SI2,0.8,2529
Fair,H,SI2,2.01,13587
Ideal,G,VVS1,0.32,814
Very Good,G,VVS2,0.27,504
Ideal,G,SI1,0.56,1322
Ideal,F,SI1,0.43,1016
Ideal,F,SI2,1.0,4274
Premium,E,VS1,0.71,3006
Very Good,G,VVS2,1.28,11478
Ideal,H,SI1,0.33,511
Premium,H,VS2,1.41,8654
Good,F,VS2,0.5,1436
Ideal,D,IF,0.34,2346
Premium,E,SI1,0.5,1415
Very Good,E,VVS2,0.53,2297
Premium,G,VS1,0.57,1746
Premium,G,VS2,1.02,5407
Premium,E,SI2,1.21,6065
Ideal,H,SI1,0.72,2197
Premium,D,VVS2,1.02,10773
Ideal,E,VVS2,0.38,1073
Ideal,F,SI1,1.52,11637
Ideal,G,IF,1.08,8873
Premium,G,VS1,1.54,13733
Ideal,H,VVS1,0.51,1837
Good,E,SI2,0.91,3520
Very Good,J,VVS2,1.5,8622
Ideal,I,VS2,0.7,2232
Premium,J,VS1,0.7,1953
Ideal,G,VS2,0.5,1449
Ideal,E,VS2,0.23,548
Ideal,H,SI2,1.41,7324
Premium,F,VS1,1.5,15291
Ideal,I,VVS2,0.41,894
Very Good,F,IF,0.5,2219
Good,E,SI2,0.71,1783
Ideal,G,SI2,0.32,450
Ideal,F,VVS2,0.72,3746
Very Good,D,SI1,0.41,717
Ideal,J,SI1,0.38,525
Ideal,F,VVS2,0.41,1115
Very Good,H,VS2,1.0,5121
Very Good,E,VVS2,0.24,552
Very Good,D,VS1,0.34,725
Good,F,VS2,0.23,357
Ideal,H,VS2,1.15,6772
Very Good,G,SI2,1.04,4200
Ideal,H,VVS1,0.32,708
Very Good,F,SI2,1.08,3847
Ideal,J,VS1,0.41,648
Premium,E,VS2,1.01,7240
Ideal,H,SI1,0.49,1102
Good,F,VS2,0.82,3363
Ideal,H,SI2,0.7,2298
Ideal,H,VVS2,0.42,1055
Very Good,J,VS2,1.46,7358
Ideal,D,VS2,0.37,876
Premium,F,VS2,0.52,1720
Very Good,G,SI1,0.9,3597
Very Good,D,SI2,0.73,2374
Very Good,I,VS2,1.7,10935
Premium,I,SI2,2.41,13563
Premium,F,VS2,0.36,869
Premium,G,SI1,1.01,4808
Premium,H,VS1,1.03,5624
Premium,I,VVS1,0.32,756
Very Good,H,VVS2,1.15,6793
Ideal,J,VS2,0.75,2104
Good,F,SI1,0.42,722
Premium,G,SI1,1.02,4435
Ideal,I,SI2,1.57,8228
Premium,E,VS1,0.58,2105
Premium,H,VS2,0.38,700
Premium,F,SI1,1.07,5813
Very Good,E,VVS1,0.27,544
Premium,F,SI1,1.0,5544
Ideal,E,VS1,0.61,2285
Very Good,F,SI2,1.01,4017
Premium,F,SI1,0.52,1338
Good,D,SI2,1.0,4065
Good,H,SI2,1.02,3656
Very Good,G,VVS1,0.51,1800
Premium,E,VS1,0.36,933
Premium,G,SI2,2.05,16357
Very Good,H,VS1,0.3,526
Very Good,D,SI1,0.94,4902
Premium,H,SI1,1.2,5822
Ideal,I,SI1,1.09,5486
Ideal,E,SI1,1.5,10214
Very Good,H,VVS1,0.46,1572
Ideal,H,VS2,2.01,15395
Very Good,F,SI1,0.58,1401
Premium,H,SI1,1.52,8566
Ideal,G,VS1,0.32,559
Ideal,D,VVS2,0.32,1107
Very Good,F,VS2,1.0,6352
Very Good,D,VS1,0.4,967
Premium,D,SI2,1.01,4672
Very Good,H,SI1,0.41,683
Ideal,G,VVS2,1.3,11073
Premium,D,VS2,0.3,911
Ideal,E,SI1,1.55,13291
Premium,G,VS2,0.42,847
Premium,J,VS2,1.04,4043
Very Good,F,SI2,0.38,600
Fair,D,SI1,1.0,4704
Ideal,E,VVS2,0.4,1056
Ideal,H,SI1,0.42,898
Ideal,D,VS2,0.32,758
Ideal,E,VS2,0.76,3249
Very Good,G,VS1,0.54,1563
Ideal,F,SI1,0.81,3481
Premium,I,VS1,0.71,2202
Very Good,F,VVS2,0.26,597
Ideal,G,SI2,1.51,9234
Premium,H,SI1,1.2,6282
Ideal,I,SI1,2.04,15308
Very Good,G,SI1,2.05,12515
Premium,E,VS1,0.41,1153
Ideal,D,VS2,0.78,3763
Premium,H,SI2,2.09,17156
Very Good,D,VVS2,0.23,530
Premium,I,VVS2,0.41,1061
Premium,I,SI2,0.32,530
Ideal,E,SI1,0.56,1698
Premium,H,IF,0.31,816
Ideal,G,SI1,0.81,2725
Ideal,F,VS1,0.71,3701
Ideal,F,SI2,0.8,2564
Ideal,H,VVS2,0.33,854
Good,F,SI1,0.5,1231
Good,D,SI1,0.7,2512
Good,G,SI2,0.91,3610
Ideal,G,VVS2,0.43,1129
Ideal,F,VVS2,0.41,1192
Ideal,G,VS2,1.7,15797
Good,E,SI2,1.01,4413
Very Good,F,SI2,0.3,394
Ideal,G,SI1,1.2,6741
Very Good,E,VS1,0.38,891
Very Good,D,SI1,0.77,3160
Ideal,H,VS1,0.53,1601
Premium,E,SI2,1.11,4664
Very Good,J,SI2,2.22,10662
Ideal,I,SI2,1.23,5315
Very Good,G,VS1,0.7,2287
Premium,G,VS1,0.32,828
Good,E,SI2,0.7,2028
Ideal,D,VVS1,0.47,2460
Ideal,I,VS2,1.53,9596
Very Good,D,VVS2,0.32,841
Premium,D,VS2,0.51,1977
Premium,F,VS2,1.51,12899
Very Good,H,SI1,0.42,754
Very Good,H,VS1,0.91,3881
Ideal,E,VS1,0.41,1007
Premium,E,VS2,0.31,872
Ideal,H,IF,0.3,1013
Ideal,G,SI2,0.7,2177
Good,G,IF,0.71,3583
Good,D,VS2,0.51,1665
Ideal,G,VS2,1.08,6706
Ideal,F,VS2,0.64,2074
Very Good,H,VS2,1.08,5515
Ideal,I,SI2,2.25,16575
Ideal,G,VVS2,1.01,8034
Ideal,I,IF,0.32,864
Ideal,G,SI1,0.34,473
Ideal,H,SI1,2.01,17892
Ideal,E,VS2,0.34,956
Premium,D,SI2,1.01,4338
Ideal,G,SI1,0.59,1891
Premium,E,SI2,1.0,4704
Very Good,J,VS1,1.21,5452
Ideal,E,VS1,0.4,898
Ideal,J,SI2,2.61,17209
Premium,D,SI2,1.29,6935
Fair,G,VS1,1.0,4892
Premium,I,SI1,0.71,1774
Very Good,E,SI2,1.53,8270
Very Good,J,VS1,1.51,8057
Premium,D,SI1,1.06,5817
Premium,E,SI2,1.01,4412
Good,E,SI1,0.5,1316
Very Good,E,VS2,0.4,888
Premium,E,SI2,0.42,838
Good,H,SI1,1.5,8112
Premium,G,VVS2,1.01,7665
Fair,E,VVS2,0.35,738
Ideal,F,VVS1,0.41,1295
Ideal,D,VS2,0.72,4082
Premium,H,SI2,1.21,5324
Ideal,F,SI1,0.57,1299
Ideal,E,SI2,1.16,5001
Very Good,H,SI1,1.06,4785
Ideal,H,VS1,1.08,5791
Ideal,G,VS1,0.32,645
Very Good,F,SI2,0.75,2111
Ideal,D,VS1,0.4,1072
Premium,H,VS2,0.96,4529
Ideal,E,VS2,0.52,1947
Good,F,VS2,1.0,5864
Premium,J,VS2,1.26,5015
Ideal,H,VS2,1.58,12334
Ideal,H,VS1,0.82,3364
Premium,I,SI1,1.0,4200
Good,F,SI2,1.0,4102
Ideal,G,VVS1,0.5,1897
Ideal,D,VVS2,0.61,3758
Ideal,F,VS2,0.52,1662
Ideal,I,VS1,0.31,628
Ideal,G,VVS2,0.53,1946
Ideal,E,VS2,0.31,872
Ideal,F,VS2,0.6,1923
Fair,G,SI2,2.22,12508
Ideal,I,VVS2,1.5,10646
Ideal,G,SI2,0.3,422
Very Good,I,SI2,1.54,7437
Premium,G,VS2,0.43,1113
Very Good,F,SI1,0.96,4560
Very Good,H,VS2,1.05,5614
Premium,E,IF,0.3,1097
Premium,I,SI1,1.18,5617
Premium,D,VS2,1.06,7679
Ideal,F,VS2,0.3,776
Very Good,G,VS2,0.53,1450
Very Good,H,VS2,0.7,2335
Good,H,SI1,1.15,5005
Ideal,F,VVS1,0.73,5154
Ideal,E,SI2,0.78,2596
Very Good,H,VS1,0.41,827
Ideal,E,VVS1,0.38,1154
Ideal,F,VS1,1.22,9756
Ideal,F,VS1,0.51,1744
Very Good,F,VS2,1.21,10283
Ideal,D,SI1,0.52,1720
Very Good,H,SI2,1.01,3959
Good,H,SI1,1.01,4274
Ideal,D,VS1,0.52,2550
Good,E,VVS1,0.58,2243
Premium,F,VVS2,0.53,2290
Good,F,SI1,0.7,2313
Very Good,G,SI1,0.31,462
Ideal,G,VVS2,0.31,687
Ideal,I,SI2,1.0,3881
Premium,J,VS2,1.52,7899
Premium,G,VS2,0.75,2760
Premium,I,VS2,1.26,6023
Premium,E,VS2,0.3,844
Very Good,E,SI1,0.74,3009
Premium,G,SI1,1.02,4718
Premium,H,SI1,1.22,5063
Ideal,F,SI2,1.01,5154
Ideal,G,VS2,1.03,7726
Ideal,F,SI1,0.32,648
Premium,D,VS2,0.3,911
Ideal,H,SI2,0.97,3729
Ideal,G,VS2,0.74,2877
Very Good,J,SI2,1.22,4058
Very Good,G,VS1,0.46,1378
Ideal,H,SI1,1.24,6095
Ideal,F,VS1,0.48,1404
Very Good,I,SI2,2.09,13500
Good,I,VS2,0.91,2813
Premium,G,SI1,1.81,11854
Very Good,J,VS1,1.5,8039
Ideal,D,VS2,1.0,8008
Ideal,G,VS1,0.72,3478
Premium,H,SI1,0.37,666
Premium,E,VS1,0.41,1079
Ideal,D,VS2,0.43,1129
Premium,H,SI1,0.92,3624
Premium,D,VS2,0.3,911
Very Good,F,SI1,1.64,12555
Premium,H,VS2,1.28,5878
Ideal,D,SI2,0.71,2452
Good,I,VS2,1.11,5054
Very Good,J,SI2,0.77,2001
Ideal,H,VVS2,0.42,984
Ideal,G,SI2,1.03,4470
Ideal,E,SI2,1.48,8818
Premium,H,VVS1,0.3,761
Very Good,D,SI1,1.06,6062
Premium,J,VS1,0.3,506
Premium,G,SI1,0.32,612
Premium,I,SI1,0.36,624
Very Good,E,IF,0.58,2852
Good,F,VS1,1.02,8011
Very Good,H,VS2,1.01,5186
Ideal,E,VS2,1.0,7569
Ideal,G,VVS1,0.33,868
Premium,G,VS1,1.21,8774
Ideal,G,VS2,0.51,1427
Good,E,SI1,0.79,3107
Premium,G,VS2,0.9,4079
Premium,E,VS1,0.91,5228
Premium,H,VS2,1.05,5468
Ideal,G,VVS1,1.2,9009
Very Good,G,VS1,0.8,3381
Very Good,G,SI1,1.63,11990
Premium,H,VS2,1.93,17353
Ideal,F,VVS2,0.42,1142
Good,J,VS1,0.68,1341
Premium,I,SI1,1.29,6140
Premium,J,SI1,1.26,5207
Premium,E,SI1,1.1,5773
Ideal,E,SI2,1.7,11924
Ideal,G,SI2,0.5,1107
Premium,D,SI1,0.6,1896
Ideal,H,VS2,0.52,1385
Ideal,D,SI2,0.43,919
Very Good,I,SI1,2.01,15140
Fair,H,I1,1.47,4898
Very Good,G,VS2,0.9,4400
Very Good,J,SI1,0.32,374
Premium,E,VS1,0.31,734
Very Good,E,SI2,0.73,1975
Ideal,E,SI2,1.57,10362
Good,F,VS2,1.0,6209
Premium,F,SI2,0.51,956
Premium,G,VS1,1.04,6996
Premium,G,VS2,0.33,579
Premium,I,VS2,0.73,2365
Ideal,I,SI2,1.74,8896
Premium,I,IF,0.43,1056
Very Good,E,SI2,2.19,18067
Premium,E,SI1,0.71,2554
Premium,F,VS2,1.01,6271
Good,J,VS2,0.41,784
Ideal,F,VVS1,0.33,1021
Fair,D,SI1,0.91,3855
Ideal,D,SI1,1.52,13329
Very Good,H,VS1,1.09,5845
Ideal,E,VS2,0.33,928
Ideal,F,VS1,0.96,4333
Good,G,VS1,0.3,565
Premium,I,VS2,0.93,4073
Fair,G,SI1,1.01,4417
Ideal,E,SI1,0.79,3107
Good,D,VS2,0.53,1734
Ideal,E,SI1,0.4,945
Ideal,H,VS1,0.32,720
Premium,G,VS1,0.7,2459
Premium,G,SI1,1.2,6451
Premium,G,SI1,1.0,4816
Very Good,H,VS1,0.56,1580
Premium,E,VS1,0.74,3133
Very Good,F,VS2,0.7,2812
Good,F,SI1,0.7,2470
Ideal,E,VS1,0.34,805
Ideal,D,VS2,1.07,8202
Premium,D,VS2,0.7,2909
Ideal,E,VS2,0.31,872
Very Good,E,VS1,1.5,16988
Very Good,H,VS2,0.9,3878
Very Good,I,SI1,1.93,13278
Ideal,G,VS2,0.41,891
Premium,G,VS1,0.33,854
Premium,I,VS2,1.59,10039
Very Good,F,VVS2,0.29,664
Ideal,D,SI2,1.06,5159
Fair,D,VS2,0.5,1431
Ideal,J,SI1,0.37,469
Premium,H,SI1,1.14,5003
Very Good,F,VVS2,0.23,530
Very Good,E,SI2,0.41,683
Ideal,I,VS1,1.0,5385
Premium,G,SI1,1.0,4956
Ideal,E,VS2,0.36,878
Ideal,G,IF,0.33,946
Ideal,F,VS2,0.32,828
Premium,H,VS2,1.4,8847
Premium,G,SI1,1.01,5006
Premium,F,SI2,1.56,6971
Good,D,SI2,0.33,492
Ideal,F,SI2,0.8,2762
Ideal,H,SI2,2.01,14364
Premium,G,SI1,0.72,2212
Ideal,H,VS2,0.31,628
Premium,H,SI2,1.47,7573
Very Good,E,VS2,1.51,12779
Ideal,D,SI2,0.9,4167
Very Good,F,SI2,0.77,2334
Very Good,G,SI1,0.7,2042
Fair,H,I1,1.5,4939
Ideal,G,IF,0.3,956
Ideal,E,VS2,0.81,3231
Premium,D,SI1,0.3,709
Premium,J,SI1,2.01,12690
Ideal,I,VS2,0.45,748
Ideal,F,VS1,0.4,890
Ideal,G,IF,0.3,956
Premium,H,SI1,0.52,1138
Ideal,I,SI1,0.35,491
Premium,G,VS2,0.32,720
Premium,F,SI1,0.7,2239
Very Good,D,SI1,0.31,732
Premium,G,VS2,0.31,698
Ideal,H,VS1,0.81,3257
Very Good,F,VS2,0.32,645
Ideal,F,VVS2,0.35,872
Good,D,VS1,1.01,5050
Ideal,H,SI2,0.57,1121
Very Good,H,VS1,0.33,579
Premium,G,VS2,0.77,2780
Ideal,F,VS1,0.78,3537
Premium,E,VS2,0.9,4435
Good,H,VS1,0.3,526
Premium,H,VS2,1.51,11540
Ideal,G,VS2,0.41,827
Very Good,G,SI2,0.39,597
Premium,G,VS1,0.26,491
Very Good,H,VS2,0.91,3853
Good,G,VS1,0.7,2625
Ideal,D,VS2,0.65,2392
Very Good,H,SI2,0.9,3162
Ideal,D,SI1,0.34,626
Ideal,G,VVS1,0.31,1046
Very Good,G,SI1,0.31,462
Very Good,G,VS1,0.31,625
Ideal,H,VS2,1.2,7072
Ideal,D,VS2,0.3,606
Premium,E,SI1,0.35,614
Ideal,H,SI2,2.15,17219
Ideal,F,VS1,0.51,2085
Ideal,E,VS1,0.3,911
Ideal,F,SI2,1.03,4683
Ideal,E,SI2,1.18,6328
Premium,H,VS1,0.75,2588
Premium,I,VS2,2.14,17193
Premium,G,VS2,1.09,7032
Ideal,G,IF,0.33,946
Ideal,F,VS1,0.71,3013
Ideal,G,SI1,0.73,2321
Very Good,D,VS2,0.7,3668
Premium,E,VS1,0.73,2826
Good,D,VS1,0.42,1315
Premium,J,VS1,2.28,16174
Premium,F,SI2,0.51,1036
Premium,H,SI1,1.21,6640
Premium,G,VS1,1.01,6618
Ideal,D,VVS2,0.7,5539
Ideal,D,SI1,0.58,1737
Premium,D,VS2,0.41,846
Good,H,VVS2,0.3,605
Ideal,G,VS1,0.32,828
Ideal,E,VS1,0.33,1002
Very Good,E,VVS2,0.9,6892
Good,G,VVS2,0.9,4485
Very Good,G,VVS1,0.51,1971
Very Good,F,SI1,0.9,4004
Very Good,F,VVS2,0.5,1891
Ideal,G,VS2,1.01,5995
Very Good,I,VS2,0.9,3605
Premium,H,VS2,0.9,4266
Very Good,I,VS1,0.36,568
Very Good,H,SI2,0.91,3382
Ideal,I,VVS1,1.06,6945
Ideal,D,VVS1,0.58,3741
Ideal,I,VS2,0.32,576
Ideal,D,SI1,0.57,1847
Very Good,E,VVS1,0.71,4228
Ideal,H,IF,0.31,816
Ideal,I,SI1,1.53,9315
Very Good,E,VS2,0.71,2922
Very Good,I,SI2,1.01,3299
Ideal,G,VS2,1.5,13154
Very Good,G,VVS1,0.3,1013
Premium,F,I1,0.9,2316
Good,F,SI1,0.9,3898
Very Good,H,VVS1,0.38,1033
Premium,D,SI2,0.6,1449
Ideal,J,SI2,1.66,6377
Very Good,G,VVS2,1.01,7234
Very Good,E,VVS2,1.06,9680
Ideal,E,SI1,0.85,4181
Very Good,E,SI1,0.32,561
Ideal,I,SI2,1.08,3849
Premium,H,VS2,0.72,2418
Ideal,E,VVS1,0.31,853
Very Good,I,SI1,0.34,447
Good,H,SI1,0.38,633
Ideal,E,SI1,0.51,1546
Premium,D,SI1,0.32,589
Ideal,E,VS2,0.32,702
Ideal,I,VVS2,0.72,2340
Good,D,SI2,0.9,3740
Ideal,I,VVS1,0.34,803
Premium,D,VS1,0.38,1140
Ideal,I,SI1,1.51,8752
Very Good,F,SI1,1.51,10838
Fair,F,SI2,0.5,938
Very Good,D,VVS2,0.24,478
Very Good,E,IF,0.23,492
Premium,J,VVS1,1.21,6001
Very Good,I,VS2,0.71,2185
Premium,D,SI2,0.7,1848
Good,F,VS2,1.07,6828
Very Good,F,VS2,0.9,4400
Premium,H,VS2,0.3,608
Fair,D,SI2,0.3,536
Very Good,H,VVS2,0.39,855
Very Good,G,VS1,1.02,6622
Ideal,E,VVS2,0.4,1158
Premium,E,VS2,0.57,1672
Ideal,E,VS1,0.73,3471
Ideal,G,VS2,1.22,7923
Ideal,F,VVS1,0.32,867
Very Good,H,SI1,1.14,5458
Ideal,E,VS2,0.52,1815
Ideal,F,VS2,0.55,1819
Premium,F,VS2,0.51,2203
Ideal,G,IF,0.32,918
Ideal,F,VS2,0.35,706
Ideal,F,VS2,0.57,1637
Ideal,I,VS1,1.18,6272
Good,H,SI2,0.96,3975
Good,I,VS2,0.9,3353
Premium,D,VS2,0.36,1094
Ideal,H,SI1,1.51,9336
Ideal,E,SI1,0.7,1758
Ideal,E,SI1,0.32,720
Ideal,G,SI1,0.9,4008
Premium,G,VS2,0.33,579
Fair,G,SI1,0.73,2032
Ideal,D,VS1,0.36,1094
Premium,F,SI2,1.17,4167
Premium,D,VS1,1.17,10115
Premium,I,SI2,0.91,2913
Premium,H,SI1,0.76,2425
Ideal,I,VVS1,1.18,6750
Ideal,G,SI1,0.32,612
Ideal,G,IF,0.48,1859
Very Good,G,VS2,0.59,1556
Good,G,VS2,0.39,743
Good,G,SI1,0.9,3250
Good,F,SI1,1.0,4452
Very Good,I,SI2,0.9,3001
Very Good,F,VVS2,0.3,694
Very Good,D,SI2,0.31,462
Ideal,F,VS2,1.22,9203
Ideal,D,VS1,0.44,1294
Fair,E,SI2,0.5,945
Ideal,I,VS1,1.12,6060
Very Good,H,SI2,1.17,4455
Ideal,E,SI1,0.5,1337
Ideal,D,VS1,0.46,1637
Very Good,D,VS1,0.35,763
Premium,D,SI1,0.9,4427
Ideal,E,IF,0.33,1079
Very Good,I,SI1,1.21,4404
Ideal,D,VVS1,0.52,3247
Very Good,I,SI2,1.22,5072
Ideal,F,VS2,0.59,1914
Premium,G,VS1,0.41,961
Very Good,I,VS2,0.9,3709
Ideal,G,VS2,0.25,459
Very Good,E,SI1,1.23,7143
Very Good,G,SI2,0.72,2015
Good,G,VS2,0.31,544
Good,F,SI1,1.52,10664
Ideal,D,SI2,0.58,1356
Ideal,H,VS2,2.0,15829
Premium,E,SI1,0.6,1771
Premium,I,VS2,1.71,11958
Ideal,G,VS2,0.42,847
Premium,E,SI1,0.92,4562
Premium,E,VS2,0.35,984
Ideal,I,SI1,0.3,506
Premium,D,SI2,1.2,5551
Ideal,H,VS2,0.32,648
Ideal,E,VS2,0.3,658
Very Good,F,SI1,0.73,2771
Ideal,E,VVS2,0.27,622
Ideal,G,VS2,1.04,6542
Good,H,VS1,0.9,4072
Ideal,F,SI2,1.01,4197
Premium,D,VS1,0.77,4037
Ideal,G,VVS2,0.55,2064
Premium,D,SI2,0.93,4140
Premium,H,VS2,1.5,10291
Very Good,E,VVS1,0.38,1053
Premium,E,SI2,2.57,17116
Ideal,G,VVS1,0.33,1114
Ideal,D,SI1,0.55,1692
Premium,J,VS1,1.57,8752
Very Good,I,VS2,1.21,5387
Very Good,I,VVS2,0.43,838
Ideal,I,VS2,1.2,5884
Ideal,D,VS2,0.54,1939
Ideal,G,SI1,0.74,2654
Very Good,F,VVS1,0.39,1107
Very Good,H,SI1,1.01,4619
Premium,G,SI1,1.7,13737
Premium,G,VVS2,0.35,1024
Fair,H,SI1,1.58,7333
Ideal,D,VS1,0.44,1235
Very Good,I,VVS2,0.3,533
Very Good,F,SI2,0.5,1094
Ideal,D,SI1,0.3,552
Ideal,E,VVS1,0.41,1431
Ideal,G,VS1,1.02,6683
Very Good,H,VS1,0.81,3404
Very Good,E,VS1,1.04,7751
Premium,F,SI1,1.6,12343
Very Good,H,SI1,1.04,4682
Good,D,SI2,0.41,638
Ideal,G,VS1,0.31,642
Premium,E,SI2,1.5,8316
Ideal,H,SI1,0.93,4317
Good,G,VS2,1.57,12547
Very Good,G,VS2,1.47,11060
Good,G,SI1,0.4,655
Very Good,H,VS1,0.3,526
Premium,I,SI2,0.39,684
Premium,H,VS2,1.18,4916
Ideal,G,SI1,0.96,4355
Very Good,E,SI1,1.01,5229
Premium,H,SI1,1.6,9017
Very Good,D,VVS1,0.32,983
Ideal,H,VS2,0.38,741
Ideal,J,VS1,1.68,10681
Ideal,E,VVS2,0.27,620
Ideal,H,VS2,0.3,491
Premium,E,I1,0.5,840
Premium,H,VS2,1.23,6150
Premium,G,VS2,0.53,1335
Good,E,SI1,0.9,3449
Ideal,J,VS2,0.42,680
Ideal,G,VVS1,1.52,15959
Ideal,F,VS1,0.52,1778
Ideal,H,SI2,1.0,4649
Very Good,F,VS1,0.7,2604
Very Good,F,SI1,1.01,4972
Premium,E,VS2,0.36,1013
Premium,G,SI2,0.91,3047
Premium,D,VS2,1.5,14675
Ideal,H,IF,0.3,764
Very Good,E,VS2,1.02,6816
Very Good,I,VS1,1.14,5148
Premium,I,SI2,2.06,14982
Good,H,SI1,1.58,9774
Ideal,J,VVS2,1.42,7773
Premium,H,SI1,1.1,5544
Ideal,H,VS1,1.24,7743
Good,F,SI1,0.72,2421
Ideal,G,VS2,0.27,490
Fair,F,I1,2.03,6753
Ideal,D,VS1,0.39,1095
Good,H,SI1,0.81,2534
Ideal,G,IF,0.33,984
Ideal,I,SI2,1.6,8377
Ideal,G,VS1,0.25,438
Premium,I,VVS1,0.4,842
Ideal,F,VS1,0.34,723
Ideal,H,IF,0.51,1905
Very Good,I,VS1,1.2,6652
Ideal,F,SI1,0.54,1307
Ideal,F,VS1,1.02,8157
Good,G,VS1,0.61,1785
Good,G,SI1,0.33,492
Ideal,I,VS1,0.75,2659
Premium,G,VS1,1.09,7422
Premium,I,VS2,0.9,3539
Ideal,G,VVS1,0.3,764
Ideal,F,VVS2,0.43,1250
Very Good,E,VS2,0.71,2954
Premium,G,SI2,0.96,3215
Very Good,D,SI1,0.42,756
Ideal,I,VS1,0.28,503
Premium,G,SI1,1.12,5181
Ideal,G,SI1,0.9,3931
Premium,E,SI2,0.34,612
Very Good,E,VS2,0.77,3911
Ideal,D,VVS2,0.4,1323
Premium,H,SI1,1.13,5410
Premium,G,VS2,1.53,13206
Good,G,SI2,1.03,3929
Ideal,G,VVS1,0.34,863
Very Good,E,SI2,0.52,1112
Very Good,J,SI1,0.77,1807
Very Good,G,VVS2,0.5,1784
Premium,E,VS2,0.76,3107
Good,E,VS2,1.0,6050
Ideal,G,VVS1,0.55,2632
Ideal,I,VS1,0.31,424
Very Good,E,VS1,0.44,1246
Premium,D,SI1,1.02,5998
Premium,G,VS2,0.9,4259
Very Good,F,VS2,0.8,3653
Very Good,E,VS2,0.85,3997
Ideal,D,VS2,0.32,828
Ideal,I,SI2,2.15,14519
Ideal,E,VVS1,1.13,14525
Fair,H,VVS2,0.7,2500
Good,G,VS2,0.4,807
Very Good,F,SI2,1.2,4502
Ideal,D,VS2,0.52,1919
Premium,E,VS1,0.31,734
Ideal,H,VVS2,0.3,590
Very Good,D,SI1,1.14,7106
Very Good,D,SI2,0.59,1419
Good,F,SI2,1.02,4162
Premium,H,VS2,1.2,6048
Very Good,E,SI2,1.7,12030
Ideal,H,VS2,0.72,2548
Ideal,G,IF,0.32,1020
Ideal,H,SI2,0.57,1077
Premium,F,SI1,0.71,2352
Ideal,E,SI2,0.31,558
Good,E,IF,0.9,6804
Very Good,F,SI2,0.34,478
Very Good,E,VVS1,0.32,954
Ideal,D,SI2,0.31,593
Very Good,G,VS1,0.9,4116
Premium,F,SI2,1.5,8232
Very Good,G,VS2,1.0,5806
Ideal,J,SI2,1.77,7771
Very Good,E,SI1,1.53,12386
Very Good,H,SI2,2.02,13655
Ideal,I,VS1,1.76,11616
Premium,G,VVS2,0.4,980
Premium,H,VS1,1.25,8099
Ideal,F,IF,0.81,6338
Ideal,H,SI2,2.04,16800
Ideal,F,VVS1,0.38,1096
Very Good,H,VVS2,0.31,625
Very Good,E,SI2,0.66,1769
Ideal,H,IF,0.71,4007
Premium,D,VS2,0.9,4586
Very Good,G,VVS2,1.04,7481
Premium,D,SI2,0.5,1279
Premium,J,SI1,1.2,4838
Good,E,SI1,0.51,1170
Ideal,H,SI1,1.36,8989
Ideal,I,SI1,2.04,16718
Ideal,E,VS1,0.5,1649
Ideal,F,IF,0.52,2575
Fair,E,VS2,1.0,5376
Ideal,F,SI2,0.9,4198
Good,G,SI1,0.31,593
Ideal,H,SI2,1.03,3634
Very Good,H,SI2,1.48,7244
Premium,G,SI2,1.34,6581
Premium,I,VS2,1.7,11781
Ideal,E,VS1,0.59,2172
Ideal,E,SI1,0.77,3000
Good,H,VVS2,1.0,4592
Ideal,G,VS1,0.41,961
Premium,H,SI1,1.01,4707
Good,F,VS2,0.3,565
Ideal,I,VS2,0.43,716
Ideal,E,VS2,0.33,681
Ideal,F,VVS1,0.31,975
Premium,E,VVS2,0.4,1056
Good,E,SI2,0.4,622
Ideal,H,VVS1,0.31,907
Ideal,H,SI1,1.22,6776
Ideal,E,SI1,0.51,1682
Premium,G,SI2,1.5,8316
Very Good,D,VS2,0.38,871
Ideal,F,SI1,0.51,1406
Very Good,D,SI2,0.46,844
Good,E,SI1,0.73,2749
Ideal,H,SI1,2.08,17469
Ideal,J,SI1,1.24,3312
Ideal,H,VS2,0.31,518
Ideal,D,VS2,0.3,670
Premium,J,SI2,2.0,11106
Very Good,D,VVS2,1.1,11132
Ideal,F,SI2,0.54,1409
Premium,F,SI2,1.97,14542
Premium,F,IF,0.31,874
Premium,I,SI2,1.39,4826
Good,H,SI1,1.0,4510
Ideal,G,SI1,0.39,866
Good,F,SI1,0.7,2401
Very Good,G,SI1,0.51,1237
Premium,E,SI2,0.4,855
Fair,F,VS2,1.01,5501
Premium,E,SI1,1.0,5396
Very Good,H,VS2,0.91,4201
Ideal,I,VS1,0.64,1589
Ideal,G,SI2,2.06,18293
Ideal,D,VS1,0.32,706
Ideal,F,VS1,0.38,915
Very Good,I,SI1,0.31,523
Ideal,F,VS2,0.34,880
Premium,G,VS2,0.56,1698
Very Good,F,SI2,0.51,1243
Premium,F,SI1,1.11,5091
Premium,D,SI2,0.91,4123
Premium,H,VS1,1.56,11345
Premium,G,SI2,1.14,4688
Very Good,F,SI2,2.03,15811
Very Good,H,SI2,0.59,1160
Very Good,H,SI2,1.0,4379
Very Good,H,SI1,1.04,4310
Ideal,G,VVS2,0.35,1092
Premium,F,SI1,2.01,14502
Ideal,I,VVS2,0.3,529
Ideal,F,VS1,0.38,916
Premium,I,SI2,1.51,7766
Premium,H,SI1,1.51,10012
Very Good,D,VS2,0.52,1828
Ideal,G,IF,0.31,891
Premium,J,IF,0.7,2264
Very Good,F,VS1,0.54,1813
Ideal,E,VS1,0.31,804
Very Good,E,VS2,0.5,1451
Very Good,H,VS2,0.74,2463
Good,E,SI1,0.51,1343
Ideal,I,SI1,1.07,5002
Ideal,E,VS2,0.76,3431
Very Good,D,VS2,1.01,7001
Good,D,SI1,0.9,3689
Ideal,F,VS1,0.41,1076
Ideal,J,VS1,1.71,11711
Ideal,G,VVS2,0.39,952
Very Good,G,VVS1,0.3,710
Very Good,D,VS1,0.3,666
Ideal,G,SI1,0.38,666
Premium,I,SI2,2.01,13400
Premium,G,SI1,0.62,1572
Very Good,E,VVS1,0.37,1055
Very Good,I,VS2,2.02,16179
Very Good,G,VS1,1.29,9105
Very Good,J,VS1,1.71,9707
Good,F,VS1,0.43,1167
Premium,H,SI2,1.22,5671
Premium,H,VS2,0.35,709
Premium,F,VS2,1.5,14372
Premium,E,SI1,1.13,5012
Ideal,H,SI2,1.02,2856
Premium,G,VS1,1.5,14234
Very Good,F,VVS1,0.24,608
Ideal,F,VS2,0.35,706
Very Good,D,SI2,0.93,4214
Premium,H,SI2,1.01,3083
Ideal,G,VS2,0.73,2586
Premium,D,VS2,0.53,1857
Ideal,F,IF,0.31,901
Very Good,I,SI2,0.7,1795
Ideal,H,VVS2,0.55,1715
Ideal,F,SI1,0.72,2440
Good,E,SI2,1.01,4436
Very Good,E,SI2,0.9,3139
Very Good,D,SI2,0.79,3081
Good,G,VS1,0.3,605
Very Good,F,SI1,0.74,2583
Ideal,E,VVS1,0.35,1116
Good,E,IF,0.38,1318
Premium,J,VS2,2.18,15465
Premium,G,VS2,1.01,5864
Premium,I,VS1,1.16,5457
Ideal,E,VS1,1.01,7565
Very Good,F,VVS1,0.52,2205
Ideal,F,SI1,0.71,2381
Premium,G,VS2,0.47,1102
Good,J,SI2,1.38,4598
Premium,D,VS2,1.22,9581
Good,F,VS1,0.7,2810
Ideal,D,VS1,0.5,1571
Ideal,D,VS1,0.7,3229
Very Good,E,VS2,0.53,1852
Very Good,E,VS2,0.76,3162
Ideal,H,SI2,1.06,4622
Very Good,G,VS1,0.95,5572
Ideal,G,SI1,1.52,9530
Premium,E,VS2,0.39,1121
Ideal,D,VVS1,0.54,3139
Ideal,D,VS2,1.1,8959
Very Good,G,VVS1,1.26,10922
Premium,E,VS2,0.44,1073
Premium,E,SI1,0.39,860
Ideal,D,VS2,0.54,1725
Premium,D,SI1,0.32,756
Very Good,F,VVS2,0.24,538
Ideal,H,SI2,2.01,14040
Very Good,G,SI1,0.51,1261
Ideal,D,VS2,0.73,3528
Very Good,I,VS1,0.9,3484
Ideal,H,VS1,0.34,596
Premium,G,SI1,2.06,18439
Premium,E,VS1,1.0,8176
Premium,D,SI1,0.35,644
Fair,J,VS2,1.01,3886
Ideal,F,VS2,0.35,706
Ideal,E,SI1,0.78,3146
Ideal,E,SI2,1.6,10798
Premium,F,VS1,1.24,10033
Very Good,E,SI1,1.01,5339
Ideal,F,VVS2,0.32,786
Very Good,E,VS2,0.9,4580
Fair,D,SI1,0.5,1238
Ideal,E,VS2,0.53,1813
Very Good,G,VVS1,1.23,11081
Ideal,I,SI2,2.08,15132
Premium,G,SI2,0.71,1808
Premium,I,VS2,1.81,12939
Ideal,G,VS2,0.32,720
Very Good,F,VS2,0.51,1574
Ideal,H,VS2,1.02,5666
Very Good,E,VS1,0.55,1986
Good,D,VVS2,0.39,1255
Ideal,J,VS2,0.38,572
Ideal,D,VS1,0.72,3622
Ideal,E,SI2,0.92,4011
Ideal,F,VVS2,0.41,1115
Ideal,G,SI1,0.37,586
Ideal,G,SI1,0.73,3089
Ideal,I,VVS2,1.21,7002
Very Good,G,VVS1,0.31,816
Good,J,SI2,1.01,3756
Premium,I,VVS1,0.4,1080
Ideal,G,VS1,0.55,1792
Very Good,G,SI1,0.42,737
Very Good,E,SI2,0.53,1227
Ideal,E,VS1,0.46,1834
Premium,I,VS2,1.23,6206
Premium,D,SI1,0.71,2797
Very Good,E,SI2,1.0,4312
Ideal,G,VS1,0.91,5795
Ideal,J,VS1,0.33,456
Good,F,SI1,0.33,536
Good,E,SI1,0.71,2420
Very Good,I,SI1,1.01,2730
Ideal,F,SI1,0.36,770
Very Good,E,VVS1,0.28,646
Ideal,G,VVS2,0.72,3179
Good,D,SI2,1.0,3965
Ideal,H,SI1,1.0,4788
Very Good,G,VS1,0.77,3197
Ideal,G,VS2,0.32,720
Ideal,H,SI2,1.22,5703
Very Good,D,VVS2,0.23,530
Ideal,I,VS1,1.2,6639
Very Good,H,SI1,1.52,10145
Ideal,H,VVS2,0.41,961
Ideal,D,VS2,0.54,1892
Ideal,F,IF,0.31,901
Ideal,G,SI1,0.31,563
Very Good,D,SI1,0.9,4381
Premium,H,SI1,0.41,876
Fair,F,SI2,0.96,3688
Ideal,D,SI1,0.9,5656
Premium,E,SI1,0.33,743
Ideal,G,VVS2,1.31,11531
Ideal,H,VS2,1.14,5831
Ideal,F,VS1,1.29,10727
Premium,G,IF,0.31,924
Premium,G,SI1,1.16,5366
Very Good,J,VS1,0.3,506
Ideal,E,SI1,0.34,714
Ideal,G,VS2,1.09,7292
Fair,F,VS1,1.01,6759
Ideal,E,VVS2,0.41,1243
Good,G,VS1,1.0,6465
Good,E,SI1,1.02,5183
Very Good,F,SI1,1.01,4899
Premium,H,VS2,1.11,5550
Premium,F,VS2,1.51,13945
Premium,H,I1,2.0,6344
Premium,H,VS2,1.09,5677
Very Good,E,SI2,1.04,4486
Very Good,E,SI2,1.15,5193
Ideal,D,VS2,0.3,710
Premium,G,VS2,0.9,4259
Ideal,G,SI2,1.12,5018
Premium,E,VVS1,0.26,769
Good,G,SI1,0.93,4405
Ideal,E,VVS1,0.59,2829
Very Good,D,VVS2,0.28,642
Very Good,E,SI1,0.31,507
Premium,I,VVS1,0.31,571
Premium,E,VS2,0.37,1041
Premium,G,SI2,1.0,3998
Premium,G,SI2,0.76,1970
Ideal,D,VS2,1.2,9935
Good,I,VS1,1.23,5834
Ideal,G,VVS2,0.5,1760
Ideal,I,VS2,1.54,7848
Ideal,F,VS2,0.36,726
Ideal,I,VVS1,0.41,863
Very Good,F,VVS2,0.23,465
Ideal,G,VS2,0.33,604
Ideal,G,SI1,0.38,688
Ideal,D,VVS2,1.16,12314
Ideal,J,SI2,1.08,3537
Ideal,G,SI2,0.58,1213
Good,D,VS1,0.4,742
Premium,E,VS2,0.3,658
Premium,H,VS1,0.3,526
Premium,E,SI2,0.43,919
Ideal,D,VS2,1.5,15996
Very Good,D,I1,1.18,3816
Ideal,G,IF,0.33,1052
Premium,F,VS1,1.29,10437
Ideal,E,SI1,1.0,5555
Very Good,E,SI2,0.9,3902
Premium,F,VS1,1.21,9279
Good,E,SI1,0.4,687
Very Good,I,SI1,1.2,5522
Ideal,G,VS2,0.41,811
Premium,F,SI1,1.53,11820
Very Good,G,SI2,1.65,9791
Premium,J,VS1,2.0,11793
Good,F,VVS1,0.23,472
Good,G,VVS1,1.0,7134
Premium,D,VVS1,0.31,942
Very Good,F,VS1,0.54,1778
Good,D,SI1,1.75,12918
Ideal,H,I1,1.69,6636
Very Good,G,VS1,1.53,12654
Very Good,F,VS2,1.02,6479
Premium,I,SI1,1.06,4452
Premium,D,SI1,0.31,732
Very Good,H,VS2,1.31,7415
Good,J,VS2,0.41,732
Premium,D,SI2,1.52,6810
Very Good,H,SI2,1.21,5989
Good,D,SI1,0.8,2738
Premium,J,VS2,2.28,16564
Very Good,E,IF,1.04,11269
Very Good,E,SI1,0.4,707
Premium,D,VVS2,0.41,1181
Very Good,E,SI1,0.55,1417
Ideal,G,VS1,0.72,2724
Ideal,D,VVS2,1.09,12185
Ideal,F,VS1,0.39,1024
Premium,F,SI2,0.71,2060
Ideal,G,IF,0.43,1286
Ideal,H,SI1,1.11,5688
Ideal,E,VVS2,0.31,816
Very Good,G,SI1,1.12,5088
Premium,I,SI2,1.46,5519
Premium,D,SI2,1.14,4520
Very Good,E,VS2,0.57,1807
Very Good,D,VS2,0.5,1758
Very Good,H,VVS1,0.3,684
Ideal,J,VS1,0.41,775
Very Good,F,SI2,0.81,2942
Premium,E,VS2,0.57,2274
Very Good,F,SI1,0.9,3842
Premium,G,SI1,1.53,9747
Very Good,E,SI1,1.0,5026
Ideal,G,VVS1,0.32,814
Ideal,H,VS1,0.29,464
Ideal,E,SI1,1.52,11642
Ideal,E,VS2,0.61,2115
Premium,E,VVS1,0.71,3936
Ideal,H,SI1,0.55,1319
Ideal,G,SI2,0.4,573
Ideal,I,VS2,0.71,2360
Ideal,F,VS2,0.25,535
Good,J,VS1,0.4,734
Premium,I,SI1,1.52,9295
Premium,F,SI2,0.86,2818
Very Good,H,SI1,1.53,10473
Ideal,G,SI1,0.4,873
Very Good,G,IF,0.31,924
Ideal,E,VS2,1.09,9346
Very Good,F,VVS2,0.27,682
Premium,F,VS2,1.02,6479
Premium,H,SI2,1.84,7922
Very Good,E,VS1,0.36,894
Ideal,I,VS2,1.51,9891
Ideal,F,VVS2,0.38,1010
Ideal,E,SI2,0.41,876
Premium,F,SI2,0.76,2491
Very Good,G,VS1,0.91,4536
Ideal,F,SI1,0.36,600
Very Good,H,SI2,0.91,3756
Ideal,F,VS1,0.25,595
Ideal,I,VS2,0.4,840
Ideal,G,VVS1,1.31,11146
Very Good,E,SI1,1.01,5759
Very Good,I,SI1,0.3,382
Good,G,SI1,0.58,1388
Good,I,SI1,0.57,1072
Premium,H,SI1,0.31,558
Very Good,H,VS2,2.01,16677
Very Good,F,VS2,0.23,402
Premium,J,SI1,2.01,12209
Good,F,SI1,0.5,1125
Very Good,F,SI1,1.01,4969
Very Good,I,VS2,1.16,4869
Ideal,J,VS2,0.82,2741
Very Good,I,SI2,0.71,1902
Very Good,J,VS1,0.71,1993
Ideal,G,VS1,0.71,2686
Premium,G,SI2,0.25,1186
Good,D,SI1,0.32,706
Ideal,F,SI1,0.42,838
Ideal,E,IF,0.3,957
Ideal,D,SI2,0.38,599
Premium,J,SI1,1.27,5121
Ideal,H,VS2,0.74,3178
Ideal,G,VS2,0.72,2805
Ideal,J,SI1,2.03,13357
Ideal,F,SI1,1.17,5944
Ideal,I,VS2,0.47,884
Ideal,G,VVS1,1.4,15134
Ideal,H,SI1,0.31,464
Ideal,J,SI1,0.72,1832
Premium,F,SI1,0.7,2239
Ideal,H,IF,0.33,806
Ideal,E,VS2,1.08,7548
Very Good,G,VS1,0.3,605
Very Good,G,VVS1,0.7,3208
Ideal,F,VVS1,0.34,1174
Premium,D,VS1,1.01,8201
Ideal,D,SI1,0.36,851
Ideal,H,VVS2,0.34,686
Very Good,J,VS1,0.44,891
Premium,J,VS2,1.24,5128
Ideal,F,VVS2,0.58,2509
Good,E,VS2,0.34,816
Ideal,F,VVS1,0.52,2778
Ideal,G,VVS1,0.46,1412
Very Good,J,VS1,1.2,5016
Good,E,VS2,1.01,6221
Premium,I,SI2,1.55,8069
Premium,H,VS2,1.53,10224
Ideal,D,VVS2,0.3,1041
Premium,H,VS2,1.7,12992
Ideal,E,VS2,0.43,1053
Very Good,D,SI1,0.7,2686
Ideal,H,VS2,0.51,1163
Ideal,H,VS2,0.34,555
Ideal,G,SI2,0.54,1192
Ideal,E,VS2,0.42,1024
Ideal,G,VVS2,1.1,8932
Ideal,E,SI1,0.73,2523
Premium,D,VS2,0.52,1919
Very Good,I,VS1,0.24,397
Good,G,SI2,1.78,9071
Ideal,I,VVS2,0.38,768
Very Good,D,VS1,0.9,5511
Ideal,J,VS1,0.4,633
Ideal,E,VVS2,0.32,779
Very Good,F,SI2,1.01,4332
Premium,F,VVS2,0.4,1088
Ideal,H,SI2,0.85,2635
Ideal,D,VVS1,0.35,1266
Ideal,F,VVS2,0.56,2202
Premium,I,VVS2,1.5,10483
Premium,I,VS1,1.75,12529
Fair,F,VS2,0.9,4536
Ideal,E,VS2,0.54,1613
Ideal,E,VVS2,0.36,1131
Ideal,D,SI1,0.56,1723
Premium,I,VS1,1.7,8840
Premium,G,VS1,0.35,906
Very Good,D,SI1,0.31,732
Fair,G,VS2,0.71,2623
Ideal,G,IF,0.27,566
Ideal,F,VVS1,0.31,840
Very Good,H,VVS1,0.31,707
Good,H,SI2,1.75,8385
Fair,G,VS1,0.85,2998
Premium,G,VS2,0.32,561
Ideal,I,VVS1,0.41,1107
Premium,F,VS1,0.42,1031
Fair,I,VS2,1.53,8996
Very Good,I,SI1,0.71,2063
Very Good,G,VVS2,1.0,6818
Very Good,E,SI2,1.59,8994
Premium,E,SI2,0.43,882
Ideal,G,VS2,1.01,6108
Premium,I,SI1,1.01,4129
Ideal,H,SI1,0.99,5287
Premium,G,VS2,0.31,544
Ideal,E,SI1,1.5,10777
Premium,F,SI1,1.54,9926
Very Good,I,VS2,0.97,4018
Ideal,G,VS2,1.1,6387
Premium,G,VS2,0.9,3850
Premium,D,VS1,1.04,8341
Ideal,H,SI1,1.06,5143
Ideal,D,VS2,0.4,982
Ideal,J,VS2,1.06,5459
Very Good,D,VVS2,0.5,2310
Ideal,F,VS2,1.25,10006
Ideal,I,VS1,0.38,703
Very Good,F,VS2,1.71,17052
Ideal,D,SI1,1.0,5775
Premium,E,VS2,0.9,4500
Ideal,E,SI1,0.8,4125
Premium,F,VS2,0.34,686
Ideal,H,VS1,0.27,500
Very Good,H,VS1,0.31,544
Ideal,E,VS2,0.3,658
Good,G,SI2,1.22,4181
Ideal,F,SI1,0.4,916
Premium,J,VS2,1.0,3685
Good,E,VS1,1.52,15792
Very Good,I,SI1,0.88,2699
Very Good,G,SI2,1.12,4852
Ideal,G,VVS2,0.52,1897
Ideal,F,VS1,0.51,1836
Good,E,SI1,0.5,1155
Ideal,J,VS1,0.74,2154
Ideal,F,IF,0.33,1240
Premium,E,VS1,0.41,1153
Very Good,E,VVS2,0.32,816
Ideal,H,SI2,1.52,5277
Premium,D,VVS2,0.38,1009
Ideal,H,VS2,0.55,1402
Ideal,D,SI1,1.7,12190
Premium,E,SI1,0.33,693
Very Good,G,VS2,0.51,1438
Good,D,VS2,1.0,5645
Premium,D,SI1,0.33,780
Ideal,J,VS2,1.7,9414
Premium,F,VS2,0.52,1720
Ideal,G,VS2,0.27,459
Premium,F,VS2,0.31,802
Premium,E,SI1,0.9,4092
Very Good,H,VVS2,0.57,1726
Very Good,H,VS1,0.71,2277
Good,D,SI1,0.59,1821
Ideal,E,SI1,0.55,1566
Premium,E,VS2,0.52,1815
Premium,I,SI2,2.31,17218
Good,E,SI1,0.5,1232
Ideal,G,IF,1.01,8957
Ideal,G,SI1,1.26,7711
Very Good,F,VS1,0.7,2925
Very Good,I,SI1,0.3,394
Premium,E,VS2,0.54,1555
Good,D,SI2,1.01,4468
Very Good,G,VS1,0.32,645
Very Good,D,SI2,0.23,449
Ideal,F,VVS1,1.04,10825
Ideal,G,VVS2,0.51,1827
Premium,F,I1,0.73,1207
Ideal,E,SI1,0.71,2756
Premium,D,SI1,0.56,1814
Ideal,H,VS2,0.31,628
Very Good,D,VS1,0.54,2004
Good,I,SI1,1.0,3640
Very Good,D,VVS2,0.5,2115
Ideal,I,SI1,1.25,6352
Premium,D,VS2,0.5,1752
Good,E,VS2,0.91,4823
Fair,G,I1,1.0,1954
Good,D,VS2,0.3,608
Premium,H,VS2,0.34,689
Ideal,G,VS2,1.11,8400
Very Good,G,VS2,0.7,2479
Ideal,G,VVS2,1.2,9407
Very Good,H,SI1,1.01,4249
Ideal,E,VVS1,0.31,853
Ideal,D,VVS2,1.1,10410
Ideal,H,VS2,1.0,4704
Premium,J,VS1,1.21,5556
Ideal,G,SI1,0.7,2478
Very Good,J,SI1,2.18,13812
Very Good,E,SI2,0.72,3084
Premium,H,SI1,2.19,17016
Very Good,I,SI2,1.82,10701
Premium,H,SI1,1.62,11455
Ideal,E,VVS2,0.3,1053
Very Good,J,SI2,1.01,3088
Good,H,SI1,1.16,5576
Ideal,H,VVS2,0.32,645
Very Good,J,SI1,1.21,4990
Premium,G,VS1,0.31,617
Ideal,H,SI1,0.44,941
Very Good,G,SI2,1.01,3852
Very Good,E,SI2,1.02,4414
Good,D,SI1,0.41,791
Fair,F,SI2,1.7,9996
Very Good,F,SI2,1.01,4416
Ideal,G,VS2,0.31,544
Very Good,D,VVS2,0.29,664
Ideal,G,VS1,0.73,3041
Good,H,SI1,0.9,2732
Very Good,G,SI2,1.51,8973
Very Good,H,SI1,1.0,4995
Fair,H,VS2,0.9,3697
Good,G,SI1,2.01,17804
Premium,E,SI1,1.5,11638
Ideal,E,VVS1,0.36,1043
Ideal,G,IF,0.29,673
Very Good,H,SI1,1.26,6546
Ideal,E,SI2,0.43,716
Ideal,E,VVS1,0.42,1176
Ideal,H,VS1,2.01,17983
Ideal,I,VVS1,0.71,2530
Premium,G,VS2,0.34,596
Premium,H,SI1,1.01,4513
Good,G,VS2,1.0,5645
Premium,D,SI1,0.9,4612
Premium,F,SI1,0.71,2345
Ideal,E,VS1,0.28,625
Ideal,F,VS2,1.26,9999
Ideal,I,SI1,2.03,15291
Very Good,D,VS2,0.7,2767
Good,H,SI1,0.52,1111
Very Good,E,SI1,0.95,4711
Very Good,I,VS2,0.72,2337
Good,D,SI1,1.01,5443
Very Good,H,VVS2,0.26,565
Premium,G,VS2,0.27,397
Premium,F,SI2,1.0,4340
Very Good,H,SI1,1.01,4659
Very Good,D,SI1,0.65,1945
Ideal,G,VVS2,0.51,1750
Ideal,I,SI1,1.14,4953
Premium,F,SI2,0.7,2139
Very Good,G,VVS2,0.5,1838
Good,D,VS2,0.38,871
Premium,H,VS2,0.54,1389
Very Good,G,VS2,1.0,6743
Good,D,SI2,0.54,1377
Very Good,G,VS1,0.4,868
Premium,F,VS2,0.31,625
Good,J,VS2,0.97,3129
Ideal,F,VVS1,1.03,10619
Very Good,I,VVS1,0.3,552
Premium,I,SI1,0.5,1059
Premium,F,I1,1.0,3405
Premium,D,SI1,0.35,827
Very Good,J,SI1,2.44,17472
Premium,I,VS2,1.51,9116
Very Good,H,VS1,0.77,2765
Ideal,E,I1,0.39,655
Ideal,D,SI2,0.7,2575
Premium,G,VS1,0.5,1583
Very Good,E,SI1,0.9,4239
Premium,E,SI1,1.01,5077
Ideal,E,SI1,0.52,1656
Very Good,G,VS2,1.83,18358
Ideal,G,VVS1,0.31,816
Ideal,H,SI1,0.56,1214
Premium,H,SI1,0.91,3669
Ideal,I,SI1,1.5,8371
Ideal,J,VVS1,0.61,1692
Ideal,I,SI2,1.57,7385
Ideal,G,VS1,0.51,1652
Premium,J,VS1,1.56,8476
Very Good,D,SI1,0.94,4902
Premium,E,VS2,0.52,1576
Good,E,VS1,0.45,1241
Ideal,I,VS2,0.81,3355
Very Good,E,SI2,0.91,3986
Good,J,VS2,0.74,1912
Ideal,D,VS2,0.34,805
Ideal,F,VS1,0.55,1901
Ideal,G,SI2,0.31,408
Ideal,E,IF,1.3,15874
Premium,G,SI2,1.15,4861
Ideal,F,SI1,0.33,550
Very Good,E,VS2,1.01,6399
Fair,F,SI1,1.0,3669
Fair,F,SI1,1.02,5255
Fair,G,SI2,2.01,15562
Very Good,E,VS2,0.37,811
Ideal,E,VS2,0.37,1041
Ideal,F,SI1,0.76,2682
Very Good,G,SI1,1.01,4788
Ideal,D,VS2,0.53,1857
Ideal,E,VS1,0.44,1081
Premium,I,VVS1,0.3,709
Ideal,G,VVS1,1.26,11218
Ideal,F,VVS2,0.24,552
Premium,I,SI2,1.55,7256
Very Good,G,VS2,0.71,2462
Ideal,D,VS2,0.3,670
Ideal,D,VS1,0.57,2043
Ideal,H,VS2,0.35,571
Fair,H,VS2,0.7,1981
Premium,D,VS2,1.54,16921
Premium,D,SI2,0.31,593
Ideal,G,VS2,1.04,6955
Ideal,G,VVS2,0.25,525
Very Good,G,VS2,1.7,15937
Ideal,G,VS1,0.74,3635
Ideal,D,VS2,1.51,15776
Ideal,I,SI1,1.08,4355
Ideal,E,VVS1,0.63,3161
Ideal,F,SI1,1.01,5184
Ideal,E,VS1,0.41,1153
Premium,F,SI2,2.22,13553
Ideal,I,VS1,0.39,816
Ideal,D,SI1,0.37,823
Premium,G,SI1,1.53,11421
Ideal,H,VS2,0.73,2752
Very Good,F,VVS2,0.71,3612
Ideal,I,SI1,0.7,2343
Ideal,E,SI1,0.75,2831
Very Good,E,SI1,0.71,3122
Ideal,I,VVS2,0.4,1240
Premium,H,SI1,2.01,17849
Premium,I,VS2,2.0,16694
Very Good,E,VS2,1.01,6666
Good,D,VVS2,0.4,1080
Premium,E,VS2,0.6,2124
Premium,E,VS1,0.45,1282
Very Good,D,SI1,0.32,756
Fair,E,VS2,0.7,2352
Ideal,H,SI1,0.7,2184
Premium,H,SI2,1.01,3671
Very Good,E,VS2,0.7,2673
Premium,G,SI1,1.63,11578
Very Good,E,VS1,0.24,461
Premium,G,SI2,2.14,17673
Ideal,D,VS2,0.34,805
Premium,H,VS2,2.01,15528
Ideal,F,SI2,0.53,1335
Premium,G,SI1,1.82,15162
Good,E,SI2,0.7,2453
Premium,G,SI2,0.32,421
Ideal,F,VS2,0.57,1684
Premium,D,SI2,0.4,666
Very Good,H,VVS2,1.0,5929
Premium,E,SI2,0.93,4250
Ideal,F,VS2,1.1,7453
Ideal,D,SI2,1.09,5267
Very Good,I,VS2,1.27,6007
Very Good,E,SI1,0.9,4382
Premium,F,VS2,0.32,828
Ideal,G,SI2,1.15,4927
Fair,F,SI1,1.02,4462
Ideal,G,IF,0.3,863
Ideal,F,VS2,1.5,14199
Premium,G,VVS2,1.12,8721
Very Good,H,SI1,0.91,3734
Ideal,I,SI1,1.22,5602
Ideal,G,VS2,1.12,6652
Very Good,H,SI1,0.9,3500
Fair,H,VS2,1.0,4166
Ideal,D,VS2,0.51,1716
Very Good,H,SI1,1.5,9573
Ideal,E,SI1,0.7,2407
Ideal,H,VS1,1.59,14031
Very Good,F,SI2,1.0,4372
Ideal,G,SI1,0.74,3130
Ideal,E,SI2,1.14,5005
Ideal,G,SI2,1.07,4752
Good,H,SI2,1.11,4456
Premium,J,VS2,1.11,4265
Ideal,E,VS1,0.63,2503
Very Good,I,VVS1,0.41,863
Premium,I,SI2,2.26,16241
Ideal,E,VS2,0.38,853
Very Good,I,SI1,1.17,4826
Ideal,E,VVS2,0.26,724
Fair,F,VS2,0.3,776
Premium,G,VS2,1.0,5887
Very Good,H,VS1,1.22,7673
Premium,J,VS2,1.21,5541
Premium,H,SI2,1.02,3713
Ideal,D,SI1,0.9,5226
Very Good,G,VS1,0.3,605
Ideal,E,VS2,0.31,680
Very Good,D,SI1,0.56,1578
Very Good,F,VS2,1.01,6159
Ideal,F,VS2,0.32,828
Ideal,E,VVS1,1.01,10954
Ideal,I,VVS1,0.32,589
Very Good,H,VS2,0.7,2276
Premium,F,SI2,1.6,8530
Ideal,I,VVS1,0.3,552
Fair,I,VVS2,0.52,1401
Very Good,J,VVS1,0.72,2208
Ideal,D,SI1,0.51,1431
Ideal,I,VS1,0.38,700
Very Good,I,VS1,0.71,2226
Very Good,G,VS2,0.76,2726
Premium,E,SI1,1.0,5299
Premium,D,SI1,0.93,3812
Ideal,E,VS2,0.3,844
Very Good,G,VS2,1.74,16169
Ideal,E,VVS1,0.3,862
Very Good,F,SI2,1.14,5033
Very Good,F,SI2,1.06,4634
Very Good,J,SI1,0.52,1019
Ideal,F,VVS2,0.25,705
Premium,I,SI2,1.51,7292
Ideal,E,VS1,0.57,2164
Ideal,D,SI1,0.83,3933
Premium,I,SI1,0.9,3121
Ideal,F,SI1,0.6,1654
Ideal,D,SI2,0.53,1316
Very Good,E,SI1,0.43,948
Ideal,E,VS2,0.3,844
Fair,F,SI1,0.48,994
Very Good,D,VVS2,0.4,1359
Ideal,H,SI1,1.03,5063
Ideal,F,SI1,0.59,1424
Ideal,F,VS1,1.04,7338
Ideal,E,VS2,0.7,2697
Ideal,H,VVS1,0.7,2947
Very Good,F,VS2,1.01,6073
Very Good,D,VS2,0.33,660
Very Good,H,VVS1,0.9,4664
Ideal,F,SI1,0.53,1359
Premium,E,VS2,0.37,971
Premium,H,VS1,1.08,5582
Ideal,D,SI2,0.77,2896
Good,J,VS1,1.05,3881
Fair,E,SI1,0.7,2697
Premium,H,VS1,0.34,765
Premium,J,I1,4.01,15223
Ideal,J,SI1,2.04,14130
Very Good,F,SI1,1.2,5638
Very Good,D,VS1,0.77,3643
Very Good,F,SI1,0.6,1715
Ideal,G,VS1,0.29,507
Very Good,I,SI1,1.01,4375
Very Good,E,VS2,0.9,4858
Ideal,F,SI1,0.3,475
Ideal,I,SI2,1.14,4276
Very Good,D,SI2,0.9,3534
Ideal,D,SI1,1.21,7589
Ideal,J,VVS2,2.07,16617
Ideal,E,VS2,0.39,911
Premium,E,VS2,0.3,844
Very Good,D,SI1,0.9,3880
Ideal,G,VS1,0.58,1911
Premium,F,VS1,0.42,1103
Ideal,G,SI1,0.31,593
Very Good,G,SI1,0.71,1942
Ideal,E,VS2,0.8,3192
Premium,F,VS1,1.7,18598
Ideal,H,SI1,0.71,2326
Ideal,G,VS2,0.38,721
Ideal,G,VVS1,1.22,12081
Ideal,H,SI1,0.81,3446
Ideal,G,VS2,0.33,579
Ideal,G,VVS1,0.5,1883
Very Good,G,SI2,0.31,523
Ideal,E,VS2,0.31,642
Ideal,G,VS1,1.51,14674
Premium,E,SI1,0.91,4138
Ideal,H,VS1,1.5,12055
Good,F,VS1,0.48,1268
Very Good,H,SI2,1.13,5179
Ideal,H,SI2,1.11,4578
Ideal,D,SI2,0.73,2671
Ideal,G,VS1,0.3,637
Ideal,H,VS1,0.54,1630
Ideal,E,SI1,0.76,2949
Ideal,F,VS2,0.55,1702
Very Good,D,VS2,0.3,710
Very Good,G,VS1,1.1,6951
Very Good,F,VS1,1.07,7118
Ideal,F,VVS1,0.4,1128
Ideal,G,VS2,1.01,6855
Ideal,H,VS2,1.13,4708
Very Good,F,SI2,1.02,4207
Ideal,D,VS2,0.33,781
Ideal,I,VS2,1.29,6509
Ideal,E,VS1,0.35,829
Ideal,I,SI1,1.59,8835
Very Good,F,VVS2,0.71,3494
Ideal,D,SI1,0.8,3011
Premium,H,SI1,0.51,1116
Premium,H,SI2,1.21,5082
Very Good,G,SI1,0.5,1170
Very Good,F,IF,0.59,2554
Very Good,E,VVS2,0.24,485
Premium,G,SI1,0.54,1340
Premium,H,VS2,0.71,2531
Ideal,G,SI2,0.72,2295
Premium,E,SI2,1.0,4704
Ideal,H,VVS1,0.3,665
Very Good,G,SI1,0.3,432
Ideal,E,VS2,0.3,658
Very Good,G,VS2,0.94,4488
Premium,I,VS1,0.32,648
Premium,E,SI1,0.4,882
Good,J,IF,1.11,5361
Ideal,H,IF,0.33,838
Good,I,VS2,0.79,2451
Premium,J,VS2,0.51,1080
Very Good,J,VS2,2.23,14732
Ideal,G,VS2,0.41,1061
Very Good,D,SI2,0.43,858
Ideal,H,SI1,0.3,475
Ideal,D,VS1,0.34,865
Ideal,D,VS2,0.63,2106
Premium,I,VS2,0.71,2362
Very Good,D,SI1,0.64,1967
Ideal,H,SI1,1.01,4977
Premium,H,SI2,1.5,7291
Premium,H,SI2,1.32,6431
Very Good,G,VVS1,0.38,970
Premium,F,VS2,0.7,2838
Premium,H,SI1,0.81,2585
Ideal,E,VS2,0.3,652
Ideal,G,VS2,0.72,2383
Premium,E,VS1,0.74,2999
Premium,H,I1,1.02,3141
Premium,E,VS2,0.79,2876
Ideal,F,VS1,0.3,844
Ideal,F,VVS1,0.73,3342
Ideal,G,VVS1,0.26,605
Ideal,G,VS1,0.73,3273
Ideal,F,VS2,0.36,807
Premium,G,VVS2,0.43,1129
Good,H,VVS2,1.01,5988
Ideal,H,SI1,1.09,4871
Good,G,SI1,0.67,1811
Ideal,I,SI1,0.55,1320
Ideal,H,SI1,1.14,7079
Ideal,H,SI2,1.56,8517
Good,H,SI1,0.42,700
Good,G,SI2,0.43,661
Very Good,E,SI1,0.42,773
Ideal,G,VVS2,0.42,1103
Premium,G,VS2,1.44,11032
Ideal,F,VS1,0.32,900
Premium,F,VS2,0.3,776
Ideal,G,VS1,1.22,8608
Ideal,D,SI1,0.8,3597
Ideal,G,IF,0.56,2321
Premium,F,VS2,1.08,7079
Ideal,F,SI2,1.26,6277
Very Good,I,VS1,1.58,10112
Very Good,G,SI2,1.23,4477
Ideal,H,VVS2,0.32,619
Ideal,G,VVS1,0.3,764
Ideal,E,SI1,0.35,614
Ideal,G,VVS1,1.04,8637
Ideal,I,SI2,0.33,403
Very Good,F,VVS1,0.29,664
Ideal,E,VS2,0.27,537
Good,D,SI1,1.01,5271
Very Good,I,VS2,0.32,449
Very Good,G,SI2,0.91,3189
Good,H,VS1,0.9,3669
Premium,G,VS2,0.39,1009
Premium,D,SI2,1.01,4338
Premium,H,SI2,0.9,3326
Premium,D,VS1,0.4,1200
Good,I,SI1,2.01,13976
Very Good,G,SI2,1.11,4848
Very Good,G,SI2,1.08,4362
Very Good,I,VS1,1.19,5644
Good,E,SI1,0.31,544
Very Good,G,VS2,1.75,16073
Good,H,SI1,0.3,421
Premium,E,SI1,0.55,1551
Ideal,J,SI2,2.46,16466
Good,G,VVS2,1.01,6843
Premium,I,VVS1,0.41,1107
Ideal,F,SI1,0.3,475
Ideal,F,VVS2,0.5,2160
Premium,E,VS2,0.91,5055
Good,F,VVS1,0.7,3018
Very Good,H,VS1,0.3,541
Ideal,D,VVS1,0.27,622
Ideal,D,VS1,1.51,16688
Premium,G,SI2,1.34,4953
Ideal,E,VS2,0.58,1884
Good,E,SI1,0.4,882
Ideal,G,VVS2,0.52,1958
Premium,F,VVS1,0.41,1295
Premium,G,SI1,0.4,816
Very Good,G,SI1,0.75,2462
Good,D,IF,0.55,3509
Ideal,H,SI1,0.31,457
Ideal,G,VS1,0.31,625
Premium,G,VS2,0.34,765
Ideal,F,VVS2,0.26,599
Ideal,D,VS2,0.52,1919
Ideal,H,SI1,0.34,490
Very Good,G,VVS2,0.36,858
Premium,F,VS2,0.38,1026
Premium,D,SI2,1.02,4718
Very Good,F,SI2,2.14,17582
Premium,F,VS1,0.41,1076
Ideal,F,VS2,0.72,2546
Premium,G,VS2,0.37,833
Premium,F,VS2,1.01,6097
Ideal,G,SI2,1.55,9530
Good,E,VS2,1.0,6315
Very Good,G,VS2,1.01,5696
Very Good,G,VVS2,0.3,638
Ideal,H,SI1,0.41,683
Ideal,H,SI2,0.72,2112
Ideal,F,VS1,0.39,894
Premium,H,VS2,1.6,11508
Good,H,VS2,0.51,1128
Ideal,G,VS1,0.32,614
Ideal,E,SI1,0.76,2858
Premium,E,SI2,1.07,4284
Premium,E,VS2,0.51,1781
Very Good,F,VS2,0.63,2032
Premium,H,VS2,0.32,605
Ideal,G,VS2,0.76,2782
Very Good,D,VS1,0.7,4095
Fair,I,SI2,1.03,3530
Premium,J,SI2,1.02,3599
Premium,D,VS2,0.34,805
Premium,G,VS2,1.02,5250
Ideal,F,VS2,0.4,1059
Premium,F,VVS1,1.21,11175
Ideal,F,VVS2,0.4,1015
Ideal,F,SI1,0.36,600
Ideal,D,SI1,0.31,684
Premium,D,SI1,0.41,1015
Ideal,H,VS2,0.31,489
Premium,D,SI1,1.15,6942
Ideal,H,IF,0.29,607
Very Good,E,SI1,0.71,2511
Ideal,H,VVS1,0.53,1781
Premium,G,SI1,0.31,593
Very Good,D,SI1,0.4,924
Ideal,D,VVS1,0.42,1621
Fair,G,SI1,0.9,3250
Premium,E,SI1,0.32,672
Very Good,F,IF,1.04,10264
Premium,J,SI2,1.01,3733
Ideal,H,VS2,1.2,6666
Very Good,G,SI1,0.72,2318
Ideal,G,VS2,0.7,2536
Premium,H,VS1,0.3,526
Very Good,I,VS2,0.6,1402
Ideal,D,VS2,0.55,1928
Very Good,I,SI1,1.2,5280
Good,G,SI2,0.9,3246
Ideal,F,VS2,0.72,2724
Good,D,SI1,0.42,735
Premium,E,VS2,0.7,2737
Ideal,H,IF,0.29,607
Very Good,H,SI2,1.24,5725
Premium,F,SI1,1.11,5483
Ideal,F,VVS1,0.33,893
Ideal,F,VS2,0.55,1819
Ideal,E,VVS2,0.31,791
Premium,G,VVS2,0.4,982
Ideal,I,VS2,0.51,1268
Very Good,H,SI1,0.35,491
Ideal,E,VS2,0.3,658
Very Good,G,VS2,1.21,7568
Premium,H,VVS2,0.33,854
Premium,F,SI1,0.77,2856
Very Good,H,SI1,1.01,5433
Good,E,SI1,0.7,2164
Premium,E,SI1,0.51,1381
Very Good,D,VS1,0.4,954
Very Good,I,VVS1,0.62,1871
Ideal,E,VS2,0.31,589
Premium,H,VS2,0.32,648
Premium,G,SI1,0.4,702
Premium,G,VS1,0.51,1662
Ideal,F,VS1,0.7,3154
Very Good,F,SI1,0.71,2343
Ideal,H,VS1,0.8,3296
Premium,F,SI1,1.09,5287
Ideal,E,VVS1,0.34,1084
Very Good,I,VVS1,0.9,3872
Premium,G,SI1,1.63,11721
Ideal,D,SI2,0.4,648
Premium,G,SI1,0.59,1355
Ideal,D,VVS2,0.41,1295
Very Good,F,VVS2,0.32,778
Ideal,E,VS2,0.51,1781
Ideal,E,SI1,0.34,596
Ideal,E,SI2,0.59,1286
Premium,I,SI1,1.12,4704
Good,D,VS2,0.72,2827
Very Good,I,SI1,0.3,506
Good,I,VS2,2.01,16149
Premium,H,SI1,1.16,4814
Premium,G,IF,1.04,8813
Ideal,G,VS1,1.34,9890
Premium,E,SI1,0.49,1084
Premium,G,IF,0.34,1014
Premium,H,VVS1,0.35,1024
Premium,H,VS2,0.74,2553
Fair,G,SI1,1.5,7300
Very Good,G,VVS2,1.07,7975
Premium,J,SI1,1.71,8848
Premium,H,VS1,0.35,614
Premium,G,VVS2,0.91,5259
Ideal,E,VS2,0.35,767
Premium,E,VS1,1.52,16187
Good,G,IF,1.5,13998
Premium,E,SI1,0.7,2777
Premium,H,VS1,0.91,4670
Premium,H,SI1,1.4,8133
Premium,I,VS2,2.03,16309
Ideal,E,VVS2,0.41,1243
Very Good,H,VVS1,0.35,798
Ideal,F,VVS2,0.54,2334
Ideal,D,VS1,0.35,862
Ideal,E,SI1,1.21,7955
Premium,E,VS2,1.51,13757
Good,F,I1,1.07,3415
Very Good,E,VVS2,0.75,4005
Premium,J,SI2,1.47,6223
Fair,J,SI2,2.5,14652
Ideal,I,VS1,0.3,608
Premium,J,SI2,1.01,3563
Ideal,F,VVS1,0.31,840
Fair,H,VS2,0.9,3538
Very Good,D,VS2,0.5,1758
Very Good,I,VS1,1.26,6566
Premium,G,VS2,0.41,1061
Premium,G,SI1,1.36,7729
Ideal,J,VS1,0.75,2161
Very Good,F,IF,0.24,552
Ideal,E,VS2,0.51,1656
Ideal,F,VVS2,0.53,2160
Good,I,VS2,2.0,14889
Ideal,D,VS2,0.31,852
Good,H,SI1,1.06,4060
Premium,G,VS1,1.25,9282
Premium,F,VS2,0.35,879
Premium,G,VS2,1.01,5864
Ideal,G,VS1,1.04,7457
Very Good,G,VS1,0.64,2060
Ideal,G,VS2,0.8,2550
Very Good,I,SI2,1.1,4202
Good,F,SI1,2.0,18376
Very Good,H,SI2,1.05,4112
Premium,I,SI1,1.29,6140
Ideal,F,VVS2,0.24,552
Very Good,H,VVS2,0.36,668
Premium,F,VS1,0.77,3357
Premium,E,VS2,0.56,1915
Fair,G,I1,0.7,978
Ideal,G,VS2,0.33,743
Ideal,G,VVS2,0.31,671
Premium,D,SI2,1.09,5186
Premium,H,SI2,1.16,3573
Premium,F,VVS1,1.01,9412
Premium,H,VVS2,0.7,2536
Ideal,G,VVS2,0.51,1974
Good,D,SI1,0.31,502
Premium,D,SI2,1.76,13867
Premium,G,VS2,0.37,649
Premium,F,VS2,0.34,686
Ideal,J,VS1,1.32,5808
Ideal,I,SI1,2.06,16626
Very Good,E,VVS2,0.23,505
Ideal,E,VS2,0.83,4271
Premium,E,VS1,0.8,3967
Ideal,G,VVS1,0.54,2041
Premium,F,VS2,0.72,2724
Fair,H,SI1,1.51,9386
Ideal,F,VS2,0.33,666
Ideal,G,IF,0.43,1318
Ideal,F,VS1,0.7,2751
Premium,G,VVS1,0.23,531
Ideal,D,VS2,0.3,911
Good,E,VVS1,0.27,752
Premium,D,VS2,0.54,1993
Ideal,E,SI2,1.01,4666
Ideal,F,VVS1,0.72,5086
Premium,F,SI1,1.5,11588
Good,I,VS2,0.5,1047
Very Good,G,SI2,0.9,3246
Ideal,D,SI1,0.56,1814
Very Good,F,VVS2,0.29,664
Very Good,H,SI1,0.3,540
Ideal,D,SI2,0.41,876
Premium,I,SI1,1.54,8258
Premium,H,SI1,1.51,9261
Ideal,F,VS1,0.56,2016
Ideal,E,VS2,0.71,2630
Ideal,H,IF,0.3,764
Premium,I,VS2,2.01,16700
Very Good,E,VS2,0.7,2513
Premium,I,SI1,2.16,17313
Ideal,G,VVS2,0.36,1053
Ideal,I,VVS1,0.56,1698
Ideal,G,SI1,1.02,5398
Very Good,F,VS2,0.31,667
Premium,H,VS1,0.31,544
Ideal,G,SI2,0.32,450
Premium,I,VS2,1.02,3713
Very Good,H,VVS2,0.31,578
Ideal,D,VS1,1.04,8341
Ideal,E,VS2,0.8,3972
Premium,H,VS1,1.01,5294
Fair,E,SI2,1.0,3575
Very Good,H,SI1,0.76,2838
Premium,I,SI2,1.54,7727
Premium,E,VS1,0.7,2887
Good,I,SI1,1.51,7365
Premium,F,SI1,0.7,2504
Very Good,E,VVS2,0.24,552
Fair,D,SI1,0.71,2086
Good,F,SI1,0.43,739
Premium,J,VS1,1.21,5489
Very Good,D,VVS2,0.39,1056
Very Good,I,VS1,1.5,9033
Very Good,H,SI2,0.7,1807
Good,H,VS2,0.31,489
Ideal,F,SI1,1.01,5345
Ideal,E,VS2,0.61,2278
Ideal,J,VVS2,0.7,1790
Premium,I,SI2,2.8,15030
Very Good,J,VVS1,1.7,10808
Very Good,I,VVS1,0.58,1636
Very Good,G,SI1,0.91,3710
Premium,F,VVS2,0.77,3450
Very Good,F,VS2,0.37,957
Very Good,G,VS2,1.2,7273
Ideal,G,VS2,0.72,2797
Premium,H,IF,0.33,868
Ideal,H,SI1,1.31,7519
Ideal,D,SI1,0.8,3195
Ideal,H,VS2,0.32,648
Ideal,D,VS2,0.62,2243
Ideal,G,VS1,0.9,4460
Premium,I,SI1,1.01,3782
Very Good,J,SI2,1.77,8257
Ideal,E,SI1,0.51,1284
Premium,D,VS2,0.22,404
Very Good,H,SI1,1.01,5172
Very Good,D,SI2,1.03,4545
Fair,G,VS2,1.05,5673
Premium,G,SI2,0.92,3916
Ideal,I,IF,0.42,961
Premium,H,SI1,1.15,5433
Premium,D,VS2,0.52,1619
Ideal,H,SI2,0.7,2285
Ideal,E,VVS1,0.33,1052
Premium,F,VS2,0.38,1026
Good,D,SI1,0.71,2719
Ideal,D,SI2,0.56,1568
Very Good,G,SI1,0.41,735
Ideal,E,VS2,0.56,1819
Premium,I,VS1,0.33,521
Ideal,F,VS1,0.55,1881
Ideal,D,SI2,0.76,2706
Premium,H,SI2,0.35,551
Fair,F,SI1,1.0,4798
Very Good,D,SI2,0.74,2713
Premium,G,VS2,1.01,5864
Premium,H,VS1,1.02,5469
Ideal,E,VS2,0.38,813
Ideal,I,SI1,0.4,692
Very Good,G,SI1,0.31,462
Premium,F,VS1,0.3,731
Premium,G,VS2,1.51,12872
Ideal,F,VS1,0.51,1744
Premium,F,VS1,1.02,7485
Ideal,G,SI1,0.47,1163
Premium,E,SI2,0.54,1250
Very Good,G,VS2,0.32,524
Ideal,E,VS1,0.54,2041
Premium,I,VS1,1.08,4877
Very Good,I,SI1,1.5,7722
Very Good,E,SI1,0.51,1438
Very Good,H,SI1,1.0,4469
Very Good,E,SI1,1.5,11690
Very Good,E,SI1,1.2,6534
Ideal,D,SI2,0.92,5051
Very Good,G,VS1,0.51,1599
Ideal,H,VVS2,1.02,6797
Premium,E,SI2,1.51,8879
Very Good,F,SI1,1.02,6195
Ideal,D,VS1,0.51,1752
Ideal,E,VVS1,0.33,1052
Premium,G,SI2,2.05,17988
Ideal,G,VVS1,0.71,2930
Premium,D,VS1,0.59,2326
Premium,H,VS2,1.04,5777
Very Good,F,SI1,1.01,4890
Premium,H,VVS1,0.32,730
Premium,E,SI2,0.36,505
Ideal,G,SI1,0.8,2867
Very Good,D,VS2,1.01,7278
Very Good,E,SI2,0.7,2298
Premium,G,VS2,2.01,17987
Premium,G,SI1,1.09,4322
Ideal,H,VVS1,0.5,1710
Ideal,F,SI2,0.71,2365
Premium,F,VVS1,0.4,1263
Ideal,D,VVS2,0.36,1042
Very Good,H,SI1,1.05,4608
Ideal,F,SI2,1.07,4764
Very Good,F,SI1,1.5,10766
Very Good,H,SI2,2.01,16140
Ideal,E,VVS2,0.31,816
Very Good,G,VS2,1.09,5783
Premium,F,SI2,0.92,3787
Fair,F,SI2,1.52,8938
Very Good,F,VS2,1.62,14400
Ideal,E,VVS2,0.53,2273
Very Good,F,SI1,0.73,2360
Very Good,I,SI1,0.9,3271
Very Good,G,VS1,0.3,605
Ideal,D,SI1,0.7,2612
Premium,H,SI1,0.91,3033
Premium,H,VS2,0.37,749
Good,F,VVS1,0.3,682
Ideal,E,SI1,0.72,3037
Ideal,H,VS2,0.4,704
Ideal,H,VS1,0.61,2053
Good,F,VS2,0.5,1447
Ideal,F,VS2,0.72,2931
Very Good,H,VS1,1.51,11263
Ideal,E,VS2,0.3,844
Ideal,E,SI1,1.09,6849
Premium,G,VS1,1.01,6412
Ideal,H,VS2,0.23,512
Ideal,F,VVS1,0.42,1326
Ideal,F,SI2,0.71,2445
Ideal,E,VS1,0.34,805
Good,E,SI2,0.7,2435
Ideal,F,VVS2,0.4,1012
Very Good,G,VS1,0.32,645
Good,H,SI1,0.77,2457
Ideal,F,VVS2,0.41,1192
Ideal,J,VS2,1.23,5763
Ideal,G,IF,0.31,853
Premium,E,SI1,0.4,945
Premium,F,VS2,1.01,6097
Premium,F,VVS2,1.12,10211
Ideal,J,VS2,2.07,11500
Ideal,E,SI1,0.7,3330
Ideal,E,VS1,0.3,911
Premium,H,SI2,1.55,7319
Very Good,F,SI1,0.91,4141
Premium,I,VS1,0.38,700
Premium,G,VS2,0.39,942
Ideal,F,VVS1,0.35,945
Very Good,D,SI2,1.01,4338
Ideal,F,IF,0.52,2393
Ideal,E,VVS2,0.4,1056
Premium,F,SI1,0.35,583
Premium,G,VS1,0.37,817
Premium,E,SI2,0.82,2861
Very Good,J,VS2,1.3,5832
Ideal,I,VVS1,0.56,1616
Very Good,H,SI1,0.76,2593
Ideal,F,VS2,0.41,863
Premium,F,SI1,0.9,4158
Premium,G,SI1,0.74,2447
Very Good,H,VVS1,0.3,878
Ideal,J,SI1,0.7,2096
Premium,F,IF,0.27,820
Very Good,E,SI2,1.01,4540
Ideal,F,SI1,0.55,1410
Ideal,E,VS2,0.53,2163
Very Good,I,SI1,0.71,1898
Ideal,J,VS2,1.45,7477
Very Good,F,VS2,0.56,1706
Ideal,F,VVS1,0.41,1356
Ideal,G,VVS2,1.1,9215
Fair,G,SI1,0.51,1071
Very Good,E,IF,1.15,12895
Ideal,F,I1,1.13,3607
Premium,G,SI2,0.75,2268
Premium,H,SI1,1.06,5461
Very Good,I,SI2,1.53,7406
Ideal,E,SI1,0.7,2614
Ideal,G,IF,0.34,1084
Premium,D,VS2,1.23,9257
Ideal,I,VS2,0.44,732
Premium,H,SI2,1.1,4435
Very Good,E,SI1,1.24,8073
Good,D,SI1,0.67,2258
Ideal,D,VVS2,0.42,1326
Ideal,E,IF,0.39,1248
Ideal,F,VVS1,0.53,2830
Good,I,VS1,1.01,3484
Premium,G,I1,2.68,8419
Premium,G,VVS2,0.3,878
Very Good,D,SI2,0.52,1289
Very Good,G,SI2,0.7,2057
Ideal,F,VS2,0.31,625
Ideal,D,VS2,0.3,710
Premium,D,SI1,1.07,6124
Ideal,H,SI1,1.01,4851
Very Good,I,SI2,1.51,7400
Ideal,D,SI1,0.55,1571
Premium,I,VVS1,0.33,780
Premium,H,SI2,1.01,4072
Good,D,SI2,0.91,3781
Very Good,E,SI2,1.0,4311
Ideal,F,VS2,0.41,1107
Premium,D,SI2,0.4,855
Ideal,G,VS1,0.38,817
Good,I,VS1,1.22,6713
Ideal,F,VS2,0.4,867
Premium,I,VVS1,0.58,1758
Ideal,D,VS2,0.5,1819
Ideal,D,SI1,0.55,1819
Premium,F,SI2,1.6,10286
Good,D,SI1,1.01,5747
Very Good,G,VS2,0.29,471
Very Good,H,VS1,2.01,15930
Ideal,D,VS2,0.7,3129
Good,J,VS1,1.0,3920
Ideal,E,VS2,0.53,1721
Very Good,E,SI2,1.36,7288
Ideal,F,SI2,0.73,2255
Premium,D,SI1,1.0,5880
Premium,E,SI2,0.7,2159
Premium,F,VS2,0.35,706
Good,G,SI1,1.5,9954
Ideal,H,SI1,0.76,2371
Ideal,E,SI1,0.6,1738
Very Good,F,IF,0.3,886
Very Good,G,VVS2,0.3,684
Very Good,J,VS2,0.83,2444
Very Good,D,VVS1,0.42,1547
Ideal,E,SI2,1.01,4479
Ideal,E,SI1,0.32,720
Premium,F,VS2,0.32,828
Good,H,SI2,0.51,964
Very Good,H,VS2,1.73,13102
Ideal,F,VS2,0.7,2850
Ideal,E,VVS1,0.33,917
Premium,F,SI1,1.0,5292
Ideal,G,VS1,0.58,1830
Premium,F,SI1,1.06,5535
Ideal,H,VS1,1.66,15210
Ideal,D,VS2,0.35,1063
Very Good,E,SI1,0.75,2968
Very Good,F,VS1,0.59,2034
Premium,H,VS2,0.34,689
Very Good,E,VS1,0.51,1778
Good,G,SI1,0.96,3522
Fair,D,SI2,0.7,2358
Premium,G,VVS2,0.4,982
Very Good,I,VS1,1.51,8918
Ideal,G,VVS2,1.31,11975
Premium,H,SI2,1.12,3889
Ideal,H,VVS1,0.35,756
Ideal,E,VVS2,1.07,10222
Ideal,E,VS2,0.8,4126
Fair,E,VS1,1.5,15584
Ideal,E,VVS2,0.31,979
Good,G,SI2,1.01,3852
Premium,G,SI1,1.06,4903
Ideal,F,VS2,0.55,1580
Ideal,D,VS2,0.3,911
Very Good,H,SI1,1.04,5285
Premium,G,VS2,1.02,5998
Ideal,D,VS2,0.81,4087
Very Good,H,SI1,1.32,7283
Premium,G,VS2,1.07,6779
Premium,E,VS2,0.3,658
Ideal,G,VS1,0.42,921
Ideal,G,SI1,0.52,1325
Premium,F,SI1,1.09,5287
Ideal,G,SI2,1.02,4398
Ideal,F,VS1,0.77,3387
Premium,E,VVS1,0.32,1020
Ideal,H,I1,1.19,3665
Very Good,G,SI1,1.55,10707
Ideal,G,VS2,0.42,1087
Good,I,SI2,2.03,9651
Ideal,E,VVS1,0.51,3226
Very Good,H,SI2,2.1,13790
Premium,F,VS1,1.02,7677
Ideal,F,VS1,0.41,1007
Good,H,SI2,2.2,13919
Very Good,E,IF,0.7,3622
Ideal,E,VS2,0.3,844
Premium,E,SI2,1.01,4790
Ideal,D,SI1,0.3,552
Ideal,D,SI1,0.3,709
Ideal,G,VVS2,0.45,1213
Premium,E,SI2,0.39,778
Very Good,D,VS2,0.34,805
Premium,F,VS2,0.58,2036
Ideal,E,SI1,0.44,810
Very Good,G,VVS2,0.31,707
Very Good,I,VS1,0.38,750
Premium,G,IF,1.01,7352
Premium,I,VS2,0.36,648
Premium,J,SI1,2.01,10412
Very Good,F,SI2,1.5,9236
Premium,H,VS2,1.53,10827
Premium,F,VS1,0.57,1815
Ideal,F,SI1,0.71,2262
Ideal,E,VS2,0.4,1020
Very Good,J,VVS2,0.72,2144
Very Good,I,VVS1,0.71,2456
Good,G,SI2,2.01,14745
Premium,H,SI2,1.02,4798
Ideal,I,SI1,0.5,982
Premium,F,VS2,1.52,13389
Good,G,VVS1,0.23,395
Ideal,F,SI1,0.54,1327
Premium,E,SI1,0.31,698
Premium,D,VS1,0.45,1358
Very Good,F,SI2,1.13,5014
Very Good,I,SI1,1.01,3832
Good,G,SI1,0.42,737
Premium,G,SI1,0.9,3879
Premium,F,SI2,0.9,3780
Ideal,I,VS1,1.17,5892
Ideal,E,VVS1,0.32,1020
Very Good,H,VS2,1.5,11025
Fair,E,SI1,0.9,3743
Premium,G,IF,0.33,984
Very Good,E,SI1,0.33,579
Ideal,D,VVS2,0.38,1200
Ideal,H,SI1,1.83,15032
Premium,I,SI1,1.16,4872
Ideal,F,VVS2,1.04,9115
Very Good,E,SI2,1.26,5976
Premium,G,VS2,0.43,1113
Premium,G,SI2,0.83,2543
Ideal,I,VS2,1.37,8000
Premium,E,SI2,1.01,4751
Premium,F,VS1,0.5,1838
Ideal,G,VS2,1.01,6449
Very Good,J,VS2,0.74,1978
Very Good,D,SI1,1.01,5731
Ideal,G,VS2,0.49,1246
Ideal,H,VVS2,0.24,504
Very Good,F,VVS2,0.54,2198
Premium,E,VS1,0.41,1153
Good,F,SI2,1.02,4356
Ideal,J,VS1,0.62,1297
Premium,D,SI2,0.92,4150
Good,F,VS2,0.9,4466
Ideal,F,SI1,0.42,886
Premium,G,VS1,0.3,776
Ideal,G,SI1,0.63,1628
Ideal,D,SI1,0.31,565
Premium,H,VS2,0.38,898
Very Good,F,VS2,0.38,685
Ideal,H,VVS1,0.52,1639
Ideal,D,VS2,0.32,758
Very Good,I,SI1,0.3,394
Ideal,D,SI1,1.05,5104
Premium,J,VS2,0.91,3058
Very Good,G,SI2,0.58,1117
Very Good,G,SI1,0.4,702
Ideal,J,SI1,0.31,418
Ideal,G,SI1,0.34,607
Ideal,G,VS1,1.04,7457
Premium,E,VS2,0.3,844
Ideal,F,SI1,0.72,2440
Very Good,J,SI2,1.3,5047
Ideal,G,SI2,0.5,1011
Premium,H,VVS1,0.55,1980
Ideal,I,VS1,0.38,700
Premium,D,SI2,1.12,5329
Ideal,D,VS1,0.31,877
Ideal,F,VS2,0.3,605
Premium,H,SI2,1.01,3620
Good,I,VS1,1.2,5818
Fair,I,SI2,1.5,4328
Very Good,E,SI1,0.9,4795
Very Good,D,VS2,0.3,710
Ideal,F,VVS2,0.42,1221
Premium,G,VVS1,0.41,1151
Ideal,G,VS1,0.37,741
Premium,F,VS2,0.5,1433
Very Good,E,VS1,0.27,470
Ideal,G,VS2,1.0,5824
Good,E,SI2,1.06,4257
Good,G,VS1,0.3,605
Ideal,J,SI1,1.4,6350
Very Good,D,SI1,0.5,1436
Premium,D,SI2,0.72,2492
Ideal,J,VS1,0.3,411
Premium,F,SI2,0.57,1746
Ideal,D,SI1,0.3,709
Very Good,E,SI1,0.77,2873
Fair,J,SI1,1.0,3175
Very Good,I,VS2,1.5,8662
Ideal,E,VS1,0.55,2079
Ideal,I,VS2,1.16,5302
Ideal,D,VS1,0.42,1235
Ideal,E,VS1,0.95,5879
Premium,I,SI1,1.11,3978
Very Good,F,SI1,1.51,11302
Ideal,H,SI2,1.54,9452
Ideal,D,VS2,0.53,1783
Very Good,G,SI2,1.05,4516
Premium,I,SI1,0.33,445
Very Good,F,VS2,0.23,402
Premium,D,SI2,1.05,5057
Premium,H,SI1,2.04,12454
Good,F,SI1,0.52,1244
Very Good,E,SI1,0.3,526
Premium,G,SI2,2.09,14024
Ideal,E,VS2,0.58,1809
Ideal,D,SI2,0.88,3962
Very Good,F,VS1,0.73,2843
Premium,D,SI2,1.0,3634
Ideal,F,SI2,0.36,450
Very Good,G,VS1,1.09,7281
Very Good,G,VVS2,0.56,2336
Very Good,D,SI2,1.21,6248
Ideal,I,VS2,0.3,407
Very Good,D,VS2,0.3,710
Ideal,D,VS2,0.76,3384
Premium,E,SI1,1.73,16253
Good,E,VS2,0.28,625
Good,H,VS2,0.4,717
Very Good,J,SI2,0.71,1986
Premium,F,VS2,0.32,602
Ideal,F,SI2,1.04,4630
Good,G,SI2,1.1,4457
Good,G,VS2,1.0,5068
Ideal,E,SI1,1.11,6737
Premium,H,VS1,0.39,1009
Premium,H,VVS2,0.31,802
Premium,H,SI2,1.02,3713
Ideal,E,VS1,0.75,3462
Good,I,VS2,0.7,2010
Very Good,D,SI2,0.53,1307
Ideal,I,VVS2,1.85,14245
Premium,D,VS2,0.3,851
Ideal,I,VS1,0.3,454
Very Good,H,VVS2,0.3,581
Very Good,F,SI2,1.04,4427
Fair,G,VVS2,0.74,2959
Ideal,D,SI2,0.74,2810
Very Good,F,VVS1,1.14,11737
Very Good,H,VS2,0.5,1302
Ideal,H,VVS2,0.3,631
Ideal,J,VS2,1.24,5451
Premium,G,SI2,0.52,1076
Premium,E,SI1,1.54,11795
Good,F,SI1,1.0,4851
Ideal,I,SI1,1.19,5331
Premium,J,VS1,0.9,3175
Very Good,E,VS2,0.34,659
Ideal,H,SI2,1.08,4455
Good,G,SI2,1.0,3949
Good,F,SI1,0.7,2161
Ideal,F,VS2,0.9,5141
Ideal,E,SI2,0.41,683
Premium,D,SI1,0.31,732
Ideal,D,VS1,0.3,651
Premium,G,VVS1,1.02,7797
Premium,H,SI1,1.13,5101
Ideal,H,SI1,1.03,5418
Fair,H,I1,4.13,17329
Ideal,G,VS1,0.32,645
Premium,G,VVS2,0.32,730
Premium,F,VS2,0.5,1654
Very Good,I,VS2,0.44,795
Ideal,H,VVS1,0.3,819
Very Good,G,SI2,0.37,624
Very Good,I,VS1,1.1,5082
Ideal,F,SI2,0.82,2841
Ideal,E,IF,1.06,13344
Very Good,H,VS1,1.71,9974
Ideal,D,VS2,0.32,912
Premium,J,VVS2,0.7,1764
Premium,I,VS2,1.0,4155
Ideal,G,VS1,1.58,14624
Premium,G,SI2,0.56,1103
Very Good,G,SI1,0.38,755
Ideal,H,SI2,1.1,4250
Ideal,E,SI2,1.01,4751
Ideal,E,SI1,0.35,667
Ideal,J,SI1,0.84,2493
Ideal,G,SI2,1.03,4407
Premium,D,SI1,0.3,552
Good,H,SI1,0.91,3855
Fair,D,VS2,1.01,6366
Premium,G,SI1,0.35,669
Ideal,I,VS1,0.54,1452
Ideal,I,VS2,0.59,1300
Ideal,D,VVS1,0.33,1100
Ideal,F,VS2,1.01,6787
Ideal,G,VVS2,0.52,1932
Very Good,D,VS2,0.5,1569
Ideal,D,VS2,0.33,781
Premium,H,SI1,0.7,2020
Very Good,G,SI2,1.5,9282
Ideal,E,VS1,0.34,698
Ideal,H,IF,0.62,2469
Ideal,H,VS1,0.41,829
Very Good,F,VS2,0.71,3146
Good,F,VS2,0.5,1395
Very Good,H,VVS2,0.23,378
Premium,D,VS2,0.31,734
Very Good,F,VS2,1.2,8454
Ideal,H,SI2,1.02,4375
Premium,E,VVS2,0.28,828
Premium,D,SI1,0.4,772
Ideal,F,VS1,1.51,15378
Ideal,I,SI2,1.05,4723
Ideal,E,VVS1,0.34,1084
Good,I,SI1,0.7,2276
Ideal,J,IF,0.32,684
Ideal,E,VVS2,0.72,4927
Premium,E,SI1,0.76,2644
Good,F,VS2,0.9,4370
Premium,H,SI2,2.28,18055
Very Good,H,SI1,1.21,5826
Very Good,I,VS1,0.32,648
Ideal,E,VS2,0.32,702
Premium,F,SI1,0.55,1238
Ideal,F,SI2,0.7,2138
Ideal,H,VVS1,0.54,1814
Ideal,H,IF,0.44,1185
Ideal,E,SI2,0.33,427
Premium,F,SI1,0.7,2596
Very Good,D,VS2,0.62,2022
Ideal,G,VS1,1.34,10070
Ideal,E,VVS2,0.44,1334
Very Good,E,VVS2,1.0,9224
Very Good,H,VS2,0.51,1414
Ideal,J,VS1,2.28,16592
Premium,G,VS2,0.32,720
Ideal,I,VS2,0.57,1258
Premium,D,SI2,1.75,13363
Very Good,E,VS2,0.3,658
Ideal,E,VVS2,0.32,779
Ideal,F,VS2,0.31,625
Premium,D,SI1,0.5,1593
Good,I,SI1,0.88,2581
Premium,G,VS1,1.22,8739
Premium,H,VS2,1.34,7630
Ideal,E,VS2,0.33,928
Ideal,E,SI1,0.72,3409
Good,F,VS1,0.3,731
Premium,E,SI2,1.0,4390
Premium,H,SI2,1.21,5218
Premium,G,SI2,1.03,4557
Ideal,E,VS2,0.51,1662
Ideal,H,VS2,0.3,491
Premium,D,VS1,1.01,8416
Very Good,I,VVS2,0.41,1061
Ideal,E,VS2,0.33,928
Premium,F,VS2,1.52,14388
Premium,E,VS1,1.11,9299
Ideal,E,SI1,0.72,2590
Premium,E,VS2,0.9,5312
Ideal,E,VS2,0.32,702
Premium,G,SI1,0.55,1321
Premium,J,VS1,0.39,790
Very Good,D,VS2,0.9,4729
Premium,G,VS2,1.04,6122
Premium,E,VVS2,0.25,740
Very Good,D,SI2,0.4,666
Premium,E,SI1,0.9,4443
Premium,G,VS2,0.34,596
Ideal,E,SI1,0.54,1637
Premium,F,VVS1,1.16,10809
Very Good,I,SI1,1.1,3573
Ideal,D,SI2,1.5,10122
Ideal,G,VS2,0.32,720
Premium,G,SI2,0.3,506
Premium,D,SI1,1.06,6352
Ideal,G,VS1,0.32,828
Very Good,I,SI2,0.7,1795
Fair,D,VVS2,0.3,772
Premium,F,VS2,0.33,666
Good,D,SI1,1.0,5469
Very Good,D,SI1,1.5,11352
Ideal,D,SI1,0.53,1566
Premium,F,VS2,0.4,1080
Fair,H,VS2,0.96,3658
Ideal,F,VS2,1.52,15792
Good,H,I1,1.01,3110
Ideal,E,SI2,0.72,2345
Ideal,G,VS2,0.3,545
Premium,E,SI2,0.57,1320
Good,G,VS1,0.9,4223
Fair,I,SI1,1.0,3920
Very Good,F,SI1,0.9,3780
Very Good,E,SI2,0.72,2401
Premium,I,VVS2,1.5,11007
Very Good,H,SI1,1.51,10314
Very Good,F,VVS1,0.26,724
Ideal,D,SI1,0.76,3007
Premium,J,VS1,1.29,5463
Good,H,SI1,0.72,2277
Very Good,F,VS2,1.01,6533
Very Good,G,VVS2,0.72,3043
Ideal,D,VS1,0.39,1095
Very Good,G,VVS2,0.84,4259
Premium,D,VVS1,1.21,17192
Ideal,E,VS2,1.01,7421
Ideal,I,SI1,0.77,2382
Premium,H,SI1,1.56,10990
Premium,D,SI1,0.71,2822
Very Good,I,SI2,1.09,4584
Ideal,E,VVS2,0.4,1158
Ideal,J,VS1,0.9,3048
Very Good,H,SI2,0.9,3105
Very Good,G,SI1,0.52,1170
Premium,J,VS2,0.72,1944
Good,I,VS2,0.9,3398
Ideal,G,VVS2,0.32,936
Ideal,E,SI1,0.38,700
Ideal,D,SI1,0.42,970
Good,I,SI2,3.01,18242
Ideal,D,SI1,1.02,7564
Premium,E,VS1,0.26,580
Good,I,SI1,1.51,8245
Very Good,I,SI1,2.19,16397
Ideal,E,SI2,0.87,3566
Ideal,D,VS2,0.34,805
Premium,J,VVS1,0.39,921
Premium,D,SI2,1.74,12052
Premium,H,VS1,0.26,382
Ideal,H,SI1,0.31,441
Ideal,I,IF,0.43,1056
Ideal,G,SI1,1.51,11917
Ideal,H,VVS1,0.3,684
Premium,I,SI1,1.13,4536
Fair,D,VVS2,0.74,4040
Very Good,J,SI1,1.7,9253
Fair,I,I1,0.9,1786
Very Good,F,SI1,0.43,792
Ideal,G,SI1,1.12,5551
Premium,F,VS2,0.5,1654
Ideal,D,SI1,0.56,1608
Very Good,G,SI1,0.7,2517
Ideal,F,VVS2,0.7,4114
Ideal,D,VS2,0.56,1963
Premium,F,SI2,0.52,1073
Good,H,VS2,0.7,2253
Premium,J,VVS2,1.51,8930
Ideal,D,SI1,1.51,11834
Very Good,F,VS2,0.9,4268
Very Good,H,SI2,0.7,1895
Ideal,D,SI1,0.32,589
Ideal,G,VS1,1.35,10850
Premium,G,SI2,0.31,523
Premium,E,SI2,0.3,468
Ideal,F,IF,0.26,768
Very Good,E,SI2,0.7,2263
Premium,H,VS2,0.76,2622
Premium,G,SI2,1.5,8190
Very Good,E,VS2,0.3,658
Very Good,G,SI1,1.02,4633
Ideal,E,VS2,0.71,2613
Premium,G,VVS2,0.51,2035
Ideal,G,VVS2,0.55,2022
Very Good,G,SI2,2.06,15938
Very Good,F,VVS2,0.23,472
Very Good,D,IF,0.5,3378
Premium,F,SI1,1.07,5662
Premium,H,VS2,0.9,4155
Very Good,I,VS1,0.4,741
Ideal,I,SI1,1.22,6062
Good,I,SI1,1.64,10102
Very Good,E,SI2,1.14,4915
Ideal,E,SI1,0.78,3345
Ideal,D,VS2,0.31,942
Very Good,E,SI1,1.5,11717
Very Good,D,SI1,0.42,942
Premium,G,VVS1,1.24,10485
Very Good,J,SI1,1.51,7637
Ideal,G,VS2,0.31,577
Ideal,I,SI1,2.09,17114
Ideal,D,VVS2,0.71,4222
Premium,D,SI1,0.3,709
Fair,F,SI1,0.82,2838
Premium,E,VS2,0.3,844
Very Good,J,SI2,1.07,3783
Very Good,D,SI2,1.0,4753
Very Good,H,VS1,0.9,4685
Premium,E,VS2,0.36,789
Premium,F,SI1,1.09,5384
Ideal,F,VS2,1.06,6399
Premium,E,VS2,0.56,1915
Good,I,VS2,0.9,3162
Good,I,SI2,0.41,539
Premium,D,SI1,0.43,1022
Very Good,I,SI1,1.12,4724
Ideal,H,VVS2,0.55,1668
Premium,F,IF,0.71,3578
Ideal,G,VS2,1.01,6734
Premium,E,VS2,0.57,1949
Very Good,F,SI1,0.31,516
Ideal,G,VS1,0.42,984
Ideal,H,SI2,1.53,9562
Very Good,E,SI1,0.31,651
Ideal,G,VS2,0.4,859
Premium,F,VS1,1.21,10018
Ideal,G,VS2,1.0,6328
Good,G,VS2,0.81,3250
Very Good,H,VVS2,0.61,1970
Premium,E,VS2,0.9,5312
Ideal,F,VVS2,0.28,642
Good,D,VS2,0.7,3087
Ideal,G,SI1,0.57,1662
Ideal,D,SI1,0.32,756
Fair,F,SI2,2.1,16506
Very Good,H,VVS1,0.32,672
Premium,E,VS2,0.36,789
Premium,D,SI1,1.06,5983
Very Good,D,SI2,0.3,447
Ideal,J,VVS2,0.36,525
Ideal,E,VVS2,0.43,1308
Ideal,G,VVS1,0.3,753
Ideal,H,VS1,0.32,720
Ideal,G,VS1,0.91,4860
Good,I,VS2,1.71,11250
Ideal,F,VS1,0.7,3261
Ideal,D,VS2,0.38,787
Very Good,F,SI1,0.55,1370
Ideal,H,SI1,1.03,5093
Premium,H,VS2,0.32,505
Premium,H,SI2,2.51,14543
Premium,E,SI2,1.03,4522
Premium,I,SI2,2.02,14341
Very Good,G,VVS1,0.69,3323
Premium,G,VS2,1.0,6451
Ideal,F,VVS1,0.7,3602
Ideal,F,SI1,0.38,844
Ideal,G,VS2,1.21,7792
Ideal,G,VVS2,0.5,1935
Ideal,D,SI1,0.81,2748
Good,F,VS2,1.03,6543
Very Good,E,VVS2,0.34,775
Good,F,SI1,1.01,4816
Very Good,I,VS2,0.8,2414
Ideal,H,VVS2,1.43,10129
Very Good,D,VS2,0.33,681
Ideal,G,SI2,0.55,1117
Ideal,G,VVS1,1.54,16316
Very Good,H,VS2,0.31,457
Premium,E,VVS1,0.31,1012
Ideal,J,VS1,1.7,10589
Ideal,H,SI1,0.4,770
Very Good,H,VS2,0.91,4201
Premium,I,SI2,2.48,17607
Good,D,SI1,1.0,6020
Premium,F,SI2,1.03,4503
Ideal,I,VS2,0.3,407
Ideal,F,VVS2,1.16,10439
Premium,H,VS1,0.71,2572
Ideal,F,SI1,0.82,3428
Premium,H,SI1,0.71,2096
Ideal,E,VVS2,0.4,1238
Ideal,F,SI2,2.01,17078
Premium,H,SI1,1.04,5090
Very Good,G,VS2,0.31,544
Ideal,G,VS2,1.07,6471
Very Good,J,SI1,0.9,3830
Premium,F,VVS1,0.31,766
Ideal,D,SI1,1.0,5880
Ideal,D,VS2,0.35,1063
Ideal,J,VS1,0.35,478
Ideal,D,VS1,0.34,914
Ideal,I,SI2,0.53,973
Ideal,D,VS2,0.54,1993
Very Good,H,SI2,1.15,4743
Good,F,SI2,1.1,4674
Premium,E,VS1,0.37,999
Ideal,E,VS2,0.53,1721
Premium,H,VS2,1.76,13626
Premium,D,SI2,1.01,4672
Ideal,E,SI2,0.73,2896
Very Good,E,SI2,0.74,2638
Premium,H,VS1,0.32,524
Good,H,SI2,0.96,3548
Premium,E,VS1,0.56,1882
Ideal,F,SI1,0.7,2635
Very Good,I,VS2,0.3,453
Premium,J,SI1,2.01,11188
Ideal,D,VVS1,0.28,780
Ideal,E,VS2,0.43,981
Ideal,E,VS2,0.57,1853
Premium,G,VS1,1.54,13609
Very Good,G,VS2,1.14,6500
Ideal,H,SI2,1.25,5670
Premium,I,SI2,0.42,552
Ideal,D,VS2,1.25,9933
Fair,G,I1,2.1,6597
Premium,G,VVS2,0.91,5167
Ideal,H,SI1,0.5,1178
Premium,H,SI1,2.01,12829
Ideal,E,SI2,0.9,4770
Ideal,E,VS2,0.33,928
Premium,G,SI2,0.31,523
Premium,H,VS1,0.41,827
Ideal,E,VS2,1.09,7813
Premium,G,IF,0.33,853
Ideal,G,VS2,0.32,561
Very Good,F,VVS1,0.31,808
Ideal,H,SI2,1.06,4563
Very Good,J,VS1,0.71,2061
Very Good,H,SI1,1.03,4573
Very Good,F,SI1,0.75,2372
Ideal,E,SI2,1.04,5531
Ideal,E,VS1,0.32,825
Ideal,F,VS2,0.7,2622
Good,J,SI2,0.31,335
Very Good,D,SI1,0.61,1828
Premium,H,VS1,0.38,983
Premium,E,SI1,0.36,810
Ideal,G,VS1,1.51,14733
Premium,D,SI1,0.78,3019
Premium,I,VS1,1.03,3553
Premium,H,VVS2,0.54,1786
Ideal,F,SI1,0.3,461
Very Good,F,SI1,0.5,1250
Fair,F,SI2,0.7,1947
Ideal,G,VVS1,1.16,9781
Premium,D,SI2,0.71,2768
Ideal,D,VS1,0.36,1018
Very Good,E,SI2,2.03,14646
Very Good,E,VS2,0.31,680
Very Good,D,SI2,1.52,8868
Very Good,G,VS2,0.7,2538
Ideal,G,VS2,0.7,2723
Premium,I,VS2,1.57,9478
Premium,G,SI1,0.42,717
Premium,F,VVS2,0.75,3822
Ideal,J,VVS2,0.54,1720
Ideal,H,VS1,0.3,526
Ideal,J,SI1,0.73,1902
Very Good,E,VVS1,0.41,1057
Very Good,I,SI1,0.71,2098
Very Good,J,SI1,1.27,5669
Ideal,F,SI1,0.56,1334
Ideal,I,VVS2,0.32,567
Premium,I,SI2,1.01,4072
Very Good,D,SI2,1.01,4260
Ideal,G,VVS2,0.3,684
Ideal,G,VVS2,0.52,2012
Ideal,E,SI1,1.55,13171
Very Good,G,SI1,1.3,7985
Ideal,G,VS2,0.37,833
Very Good,H,SI1,1.27,6162
Very Good,H,VS1,1.03,6294
Very Good,F,VVS2,0.25,575
Ideal,D,SI1,0.32,589
Good,H,SI1,0.77,2393
Ideal,G,SI1,0.9,4008
Very Good,E,VS2,0.55,1589
Premium,E,SI1,0.71,2792
Premium,E,VVS2,0.56,2279
Fair,J,SI2,1.0,3199
Ideal,E,VVS1,0.32,892
Ideal,E,SI1,1.12,6458
Very Good,F,SI2,1.0,3789
Premium,F,SI1,0.3,641
Ideal,G,VS2,1.03,7064
Very Good,E,VVS2,0.25,740
Good,D,SI2,0.93,3540
Ideal,F,VS1,0.72,2879
Ideal,F,SI1,0.38,766
Premium,G,SI1,1.08,4485
Premium,I,VVS2,0.41,827
Premium,H,SI1,0.41,876
Premium,H,VS2,1.53,10224
Ideal,E,VS2,0.41,935
Ideal,J,VS1,0.9,3498
Very Good,D,VS2,0.7,2928
Good,H,SI1,0.3,432
Ideal,H,VS1,0.7,2530
Premium,H,SI2,0.53,1113
Very Good,J,VS2,1.5,7428
Ideal,J,VS2,0.77,2292
Very Good,E,VS1,0.7,2952
Premium,D,SI1,0.92,4350
Fair,F,VS2,0.34,816
Premium,D,SI1,0.34,803
Ideal,F,VS1,0.53,1624
Ideal,F,VS2,0.3,776
Ideal,D,VS2,0.3,911
Premium,D,SI2,0.5,1279
Premium,D,VS2,0.54,1627
Good,F,VS2,1.52,11696
Ideal,D,VS2,0.72,3179
Very Good,F,VS1,1.0,7710
Premium,E,VVS1,0.52,2302
Premium,E,SI2,0.41,876
Ideal,G,VVS2,0.79,3760
Ideal,F,VS1,0.7,2381
Premium,G,VS2,0.73,2770
Ideal,F,SI1,1.5,11405
Very Good,E,SI2,0.71,2423
Premium,I,VS1,1.52,9557
Ideal,H,SI1,0.4,855
Ideal,D,SI1,0.7,2822
Ideal,E,SI2,1.1,5359
Good,F,VS2,0.9,4253
Premium,G,VVS1,0.71,2694
Good,I,VVS2,0.34,596
Ideal,H,SI2,1.53,8034
Ideal,F,SI2,2.03,18578
Ideal,H,VS1,1.21,6784
Ideal,F,SI1,0.35,583
Ideal,D,SI1,0.62,1934
Good,J,VS2,2.34,12961
Ideal,H,SI1,0.42,700
Ideal,H,SI2,1.54,6095
Ideal,J,SI1,2.37,18508
Premium,I,SI1,1.21,5421
Very Good,J,SI1,0.78,2164
Very Good,E,VS1,1.12,8788
Ideal,G,VVS1,0.42,1235
Very Good,D,VVS1,0.23,485
Premium,E,VS2,0.31,872
Good,I,SI2,1.25,3465
Premium,D,SI1,0.56,1723
Premium,F,VS2,1.62,14961
Premium,G,VS1,0.31,802
Premium,F,VVS2,1.27,11797
Ideal,F,VS2,1.11,7275
Ideal,G,VVS1,1.33,12255
Premium,G,I1,2.04,9905
Ideal,H,SI1,0.41,876
Ideal,E,VVS2,0.71,4124
Good,E,VS2,0.92,4406
Ideal,J,SI1,1.29,6097
Ideal,F,VVS2,0.34,773
Very Good,G,VS1,0.31,542
Very Good,G,VS1,1.03,6539
Ideal,E,VS2,0.55,1667
Ideal,D,VVS2,0.32,841
Good,G,SI2,0.3,506
Ideal,F,SI2,0.52,1191
Ideal,G,VS2,1.13,7140
Very Good,J,SI1,1.7,7713
Very Good,H,SI2,1.0,4015
Good,D,VS2,0.7,3033
Premium,F,SI1,0.43,1016
Ideal,H,VS1,0.53,1607
Premium,E,VVS2,0.3,789
Very Good,F,VVS2,0.39,944
Premium,H,VVS1,0.24,554
Very Good,G,VS1,0.41,899
Ideal,G,VVS2,0.31,687
Ideal,F,VS1,0.32,716
Premium,D,SI2,1.04,4724
Premium,F,SI2,0.71,2331
Very Good,D,SI1,1.0,5645
Very Good,H,SI1,0.31,446
Very Good,H,SI1,1.01,4513
Ideal,H,VS2,1.33,7850
Ideal,E,SI1,0.34,637
Ideal,F,SI2,1.23,4819
Very Good,D,VVS2,0.38,1200
Premium,G,I1,0.7,1138
Very Good,E,VS1,0.4,980
Very Good,J,SI1,2.01,12084
Premium,H,SI1,0.5,1091
Ideal,G,SI1,1.03,5445
Very Good,I,VS2,2.01,15919
Ideal,E,VVS2,0.43,1135
Premium,E,SI2,1.15,4250
Premium,H,VS1,1.21,7223
Very Good,E,SI1,1.01,4912
Very Good,J,VVS1,0.72,2093
Ideal,E,SI2,0.85,3189
Ideal,F,I1,1.63,7100
Very Good,I,SI2,0.78,2271
Very Good,D,SI1,1.01,5832
Premium,D,VS2,0.51,1807
Ideal,E,VVS1,0.32,917
Premium,H,SI2,1.0,3584
Premium,E,SI2,1.02,4478
Premium,F,VS2,0.73,2841
Good,F,SI2,0.92,3282
Very Good,G,VS1,0.9,4872
Good,I,SI1,1.1,4312
Premium,E,VS1,0.38,1000
Ideal,E,VS2,0.3,844
Good,F,VS2,0.7,2362
Good,G,IF,0.3,956
Ideal,E,SI2,0.41,683
Premium,J,SI1,0.8,2227
Ideal,G,IF,0.31,891
Ideal,G,VS1,0.35,706
Very Good,E,VVS1,0.23,530
Ideal,G,VS1,1.01,6618
Ideal,F,SI2,1.01,3733
Premium,D,SI1,0.31,732
Ideal,G,SI1,0.38,629
Ideal,D,VS1,0.62,2508
Ideal,H,VS1,0.52,1699
Good,H,SI1,0.9,3357
Ideal,E,VVS2,0.44,1274
Premium,E,VS1,0.39,1097
Very Good,D,SI1,0.7,2757
Ideal,F,SI2,0.33,413
Very Good,H,SI1,0.71,2210
Ideal,E,VS2,1.0,6720
Ideal,E,SI1,0.3,675
Very Good,D,VS2,0.52,1847
Very Good,F,SI1,0.31,459
Very Good,E,IF,0.38,1409
Very Good,D,SI1,0.32,589
Ideal,G,VS2,1.01,6159
Premium,F,SI1,0.43,1016
Ideal,G,VS2,1.06,6128
Ideal,J,SI1,0.43,708
Ideal,D,SI1,0.31,571
Ideal,H,VVS1,0.53,1743
Ideal,E,VVS2,0.3,766
Ideal,D,SI1,0.56,1814
Very Good,E,SI1,0.91,4211
Ideal,H,VVS1,0.57,1961
Premium,G,VS1,1.01,6163
Ideal,F,VS1,1.28,11580
Ideal,H,SI1,1.06,4120
Premium,F,SI1,0.32,533
Premium,I,VS1,0.32,505
Ideal,G,VS2,1.07,6324
Premium,G,SI2,1.05,3828
Good,F,VS2,1.5,13853
Very Good,D,VS2,0.52,1822
Ideal,E,SI1,0.72,2857
Very Good,E,VS2,0.57,1851
Very Good,H,VS2,0.7,2330
Very Good,H,VS2,0.56,1576
Ideal,D,VVS2,0.54,2583
Ideal,H,VVS1,0.3,636
Premium,G,SI1,0.38,666
Premium,F,SI2,1.21,4310
Ideal,H,VS2,0.32,648
Ideal,H,SI1,1.1,5424
Ideal,F,VVS2,0.51,1998
Good,F,SI1,0.43,739
Very Good,F,VS1,0.7,2889
Very Good,F,VS1,0.72,3219
Premium,E,SI1,0.42,926
Premium,E,SI1,1.53,12499
Ideal,E,SI1,1.05,5436
Premium,F,IF,0.31,914
Ideal,E,SI1,0.51,1649
Premium,E,SI1,0.5,1415
Good,H,SI2,0.9,2934
Ideal,G,VVS2,0.52,1911
Premium,I,VVS2,0.32,561
Premium,H,VS2,0.32,648
Very Good,D,VVS1,0.27,721
Very Good,H,VS2,0.7,2312
Ideal,E,SI1,0.7,2948
Ideal,G,VVS2,0.53,2051
Premium,D,SI1,0.38,941
Ideal,I,VS1,0.28,448
Very Good,J,VVS2,2.03,16043
Very Good,F,VS1,0.51,1697
Good,F,SI2,0.63,1240
Premium,E,SI1,0.31,651
Very Good,H,SI2,1.5,8184
Very Good,F,VVS2,0.58,2189
Fair,F,SI1,0.67,1642
Premium,H,SI2,0.89,2610
Premium,E,SI2,0.94,3825
Ideal,E,VVS2,0.32,883
Ideal,D,SI1,0.59,1816
Very Good,F,VS2,0.7,2507
Good,E,VVS1,0.3,739
Good,F,SI2,0.91,3058
Ideal,G,VS1,1.1,6984
Premium,D,SI1,0.5,1363
Ideal,G,VVS1,0.4,1123
Very Good,F,SI2,1.01,3945
Very Good,E,VVS2,1.04,8748
Ideal,F,VVS2,0.58,2380
Very Good,E,VVS1,0.23,530
Good,E,SI2,0.71,2215
Ideal,H,VVS1,0.38,903
Ideal,F,SI1,0.53,1639
Premium,F,VS2,0.56,1654
Premium,I,VVS1,0.34,803
Very Good,E,VVS2,0.41,1233
Premium,F,SI1,1.51,11817
Fair,E,VS2,0.31,814
Very Good,G,VS1,0.3,565
Very Good,E,VVS1,0.28,707
Premium,F,SI1,0.64,1901
Ideal,G,SI1,0.71,3007
Premium,G,SI1,1.04,4948
Premium,I,SI2,2.04,15543
Good,G,VS2,0.9,4210
Good,E,SI1,0.53,1246
Premium,H,VS2,1.06,5205
Very Good,I,SI1,1.01,3563
Premium,F,SI1,0.48,1110
Premium,H,SI1,0.32,591
Premium,F,VS2,0.55,1698
Very Good,F,VVS1,0.24,552
Ideal,I,VS2,0.52,1152
Ideal,G,VS2,1.02,5816
Ideal,F,VVS2,0.27,760
Premium,G,VS1,0.33,666
Ideal,I,SI2,2.61,18756
Premium,D,VS2,0.31,942
Premium,E,SI1,0.33,743
Ideal,F,IF,0.32,943
Ideal,E,SI1,0.72,2608
Premium,E,SI2,2.01,14948
Ideal,D,VS1,0.43,1207
Very Good,I,VS1,1.72,12451
Premium,G,SI2,0.7,2268
Very Good,F,VS2,0.32,602
Ideal,E,VS1,0.3,670
Fair,F,VS2,1.01,6271
Premium,H,VS1,0.31,698
Ideal,D,VS2,0.7,3360
Good,E,I1,1.52,3105
Premium,F,SI2,0.71,2409
Ideal,D,VS1,0.45,1330
Very Good,G,VS1,1.7,16955
Very Good,F,VS2,0.51,1601
Premium,D,SI2,0.4,855
Ideal,E,SI1,0.41,824
Premium,F,SI2,0.8,2762
Very Good,G,VS1,0.57,1648
Premium,H,VS1,1.1,5673
Good,H,VS1,1.51,10819
Ideal,G,VVS1,0.38,973
Good,G,SI2,1.14,4501
Very Good,J,VS2,0.93,3180
Ideal,D,VS2,0.51,1787
Ideal,E,SI1,0.5,1331
Premium,G,SI2,2.2,15897
Very Good,F,VVS1,0.26,657
Ideal,F,SI2,0.71,2291
Very Good,E,VS1,0.71,3009
Premium,I,VS2,1.31,5832
Very Good,G,SI1,2.01,18077
Ideal,H,VS1,0.44,1089
Ideal,H,VS2,0.32,648
Good,F,VS2,1.5,12693
Good,H,SI2,0.7,1999
Ideal,H,SI1,0.79,3167
Ideal,F,IF,0.3,886
Ideal,E,SI1,0.53,1607
Ideal,G,VVS2,0.54,2090
Very Good,H,VVS2,0.33,614
Ideal,E,VS2,0.4,1090
Ideal,E,VVS1,0.38,1267
Ideal,F,VS2,0.56,1672
Ideal,E,VS2,0.33,928
Good,G,VVS1,0.4,1013
Premium,E,SI2,1.37,6751
Ideal,G,VS2,1.51,13752
Fair,I,SI1,0.9,2804
Premium,E,SI2,0.7,2135
Premium,H,SI2,1.09,4395
Ideal,D,VS1,0.26,452
Premium,H,SI2,2.3,14042
Good,E,SI1,1.01,5627
Premium,D,VS1,0.37,941
Ideal,F,SI2,0.56,1279
Ideal,J,VVS2,0.4,662
Good,E,VS2,0.7,2793
Premium,F,SI1,1.2,6250
Premium,G,VS2,0.34,765
Premium,D,VS2,0.3,911
Ideal,F,SI1,0.77,2717
Ideal,E,SI1,0.51,1438
Ideal,E,SI1,0.72,2626
Premium,E,SI2,1.21,6071
Very Good,G,VS2,1.25,8941
Ideal,G,VS2,0.53,1607
Very Good,E,VS2,0.64,2114
Premium,J,SI1,1.09,4046
Good,J,VS2,0.57,1100
Ideal,G,VS1,0.3,624
Ideal,E,SI1,0.79,3171
Ideal,E,SI2,1.01,4808
Premium,G,VVS2,0.34,775
Premium,D,VS2,1.08,7683
Ideal,E,VS1,1.51,18729
Ideal,F,SI1,0.99,6038
Premium,E,SI1,0.92,4379
Very Good,F,VS2,0.43,804
Ideal,J,VS2,0.57,1113
Ideal,G,IF,0.3,863
Ideal,F,VVS1,0.47,1779
Very Good,E,SI1,0.4,684
Ideal,F,VS2,0.57,1760
Ideal,G,VVS2,0.71,3307
Premium,G,VS2,1.51,13194
Very Good,G,VS1,1.5,13596
Ideal,E,VS1,0.38,866
Ideal,D,VS1,0.51,1779
Ideal,H,SI1,1.29,6588
Ideal,G,VVS2,0.53,1867
Good,E,VVS2,0.7,2857
Good,H,VS2,0.7,2347
Very Good,F,VVS1,0.34,939
Ideal,G,VS2,1.02,5346
Premium,H,VS1,1.22,7105
Ideal,F,VS1,0.71,3710
Very Good,E,VS1,0.76,3415
Ideal,E,SI1,0.82,3979
Premium,H,SI1,0.9,3545
Fair,I,VS1,0.9,2732
Ideal,F,VS2,0.82,3453
Premium,J,SI1,1.51,6680
Very Good,E,VS2,1.51,14338
Ideal,E,VS1,0.4,1250
Ideal,I,SI1,0.31,418
Fair,I,VS2,0.7,2117
Premium,G,VS1,1.5,13736
Ideal,H,VS1,1.19,7181
Good,G,SI1,0.78,2386
Very Good,E,SI1,1.0,5322
Ideal,H,VS2,1.75,14033
Very Good,H,SI2,1.15,4418
Ideal,E,VVS2,1.09,10333
Good,I,SI1,0.72,1909
Ideal,D,SI1,0.31,565
Ideal,G,VS1,1.12,7632
Ideal,H,VS2,0.76,2668
Ideal,E,VS2,0.64,2238
Very Good,D,SI1,0.3,662
Very Good,H,VS2,0.32,505
Premium,E,SI2,1.58,7963
Ideal,G,VVS1,0.31,778
Very Good,G,VS1,0.33,652
Ideal,F,VVS1,0.4,1323
Premium,E,SI1,1.51,12530
Premium,E,VVS2,0.8,4229
Very Good,F,VVS1,0.31,830
Ideal,G,VS1,0.33,699
Ideal,I,SI2,1.18,4838
Fair,E,SI1,1.51,8869
Very Good,F,VS2,0.58,1914
Very Good,G,SI1,1.01,5049
Good,E,SI2,1.5,9281
Ideal,G,VS1,1.04,6831
Ideal,H,SI1,0.57,1304
Ideal,F,VVS2,0.51,2093
Ideal,G,SI1,0.71,2317
Ideal,H,VVS1,0.5,1648
Ideal,G,SI1,0.7,2965
Very Good,E,VVS2,0.3,622
Premium,F,SI1,1.0,5574
Fair,I,VS2,1.0,3265
Very Good,E,VS1,0.7,3154
Very Good,G,VS2,0.39,1009
Ideal,F,SI1,1.01,4559
Good,G,SI1,0.6,1350
Very Good,G,VS2,0.3,491
Ideal,D,SI2,0.52,1385
Premium,E,SI2,0.7,2307
Very Good,G,VS2,1.01,6291
Premium,I,VS2,2.01,15379
Very Good,E,SI1,0.84,3453
Very Good,F,SI2,0.74,1909
Very Good,F,VVS2,0.47,1418
Good,G,VS1,0.3,605
Ideal,G,SI1,1.15,6313
Ideal,G,SI1,0.7,2310
Premium,G,SI2,0.9,3326
Premium,E,VVS2,1.04,9882
Good,F,SI1,1.0,4679
Premium,H,SI2,0.81,2534
Very Good,H,VVS1,0.58,1979
Ideal,F,VS1,0.74,3593
Ideal,G,VVS1,0.53,1956
Very Good,D,SI2,0.5,1015
Very Good,F,VVS2,0.25,548
Premium,D,VS2,0.32,972
Ideal,G,VS2,1.57,13713
Ideal,F,SI2,1.3,6559
Ideal,I,SI1,0.4,573
Ideal,F,SI1,0.7,2840
Premium,E,SI1,0.3,526
Ideal,D,VS2,0.51,1787
Very Good,H,VS2,1.0,4978
Premium,E,VS2,0.48,1323
Premium,E,SI1,1.52,10963
Ideal,I,VS1,0.78,3105
Fair,D,SI1,1.01,5385
Good,I,VS1,0.72,2048
Ideal,F,SI1,0.79,3210
Fair,F,VS2,0.7,2762
Ideal,H,VS1,0.46,1401
Ideal,H,IF,0.32,814
Ideal,D,SI1,0.41,791
Premium,I,SI1,0.75,2273
Ideal,J,VS2,0.31,396
Ideal,G,VVS1,0.31,816
Very Good,D,SI2,1.04,4252
Ideal,J,VS1,2.02,15231
Very Good,G,SI2,0.8,2451
Very Good,G,VVS2,1.01,7226
Ideal,H,SI2,0.78,2012
Ideal,I,SI1,1.11,4771
Premium,D,SI1,1.01,4751
Good,E,VS2,1.01,5972
Good,I,SI1,0.55,1089
Very Good,F,VS2,0.3,605
Fair,G,VS2,1.01,4480
Ideal,D,SI2,0.43,716
Ideal,D,SI1,0.3,524
Premium,F,VS2,1.0,6608
Premium,E,VS1,0.5,2055
Good,E,SI2,1.1,4065
Ideal,F,SI2,1.52,10129
Ideal,I,SI1,2.01,15116
Good,H,VS2,0.51,1195
Ideal,H,VS1,0.31,717
Premium,G,SI2,0.71,1717
Good,F,SI2,2.02,15261
Ideal,E,SI2,1.12,3864
Very Good,G,SI2,0.7,2058
Premium,G,VS2,1.07,6471
Ideal,D,SI2,1.2,6636
Ideal,H,VS2,1.13,6670
Premium,E,VVS2,0.4,1056
Ideal,I,VS1,0.82,3071
Premium,G,SI2,0.71,2147
Ideal,H,SI1,1.1,6844
Fair,F,SI2,2.58,12500
Ideal,D,SI1,0.76,3732
Premium,H,VS1,0.89,3489
Premium,E,VS2,0.33,723
Ideal,F,VVS2,1.17,10351
Ideal,G,VVS2,0.52,2238
Premium,D,VVS1,0.41,1349
Ideal,E,VS1,0.37,999
Premium,H,SI2,0.78,1846
Very Good,E,SI1,0.9,4144
Ideal,I,SI1,0.53,1038
Good,G,I1,1.5,3179
Ideal,F,VVS1,0.3,814
Ideal,E,SI1,0.7,2575
Premium,D,SI1,0.72,2691
Premium,G,SI2,0.54,1195
Very Good,F,SI2,0.78,2515
Ideal,F,VS1,0.72,3265
Ideal,F,SI1,0.3,475
Ideal,I,VS1,1.22,6459
Ideal,G,VS1,0.57,1851
Very Good,I,SI1,1.51,8856
Premium,G,VS2,1.64,14201
Ideal,F,SI2,0.52,1226
Ideal,F,VS2,0.58,1657
Premium,F,SI1,0.7,2463
Ideal,D,VS2,0.3,790
Ideal,G,IF,0.61,2575
Very Good,F,VVS2,0.5,1942
Ideal,G,VS1,1.08,7551
Very Good,G,SI2,0.71,2081
Ideal,I,VS1,1.23,6435
Ideal,D,VS2,0.38,929
Ideal,G,VVS2,0.51,1974
Premium,D,VS2,0.5,1845
Ideal,H,VS2,1.22,7506
Ideal,G,IF,0.6,2570
Ideal,J,SI1,0.95,3275
Premium,I,SI1,2.01,14752
Ideal,H,SI1,1.06,5020
Very Good,H,VS1,0.28,429
Ideal,D,SI1,0.41,791
Ideal,E,SI1,0.4,1074
Premium,H,SI1,0.72,2277
Ideal,G,VS2,0.9,4773
Premium,H,I1,1.13,3544
Ideal,H,IF,0.5,1844
Very Good,F,VS2,1.1,6987
Premium,I,VS2,0.38,633
Good,F,SI2,0.34,447
Premium,E,SI1,0.35,788
Premium,J,SI1,0.3,450
Very Good,H,SI2,1.1,4422
Premium,E,VS2,0.34,893
Fair,G,SI2,2.5,14194
Premium,E,VS2,1.07,7670
Good,H,SI2,0.96,3454
Very Good,G,SI1,0.3,432
Premium,G,SI2,1.02,3892
Very Good,F,SI2,0.5,1020
Premium,F,VS2,0.61,2075
Ideal,E,SI1,0.59,1630
Ideal,D,VS2,1.55,17441
Very Good,J,VS1,0.3,394
Fair,F,VS2,0.51,1602
Good,F,VS2,1.02,6397
Premium,F,SI2,2.09,18002
Premium,I,VS2,1.69,10600
Good,I,VS1,0.31,628
Premium,G,SI2,0.82,2512
Good,D,SI2,1.01,4260
Premium,E,VS2,0.3,658
Very Good,J,VS2,0.31,380
Premium,I,SI2,1.51,6173
Premium,H,SI2,0.91,3498
Premium,G,VS2,0.41,827
Ideal,G,VS1,1.23,8970
Ideal,E,SI1,0.76,3087
Very Good,I,SI2,1.6,7906
Ideal,G,IF,0.31,988
Very Good,H,VS2,1.05,5370
Ideal,E,VS2,0.41,935
Very Good,G,VVS2,0.3,638
Premium,G,VS2,1.09,6592
Ideal,F,SI2,1.5,9996
Very Good,F,SI1,0.73,2675
Ideal,E,VS2,0.76,3079
Ideal,H,IF,0.34,863
Ideal,G,VS2,0.51,1443
Good,F,SI1,0.9,3950
Ideal,I,VS2,0.31,558
Ideal,G,VVS2,0.34,775
Ideal,G,VVS1,0.5,1883
Ideal,H,IF,0.72,3257
Ideal,G,VVS1,0.3,764
Premium,I,SI1,1.2,5510
Ideal,F,VS2,0.52,1625
Good,G,SI1,0.43,704
Premium,G,SI1,0.91,3975
Ideal,E,VS2,0.71,3304
Ideal,E,SI1,0.3,499
Very Good,G,SI1,1.2,6526
Ideal,G,VS2,1.01,6340
Very Good,F,SI1,1.51,9417
Premium,G,SI1,1.02,5169
Ideal,J,VS2,1.55,8498
Ideal,G,VVS2,0.32,936
Very Good,E,VVS2,0.23,458
Premium,F,SI1,0.51,3360
Premium,D,SI2,0.67,1819
Ideal,F,VS2,0.31,625
Ideal,G,VVS2,0.54,1981
Premium,J,VS1,1.22,5910
Very Good,I,VVS1,0.7,2390
Premium,D,VVS2,1.0,10046
Ideal,E,VVS2,0.27,799
Very Good,E,VS2,0.3,658
Premium,H,SI1,0.41,876
Ideal,I,SI1,0.36,505
Good,F,SI2,1.5,7738
Very Good,G,VS2,1.43,10419
Fair,G,SI1,1.0,4163
Ideal,E,IF,0.31,1319
Very Good,J,VS2,1.06,4413
Good,E,SI1,1.01,4480
Very Good,D,SI2,1.01,4064
Ideal,G,VVS2,1.13,8889
Ideal,H,VVS2,1.3,8954
Premium,G,VS2,0.31,471
Premium,H,SI1,1.07,5123
Ideal,F,SI1,0.87,4188
Very Good,G,SI1,0.97,4504
Premium,G,VVS2,0.4,1050
Ideal,D,SI1,1.55,9565
Good,G,SI1,1.03,4679
Good,F,VVS1,0.36,858
Premium,I,VVS2,0.32,720
Ideal,E,VS2,0.74,3189
Very Good,F,SI2,0.91,3496
Ideal,G,VS2,1.04,6458
Ideal,D,SI1,0.42,970
Very Good,E,SI1,0.4,882
Ideal,G,VS1,0.6,2147
Ideal,G,SI1,0.36,725
Premium,H,VS2,1.52,11066
Ideal,E,VS1,0.55,1975
Very Good,E,VS2,0.5,1446
Very Good,F,VVS2,0.42,1131
Ideal,E,SI1,1.01,6346
Premium,G,VS2,0.31,698
Premium,H,VS2,1.23,5979
Ideal,D,SI1,0.34,596
Good,D,SI1,0.3,552
Premium,E,VS2,1.63,13678
Ideal,D,VS2,0.31,942
Premium,I,VVS2,1.56,8858
Ideal,G,VVS1,0.41,1123
Premium,I,VVS1,0.71,2572
Ideal,G,VS1,0.3,776
Ideal,E,SI2,0.31,435
Premium,E,VS2,0.57,1645
Very Good,F,VS1,0.7,2959
Good,G,SI1,0.71,2215
Ideal,F,SI1,1.57,12432
Premium,D,SI1,0.55,1698
Ideal,H,VS2,1.62,12542
Ideal,H,VVS1,0.55,1741
Very Good,I,SI1,1.2,5226
Premium,D,SI2,1.19,5504
Very Good,G,SI1,1.02,5291
Ideal,J,SI2,1.03,4008
Very Good,G,VVS2,0.28,522
Premium,H,SI2,0.34,536
Very Good,J,SI1,2.0,11404
Ideal,E,VS1,0.55,1975
Very Good,I,SI1,2.22,17160
Very Good,J,SI1,2.5,17028
Ideal,F,VS2,0.36,759
Very Good,E,VS2,0.51,1640
Very Good,E,VVS1,0.41,1057
Premium,D,SI2,0.35,669
Ideal,H,VS2,0.5,1400
Ideal,D,SI1,0.34,803
Premium,I,SI1,1.09,4090
Premium,H,SI2,2.15,17221
Ideal,D,VS2,0.36,1094
Ideal,H,VS1,0.42,1299
Very Good,H,SI2,1.96,13099
Ideal,G,VS1,0.53,1813
Good,F,SI2,0.9,3267
Good,F,SI1,0.34,581
Premium,J,SI2,0.83,2241
Good,H,VS2,0.9,3890
Premium,D,IF,1.02,15231
Very Good,G,VVS2,0.46,1216
Good,I,SI1,0.33,572
Ideal,I,VS2,1.0,4841
Premium,D,SI1,0.32,589
Good,G,VVS2,0.3,684
Very Good,G,VS1,0.31,625
Very Good,G,VVS2,0.3,598
Premium,D,SI1,0.34,803
Premium,F,SI2,1.07,4366
Good,E,SI2,1.0,3752
Ideal,E,SI1,0.51,1443
Ideal,D,SI2,1.05,4932
Very Good,I,SI1,0.7,2021
Very Good,G,VS2,0.3,491
Ideal,I,VS2,0.79,3710
Ideal,H,SI1,0.3,540
Ideal,E,VVS2,0.41,1243
Premium,E,VS2,0.36,1013
Very Good,E,VVS2,1.06,9997
Premium,I,SI2,1.11,4120
Very Good,D,VS2,0.4,918
Premium,H,VS2,1.0,4514
Very Good,E,VVS2,0.23,505
Ideal,I,IF,0.43,1129
Good,E,VS2,1.01,6522
Very Good,D,SI1,0.41,838
Good,E,VVS2,0.42,1042
Ideal,D,VS2,0.35,829
Premium,I,VS2,1.21,5502
Ideal,G,VS1,0.33,666
Premium,G,VS1,0.32,828
Premium,G,VS1,0.35,906
Premium,I,VS2,1.24,4858
Premium,G,VVS2,1.53,15365
Ideal,E,VS2,0.71,3773
Good,D,SI2,0.31,462
Ideal,H,SI2,1.01,4129
Premium,I,VS2,1.2,5006
Very Good,D,VS1,1.5,16407
Ideal,F,VS2,0.4,1080
Very Good,D,VS2,0.52,1664
Premium,I,VS2,1.12,5027
Premium,H,VS1,0.4,1035
Ideal,D,SI1,0.3,709
Very Good,F,SI1,0.55,1370
Ideal,E,SI1,0.41,969
Ideal,F,SI2,0.61,1270
Very Good,E,VS1,0.78,3420
Premium,D,SI2,1.75,13485
Ideal,G,VVS2,0.32,730
Premium,H,VVS1,0.39,990
Premium,E,SI2,0.4,798
Ideal,J,SI1,1.2,4831
Ideal,G,VVS1,0.55,2077
Premium,D,SI2,0.4,855
Premium,H,SI1,1.13,5050
Good,F,SI2,2.01,16231
Ideal,G,VVS2,1.3,11175
Very Good,H,SI1,0.5,1068
Premium,F,SI2,1.02,4459
Ideal,E,VVS2,1.01,9483
Premium,F,SI2,1.04,4507
Premium,F,SI1,1.04,5650
Very Good,I,I1,1.39,3914
Very Good,F,VVS1,0.24,478
Ideal,I,VS2,1.55,9233
Premium,E,SI1,0.81,3270
Very Good,D,VS2,1.02,6909
Ideal,G,VVS1,0.31,743
Ideal,G,VVS2,0.34,995
Very Good,E,SI1,0.51,1330
Ideal,F,SI2,0.55,1175
Ideal,G,VS1,0.25,454
Ideal,H,SI2,1.15,4959
Ideal,D,VVS1,0.38,1915
Very Good,I,VS2,0.77,2054
Ideal,E,SI1,0.52,1577
Premium,E,VS2,0.4,975
Premium,E,SI2,1.0,4620
Very Good,D,SI1,0.7,2804
Ideal,G,VS2,1.54,13110
Ideal,G,VVS2,0.33,713
Premium,F,SI2,1.02,3686
Ideal,J,SI1,1.27,5455
Ideal,G,VS1,1.02,7055
Very Good,E,VS1,0.32,792
Ideal,F,VS2,0.31,802
Good,G,VS2,0.6,1793
Very Good,G,SI2,0.7,1966
Premium,G,VS2,0.32,720
Ideal,J,SI1,1.5,6745
Ideal,G,VS2,0.51,1450
Very Good,F,SI1,0.6,1599
Ideal,D,SI2,1.63,10281
Ideal,I,VS1,0.45,825
Premium,D,SI1,1.51,12738
Ideal,E,VS2,0.71,3247
Very Good,F,SI1,1.01,5174
Premium,D,SI1,0.38,733
Very Good,E,SI1,1.01,5556
Ideal,E,IF,0.34,1163
Good,G,VVS2,0.5,1806
Very Good,E,VVS1,0.31,752
Premium,D,VS1,1.01,6733
Ideal,G,SI2,1.09,4670
Very Good,G,VVS2,0.29,541
Good,F,VS2,1.01,6446
Premium,G,VS2,1.1,6032
Good,I,SI1,1.51,8097
Ideal,F,VVS2,0.24,526
Premium,E,VS1,0.33,781
Premium,D,SI1,0.33,608
Premium,H,SI2,2.13,17073
Premium,G,SI1,1.7,13417
Premium,E,SI1,0.92,4482
Ideal,I,VS1,0.73,2397
Premium,E,VS2,0.84,3591
Good,E,SI1,1.32,6830
Fair,J,VS1,1.0,3080
Very Good,F,VS1,0.52,1748
Premium,F,VS1,0.46,1367
Ideal,E,VS2,0.71,3381
Very Good,F,VS2,0.34,686
Very Good,F,SI2,1.52,7320
Premium,G,SI2,0.97,4101
Premium,G,SI1,0.41,719
Ideal,E,VS1,0.52,1668
Ideal,D,IF,0.27,893
Ideal,E,VVS2,0.71,4467
Good,G,SI2,1.86,9791
Very Good,F,SI1,1.01,5713
Fair,H,SI2,1.0,2875
Ideal,G,SI2,1.54,9359
Very Good,G,VS2,0.3,644
Premium,G,VS1,0.38,1069
Very Good,F,SI1,0.7,2553
Ideal,E,VVS2,0.4,1106
Ideal,E,VVS2,0.3,789
Premium,I,VS1,0.73,2371
Very Good,G,VVS2,0.4,982
Ideal,F,VVS1,0.24,526
Very Good,F,VS2,1.52,14217
Very Good,G,VVS1,0.45,1327
Ideal,E,SI1,0.34,596
Premium,I,SI1,0.72,1922
Premium,D,VS2,0.53,1956
Very Good,G,SI1,1.04,4724
Ideal,I,VS2,0.3,438
Very Good,H,SI1,0.37,491
Ideal,J,VVS1,0.4,704
Premium,F,SI2,1.0,4749
Ideal,I,SI2,2.0,13921
Ideal,E,VS2,0.57,1819
Very Good,G,SI2,1.21,4887
Ideal,I,VS2,1.23,6817
Good,J,SI2,1.23,4992
Good,G,SI1,0.31,462
Ideal,F,SI2,0.54,1065
Ideal,G,VVS1,0.3,764
Premium,J,VS1,1.55,8593
Premium,G,SI2,0.81,2482
Ideal,D,SI1,0.53,1631
Ideal,D,VVS2,0.7,4369
Ideal,E,VS2,0.57,2202
Very Good,I,VS2,0.9,3489
Premium,I,SI1,1.1,4805
Ideal,F,VS1,0.41,1076
Very Good,G,VS1,0.33,681
Very Good,G,VVS1,1.28,11214
Ideal,G,VVS1,0.51,1839
Good,I,SI1,1.2,5280
Premium,D,SI2,2.03,18286
Ideal,H,SI1,0.76,3050
Very Good,I,SI2,1.01,4047
Premium,I,VS1,1.29,6877
Very Good,H,SI1,2.0,18803
Premium,D,SI2,0.4,666
Ideal,J,SI2,1.1,4157
Ideal,F,SI1,1.27,5761
Very Good,H,SI1,2.01,16901
Good,D,VS2,0.9,4682
Very Good,H,VVS2,1.7,14275
Ideal,F,VVS2,0.4,990
Ideal,D,SI2,0.33,631
Ideal,F,VS2,0.56,1814
Premium,E,SI2,0.51,1205
Good,D,SI2,1.03,3743
Very Good,D,SI2,0.31,462
Very Good,D,VS1,0.5,1715
Ideal,H,SI1,1.21,6025
Ideal,J,VVS2,0.72,2136
Good,H,SI2,0.9,3114
Ideal,I,VS2,1.16,5207
Ideal,F,VS2,0.33,854
Premium,H,SI1,1.01,5090
Ideal,H,SI1,0.32,471
Premium,I,VS2,0.71,2300
Ideal,E,VS1,0.31,692
Ideal,G,VVS1,0.46,1800
Ideal,H,SI1,1.21,6069
Ideal,G,SI1,1.51,10993
Ideal,D,SI2,0.53,1412
Premium,E,VVS2,0.3,789
Ideal,F,IF,0.31,914
Fair,H,SI2,2.52,13846
Premium,I,VS1,1.51,9513
Ideal,J,SI2,1.1,4226
Ideal,D,VVS2,1.07,12545
Premium,H,SI1,0.42,898
Premium,E,VS1,0.7,2782
Ideal,I,SI1,1.2,5694
Premium,J,SI1,0.82,2168
Very Good,F,SI1,0.55,1449
Ideal,H,SI1,0.67,1550
Good,I,VS1,1.2,5818
Very Good,F,SI1,1.0,4088
Ideal,D,SI2,0.31,593
Very Good,I,SI1,0.95,3378
Ideal,G,VVS1,0.3,789
Premium,G,VS1,0.7,2512
Premium,G,SI1,0.31,593
Ideal,F,VVS2,1.04,10804
Ideal,F,SI2,1.02,4398
Premium,H,SI2,1.1,4558
Ideal,H,VS2,1.08,6411
Good,G,VS1,0.9,4401
Very Good,F,VS2,0.6,1772
Ideal,E,VS2,1.39,11726
Premium,H,SI1,0.54,1154
Ideal,D,VS1,1.16,10241
Ideal,G,VS2,1.4,10311
Premium,J,IF,0.32,533
Good,E,SI2,0.5,1181
Ideal,F,VVS1,0.39,1124
Premium,I,SI2,0.74,2042
Premium,D,SI1,0.41,791
Ideal,G,VS1,0.73,3342
Ideal,E,VS2,0.3,603
Good,F,SI1,0.7,1878
Ideal,I,SI2,0.4,612
Premium,I,VS2,0.33,463
Very Good,I,VS1,0.3,473
Ideal,F,VVS2,0.51,2082
Premium,F,VVS1,1.3,14196
Good,F,SI2,1.52,9028
Premium,E,VS1,0.56,2032
Good,E,VS2,0.8,3365
Very Good,G,SI2,0.71,2086
Premium,J,VS2,1.25,5396
Very Good,G,SI1,1.03,5024
Ideal,G,SI1,0.85,3023
Very Good,D,VVS2,0.62,3050
Ideal,H,SI2,1.23,6088
Premium,G,VS1,0.34,821
Ideal,I,VS2,1.57,10278
Ideal,H,SI2,0.41,787
Fair,H,SI1,0.9,3387
Ideal,I,SI1,2.24,18299
Ideal,E,VS2,0.51,1675
Premium,E,SI2,0.7,2215
Ideal,F,VVS2,1.07,10093
Ideal,D,VS2,0.71,3321
Ideal,G,SI1,0.61,1659
Ideal,E,SI2,1.19,5822
Very Good,F,SI1,1.01,5975
Ideal,D,SI1,0.52,1600
Ideal,H,SI2,1.21,5692
Ideal,H,IF,0.43,1304
Ideal,G,VS1,0.31,645
Ideal,D,SI1,0.74,2987
Ideal,H,VS2,1.06,5669
Very Good,E,VVS2,0.31,816
Premium,G,VS2,0.57,1728
Very Good,E,VVS2,0.23,505
Premium,F,VS2,0.51,1574
Ideal,G,SI1,2.01,18736
Premium,D,SI1,0.51,1687
Premium,E,VVS1,0.41,1367
Ideal,D,VS2,1.26,8256
Ideal,H,VVS2,0.51,1877
Premium,H,VS1,1.5,11088
Very Good,G,VVS1,1.2,9139
Premium,H,VVS1,0.32,936
Premium,F,VS1,1.27,10028
Ideal,E,VS2,0.51,1656
Premium,F,VS1,0.7,2669
Fair,G,I1,0.98,1932
Ideal,D,SI1,0.53,1587
Ideal,G,VVS2,1.33,12345
Very Good,E,VVS1,0.27,620
Ideal,G,IF,0.28,650
Very Good,F,VVS1,1.0,9201
Ideal,G,VVS2,0.3,665
Ideal,H,VVS1,0.31,687
Ideal,E,SI2,0.53,1229
Ideal,F,VS1,0.55,1805
Ideal,F,VVS1,0.43,1422
Ideal,G,VS1,1.76,18178
Ideal,F,SI2,0.57,1432
Ideal,I,SI2,1.76,9540
Ideal,G,VVS2,0.5,1935
Ideal,I,VS2,0.31,452
Ideal,H,VS1,1.31,8617
Very Good,H,VS2,1.02,5335
Good,H,VVS1,0.45,1180
Ideal,H,SI1,1.26,7400
Ideal,G,VVS2,0.58,2132
Premium,H,VS2,0.38,898
Ideal,J,VS1,1.51,8524
Ideal,D,SI1,0.7,2822
Ideal,I,VS2,1.53,9189
Ideal,G,IF,0.34,974
Ideal,G,SI2,0.4,622
Premium,G,SI2,0.5,1078
Ideal,F,VVS1,0.38,1257
Premium,G,SI1,0.31,593
Ideal,E,VS2,0.35,984
Premium,G,IF,0.32,1020
Ideal,F,VS1,0.3,621
Very Good,D,VS2,0.5,1752
Premium,F,SI1,0.72,2777
Ideal,I,SI1,1.2,5655
Premium,H,SI2,1.13,4619
Ideal,G,VS2,0.58,1758
Very Good,E,SI1,0.71,2420
Ideal,G,VS1,0.3,776
Good,F,SI1,0.43,984
Premium,H,VS1,1.51,10775
Premium,I,SI1,1.02,4113
Ideal,G,VVS2,0.51,1842
Fair,H,SI2,1.51,6291
Good,E,VS2,0.56,1736
Ideal,D,VS2,0.53,1809
Premium,F,SI1,0.34,727
Ideal,G,SI1,0.33,475
Very Good,H,SI1,1.0,4702
Ideal,G,VVS2,0.54,2060
Premium,E,SI2,1.02,4478
Premium,E,SI1,0.58,1794
Ideal,G,VS2,1.52,12840
Very Good,F,SI2,1.0,3906
Very Good,E,VS2,1.01,6221
Very Good,J,VS2,2.04,13825
Ideal,E,VS2,0.36,789
Very Good,I,SI1,1.23,5763
Very Good,H,SI2,1.0,3991
Premium,G,SI1,1.5,10087
Very Good,F,SI1,0.4,737
Ideal,J,VS1,0.38,605
Ideal,I,SI1,0.71,2319
Good,H,SI2,1.0,3472
Premium,G,VS2,0.32,561
Ideal,G,VVS1,0.31,789
Very Good,F,VS2,0.9,4627
Ideal,G,VS1,0.4,1125
Ideal,H,VS2,0.32,523
Ideal,G,VS2,0.34,596
Ideal,H,IF,0.61,2438
Premium,E,SI1,0.31,605
Premium,D,SI2,0.92,4168
Premium,E,VS2,0.31,680
Ideal,E,VS1,0.33,850
Ideal,I,VVS1,0.32,575
Ideal,G,VVS2,0.76,3927
Ideal,G,SI2,0.92,3697
Ideal,E,VS1,0.32,657
Premium,I,SI2,1.33,5765
Very Good,G,VVS2,1.0,7584
Very Good,F,VVS2,0.4,1088
Ideal,H,VS1,0.33,579
Premium,D,SI1,0.72,2954
Ideal,E,SI2,0.51,1265
Ideal,F,VS2,1.03,7550
Very Good,H,SI1,1.03,4326
Ideal,G,SI1,0.66,1885
Very Good,H,VS2,0.3,473
Ideal,H,SI1,1.16,5554
Good,I,VS2,0.9,3246
Ideal,G,VS1,1.24,10946
Premium,G,SI2,0.3,394
Ideal,F,VS2,0.38,1026
Very Good,D,VS1,0.55,2251
Premium,E,SI2,0.9,3599
Ideal,D,VS2,0.3,911
Premium,J,SI2,2.14,13205
Good,I,SI1,1.23,6165
Premium,H,SI1,0.3,540
Premium,J,VS2,0.73,1654
Premium,F,VS2,0.63,1960
Premium,E,VS1,0.52,1793
Good,H,SI1,0.32,591
Good,E,SI2,0.35,630
Premium,H,VS1,1.02,4827
Ideal,E,SI1,0.51,1437
Very Good,I,SI1,1.02,3927
Premium,H,VS2,1.02,5666
Ideal,G,VS2,0.56,1662
Very Good,G,SI1,0.5,1098
Ideal,D,SI1,0.54,1595
Ideal,G,VS1,1.04,7467
Premium,D,VS2,0.31,816
Very Good,E,SI1,0.58,1453
Good,I,VS2,2.07,18707
Ideal,F,VS2,0.54,1662
Very Good,E,SI1,0.3,526
Ideal,G,VS1,1.51,13818
Good,D,VS2,0.3,616
Very Good,F,SI1,1.01,4619
Premium,H,VS2,0.94,4264
Ideal,D,VS2,0.51,1807
Ideal,E,VS2,0.56,1915
Very Good,F,VS2,0.57,1754
Premium,D,SI1,0.42,810
Ideal,G,VVS2,1.15,8592
Ideal,H,VS2,1.24,8726
Very Good,H,VVS2,0.3,605
Ideal,I,SI1,1.06,4745
Very Good,G,SI1,0.96,4265
Ideal,G,VVS1,0.44,1202
Very Good,F,SI1,1.55,11957
Ideal,G,VS2,0.38,840
Good,G,SI1,1.26,6874
Ideal,D,SI2,1.14,5650
Fair,D,VS1,0.25,563
Ideal,F,SI1,0.71,2491
Very Good,G,SI1,0.32,505
Ideal,F,SI1,0.9,4657
Ideal,E,VVS1,0.33,906
Good,I,VS2,0.92,3785
Good,G,SI1,1.01,4195
Good,G,SI2,0.8,2484
Good,F,SI1,1.11,5769
Ideal,E,VS1,0.77,3697
Ideal,F,VS1,0.6,2142
Ideal,E,VS1,0.36,727
Ideal,G,SI1,1.58,11610
Very Good,G,VS1,1.09,6546
Premium,J,SI1,0.92,2858
Premium,E,SI1,0.92,4258
Good,E,VVS1,0.47,1613
Ideal,F,VVS1,0.39,1148
Ideal,H,SI2,1.04,4323
Ideal,I,VS2,1.32,7059
Very Good,D,VS1,0.5,1804
Ideal,E,VS2,0.71,3553
Premium,I,IF,0.46,1208
Very Good,G,VS2,1.0,5600
Ideal,F,SI1,0.3,609
Very Good,E,VS1,0.79,3827
Premium,G,SI2,1.4,7225
Very Good,I,VVS2,0.7,2367
Ideal,I,VVS2,0.79,4092
Good,G,SI2,0.31,408
Premium,G,SI2,1.05,3599
Premium,H,SI1,1.24,6686
Very Good,F,VS1,1.51,14976
Ideal,G,SI1,0.38,855
Very Good,G,VVS2,0.5,1723
Very Good,I,VS1,0.53,1393
Good,E,SI1,1.02,4443
Ideal,E,SI1,0.7,2929
Ideal,I,VS2,0.41,747
Very Good,H,VS1,0.61,2123
Very Good,G,VVS2,0.31,707
Ideal,F,VS1,0.41,1007
Ideal,D,SI1,0.51,1687
Very Good,G,VS1,0.53,1642
Good,E,VS2,0.95,5272
Ideal,E,VVS2,0.28,828
Ideal,E,VS1,0.3,670
Good,F,SI2,1.01,4049
Ideal,D,VS2,0.41,1007
Ideal,E,SI1,1.01,5068
Ideal,G,VVS2,0.31,907
Ideal,F,SI1,0.7,2665
Ideal,F,VS1,1.29,11197
Very Good,J,VS2,1.2,4963
Ideal,F,VVS1,0.57,2339
Very Good,J,SI1,0.71,1979
Good,J,SI1,1.3,5242
Very Good,H,SI1,0.31,446
Premium,G,VS2,1.0,5967
Ideal,G,VS1,0.53,1791
Premium,H,VS2,1.0,5069
Ideal,H,IF,0.57,2210
Good,H,SI2,1.51,7929
Ideal,F,VVS1,0.32,990
Ideal,D,SI1,1.0,5804
Premium,G,SI1,0.38,855
Very Good,F,VVS2,0.23,583
Ideal,I,IF,0.32,655
Ideal,H,SI1,2.25,14348
Ideal,D,SI1,0.56,1814
Premium,E,VS2,0.33,723
Very Good,E,VS2,0.75,3365
Very Good,I,I1,1.04,2745
Premium,G,SI1,0.42,945
Ideal,F,VVS2,0.58,2395
Ideal,E,VS2,0.52,1617
Very Good,H,VS2,0.9,4129
Ideal,D,SI2,0.33,492
Premium,E,SI2,1.0,4200
Ideal,F,VVS2,0.3,694
Good,F,SI1,0.4,945
Ideal,E,VVS1,0.5,2682
Ideal,F,SI2,1.12,4140
Fair,J,I1,2.15,5430
Ideal,D,VVS2,1.06,13588
Ideal,I,SI1,0.31,537
Ideal,E,VS2,0.43,981
Very Good,E,VS2,0.5,1624
Ideal,J,VS2,1.37,5831
Very Good,I,SI1,0.42,712
Ideal,F,VS2,0.53,1631
Ideal,J,SI1,1.04,4059
Premium,G,VS1,0.7,2496
Fair,F,SI1,1.55,10217
Good,H,SI1,0.91,3323
Ideal,H,VS2,1.9,12443
Premium,F,IF,1.13,12722
Ideal,E,VS1,0.57,1982
Ideal,H,SI1,0.91,4096
Ideal,H,IF,0.33,868
Ideal,I,VVS1,0.72,2654
Ideal,E,SI1,0.52,1330
Very Good,G,SI1,1.01,4719
Ideal,D,SI1,0.9,4523
Premium,D,SI2,1.02,4381
Ideal,D,SI1,0.31,732
Premium,D,SI1,1.53,10712
Fair,F,IF,0.62,2861
Good,J,SI2,1.27,4542
Very Good,F,VS2,1.2,9331
Very Good,D,VVS2,0.27,622
Ideal,H,SI1,0.61,1416
Very Good,D,VS2,0.3,710
Premium,G,VS1,1.58,12645
Premium,J,SI2,2.02,9728
Ideal,F,VS2,1.02,6734
Premium,D,SI2,0.41,818
Ideal,F,SI1,1.58,12621
Ideal,F,VVS1,0.34,967
Very Good,G,VS2,0.52,1408
Good,G,VS2,0.31,698
Good,F,SI2,0.7,1792
Very Good,E,VS1,0.3,640
Ideal,G,VVS2,0.31,907
Very Good,F,VS1,1.0,7350
Ideal,G,IF,1.05,8850
Ideal,G,VS1,1.6,17050
Very Good,G,VS2,0.59,1623
Premium,E,VVS2,0.31,1046
Good,H,VVS2,0.7,2611
Very Good,H,SI1,0.5,1133
Premium,G,VVS1,0.3,1013
Ideal,G,IF,0.35,910
Very Good,F,SI1,0.9,5122
Premium,I,SI1,2.01,11646
Ideal,E,VS1,0.52,1726
Ideal,E,VVS2,0.25,633
Very Good,H,VS1,1.57,11605
Premium,E,VS2,0.3,658
Very Good,I,SI2,1.61,7775
Premium,I,SI1,1.03,4441
Good,D,SI2,0.32,571
Premium,I,VVS2,1.7,11775
Very Good,G,SI2,1.07,4321
Fair,G,VVS2,0.23,369
Very Good,G,VVS2,0.3,878
Good,E,SI1,0.34,596
Very Good,G,SI1,0.4,795
Ideal,G,SI2,1.03,4582
Ideal,G,IF,0.31,891
Premium,F,SI1,1.64,12821
Very Good,F,SI2,1.0,3789
Ideal,H,SI1,0.31,558
Very Good,G,SI1,0.4,900
Premium,I,SI1,1.26,6068
Ideal,F,VS2,0.8,3429
Very Good,F,SI1,0.41,904
Fair,E,SI1,1.0,4844
Very Good,E,VS2,0.7,2737
Ideal,I,SI1,0.33,463
Ideal,E,VS2,0.35,767
Premium,D,SI2,0.83,3078
Ideal,E,SI1,1.07,4973
Ideal,H,IF,0.81,4111
Good,J,SI1,1.73,7847
Ideal,F,SI2,1.02,5115
Good,F,VS2,0.31,625
Premium,G,VVS2,0.33,752
Good,H,VS1,0.3,512
Fair,H,I1,1.29,2596
Ideal,F,VS2,1.01,7411
Ideal,G,VS2,0.77,3154
Ideal,F,SI1,0.52,1624
Premium,J,VS2,1.23,4338
Ideal,H,SI1,1.51,11062
Premium,H,VS2,0.72,2484
Ideal,G,VVS1,0.31,789
Premium,I,SI2,2.22,15184
Premium,J,SI1,1.5,7258
Ideal,D,VS2,1.52,12392
Very Good,G,VS1,0.7,2613
Premium,G,SI1,0.32,612
Ideal,I,SI1,0.4,596
Very Good,G,VVS1,0.3,1013
Premium,G,SI2,0.53,1173
Ideal,G,VVS2,0.26,545
Premium,H,I1,1.11,3205
Ideal,F,SI2,1.56,10210
Ideal,H,VS1,0.72,2585
Very Good,H,VVS1,0.44,986
Ideal,J,SI1,0.32,499
Ideal,E,SI2,1.01,4434
Premium,G,VS1,0.33,666
Ideal,I,SI1,1.22,5807
Very Good,F,SI1,1.06,4488
Premium,E,SI1,1.5,11233
Ideal,D,VS2,0.32,713
Ideal,J,VS2,1.2,4106
Very Good,H,VS2,0.71,2432
Very Good,D,SI1,0.6,1777
Premium,D,VS1,0.3,661
Very Good,F,IF,1.01,10800
Premium,H,SI1,1.72,12880
Ideal,G,SI1,0.4,741
Ideal,I,VS1,1.53,10560
Good,F,SI1,0.41,969
Very Good,E,SI1,0.9,4092
Premium,G,SI2,1.02,4486
Premium,E,SI1,1.0,5040
Premium,D,VS2,0.5,1980
Ideal,H,SI2,1.06,4402
Ideal,G,VS2,0.27,490
Very Good,H,SI2,2.2,11088
Ideal,J,SI1,1.52,7491
Very Good,E,SI2,2.0,16064
Ideal,E,SI2,0.55,1221
Ideal,F,SI1,1.04,5495
Very Good,D,VVS2,0.3,1010
Good,E,VS1,0.37,889
Premium,E,VS2,0.52,1576
Premium,H,VVS2,0.38,1069
Premium,H,VS2,1.2,6666
Ideal,D,VS1,0.55,2251
Premium,F,SI1,1.01,5202
Very Good,G,SI1,0.71,2184
Very Good,E,VS2,0.4,912
Very Good,H,SI2,0.54,1194
Premium,I,VS2,1.14,5008
Ideal,G,VVS1,1.07,8895
Premium,F,VS2,1.21,8139
Premium,H,VS2,2.03,18139
Ideal,D,SI2,0.74,2690
Ideal,H,SI1,0.27,383
Premium,G,SI1,1.27,7133
Ideal,I,IF,0.33,891
Premium,E,SI2,0.56,1297
Good,I,SI1,0.91,2348
Very Good,H,VS2,1.19,6819
Very Good,G,VS2,0.71,2895
Good,F,VS1,0.72,3002
Premium,J,VS1,0.33,557
Very Good,I,SI2,2.15,12100
Premium,I,VS2,1.7,9996
Ideal,E,SI1,0.71,3360
Ideal,D,VVS1,0.61,3625
Ideal,I,SI1,0.51,1122
Ideal,J,VS2,1.15,5125
Ideal,G,VVS1,0.42,1179
Premium,H,VS1,1.01,4779
Ideal,G,VS1,0.35,706
Ideal,F,VS2,0.41,1322
Premium,G,VS1,0.42,921
Premium,F,VS2,0.4,1080
Very Good,H,SI1,0.9,3447
Premium,F,VS1,0.5,1764
Ideal,G,VS1,0.59,2129
Very Good,D,SI1,0.59,1743
Ideal,G,SI2,0.72,2449
Good,G,VS2,1.02,6080
Good,F,VVS2,0.41,1150
Premium,F,SI1,0.32,684
Very Good,J,SI1,0.51,1071
Very Good,G,SI1,1.18,6286
Good,G,SI1,0.74,1865
Very Good,G,VS1,0.33,666
Very Good,E,SI1,0.94,4661
Ideal,D,SI1,0.58,1829
Ideal,D,SI1,0.3,709
Premium,D,SI2,1.21,5889
Ideal,G,VVS2,1.23,10646
Ideal,F,IF,0.3,886
Ideal,D,VS1,0.49,1934
Ideal,E,VS2,0.31,872
Ideal,I,VS1,1.02,4798
Very Good,E,VS2,1.02,6915
Premium,E,SI2,0.43,716
Ideal,H,SI2,1.05,3234
Very Good,H,SI1,0.3,421
Premium,J,SI2,2.22,13703
Ideal,H,VS2,0.51,1375
Premium,E,SI1,1.09,5628
Good,E,SI1,1.05,4967
Ideal,G,VVS1,0.3,764
Very Good,I,SI1,1.1,4537
Very Good,J,SI2,2.17,13782
Ideal,G,VS2,0.73,2839
Good,H,I1,2.06,6091
Premium,F,SI2,1.01,4497
Good,I,SI2,1.8,9979
Premium,H,VS2,1.54,10897
Ideal,I,VS2,1.54,9600
Very Good,G,VS2,1.06,6483
Premium,F,VS2,0.41,863
Ideal,D,VS1,0.54,2039
Ideal,E,VVS1,0.31,853
Ideal,G,VS1,1.02,7324
Very Good,H,SI1,1.0,4995
Ideal,D,VVS2,0.42,1210
Very Good,D,SI1,0.41,907
Good,J,SI2,1.2,4659
Premium,H,VS1,1.08,5818
Very Good,H,VVS1,0.3,878
Ideal,I,SI1,1.7,11228
Ideal,D,VVS1,0.52,3373
Very Good,F,SI1,1.0,4586
Ideal,E,SI1,0.92,4183
Ideal,I,SI1,1.51,8193
Ideal,J,VS2,1.6,9681
Ideal,F,VVS1,0.4,1323
Ideal,F,VVS1,0.41,1356
Premium,H,SI1,1.05,4558
Premium,F,VS2,0.35,706
Very Good,E,SI2,0.91,2963
Ideal,G,SI1,0.78,2496
Very Good,D,SI2,0.42,672
Very Good,F,VS1,0.41,1007
Fair,H,SI1,2.0,15762
Ideal,G,VS2,1.54,13794
Ideal,F,SI2,0.51,1139
Ideal,J,VVS2,2.07,16769
Very Good,H,SI1,1.17,6336
Very Good,H,SI1,0.71,2266
Premium,G,VS1,1.51,14375
Fair,J,SI1,1.35,5524
Ideal,I,VS2,0.31,452
Good,H,VS1,1.21,6748
Ideal,H,SI2,1.13,4911
Very Good,F,SI2,1.01,4416
Premium,D,SI2,1.04,5154
Premium,H,SI2,1.05,4234
Very Good,D,VS1,0.71,2841
Premium,H,VS1,1.12,5055
Very Good,J,VS1,0.39,790
Very Good,D,VS1,0.71,3145
Premium,H,SI1,1.02,4558
Very Good,E,SI2,0.9,3584
Very Good,H,VVS1,0.59,1870
Very Good,F,VS1,0.45,1179
Premium,I,VS2,1.13,4611
Good,F,VS1,0.8,3477
Ideal,G,VVS2,1.12,8592
Premium,F,SI1,1.51,11957
Very Good,H,SI1,1.2,6019
Ideal,F,SI1,0.7,3119
Ideal,F,VS1,1.51,16520
Ideal,F,VVS2,0.39,1097
Ideal,I,SI2,2.36,16707
Good,D,SI2,1.03,4177
Premium,H,VVS2,0.61,1752
Ideal,I,VS1,0.31,507
Very Good,J,VS2,0.7,1952
Ideal,D,SI1,0.53,1753
Premium,F,SI1,0.5,1125
Very Good,G,SI2,0.44,1016
Ideal,I,VVS1,0.56,1698
Premium,F,VVS1,0.31,982
Ideal,F,VS2,1.02,6509
Ideal,F,SI1,0.71,2838
Good,F,SI1,0.41,685
Very Good,G,VS2,0.7,2433
Very Good,F,VVS1,0.23,583
Ideal,F,VVS2,1.02,9870
Premium,E,SI1,1.06,5485
Ideal,E,VS2,0.7,3068
Ideal,G,VVS1,0.31,789
Premium,G,VS2,1.2,7795
Very Good,J,VS2,0.6,1262
Very Good,I,VS1,0.44,813
Ideal,F,VS1,0.71,3199
Premium,D,VS1,0.38,1067
Ideal,E,SI2,0.74,2501
Fair,F,VS1,0.77,3031
Ideal,I,VS1,1.52,10392
Good,F,VVS2,0.71,2956
Ideal,I,VVS2,0.33,743
Premium,D,SI1,0.43,993
Very Good,D,SI2,1.01,5252
Premium,D,VS1,0.76,3894
Very Good,I,VVS2,0.3,526
Very Good,E,VS2,0.51,1549
Very Good,J,VS1,1.59,8515
Premium,I,SI1,1.1,4312
Ideal,H,SI2,1.1,4733
Premium,G,SI1,0.7,2285
Very Good,G,SI2,0.9,3303
Ideal,G,SI1,1.01,5141
Ideal,G,VS1,0.33,666
Very Good,H,VS2,0.52,1289
Premium,G,SI2,1.3,5421
Ideal,I,SI1,1.58,9457
Very Good,H,VS1,0.9,4136
Premium,I,SI1,1.25,5390
Very Good,F,VVS1,0.3,832
Ideal,H,VVS2,0.51,1669
Very Good,I,VS1,0.77,2501
Ideal,E,VVS2,0.4,1090
Ideal,E,VVS1,0.37,1103
Fair,F,SI1,0.5,994
Ideal,G,IF,0.32,918
Good,E,SI1,1.0,5051
Very Good,H,VS2,0.28,429
Ideal,G,VVS2,0.55,1799
Very Good,D,SI2,0.94,3691
Very Good,E,VS2,0.59,1789
Ideal,H,SI1,0.38,680
Premium,D,VS1,0.42,1179
Premium,I,SI1,2.06,14488
Very Good,E,VVS2,1.01,9002
Good,D,SI2,0.42,653
Premium,E,SI1,0.33,579
Very Good,E,SI1,0.7,2643
Good,F,SI2,1.13,4998
Ideal,D,SI2,0.84,3246
Ideal,F,VVS1,0.32,854
Very Good,G,VVS2,1.51,15110
Very Good,J,SI2,1.0,3991
Good,F,SI1,1.0,4844
Ideal,I,VS2,0.4,667
Very Good,F,SI2,0.43,679
Ideal,E,SI2,0.41,818
Good,H,VS2,0.3,473
Very Good,J,VS2,0.91,3299
Premium,G,VS1,0.3,605
Premium,F,SI2,0.9,3704
Ideal,G,VS1,1.03,7880
Ideal,G,VS1,0.35,906
Good,I,SI1,1.52,9129
Premium,I,VVS1,0.54,1637
Very Good,F,VS1,0.42,1031
Very Good,E,VVS2,0.5,2003
Premium,H,SI1,1.2,6451
Very Good,F,VS2,0.91,4434
Ideal,G,IF,0.34,974
Very Good,E,SI2,0.52,1120
Ideal,D,VVS2,0.42,1326
Very Good,E,VS1,0.41,931
Good,G,SI1,0.53,1363
Ideal,E,VVS2,0.31,864
Premium,D,VS2,0.7,2859
Ideal,H,SI1,0.93,3844
Fair,H,SI2,0.9,2883
Ideal,J,VVS2,0.31,468
Very Good,G,VVS2,1.01,7885
Premium,F,VVS1,0.4,1323
Ideal,D,VS1,0.55,2020
Ideal,G,VVS2,0.28,586
Very Good,F,VS2,0.9,5160
Very Good,H,VS1,1.36,9178
Premium,I,VS1,0.7,2234
Very Good,H,SI2,1.22,5233
Premium,I,VS1,0.3,608
Premium,I,VS1,2.01,17068
Ideal,H,SI1,1.09,4871
Ideal,I,SI1,2.53,16709
Very Good,E,VVS1,0.23,583
Ideal,F,VS2,0.31,749
Ideal,H,SI2,1.08,5141
Ideal,E,VVS1,0.43,1433
Ideal,D,SI1,0.4,726
Premium,F,SI1,1.21,6659
Premium,G,SI2,1.06,4571
Ideal,I,VVS1,0.3,540
Premium,E,VS2,0.32,900
Good,E,VS2,0.9,4580
Premium,H,SI1,1.01,3224
Ideal,I,VVS2,0.52,1316
Ideal,H,SI2,1.28,6451
Premium,F,VS2,1.51,13221
Premium,G,SI1,1.02,4633
Very Good,H,VS2,0.7,2429
Fair,F,SI1,0.91,2971
Very Good,F,IF,1.01,10476
Ideal,D,VS2,0.31,942
Very Good,E,VVS1,0.3,1006
Ideal,G,VS2,1.02,6499
Premium,H,VS2,0.43,1016
Good,E,SI1,0.5,1090
Premium,F,VS2,0.32,645
Good,D,SI2,1.01,4457
Ideal,I,SI1,1.01,5020
Premium,H,SI1,0.61,1382
Ideal,D,VS1,1.14,9193
Premium,F,VS2,1.2,6182
Premium,H,VVS1,0.32,936
Ideal,H,VS2,0.36,587
Premium,F,VS2,0.72,2584
Ideal,G,VS1,0.54,1754
Ideal,F,SI2,1.66,10338
Fair,E,SI2,1.21,4926
Premium,G,SI1,0.56,1340
Premium,H,SI1,0.86,2851
Ideal,H,VVS1,0.46,1338
Premium,H,VS2,1.16,6202
Very Good,G,VVS1,0.28,586
Premium,G,VVS2,0.31,707
Premium,G,VVS2,1.22,10111
Premium,D,SI1,0.38,941
Very Good,E,VVS2,0.76,3833
Premium,D,VS2,0.57,1944
Ideal,F,VVS2,0.23,650
Good,E,SI1,0.4,687
Premium,G,SI1,0.9,3669
Very Good,F,VVS2,0.73,3705
Very Good,G,VS2,1.29,8684
Very Good,G,SI1,2.0,18524
Very Good,F,VS1,1.5,15022
Ideal,H,SI2,1.11,4719
Ideal,E,SI1,0.37,833
Premium,G,VS2,0.34,765
Ideal,H,VS1,0.41,827
Ideal,E,VS1,0.31,942
Good,E,VVS2,1.01,8415
Ideal,F,VS2,0.56,2318
Very Good,E,SI2,0.91,3751
Good,H,SI2,0.9,3024
Premium,G,IF,0.32,891
Very Good,I,SI1,1.23,5855
Ideal,D,VS2,0.4,917
Very Good,G,VVS2,0.3,878
Very Good,I,SI1,1.16,4657
Very Good,F,VVS1,0.76,4504
Very Good,G,VVS2,0.53,1827
Good,E,SI1,0.41,904
Very Good,G,IF,1.2,10497
Ideal,E,VS1,0.38,979
Ideal,I,VS1,0.7,2469
Very Good,D,SI1,0.51,1574
Good,G,VVS2,0.3,684
Very Good,D,SI2,0.91,3910
Ideal,G,VS1,0.72,3478
Ideal,G,VS1,1.06,8093
Premium,D,SI2,0.9,4114
Premium,H,SI1,2.04,14888
Ideal,E,VS2,0.3,844
Premium,D,VS1,0.71,3479
Very Good,E,SI2,1.0,4004
Good,G,SI2,1.01,4150
Ideal,I,SI1,1.3,6451
Ideal,E,IF,0.31,1133
Good,I,SI1,0.52,978
Ideal,G,IF,0.3,863
Premium,J,SI1,0.75,1958
Ideal,G,SI2,1.51,8794
Very Good,D,SI2,0.3,447
Premium,G,SI2,1.23,4918
Fair,H,VS1,0.9,3500
Very Good,G,SI1,1.07,4949
Good,E,VS2,0.91,4345
Very Good,H,SI2,1.15,4661
Premium,F,SI2,2.02,18487
Ideal,E,VVS2,0.41,1187
Premium,H,VVS2,0.35,906
Very Good,G,VVS2,0.31,907
Very Good,I,SI2,0.72,1907
Ideal,I,VS2,0.31,452
Ideal,H,SI1,0.58,1386
Ideal,E,VS1,0.52,1793
Premium,F,SI1,0.42,966
Premium,D,SI1,0.57,1847
Very Good,H,SI1,1.13,4689
Premium,F,VVS1,0.32,990
Premium,F,VS2,0.77,3218
Premium,G,VVS1,0.39,1095
Premium,H,VS2,1.21,5461
Good,I,SI1,1.7,10796
Ideal,D,SI1,0.61,1904
Very Good,I,VS1,1.5,9281
Ideal,F,VVS1,0.55,3032
Ideal,G,IF,0.62,2655
Ideal,G,VVS1,0.24,559
Ideal,G,VS1,0.57,1949
Good,J,SI1,0.7,1442
Very Good,G,SI1,0.58,1388
Ideal,F,SI1,0.37,844
Premium,F,SI1,0.7,2596
Premium,H,VS2,1.45,9216
Ideal,G,VS1,0.3,524
Ideal,E,VS2,0.5,1614
Ideal,D,VS1,0.32,1044
Premium,G,VS1,0.31,802
Ideal,J,VS2,0.66,1316
Very Good,E,VS2,0.36,789
Very Good,G,VVS1,0.7,3276
Premium,G,SI1,0.75,2415
Premium,H,VS2,1.03,5364
Good,J,SI2,2.56,15231
Premium,F,SI2,1.02,4541
Ideal,G,SI2,0.52,1100
Premium,I,VS2,0.31,558
Ideal,J,VS1,0.31,429
Ideal,H,VS2,0.38,660
Ideal,H,SI1,1.0,4564
Ideal,F,SI1,0.7,2671
Ideal,D,VS1,0.75,4007
Ideal,I,VS2,0.9,3805
Ideal,G,VS1,0.32,773
Ideal,G,VS1,1.33,10539
Premium,J,VS1,2.41,15320
Premium,G,VS1,1.33,9699
Ideal,F,IF,1.21,15497
Very Good,E,SI2,0.9,3872
Very Good,H,VS1,0.4,1007
Ideal,G,VVS2,0.54,2090
Premium,J,VS1,2.01,12963
Premium,H,VVS2,0.3,605
Premium,H,VS1,0.54,1637
Ideal,G,VS2,0.62,2321
Premium,I,SI2,1.48,7086
Ideal,G,VS2,1.03,6229
Premium,G,VS1,1.01,7059
Very Good,F,VS1,1.01,6999
Ideal,G,SI2,1.03,4557
Premium,F,VVS2,0.41,1115
Good,G,VS1,0.52,1576
Ideal,G,VS1,0.72,3478
Very Good,I,VS1,2.01,16914
Premium,J,SI2,1.51,5327
Very Good,F,VS2,1.0,6340
Premium,J,VS2,2.01,13228
Very Good,I,SI1,1.24,5584
Ideal,D,SI1,1.07,6587
Very Good,E,SI1,1.04,5381
Good,E,SI2,0.57,1214
Ideal,D,VVS1,0.32,1140
Ideal,E,SI1,0.37,777
Ideal,G,SI1,1.2,6762
Ideal,D,VS2,0.3,606
Ideal,H,VS2,1.35,6502
Ideal,H,VS2,0.54,1453
Very Good,H,SI2,1.14,4615
Very Good,E,I1,1.44,5068
Very Good,G,VVS2,1.01,7267
Premium,H,SI2,0.7,1999
Premium,J,SI2,2.19,13355
Premium,H,VS1,0.33,743
Very Good,E,VVS2,0.26,597
Premium,H,SI2,1.0,3640
Premium,E,VS2,0.3,658
Premium,H,I1,0.6,806
Premium,E,SI2,0.62,1291
Very Good,E,SI2,0.74,1632
Very Good,G,VS2,0.32,561
Very Good,H,VS2,1.21,6673
Premium,F,VVS2,0.85,4530
Very Good,G,VS2,1.01,5919
Premium,H,SI1,1.22,6620
Ideal,D,SI1,1.01,5543
Premium,G,SI1,0.39,936
Ideal,E,VS2,0.49,1609
Ideal,F,VS2,1.14,8017
Ideal,F,VVS2,0.43,1148
Ideal,H,SI1,0.34,440
Good,I,VS1,0.9,3447
Premium,H,VVS1,0.7,2840
Premium,G,SI2,1.12,4798
Ideal,I,SI2,2.32,17516
Premium,E,VS1,0.9,5116
Ideal,F,SI1,0.89,4127
Very Good,E,VS1,0.71,3061
Premium,D,VVS1,0.33,1129
Ideal,I,VS1,0.27,432
Very Good,D,VS2,0.78,3534
Ideal,F,VVS2,1.22,11880
Ideal,E,SI2,0.51,1177
Ideal,G,IF,1.14,10313
Ideal,G,VS1,1.28,9498
Ideal,H,VS2,1.51,11540
Ideal,D,VS2,0.31,734
Very Good,E,VS2,1.01,6522
Very Good,E,VS1,0.3,755
Premium,D,SI2,1.06,4483
Good,F,VS1,0.71,2559
Ideal,F,SI2,1.39,5021
Ideal,G,VS2,1.56,14237
Ideal,F,SI2,0.9,4593
Good,I,SI1,0.7,2142
Premium,F,VS2,1.04,6782
Very Good,H,VVS2,0.31,625
Ideal,H,VS1,1.5,8891
Premium,G,VS2,0.41,772
Premium,J,SI1,1.21,4574
Premium,D,SI2,0.41,876
Premium,I,SI1,1.13,4113
Good,D,SI2,0.91,3660
Ideal,I,SI1,0.31,436
Very Good,D,SI1,0.5,1354
Premium,G,VVS2,1.01,7466
Ideal,E,VS1,0.32,758
Ideal,I,VVS1,0.32,589
Ideal,F,SI2,2.24,17989
Very Good,E,VS1,1.05,7666
Ideal,I,VS2,0.53,1279
Very Good,G,VVS2,0.32,730
Fair,E,SI2,0.56,1389
Good,E,VS2,0.44,1059
Ideal,E,SI2,0.82,3328
Fair,I,I1,2.01,5696
Very Good,H,VS2,0.7,2137
Ideal,H,VVS1,0.4,1017
Very Good,G,VVS2,0.29,541
Ideal,G,VS1,0.73,3342
Ideal,E,VVS2,0.52,2430
Ideal,F,SI2,0.72,2058
Ideal,H,IF,0.56,2157
Ideal,G,IF,0.31,924
Premium,F,SI1,0.4,737
Premium,J,SI2,1.68,7652
Ideal,E,VS2,0.34,956
Ideal,F,SI2,0.91,3196
Very Good,G,VVS1,0.47,1780
Good,I,VS2,1.27,5923
Ideal,J,SI2,1.0,2657
Premium,F,VS1,0.72,2838
Premium,D,SI1,0.7,2822
Ideal,F,VVS1,0.41,1356
Ideal,E,VS2,0.32,702
Ideal,D,SI2,0.43,919
Premium,H,SI2,1.28,6164
Very Good,E,VS2,0.3,600
Ideal,I,VS1,1.53,7968
Premium,H,VS2,1.51,8630
Premium,H,SI1,1.16,5454
Very Good,G,VS2,0.41,827
Ideal,I,I1,1.02,2872
Ideal,J,SI1,1.22,5586
Premium,H,SI1,2.07,13993
Ideal,D,VVS2,0.26,599
Premium,F,VVS2,0.41,1115
Premium,G,SI2,1.18,5190
Ideal,J,VS2,1.79,10658
Ideal,G,VVS2,1.04,6173
Ideal,H,SI1,1.08,5154
Ideal,G,VS1,1.0,6465
Ideal,G,SI1,1.43,8969
Very Good,H,SI2,0.81,2797
Ideal,I,SI2,1.31,5820
Ideal,H,SI1,0.5,1154
Ideal,E,SI1,0.83,3231
Premium,H,SI1,0.4,666
Very Good,E,SI1,0.71,2735
Ideal,I,SI2,1.76,9714
Very Good,I,SI1,0.71,2502
Good,D,SI1,0.5,1433
Good,F,SI1,0.6,1367
Ideal,D,VS2,0.33,1002
Ideal,G,VS1,0.55,1763
Fair,H,SI1,0.76,2193
Very Good,H,SI1,1.43,8069
Ideal,H,SI1,1.02,5522
Premium,H,VS2,0.32,648
Premium,E,SI2,1.59,9082
Ideal,F,VVS2,0.42,1142
Premium,E,VS2,0.31,680
Premium,G,SI1,0.56,1287
Premium,H,SI1,0.7,1948
Ideal,F,SI1,0.91,4801
Premium,H,SI1,0.72,2311
Ideal,E,SI1,0.32,682
Ideal,F,SI1,0.81,2977
Premium,G,VVS1,0.32,1080
Premium,F,SI2,1.05,4557
Very Good,D,SI1,0.72,2285
Good,F,VS2,1.0,5407
Fair,I,SI1,1.01,3280
Very Good,G,SI1,1.06,5435
Premium,F,VVS2,0.41,1115
Very Good,J,VS1,1.2,5226
Premium,F,SI2,0.4,810
Fair,G,I1,2.27,7131
Very Good,G,SI1,0.86,3293
Very Good,G,SI1,1.52,11014
Very Good,E,SI1,0.37,593
Ideal,F,VVS1,0.32,947
Very Good,D,SI2,2.0,17953
Very Good,G,VVS2,0.32,672
Good,H,VS1,0.9,4234
Very Good,H,IF,0.36,865
Ideal,I,VS2,1.3,6714
Premium,F,VS1,0.5,1710
Very Good,J,SI2,2.03,11968
Very Good,I,SI1,1.01,4412
Ideal,D,SI2,0.52,1292
Very Good,I,SI1,2.32,18371
Ideal,H,VVS2,0.28,522
Ideal,F,SI1,0.83,3010
Ideal,D,SI1,1.71,16575
Ideal,E,VVS2,1.55,18188
Ideal,D,VVS2,0.5,2272
Premium,E,VS1,1.5,16023
Very Good,F,VVS1,1.01,9176
Very Good,F,VVS1,0.7,3261
Ideal,H,VS2,0.31,489
Ideal,I,IF,0.46,1192
Good,H,SI2,1.5,5416
Very Good,G,SI1,0.43,903
Ideal,E,SI2,0.9,3804
Ideal,G,VVS1,0.33,1040
Premium,E,SI2,0.71,2340
Ideal,F,VS2,0.32,645
Good,D,SI1,0.81,3324
Very Good,H,SI2,1.02,3927
Very Good,H,VVS2,1.56,12098
Very Good,H,SI2,2.28,12907
Ideal,I,VS1,0.35,571
Ideal,I,SI2,1.25,5292
Premium,H,SI1,0.7,2383
Good,G,VS1,0.5,1645
Premium,H,VVS2,0.3,776
Fair,H,SI2,1.05,2717
Very Good,E,VS2,0.26,453
Ideal,E,SI1,0.59,1789
Ideal,D,VS1,0.44,1235
Good,H,SI1,1.14,5487
Ideal,E,VVS2,0.4,1158
Premium,J,VS1,1.52,9014
Very Good,E,VVS2,0.52,2254
Good,F,SI2,1.5,9028
Ideal,G,VS2,1.06,6667
Very Good,E,VVS2,0.28,642
Ideal,F,SI2,1.07,4954
Premium,J,SI2,2.6,17209
Very Good,G,VS2,0.49,1198
Fair,H,SI2,0.72,1799
Good,E,SI1,1.05,4878
Ideal,F,VVS1,1.05,12273
Ideal,G,VS2,1.05,6914
Very Good,G,VS1,0.3,629
Ideal,G,VVS2,0.31,660
Very Good,D,SI1,0.71,2508
Fair,G,SI2,1.16,4307
Ideal,E,VS2,1.24,8887
Ideal,F,VVS2,1.01,8688
Premium,F,VS2,0.55,1580
Good,F,VVS1,1.2,11182
Ideal,D,VS2,0.58,2590
Ideal,D,VS1,0.46,1637
Premium,D,SI1,0.79,3058
Premium,F,VS2,1.01,6097
Very Good,D,VVS1,0.37,1108
Very Good,G,VS2,1.2,8032
Very Good,E,SI1,0.54,1440
Ideal,G,VVS2,0.31,907
Ideal,H,SI1,1.16,6036
Premium,G,VS2,0.3,675
Premium,E,SI2,0.76,2688
Fair,G,VS1,0.5,1327
Ideal,H,VS1,0.54,1560
Very Good,G,SI2,1.2,5474
Premium,D,VS1,0.31,683
Very Good,D,SI2,0.75,2618
Very Good,G,VVS2,1.76,17888
Very Good,J,VS2,0.51,1047
Premium,H,SI1,2.2,17265
Ideal,F,SI1,1.51,11302
Premium,H,VS2,0.9,4082
Good,D,SI2,0.92,3335
Very Good,H,VS2,0.42,843
Very Good,D,SI1,1.2,7646
Very Good,E,VVS2,0.53,2280
Very Good,I,VS2,1.1,5524
Ideal,H,SI1,1.22,6654
Ideal,F,VS2,0.54,1662
Ideal,H,SI1,0.31,530
Good,F,SI2,0.9,3770
Ideal,H,SI1,1.15,6106
Ideal,E,VVS2,0.42,1273
Premium,D,SI2,0.96,4388
Ideal,I,VS1,0.41,685
Ideal,I,SI2,0.6,1125
Good,J,SI2,1.04,3204
Fair,H,VS1,1.5,11007
Ideal,F,VS2,1.7,17892
Very Good,G,VS2,0.9,4386
Ideal,D,VS1,0.32,756
Good,I,VS1,1.0,4499
Premium,E,SI1,1.52,10180
Very Good,H,SI1,1.23,6458
Very Good,F,SI1,0.41,702
Ideal,G,VS1,0.32,828
Good,F,SI2,1.01,4221
Premium,F,VS1,0.74,2917
Ideal,H,VS2,0.92,4639
Fair,F,SI2,1.29,4824
Ideal,I,VS1,0.72,2430
Good,G,SI2,0.3,394
Ideal,G,IF,0.42,1289
Very Good,H,SI1,0.93,3838
Ideal,G,VS1,0.31,802
Very Good,J,SI2,2.0,11510
Premium,F,VS2,0.7,2369
Premium,G,VS1,0.42,984
Very Good,I,VS2,2.01,15675
Ideal,D,VVS1,0.3,933
Ideal,H,VS1,0.9,4689
Ideal,E,VVS2,1.34,14593
Premium,F,SI2,1.01,4616
Premium,I,VS2,1.59,10471
Good,H,SI2,0.4,561
Good,F,SI1,0.44,756
Ideal,G,IF,1.16,9901
Ideal,H,SI1,0.7,2548
Good,I,VVS2,0.41,827
Premium,G,SI1,0.47,995
Very Good,F,VS1,0.4,982
Fair,E,SI1,0.7,2318
Very Good,D,SI1,0.91,4429
Premium,F,SI1,0.52,1244
Ideal,G,VS1,0.42,921
Very Good,H,SI1,1.02,4884
Ideal,E,VS2,0.56,1819
Very Good,G,IF,0.3,831
Ideal,H,SI1,0.31,464
Ideal,I,VS2,1.51,6511
Good,G,VS2,0.31,507
Ideal,H,VS1,1.29,8887
Premium,H,VS1,0.54,1720
Ideal,I,VVS1,0.36,607
Very Good,H,IF,0.3,789
Premium,H,SI1,1.28,6580
Good,H,VS2,0.31,489
Premium,F,VS2,1.0,5347
Premium,E,VS1,0.46,1437
Ideal,H,SI2,1.02,4360
Ideal,D,VS2,0.35,1063
Premium,G,SI2,1.2,5846
Ideal,E,VS2,1.15,9967
Very Good,G,VS2,0.9,4484
Ideal,D,VS2,1.01,7602
Very Good,G,VS1,0.37,696
Very Good,J,VS2,0.43,731
Very Good,F,SI1,1.12,5374
Ideal,E,VS1,0.3,673
Premium,E,SI1,0.7,2592
Very Good,H,VS1,0.51,1437
Ideal,G,SI1,1.32,8231
Ideal,F,SI2,0.72,2422
Very Good,J,VS1,1.53,8058
Ideal,H,SI1,1.52,9448
Very Good,G,VVS2,1.0,7242
Very Good,I,VS2,1.21,5931
Premium,F,VVS2,0.43,1250
Ideal,G,IF,1.3,12932
Premium,E,SI1,1.04,5766
Very Good,D,VVS2,0.27,620
Very Good,D,SI1,1.03,5313
Very Good,F,SI1,0.71,2198
Premium,G,SI1,1.59,10996
Ideal,H,VS2,0.33,668
Very Good,F,VS2,0.7,2473
Very Good,I,VS1,0.9,4126
Very Good,D,SI1,0.4,924
Ideal,G,VS1,1.51,13811
Ideal,I,VVS1,0.55,1712
Ideal,I,VS2,0.43,716
Very Good,E,SI1,0.7,2396
Premium,H,SI1,1.12,5363
Good,F,SI1,1.63,13187
Premium,I,VS2,1.16,5016
Good,D,SI2,0.77,2665
Premium,H,SI1,1.54,10466
Very Good,G,SI1,0.4,636
Very Good,H,VS2,0.83,3249
Ideal,G,SI2,0.69,1711
Premium,G,VS1,1.23,8381
Fair,F,VS2,0.56,1814
Ideal,G,VS1,1.19,8034
Very Good,E,SI2,0.4,798
Ideal,I,VS2,1.06,4405
Very Good,G,VVS2,1.21,9484
Premium,F,VS2,0.51,1574
Ideal,F,SI1,1.0,5197
Premium,H,SI2,0.44,759
Premium,F,VVS1,0.38,1200
Very Good,G,VVS1,1.12,8072
Good,F,VS1,0.55,1682
Premium,G,SI2,1.0,3142
Ideal,D,SI2,0.55,1368
Ideal,H,VVS2,1.37,9621
Ideal,G,VS2,1.52,13809
Fair,E,SI2,0.5,851
Ideal,E,VS2,0.36,789
Very Good,I,VS1,0.9,3580
Ideal,H,VVS1,0.3,665
Premium,H,SI2,1.1,4537
Ideal,G,VS1,1.53,13994
Very Good,F,VVS2,0.28,642
Very Good,G,SI1,0.31,593
Premium,F,VS2,1.01,6165
Good,J,SI2,0.92,3070
Premium,J,VS2,0.31,380
Premium,I,VS1,0.34,689
Premium,G,SI1,0.54,1439
Fair,G,I1,0.98,1749
Good,D,VVS2,1.01,8943
Good,E,SI2,1.04,4290
Ideal,D,SI1,0.51,1687
Very Good,J,VS1,1.52,8217
Premium,E,VS1,0.72,2961
Ideal,D,VVS1,0.4,1279
Very Good,I,SI2,1.31,5187
Ideal,G,IF,0.41,1367
Very Good,F,SI2,0.62,1348
Very Good,F,VS1,0.5,1738
Ideal,E,SI1,0.34,765
Very Good,G,VS2,0.71,2492
Fair,D,SI1,0.5,1323
Very Good,H,VVS1,0.71,2938
Ideal,E,VS2,0.5,1676
Very Good,D,SI2,0.93,4214
Premium,G,SI1,0.56,1176
Fair,H,SI2,1.5,5000
Premium,H,SI2,1.5,7812
Ideal,G,VVS1,0.23,536
Very Good,H,VS2,0.31,628
Premium,E,SI2,0.42,838
Premium,H,VVS2,0.37,746
Premium,H,SI2,1.03,4038
Premium,F,VS2,1.22,8731
Very Good,H,VS1,0.39,787
Ideal,I,SI1,0.38,746
Premium,H,SI1,0.3,540
Premium,G,SI1,2.05,15291
Ideal,E,VS2,0.41,999
Ideal,G,VS1,0.9,4931
Premium,F,SI1,1.54,11897
Good,E,VVS2,0.3,622
Good,E,SI1,0.46,891
Very Good,H,SI1,0.73,2393
Ideal,D,SI1,0.52,1720
Premium,G,VVS1,0.3,789
Very Good,I,IF,0.61,2057
Ideal,E,VVS1,1.15,12447
Very Good,D,VVS2,0.26,597
Ideal,G,VS1,0.85,4164
Ideal,I,VS2,1.13,4940
Ideal,G,IF,0.37,1056
Premium,H,SI1,2.03,16900
Ideal,I,VS1,0.34,643
Very Good,H,VS1,0.36,631
Very Good,G,SI1,1.01,4672
Ideal,E,SI1,0.93,4229
Good,F,SI1,1.0,4961
Ideal,F,VS2,1.03,6543
Fair,F,SI1,1.5,11154
Ideal,D,VVS1,0.37,1233
Ideal,D,SI1,0.54,1662
Very Good,H,VS1,0.3,526
Very Good,G,SI1,1.82,15025
Fair,J,VS1,1.52,7186
Premium,I,SI2,1.22,4919
Good,F,SI1,0.9,3954
Ideal,G,SI1,1.32,7414
Ideal,H,SI2,0.5,958
Very Good,F,SI1,0.4,707
Premium,E,SI2,1.04,4892
Premium,H,SI2,1.51,6511
Ideal,F,VVS2,0.79,4180
Ideal,F,VVS1,0.3,790
Premium,H,SI1,1.05,4692
Very Good,E,VS1,0.42,1247
Ideal,F,VS1,1.25,7840
Ideal,I,SI2,1.52,7661
Good,D,SI2,0.7,2310
Premium,H,VS1,0.9,4064
Premium,I,SI2,2.27,14937
Ideal,G,IF,0.42,1394
Ideal,H,VS2,1.02,5426
Good,E,VS1,1.01,7234
Premium,G,SI2,0.52,1001
Fair,J,VS1,0.75,1869
Ideal,I,SI1,0.71,2376
Ideal,I,VS2,1.59,10752
Very Good,F,SI1,0.31,663
Ideal,H,VVS2,0.32,828
Ideal,E,VVS2,0.43,1062
Fair,H,VS1,0.77,2594
Premium,F,SI1,0.43,1016
Ideal,J,SI2,2.6,18369
Premium,F,SI2,1.12,3723
Ideal,H,SI2,0.84,2593
Very Good,E,VS2,0.71,2922
Very Good,I,VS2,0.9,3581
Premium,F,VS2,0.79,3089
Very Good,D,SI1,0.9,4579
Ideal,G,VS2,0.4,825
Premium,D,I1,1.08,2869
Very Good,F,SI2,0.9,3770
Very Good,F,SI1,1.51,11560
Ideal,D,SI1,0.52,1720
Fair,J,SI2,1.08,3302
Premium,G,VS2,0.34,765
Premium,G,VS2,1.51,16091
Good,H,VS1,0.96,4535
Very Good,F,SI2,2.09,16824
Ideal,E,SI1,0.42,992
Ideal,E,VS2,1.0,6720
Premium,G,VVS1,0.33,868
Good,H,SI1,0.31,573
Good,I,SI1,1.5,6224
Premium,G,VS1,0.52,1689
Ideal,E,VS1,0.51,1708
Ideal,F,SI2,0.9,3679
Ideal,G,VVS2,0.31,647
Ideal,I,VS1,1.13,6980
Very Good,D,SI1,0.33,728
Fair,F,VS1,1.01,6366
Ideal,E,VVS2,1.07,10104
Very Good,H,SI1,1.52,9973
Ideal,H,VS1,0.38,721
Premium,I,SI1,2.1,15615
Good,H,SI2,1.42,7437
Very Good,H,VVS2,0.9,4842
Premium,G,VVS2,0.71,2839
Ideal,H,VVS2,0.31,625
Very Good,E,SI1,0.33,579
Ideal,D,VS1,0.31,774
Ideal,G,VVS2,1.52,15760
Premium,G,VS1,0.41,961
Premium,D,SI2,0.34,507
Ideal,F,VVS1,0.79,4858
Very Good,J,VS2,2.31,14830
Very Good,H,SI1,0.9,3437
Good,G,SI2,0.31,408
Fair,D,SI1,0.71,2372
Good,E,SI2,1.53,7643
Very Good,J,VS1,0.9,3358
Premium,G,SI1,1.15,5851
Premium,I,VS2,0.91,3376
Premium,H,VS1,1.11,4687
Premium,H,VS2,0.9,4321
Premium,G,VS1,0.35,706
Ideal,H,VVS2,0.31,609
Ideal,F,VS2,0.23,493
Ideal,I,VS2,1.53,11434
Premium,H,SI2,2.3,15992
Ideal,E,VVS2,0.32,842
Ideal,H,VS2,1.14,6628
Ideal,E,VVS2,0.28,787
Ideal,D,SI1,1.0,5775
Good,J,SI2,1.5,6421
Premium,D,VS1,0.81,4284
Fair,E,VS1,1.0,7392
Premium,J,SI2,2.03,12268
Ideal,G,VS2,0.33,743
Premium,D,VS2,0.3,710
Ideal,J,SI2,2.06,11234
Ideal,G,VVS2,1.54,15415
Premium,J,SI1,0.83,2022
Premium,I,VVS2,0.73,2351
Premium,F,SI1,0.71,2633
Very Good,E,VS1,0.58,2082
Ideal,F,VVS1,0.43,1422
Premium,F,SI2,1.51,7441
Ideal,G,IF,0.3,956
Ideal,F,VVS1,1.19,12776
Good,D,VS2,1.0,7200
Premium,G,IF,0.7,3447
Ideal,I,VS1,0.34,501
Premium,H,SI1,0.3,540
Premium,E,VS2,1.03,6922
Ideal,H,SI1,0.5,1140
Ideal,F,VS1,0.5,1710
Premium,G,VVS2,0.32,730
Ideal,E,SI1,0.71,2792
Ideal,I,SI2,0.82,2075
Ideal,E,VS2,0.73,3649
Ideal,E,SI1,0.4,945
Premium,E,VS2,0.3,844
Ideal,H,VVS2,0.4,877
Ideal,F,VS2,1.07,6459
Premium,G,SI2,0.95,3724
Ideal,D,VS2,0.31,879
Very Good,F,VS2,0.26,453
Ideal,F,VVS1,0.45,1833
Very Good,G,VVS2,0.43,976
Very Good,E,SI1,0.5,1337
Ideal,F,VVS1,0.3,1041
Very Good,G,VS2,0.9,4269
Ideal,H,VS2,0.66,2178
Premium,G,VS2,1.03,6214
Ideal,E,VS2,0.36,864
Ideal,G,VS2,1.54,11487
Ideal,H,VS1,0.31,698
Premium,D,VS2,0.54,1892
Very Good,E,SI1,0.5,1331
Ideal,J,VS2,0.32,504
Premium,I,SI2,1.09,2708
Ideal,F,VVS1,0.7,4951
Premium,J,SI2,2.18,12970
Very Good,G,SI2,1.12,4478
Premium,E,VS2,0.52,1815
Ideal,D,SI1,1.08,6539
Ideal,E,VS1,0.41,1153
Very Good,G,SI2,0.74,2398
Very Good,I,VS1,1.73,12559
Ideal,H,SI2,1.08,5049
Ideal,G,VS2,1.02,6591
Premium,F,SI2,0.49,1073
Very Good,H,VS2,1.5,10959
Ideal,E,SI2,0.82,2668
Premium,E,SI1,0.34,765
Ideal,H,VVS2,0.54,1696
Premium,G,VS2,0.51,1438
Ideal,F,VVS2,1.06,8954
Premium,E,VS2,0.5,1583
Very Good,G,VVS2,0.27,504
Ideal,G,VVS1,0.3,747
Good,E,SI1,0.7,2872
Ideal,F,SI2,0.72,2422
Ideal,I,VS1,0.42,992
Very Good,G,VS2,1.6,14383
Good,D,SI1,0.32,589
Very Good,G,SI1,0.56,1340
Ideal,G,VS1,1.21,8616
Very Good,H,VVS1,0.28,525
Very Good,E,SI2,2.03,18115
Premium,E,SI2,0.47,1072
Very Good,E,IF,0.53,2542
Premium,E,VS1,0.34,805
Very Good,G,VVS1,0.25,525
Ideal,F,VS2,0.51,1661
Very Good,G,VS2,1.52,12840
Ideal,H,SI1,0.43,919
Premium,F,VS1,1.2,8580
Premium,G,VS2,0.32,561
Ideal,H,IF,0.3,1013
Premium,E,SI2,1.5,7182
Ideal,J,VS2,0.53,1038
Good,G,VS2,0.54,1422
Ideal,E,VS1,0.56,2010
Ideal,H,VS2,0.51,1375
Ideal,G,VS1,0.53,1721
Ideal,E,VS1,0.35,1063
Ideal,J,VS2,0.56,1224
Very Good,I,SI2,1.51,7841
Ideal,I,SI2,0.32,391
Good,E,SI1,0.4,687
Very Good,F,VS1,1.11,8233
Very Good,I,VS1,0.7,2129
Premium,F,VS2,0.32,773
Premium,J,VS2,2.28,16369
Premium,H,VS2,0.9,4082
Ideal,E,SI1,0.53,1607
Ideal,E,VS1,0.33,1002
Premium,H,SI2,0.7,1974
Premium,G,VS2,1.03,6146
Premium,I,VS2,2.01,15939
Premium,F,VS1,0.73,2961
Ideal,E,VS2,1.0,6989
Fair,G,I1,1.51,4167
Very Good,F,VS2,1.0,5759
Very Good,H,SI1,0.8,2670
Premium,G,VS2,0.7,2550
Ideal,G,VS2,0.3,545
Fair,G,VS2,1.5,10644
Premium,G,VS2,0.34,596
Ideal,I,VS2,1.09,5904
Premium,I,SI2,1.54,7631
Premium,H,VS1,0.33,743
Very Good,G,SI1,0.54,1392
Ideal,D,VS2,0.3,710
Ideal,G,VS2,1.5,12787
Premium,I,SI1,1.51,7989
Ideal,E,VVS1,1.01,10789
Very Good,E,VVS2,1.04,9705
Good,F,VS2,0.9,4493
Good,G,VS1,0.4,952
Very Good,G,SI1,1.24,7106
Very Good,D,SI2,0.9,3534
Ideal,E,VS2,0.56,1915
Ideal,H,VS1,0.33,592
Very Good,D,VVS2,0.24,521
Good,E,VS2,1.01,6666
Premium,E,SI1,0.92,4562
Premium,H,SI2,1.09,4639
Ideal,D,VS1,0.44,1294
Ideal,I,VVS1,0.39,805
Ideal,I,SI1,1.15,4925
Premium,E,SI2,0.55,1134
Ideal,G,SI1,0.41,759
Premium,F,VS1,1.2,9370
Premium,I,VS2,1.7,11369
Good,G,VS2,0.31,544
Ideal,D,SI1,0.36,794
Premium,D,SI1,0.4,990
Premium,G,VS2,0.5,1354
Ideal,G,SI2,2.03,16505
Ideal,J,VVS1,0.46,953
Ideal,H,SI1,1.09,5149
Ideal,E,SI1,0.6,1749
Ideal,H,SI2,1.16,5388
Very Good,E,SI1,0.79,3077
Premium,J,VS1,1.5,7832
Good,H,VVS2,0.77,3027
Ideal,F,VS1,0.53,1812
Very Good,H,SI1,2.01,14725
Ideal,G,VVS1,0.54,2030
Ideal,E,SI1,1.01,5599
Ideal,H,VS1,1.31,8774
Premium,G,VVS2,1.5,14157
Ideal,G,SI2,0.39,683
Fair,J,SI2,2.52,15776
Premium,F,VS2,1.23,9016
Premium,H,SI2,1.14,4702
Good,H,VS2,0.31,489
Ideal,F,SI1,0.31,568
Premium,H,VS1,1.07,4494
Very Good,G,SI1,0.91,4081
Ideal,E,VVS2,0.31,791
Ideal,F,VS2,1.6,16240
Good,H,VS2,0.91,4309
Fair,G,SI2,1.2,4044
Premium,F,VS1,1.51,16551
Premium,H,VVS2,0.31,625
Ideal,E,VS2,0.31,872
Ideal,G,VVS2,0.32,936
Ideal,G,IF,0.28,650
Premium,F,VS2,0.3,605
Premium,F,SI2,1.7,11322
Very Good,D,SI1,1.02,5598
Very Good,F,VS2,1.0,6183
Ideal,E,SI2,0.76,2978
Ideal,I,VS1,0.4,736
Good,F,SI2,0.32,421
Premium,H,SI1,1.2,5746
Good,D,VVS1,0.26,532
Fair,H,SI2,1.16,3118
Ideal,D,VS2,0.3,778
Premium,J,SI2,2.1,12494
Ideal,D,VVS2,0.39,1018
Ideal,I,VS1,1.7,12030
Ideal,G,VS2,1.06,6728
Good,I,VS2,0.72,2174
Premium,F,SI2,2.01,16881
Ideal,E,SI2,1.16,5093
Premium,H,SI1,0.3,540
Very Good,I,VVS1,0.41,863
Fair,G,VS2,0.7,2273
Premium,F,SI1,0.48,1170
Very Good,G,VS1,1.25,9116
Very Good,H,SI2,1.0,4316
Ideal,F,SI1,0.9,4318
Premium,F,SI2,1.14,5008
Very Good,D,VS2,0.53,1682
Very Good,D,SI1,0.93,4527
Premium,E,VS2,0.36,789
Very Good,H,SI1,0.7,2066
Premium,E,VVS2,0.3,789
Good,G,VS2,1.01,5701
Premium,F,VS1,0.41,1076
Ideal,F,VS1,0.31,729
Ideal,F,VS2,1.24,8298
Ideal,G,VVS1,0.39,1008
Ideal,F,VS1,0.72,3759
Very Good,G,SI1,0.76,2579
Very Good,F,VS2,0.33,666
Ideal,G,SI1,0.48,969
Very Good,F,VVS2,0.24,478
Ideal,H,SI2,0.72,2131
Ideal,H,VS2,0.32,648
Fair,F,SI2,1.0,3146
Ideal,E,VS2,0.5,1629
Premium,G,SI2,0.91,3376
Premium,F,SI2,1.2,5699
Ideal,D,SI1,0.5,1654
Good,G,I1,1.5,4731
Premium,I,VVS2,0.33,579
Ideal,D,SI1,0.3,552
Premium,H,SI1,1.2,6129
Premium,D,VVS2,0.37,1038
Good,F,SI1,0.52,1338
Ideal,I,SI1,1.14,5096
Premium,D,SI2,1.24,4916
Ideal,F,SI1,0.72,2514
Ideal,F,IF,0.38,1229
Premium,G,VS2,0.3,526
Very Good,E,VS1,0.24,419
Ideal,F,VS1,0.54,2202
Very Good,H,SI1,0.32,576
Ideal,D,VS2,0.36,776
Ideal,I,SI1,0.43,852
Ideal,F,SI1,1.74,14775
Ideal,G,VS1,1.41,11817
Premium,G,VS2,0.34,714
Premium,F,VVS1,0.4,1323
Very Good,G,VS2,1.22,6962
Ideal,H,VS2,1.2,6956
Very Good,J,VVS2,1.01,5067
Ideal,J,SI1,0.61,1143
Ideal,F,VS2,1.32,7983
Ideal,H,VS2,1.12,6222
Ideal,G,VVS2,0.41,1076
Very Good,D,SI1,0.71,2652
Ideal,J,SI1,1.71,6320
Ideal,G,VVS1,0.31,789
Ideal,E,VS2,1.0,6871
Ideal,F,VVS2,1.26,12237
Good,F,SI1,0.9,3992
Fair,G,VS2,0.58,1430
Very Good,F,SI1,0.52,1227
Ideal,J,VS2,0.32,409
Premium,D,VS2,0.73,3308
Very Good,F,SI1,0.64,1725
Good,H,VS1,0.53,1282
Ideal,F,VVS1,0.7,4341
Ideal,I,SI1,0.55,1367
Ideal,H,SI2,1.51,8951
Ideal,F,SI1,0.6,1580
Premium,G,VS2,0.7,2479
Ideal,H,SI1,0.5,1666
Very Good,F,VVS1,0.26,591
Premium,I,VVS2,0.73,2234
Premium,D,SI1,1.01,4909
Very Good,F,VVS2,0.24,547
Very Good,F,VS2,0.7,2455
Very Good,G,VS2,0.4,807
Very Good,D,SI2,1.19,5562
Very Good,E,SI1,1.2,6809
Ideal,E,VVS2,0.41,1243
Ideal,D,VS1,0.33,1077
Ideal,E,VS2,0.5,1629
Ideal,G,VS2,0.34,517
Very Good,G,VS1,0.5,1580
Very Good,F,VVS2,0.23,600
Premium,G,SI2,0.36,608
Very Good,F,VVS1,0.26,657
Premium,G,SI1,0.9,3984
Very Good,E,SI2,0.41,683
Ideal,I,SI1,1.59,9209
Ideal,F,VVS1,0.33,880
Ideal,G,VVS1,1.13,9872
Ideal,D,VS2,0.52,1868
Good,D,VS1,0.7,3239
Good,F,VS2,0.3,484
Premium,I,SI2,2.14,15915
Ideal,I,VVS2,0.4,807
Ideal,E,VS2,0.33,723
Ideal,E,VS2,0.37,1041
Ideal,F,VVS2,0.51,2138
Good,I,VS1,0.3,473
Ideal,G,VS2,0.39,787
Ideal,D,VS2,0.32,758
Very Good,D,VS2,0.61,2266
Premium,D,I1,1.5,3780
Fair,I,VS1,1.05,4281
Good,E,SI1,0.91,4512
Very Good,I,VVS2,0.7,2106
Ideal,I,SI1,1.26,5645
Good,J,SI1,0.62,1116
Premium,F,SI2,0.93,3620
Premium,D,SI2,1.21,6505
Ideal,I,VS2,0.78,2012
Ideal,H,VS1,0.5,1370
Ideal,F,VVS1,1.24,15026
Ideal,I,VS1,0.38,703
Premium,F,SI2,0.9,3704
Ideal,E,SI2,0.73,2805
Very Good,H,VVS1,0.74,3061
Ideal,G,SI1,0.32,653
Ideal,E,SI2,0.88,3329
Premium,G,SI2,0.32,540
Premium,G,SI1,0.34,507
Fair,F,VS2,0.3,729
Very Good,E,IF,0.3,957
Ideal,H,VVS1,0.3,665
Ideal,H,SI2,1.08,4536
Ideal,F,SI2,0.9,3619
Very Good,H,SI2,1.03,4101
Ideal,G,VVS1,0.3,789
Very Good,D,VS2,0.26,420
Premium,J,VS2,1.0,3877
Ideal,G,IF,0.32,918
Ideal,H,IF,0.33,1114
Ideal,D,SI2,0.41,876
Premium,I,VVS1,0.45,1013
Premium,E,VS2,1.03,6072
Good,H,SI2,1.51,7340
Good,J,VS1,0.71,1881
Very Good,H,VVS2,0.33,614
Premium,I,SI2,2.2,16190
Very Good,G,VVS1,0.73,3567
Ideal,H,VS1,0.9,5013
Very Good,H,IF,0.3,691
Very Good,E,SI1,1.19,5956
Premium,G,VS1,1.01,6353
Ideal,D,SI1,0.53,1753
Very Good,E,SI2,1.05,4763
Premium,J,IF,1.61,10350
Premium,J,VS1,1.25,5156
Very Good,I,VS2,2.0,15510
Very Good,D,SI2,0.33,631
Ideal,E,VS2,0.56,1915
Very Good,I,SI1,1.16,4586
Ideal,G,VVS2,1.64,17604
Ideal,G,VVS1,0.3,764
Ideal,E,SI1,1.26,8574
Premium,H,SI1,1.02,4884
Premium,D,VS2,1.01,6271
Good,E,SI2,0.35,588
Ideal,H,SI2,0.63,1196
Premium,D,VS2,0.74,2897
Premium,E,SI1,0.7,2592
Premium,H,SI2,1.16,4157
Very Good,J,SI1,2.01,12084
Ideal,I,VVS1,0.43,848
Premium,J,SI2,1.28,4636
Ideal,E,SI2,0.5,1185
Very Good,I,VVS1,0.34,626
Premium,E,VS1,0.51,1831
Ideal,E,VS2,1.02,8225
Premium,F,SI1,1.01,5713
Ideal,G,SI1,0.71,3007
Premium,F,VVS1,1.14,11654
Very Good,F,SI1,0.91,3879
Very Good,F,SI1,0.7,2401
Premium,E,VS2,0.41,999
Very Good,H,VS2,0.88,3472
Premium,E,SI2,0.65,1827
Ideal,H,SI1,0.41,876
Premium,E,SI1,0.35,788
Ideal,H,I1,1.7,7197
Ideal,I,VS1,0.46,997
Ideal,H,SI1,0.73,2330
Ideal,G,VVS2,0.25,525
Good,F,VS2,0.7,2591
Ideal,F,VS1,0.52,1872
Ideal,G,VS1,0.43,1008
Very Good,F,SI2,1.01,4187
Ideal,D,VS2,0.31,626
Premium,F,SI1,1.51,11607
Ideal,F,VS1,1.01,7792
Premium,D,VS2,1.0,6303
Ideal,G,IF,0.32,905
Ideal,G,VVS1,0.42,1023
Premium,I,VS1,1.6,11021
Ideal,F,SI1,0.5,1317
Ideal,G,SI1,0.3,477
Very Good,G,SI1,0.5,1197
Ideal,G,VS2,1.18,7439
Good,J,VS2,1.7,8134
Premium,E,VS1,0.52,1819
Ideal,H,VVS2,0.32,645
Very Good,G,SI2,1.2,5116
Ideal,D,VS2,0.52,1822
Premium,G,I1,0.9,1939
Very Good,F,VS2,0.62,2041
Good,D,SI1,1.01,5543
Ideal,G,VS1,1.13,7687
Premium,F,SI2,0.94,4230
Very Good,D,SI1,0.53,1576
Very Good,E,VVS2,0.27,586
Very Good,D,VS2,0.3,568
Premium,G,SI1,0.6,1646
Premium,I,VS2,0.31,558
Ideal,D,VS2,0.32,972
Good,E,SI1,0.7,2079
Ideal,E,VS2,1.51,14482
Ideal,D,VVS2,0.74,5841
Very Good,G,SI2,1.02,4370
Very Good,D,VS1,1.17,10681
Ideal,F,VS2,1.16,9432
Very Good,E,SI1,0.42,773
Ideal,F,VS1,0.7,3265
Premium,G,SI1,0.94,4106
Ideal,H,VS1,0.71,3229
Very Good,D,SI2,0.9,3975
Ideal,H,SI2,1.06,4401
Premium,I,VS2,1.7,10396
Ideal,H,SI1,1.01,5589
Premium,E,SI2,0.32,576
Premium,I,SI2,0.38,641
Ideal,F,VS2,0.8,4043
Ideal,G,IF,0.26,648
Ideal,G,VS1,1.53,13926
Fair,E,VVS2,0.56,2426
Very Good,H,SI1,0.7,2213
Premium,H,SI1,1.07,5465
Premium,F,SI1,1.01,5249
Good,H,SI1,0.72,2398
Ideal,F,SI1,1.61,10197
Ideal,G,VS2,1.42,10735
Premium,F,VS2,1.06,6399
Ideal,F,VS1,0.54,2083
Good,H,I1,2.01,7024
Ideal,F,VS1,0.43,1235
Very Good,E,VS2,0.61,1884
Premium,I,SI2,3.04,18559
Ideal,I,SI1,0.3,439
Good,H,VS2,0.7,2352
Very Good,G,VS1,0.5,1592
Premium,E,SI1,1.53,12499
Ideal,F,VS1,0.56,2016
Very Good,D,VS1,0.53,2170
Good,E,VS2,0.52,1673
Ideal,E,VS1,0.56,2117
Ideal,D,SI1,0.7,2726
Premium,H,VS2,1.07,4830
Ideal,H,I1,1.0,3136
Premium,H,SI2,0.96,3871
Premium,I,VS1,1.13,5316
Very Good,E,SI2,0.91,3876
Very Good,D,SI1,0.33,728
Premium,F,VS1,1.32,10977
Very Good,E,VS2,0.51,1554
Very Good,G,SI2,1.12,3700
Very Good,J,VS2,0.55,1179
Premium,J,SI2,1.03,3149
Premium,E,VS2,0.6,1915
Very Good,J,VS2,2.07,13495
Ideal,H,VS2,0.31,628
Very Good,D,SI2,2.58,14749
Premium,G,SI2,1.0,4368
Very Good,F,VS2,0.23,402
Ideal,H,IF,0.73,3785
Fair,F,SI1,0.98,3622
Good,F,VS1,0.47,1353
Premium,D,VS2,0.5,1845
Good,H,SI2,1.01,3971
Good,F,VS2,0.33,643
Very Good,H,SI1,0.54,1240
Ideal,J,VVS2,0.3,413
Premium,H,VS2,1.13,5779
Premium,I,I1,1.07,2260
Premium,G,SI1,1.11,5408
Premium,G,VS2,0.55,1645
Very Good,E,VS1,1.01,7306
Good,G,SI1,0.51,1172
Ideal,E,VS2,0.52,1689
Premium,E,VS2,1.2,8279
Premium,H,SI2,1.28,6093
Ideal,G,VS1,0.33,666
Fair,E,SI2,0.74,2617
Premium,I,SI2,0.96,3229
Ideal,I,I1,1.01,2416
Ideal,D,VS2,0.31,942
Fair,E,SI1,0.8,2885
Ideal,I,SI1,1.2,5376
Ideal,H,VS1,0.3,675
Ideal,E,SI1,1.15,5526
Ideal,F,VS2,0.34,686
Fair,G,SI2,2.1,13007
Premium,H,SI1,0.92,3618
Premium,H,VS2,1.01,4769
Very Good,H,SI2,1.12,4498
Very Good,G,IF,1.0,7682
Premium,F,SI2,1.54,9055
Very Good,F,SI1,1.12,6262
Ideal,F,IF,0.34,941
Ideal,F,VVS1,0.32,809
Ideal,E,VVS2,0.3,766
Ideal,D,SI2,0.51,1264
Premium,G,VS2,0.78,2803
Ideal,F,VS1,0.57,1949
Premium,J,VS2,1.7,9901
Good,G,SI1,0.9,3669
Good,J,VS2,0.97,3717
Ideal,E,VVS2,0.32,779
Premium,G,SI2,1.35,5167
Premium,G,VS2,0.31,698
Ideal,J,VS1,2.03,14579
Ideal,I,SI1,2.01,16287
Very Good,F,VVS2,0.23,530
Premium,G,VS2,0.41,1061
Premium,H,VS1,0.43,1113
Ideal,G,IF,0.36,1029
Ideal,G,VVS2,0.31,687
Very Good,J,SI2,0.9,2860
Premium,E,SI1,0.4,737
Good,G,SI1,0.9,3752
Very Good,H,VVS2,0.24,449
Premium,D,SI1,0.61,1976
Ideal,E,VS1,0.46,1834
Ideal,G,SI2,0.27,361
Very Good,J,SI1,1.25,4702
Very Good,E,VVS2,0.29,664
Very Good,E,SI1,0.31,698
Ideal,I,VS2,0.53,1243
Ideal,G,VVS2,1.11,9507
Ideal,J,SI1,0.74,1963
Ideal,F,I1,0.96,2826
Ideal,H,SI2,1.52,7388
Good,G,VS1,1.06,6477
Very Good,E,VVS1,0.78,4904
Fair,I,I1,1.05,2396
Ideal,I,SI1,1.51,9344
Good,D,SI1,0.71,2641
Premium,D,SI1,0.34,584
Good,H,VVS2,1.7,14146
Ideal,I,VVS1,0.3,540
Premium,F,SI2,2.02,13267
Premium,G,SI1,1.04,5017
Ideal,J,IF,0.46,1221
Ideal,F,VS2,1.11,7740
Ideal,E,IF,0.39,1333
Very Good,J,SI1,1.8,10107
Ideal,I,VS1,1.7,12209
Very Good,G,VS2,0.33,579
Ideal,D,SI1,0.7,2804
Premium,F,VS2,0.31,625
Fair,H,SI1,2.02,15695
Ideal,F,IF,0.3,886
Very Good,F,SI1,1.18,6053
Ideal,E,VVS1,0.7,5338
Ideal,G,VVS1,1.02,8168
Ideal,G,IF,0.4,1257
Premium,F,SI1,0.7,2348
Ideal,H,VVS2,0.73,2846
Good,G,VS1,1.21,6025
Good,D,SI1,1.01,5147
Fair,D,VS2,0.49,1249
Ideal,E,VVS2,0.32,729
Very Good,E,SI2,0.9,3084
Ideal,J,VS2,0.76,2026
Ideal,G,IF,0.3,863
Premium,H,VS1,1.2,6720
Fair,H,VS1,0.5,1134
Ideal,D,SI1,0.34,626
Very Good,H,VVS2,0.29,541
Premium,J,VS1,1.25,5500
Premium,F,SI1,0.4,945
Very Good,E,VS1,0.59,1993
Very Good,H,VS2,0.7,2508
Ideal,J,VS2,1.56,7809
Premium,G,VS2,0.42,1087
Very Good,G,VVS1,0.23,415
Ideal,G,IF,0.43,1433
Very Good,F,VS2,0.7,2737
Premium,F,VS2,0.64,2131
Very Good,J,VS2,0.7,1896
Ideal,E,SI2,0.5,1240
Very Good,G,VS2,0.41,827
Good,F,VS2,0.31,744
Ideal,J,SI1,2.2,14593
Ideal,H,VVS2,0.3,542
Very Good,I,VS1,1.24,5444
Very Good,D,VS2,0.5,1602
Ideal,F,VS1,0.92,6360
Premium,F,SI2,1.01,3733
Premium,D,SI1,1.01,5543
Ideal,G,VS1,0.54,1847
Ideal,F,VS2,1.5,15444
Good,G,VVS2,1.01,7332
Premium,E,SI1,1.52,12418
Ideal,G,VS2,0.34,765
Ideal,F,VVS2,0.39,987
Premium,G,VS1,1.29,9354
Ideal,G,IF,0.31,988
Very Good,F,VVS2,0.5,2003
Good,G,SI1,0.71,2428
Premium,D,VS1,0.72,3601
Ideal,D,VS2,0.53,1610
Ideal,D,VS1,0.52,2146
Ideal,G,IF,0.33,946
Very Good,E,SI1,0.5,1281
Very Good,J,VS2,0.51,1080
Ideal,G,VVS1,0.35,1028
Premium,G,SI1,1.05,4510
Good,H,SI2,1.5,7161
Premium,F,VS2,0.71,2686
Ideal,G,SI1,2.04,18663
Very Good,J,SI1,0.5,1000
Ideal,H,VVS1,0.6,2568
Ideal,D,VS2,0.32,972
Ideal,D,VS2,0.53,1585
Ideal,G,SI1,0.41,759
Premium,F,VS1,0.51,1836
Very Good,D,VVS2,1.36,14236
Ideal,F,VS2,0.32,645
Premium,H,SI2,1.0,3920
Ideal,H,IF,0.57,2195
Good,F,SI2,0.5,1214
Very Good,F,IF,1.01,9972
Good,F,SI1,1.01,4355
Ideal,G,VS1,0.76,3372
Premium,F,SI2,0.7,1966
Very Good,D,SI1,1.53,11873
Ideal,F,IF,0.3,886
Ideal,D,SI2,0.72,2514
Very Good,H,SI1,1.01,4622
Premium,E,VS2,0.4,912
Ideal,F,VS1,0.4,1050
Premium,G,I1,0.59,940
Ideal,J,VS1,0.4,658
Ideal,F,SI2,1.38,7767
Premium,G,IF,0.4,1333
Ideal,D,SI1,0.56,1729
Good,F,VS1,1.04,7399
Good,F,SI1,0.32,593
Very Good,F,SI2,0.91,4054
Very Good,F,SI1,0.4,737
Premium,G,SI2,1.32,4524
Ideal,F,VS1,0.51,1680
Good,F,VS1,0.54,2090
Premium,J,VS2,1.1,3696
Premium,E,VS2,0.37,971
Premium,I,SI2,1.71,8366
Ideal,F,SI1,0.39,697
Premium,G,SI2,2.13,16778
Very Good,I,SI2,2.01,13488
Premium,E,SI2,0.35,672
Premium,G,SI1,0.31,593
Ideal,F,VS2,0.23,498
Premium,I,VS1,0.32,648
Ideal,G,VS1,0.33,699
Ideal,D,VS1,0.72,3522
Ideal,F,VS2,1.2,8669
Good,F,SI2,0.3,394
Very Good,E,SI2,0.91,3379
Ideal,G,VS1,0.76,2972
Ideal,G,VVS2,0.43,954
Ideal,E,IF,0.31,987
Very Good,H,VS2,0.5,1387
Ideal,I,VS2,2.5,16955
Premium,F,VS1,1.01,6999
Ideal,F,SI1,0.9,4795
Premium,G,IF,0.3,956
Premium,F,SI1,0.9,3992
Premium,F,SI2,0.34,447
Very Good,F,SI1,0.72,2404
Ideal,G,VVS2,0.33,713
Fair,D,SI2,0.7,1696
Premium,E,VS2,0.46,1156
Very Good,H,VVS2,0.33,614
Ideal,D,SI1,1.24,8457
Ideal,F,SI2,1.01,4239
Ideal,G,VS1,0.42,921
Ideal,G,SI1,0.58,1330
Very Good,E,SI1,0.57,1397
Very Good,D,VVS2,1.0,9487
Ideal,E,VS2,0.3,658
Good,H,VS2,0.7,2187
Premium,D,SI1,0.35,644
Premium,D,VS2,0.21,386
Very Good,D,SI1,0.63,2211
Ideal,E,IF,1.02,11500
Very Good,G,VS1,0.9,5148
Ideal,G,VS1,0.32,679
Very Good,G,VS1,0.41,899
Ideal,E,SI2,0.7,2283
Very Good,D,SI2,0.33,631
Good,F,VS2,0.32,828
Ideal,D,VS2,0.73,3980
Premium,F,VS2,1.01,6416
Premium,E,SI1,0.35,788
Ideal,E,VS2,0.3,658
Fair,F,SI1,0.5,994
Premium,F,SI1,1.07,5561
Premium,J,SI1,1.21,4492
Good,I,SI1,0.41,611
Very Good,E,I1,0.9,2200
Ideal,G,SI2,2.02,18296
Good,F,VS2,1.01,5616
Ideal,F,VVS1,0.32,990
Premium,G,VS1,0.33,854
Ideal,D,VS1,0.4,1123
Ideal,H,SI2,0.9,3578
Ideal,E,VS1,0.37,1087
Ideal,D,SI1,0.35,827
Ideal,G,VVS2,0.3,878
Ideal,F,VVS2,0.55,2558
Premium,D,VS2,1.12,7587
Premium,F,VS2,1.73,16975
Ideal,D,SI1,1.51,12738
Very Good,G,VVS1,0.33,868
Ideal,F,VS1,1.21,8629
Ideal,D,SI2,0.35,669
Very Good,E,SI1,0.9,3863
Very Good,G,VVS1,0.39,912
Premium,J,SI2,2.32,14666
Very Good,E,VS2,1.01,6128
Ideal,G,VVS2,0.29,607
Premium,E,VS2,0.51,1662
Fair,F,I1,0.5,584
Ideal,J,VS2,0.52,1151
Ideal,G,VVS2,1.39,12462
Premium,I,SI1,2.04,14775
Ideal,F,VVS1,1.14,11844
Very Good,E,VS1,0.41,1079
Premium,D,SI1,0.54,1667
Ideal,J,SI1,1.51,8049
Ideal,H,VVS1,0.36,794
Premium,G,VS2,0.71,2443
Ideal,G,SI1,0.52,1346
Premium,H,SI2,2.0,15451
Ideal,D,VS2,0.56,2066
Premium,D,VS2,0.52,1749
Very Good,E,SI1,0.72,3183
Premium,H,VS2,1.17,6163
Ideal,G,SI1,1.07,5347
Ideal,F,SI1,0.3,475
Ideal,E,VVS1,0.26,599
Ideal,H,SI1,1.72,7840
Premium,G,VS1,1.0,5940
Very Good,I,SI1,0.52,1088
Ideal,F,VS2,0.34,686
Very Good,E,VS2,1.7,18176
Ideal,E,SI2,0.35,630
Very Good,F,VS2,0.37,746
Ideal,E,VS2,0.31,872
Premium,E,SI1,0.44,1040
Very Good,D,SI2,2.01,12639
Ideal,H,VVS2,0.38,832
Ideal,H,SI1,1.03,5005
Ideal,F,VS2,1.0,6804
Ideal,H,SI1,0.53,1236
Fair,D,SI2,0.51,1109
Premium,E,VS2,0.37,811
Premium,F,SI1,0.4,882
Very Good,J,VS1,0.3,394
Ideal,F,VS2,0.52,1720
Ideal,G,SI1,0.53,1255
Premium,E,VS2,0.7,2657
Very Good,F,VVS2,0.71,3332
Ideal,J,VS2,1.86,10312
Very Good,F,IF,1.04,10515
Very Good,E,VS2,0.51,1781
Ideal,E,SI2,0.92,4871
Ideal,G,IF,0.3,863
Ideal,I,VS2,1.01,4887
Premium,F,VS2,1.51,13474
Very Good,E,VS1,0.71,3064
Ideal,E,VS2,0.52,1689
Very Good,F,SI1,0.9,3848
Ideal,E,VS1,0.71,3212
Ideal,G,VS2,1.01,6618
Very Good,F,VS2,0.7,2737
Very Good,G,VVS2,0.69,2553
Ideal,G,VS2,1.68,10838
Very Good,G,SI1,0.9,4059
Premium,D,VS1,0.57,2360
Ideal,F,SI1,0.7,2596
Good,F,VVS2,0.67,2398
Good,I,SI1,0.71,2087
Good,D,SI1,0.91,4113
Very Good,G,SI2,0.81,2095
Ideal,H,VS2,0.58,1600
Very Good,G,VS2,0.46,1172
Premium,G,VS2,0.47,1116
Ideal,D,VVS1,0.32,1067
Very Good,H,SI1,0.43,716
Good,F,SI2,1.0,4053
Very Good,I,SI1,0.76,2352
Ideal,D,SI2,0.32,477
Ideal,D,I1,1.12,4139
Premium,H,SI2,1.51,7864
Premium,G,SI2,2.05,16506
Very Good,F,SI2,0.72,2246
Good,E,SI1,0.38,680
Ideal,H,SI1,0.38,834
Ideal,F,SI2,2.03,12677
Premium,J,VS1,0.81,2350
Very Good,D,VS2,0.46,1326
Very Good,E,IF,1.0,11214
Fair,H,VS1,1.0,5460
Ideal,F,VS1,0.71,3457
Ideal,J,SI2,0.31,344
Good,G,VVS2,0.3,684
Premium,H,VS1,0.33,693
Very Good,G,VS1,0.72,2819
Premium,G,VVS2,1.04,8098
Very Good,E,SI2,1.61,10293
Good,J,VS1,1.22,5356
Ideal,G,IF,0.33,984
Premium,E,SI2,1.18,5181
Ideal,D,SI1,0.54,1786
Ideal,H,SI2,0.97,3694
Premium,F,VVS2,0.3,737
Ideal,G,VS1,0.54,1684
Good,H,VS2,0.9,3919
Premium,H,SI1,0.5,1141
Good,H,VVS1,0.43,1000
Premium,G,I1,1.01,3014
Ideal,D,VS2,0.55,1768
Very Good,I,SI2,2.02,11390
Ideal,G,IF,0.27,672
Ideal,I,VS2,1.08,5455
Ideal,E,VS2,0.4,1025
Premium,F,VVS2,1.01,8688
Very Good,H,VVS1,0.3,819
Premium,G,SI1,0.3,574
Premium,D,SI2,0.9,3740
Very Good,H,VVS1,0.9,4485
Ideal,G,VS2,1.01,6512
Ideal,E,SI2,1.09,3760
Premium,E,SI1,0.59,1550
Very Good,D,VS2,0.71,3096
Ideal,D,VS2,0.3,710
Very Good,D,VS2,1.03,7102
Very Good,D,SI1,0.71,2921
Good,D,SI2,0.93,3744
Very Good,E,SI1,0.51,1357
Ideal,D,VS2,0.46,1240
Ideal,G,VS1,0.27,490
Ideal,G,SI1,0.71,3007
Ideal,F,VS2,1.64,15458
Ideal,H,VS2,1.17,6558
Ideal,H,VS2,0.27,599
Ideal,F,VS1,1.02,8061
Ideal,D,VS2,0.75,3456
Very Good,F,VS2,0.7,2362
Very Good,F,SI2,1.07,4552
Very Good,G,VS2,0.33,579
Very Good,G,SI1,0.71,2274
Premium,E,VS2,1.53,16049
Fair,G,I1,0.7,956
Ideal,G,IF,0.43,1318
Ideal,G,VVS1,0.31,789
Very Good,D,SI2,1.2,5451
Ideal,G,VS2,0.3,526
Premium,J,I1,0.95,2195
Very Good,F,VVS1,0.57,2591
Ideal,G,VVS2,1.06,8726
Premium,F,SI1,0.9,4435
Ideal,F,VVS2,1.07,10061
Very Good,F,VS2,1.68,15309
Ideal,F,VS2,1.12,8251
Ideal,E,SI2,0.51,1098
Very Good,D,VS2,0.34,730
Premium,I,VS2,1.27,6116
Very Good,G,VVS1,1.0,8246
Ideal,H,VS1,0.3,526
Premium,E,VS2,0.31,872
Ideal,H,VS2,0.32,529
Ideal,F,VS2,0.31,802
Ideal,H,IF,0.3,764
Ideal,G,SI2,0.91,4360
Very Good,J,SI1,1.51,8049
Premium,J,SI1,1.25,5073
Very Good,G,VVS1,0.33,795
Premium,G,VVS2,0.23,550
Ideal,G,VVS2,0.3,655
Ideal,H,VS1,0.28,497
Very Good,E,VS2,0.35,669
Premium,J,VS2,2.23,14867
Ideal,E,VS2,0.31,642
Very Good,H,VS2,1.21,6887
Very Good,E,VS1,0.73,3353
Premium,F,VS2,0.31,749
Ideal,E,SI1,0.5,1337
Very Good,E,SI2,0.7,1964
Ideal,G,VS2,1.21,6478
Ideal,E,SI1,0.52,1389
Premium,H,SI2,2.01,15673
Fair,F,I1,0.7,1158
Ideal,F,SI1,1.21,6659
Very Good,F,VVS2,0.23,530
Ideal,D,SI1,0.72,2804
Very Good,E,SI1,0.7,2730
Ideal,H,SI1,0.31,464
Very Good,H,SI2,2.26,13923
Ideal,I,IF,0.36,852
Premium,I,SI2,2.35,17294
Very Good,D,VS1,0.6,2431
Premium,F,VS2,1.5,14071
Very Good,I,SI2,1.01,5000
Fair,F,I1,1.2,2809
Very Good,E,VVS1,1.01,10704
Premium,J,SI2,1.27,4660
Ideal,H,VVS1,0.44,1124
Good,D,SI2,1.01,4260
Premium,E,VVS1,0.4,1397
Premium,G,VS2,0.34,596
Premium,G,VS2,1.01,5946
Ideal,G,VS2,0.41,1061
Ideal,D,SI2,0.41,876
Ideal,G,VS2,0.78,3325
Very Good,D,VS1,0.24,419
Very Good,G,SI1,1.11,5000
Ideal,E,VS1,0.55,1857
Ideal,G,VS2,1.0,6235
Very Good,E,SI1,0.9,3868
Very Good,G,VVS2,1.36,11774
Good,H,VS1,0.72,2637
Ideal,G,VVS2,0.5,1838
Premium,F,SI2,1.7,10377
Fair,I,VS2,2.01,15729
Ideal,H,SI1,1.11,5395
Ideal,G,SI2,0.9,2968
Premium,F,VS1,0.4,1050
Premium,I,VVS1,0.41,1107
Premium,E,SI1,1.0,4953
Premium,F,VS2,1.51,14294
Ideal,E,SI2,0.54,1250
Very Good,E,VS2,0.33,723
Very Good,E,VS1,0.52,1840
Premium,G,VS1,0.52,1622
Very Good,D,SI1,1.02,5803
Premium,G,SI2,0.25,1186
Very Good,F,SI1,0.54,1356
Premium,J,SI2,1.64,5624
Ideal,E,VVS1,0.53,2407
Good,D,SI2,1.02,3909
Ideal,E,VS1,0.56,2010
Ideal,E,SI1,1.19,7037
Very Good,I,VS2,1.51,9178
Very Good,G,VVS2,0.33,752
Ideal,F,VS2,0.56,1723
Premium,G,VS2,1.09,6906
Good,I,VS2,1.56,9609
Ideal,H,VS2,1.57,12809
Ideal,D,VS2,0.52,1822
Ideal,E,VVS2,1.07,10133
Very Good,F,VS1,1.04,7534
Ideal,G,VVS1,0.61,3008
Ideal,E,VS1,0.32,758
Ideal,E,VS2,0.32,702
Premium,F,VS1,1.29,10530
Ideal,I,VS1,0.27,432
Ideal,I,VS1,0.28,448
Good,D,SI1,0.9,4419
Ideal,H,VVS2,0.42,984
Very Good,J,I1,2.63,10437
Very Good,E,VVS2,0.4,1043
Premium,E,SI2,0.92,3941
Ideal,J,VS2,1.05,4201
Ideal,H,SI1,0.4,896
Ideal,J,SI2,0.39,451
Premium,I,SI1,1.01,4355
Premium,J,VS2,2.02,13687
Fair,F,SI1,1.01,5131
Premium,H,SI2,1.2,3830
Ideal,H,SI1,0.36,538
Premium,D,VS2,0.35,1063
Very Good,G,VS2,1.11,6311
Ideal,F,VS2,0.31,625
Ideal,I,VS2,0.73,3438
Good,D,VVS2,1.01,8943
Very Good,F,SI1,0.9,3699
Very Good,H,VVS1,0.29,478
Very Good,F,VVS1,0.56,2321
Ideal,G,VS2,0.4,980
Ideal,G,VS2,0.31,562
Very Good,D,VVS2,0.41,1364
Good,H,SI1,0.3,554
Ideal,I,VVS1,0.72,2642
Very Good,I,VS1,0.28,462
Premium,H,VVS2,1.53,11982
Very Good,D,VVS2,0.6,2897
Premium,E,VS2,0.71,3062
Very Good,G,VS1,1.01,6905
Ideal,F,SI1,1.04,4770
Ideal,G,SI2,1.07,4021
Very Good,D,VS2,0.27,419
Premium,I,SI1,0.33,434
Premium,G,VVS2,0.3,878
Ideal,E,VVS2,0.25,705
Very Good,F,SI1,0.3,500
Premium,H,VVS2,0.3,776
Premium,I,VS1,1.82,13813
Very Good,H,VS2,0.74,2451
Very Good,I,VS1,1.7,12621
Very Good,G,IF,0.59,2611
Ideal,H,SI1,0.43,669
Premium,D,SI1,0.75,3024
Ideal,F,IF,0.32,929
Good,F,VS2,0.32,645
Very Good,F,VS2,1.06,7706
Very Good,G,VS1,0.63,2157
Ideal,F,IF,1.26,13671
Good,I,SI1,1.56,6246
Ideal,H,VVS2,0.32,828
Ideal,E,SI2,0.9,3200
Good,H,VVS1,0.31,612
Ideal,G,SI1,1.53,11230
Ideal,J,SI1,1.25,5252
Very Good,G,VS1,0.4,791
Ideal,E,VS2,0.33,928
Good,H,SI1,0.9,3447
Ideal,I,VS1,0.72,2498
Ideal,F,VS2,1.04,7035
Ideal,J,VS1,1.53,8943
Ideal,J,SI2,1.03,4347
Very Good,G,VVS1,0.31,816
Ideal,F,SI1,1.07,7286
Very Good,D,SI2,0.9,4078
Premium,H,SI1,1.61,9341
Very Good,H,SI2,1.25,5362
Ideal,D,SI1,1.0,4861
Premium,H,SI2,2.52,17522
Good,E,SI1,0.31,544
Good,H,SI2,1.05,3822
Ideal,E,VVS2,0.39,1034
Ideal,F,SI1,0.25,430
Very Good,J,VS2,0.53,1114
Ideal,H,VVS2,0.32,828
Ideal,D,SI1,0.84,3685
Premium,H,SI2,1.12,4077
Ideal,I,VVS1,0.32,756
Ideal,F,VVS1,0.33,1021
Ideal,D,SI1,0.31,565
Ideal,H,VS1,0.27,500
Premium,F,VVS2,1.01,8905
Very Good,H,VS2,0.34,689
Good,E,VS2,0.34,696
Ideal,F,VVS2,0.31,761
Very Good,E,VVS2,0.31,704
Good,J,SI1,1.67,8013
Premium,G,VVS2,0.51,1875
Ideal,J,VVS1,0.32,494
Premium,G,VS2,1.0,5322
Premium,I,IF,0.33,694
Ideal,H,VS1,0.51,1438
Very Good,H,VS1,1.02,5598
Ideal,G,IF,0.5,2104
Ideal,F,VVS2,0.55,2294
Premium,H,VS2,1.01,5050
Premium,G,VS2,1.51,12696
Premium,F,SI2,1.02,4238
Premium,E,SI1,0.9,4334
Ideal,E,SI2,0.32,449
Very Good,E,VVS2,0.23,505
Very Good,F,IF,0.29,815
Premium,E,VS2,0.4,912
Ideal,F,VVS2,0.36,1059
Ideal,J,SI2,1.7,7464
Ideal,F,SI1,0.51,1346
Ideal,F,VVS2,0.54,2168
Premium,E,VS2,0.82,3577
Ideal,E,SI1,1.13,6682
Ideal,G,SI2,0.52,1170
Very Good,I,VS1,0.3,473
Fair,I,VS2,0.67,1436
Premium,E,SI2,1.53,8996
Ideal,I,VVS1,0.61,1713
Very Good,D,VS1,1.03,8437
Ideal,E,VVS1,0.42,1369
Good,E,SI1,0.9,4229
Ideal,G,IF,0.3,850
Premium,D,SI1,0.41,1015
Ideal,G,VVS1,1.03,8398
Good,E,VS1,0.58,2041
Very Good,H,VS2,0.51,1436
Premium,H,SI1,0.32,576
Ideal,F,SI1,0.72,2586
Ideal,D,VS1,0.71,4380
Very Good,E,VS1,0.7,2967
Premium,I,VS1,0.3,608
Premium,G,VVS1,0.51,2027
Premium,E,IF,0.33,1129
Fair,H,VS2,0.56,1293
Very Good,G,VS2,0.57,1565
Premium,F,VS2,1.01,6271
Very Good,E,VVS2,0.31,766
Good,F,VS1,0.7,2877
Very Good,F,VS2,0.7,2362
Premium,G,IF,1.22,11104
Very Good,J,SI2,1.01,3905
Premium,D,VS2,0.51,1716
Good,G,VS2,2.0,17898
Very Good,D,SI1,0.6,1841
Ideal,F,SI2,2.07,13373
Premium,I,SI1,0.92,3190
Premium,F,VS2,1.0,6154
Very Good,E,I1,1.02,3199
Premium,H,IF,0.33,868
Very Good,E,VVS2,0.28,572
Premium,G,SI1,1.22,6449
Premium,I,VVS1,0.37,681
Ideal,D,VS1,0.73,4258
Good,G,SI1,1.0,4824
Good,E,SI1,1.01,4399
Very Good,G,SI1,0.3,447
Premium,E,SI2,0.34,477
Very Good,F,VVS2,0.5,2052
Ideal,E,VS1,0.3,729
Premium,E,VS2,1.04,7047
Premium,F,VVS1,0.3,1114
Ideal,H,SI2,1.1,4620
Ideal,G,VS1,0.32,645
Ideal,G,IF,0.41,1431
Ideal,H,VS2,0.3,501
Premium,G,SI1,0.41,923
Premium,G,SI1,1.54,11209
Premium,H,SI1,1.1,4916
Very Good,H,SI1,1.02,4552
Very Good,F,SI2,0.5,1147
Ideal,D,VS2,0.51,1882
Ideal,J,SI2,2.01,13253
Premium,G,SI1,1.06,5043
Ideal,F,VS2,0.52,1605
Ideal,H,SI1,2.01,14725
Very Good,H,SI1,1.62,10521
Ideal,G,VS1,0.36,932
Very Good,E,SI2,0.94,3886
Fair,F,SI1,1.0,4925
Premium,G,SI1,0.44,772
Ideal,G,VS2,1.09,7227
Premium,E,VS2,0.41,935
Ideal,D,SI1,1.01,5939
Ideal,J,SI1,2.16,14691
Premium,F,SI2,2.09,12377
Very Good,F,SI1,0.38,672
Ideal,F,SI2,1.02,4855
Premium,G,VS1,1.2,8596
Very Good,D,SI2,1.01,3605
Very Good,H,VS1,0.9,4136
Ideal,D,IF,0.34,2346
Ideal,G,VVS2,0.33,702
Good,F,SI1,0.5,1145
Very Good,D,SI2,1.59,10685
Fair,D,SI1,1.01,4276
Very Good,H,SI1,1.22,6323
Ideal,G,VS2,0.51,1343
Good,D,SI1,0.3,552
Ideal,E,SI2,1.63,10357
Ideal,G,VVS1,0.71,3955
Ideal,D,VS1,0.71,3716
Ideal,I,SI2,1.02,3786
Very Good,E,VVS1,0.25,560
Fair,D,SI2,0.84,2167
Ideal,J,SI1,1.21,5390
Premium,H,VS2,0.35,709
Premium,E,VS1,1.5,13513
Ideal,F,IF,0.32,949
Premium,E,SI2,1.0,4077
Very Good,H,VS2,1.51,10822
Very Good,E,VS2,0.23,402
Ideal,F,VS2,1.0,5929
Good,E,SI1,0.5,1090
Ideal,H,VS2,0.7,2429
Ideal,G,SI1,1.01,5273
Good,F,VS1,0.77,3393
Very Good,D,VVS2,0.29,600
Good,E,SI1,0.5,1316
Ideal,G,VVS1,0.3,764
Ideal,E,SI1,0.71,2823
Premium,G,SI2,2.0,13420
Premium,H,SI1,1.11,5433
Premium,H,SI2,1.12,4077
Ideal,D,IF,0.56,4216
Ideal,I,VVS2,0.7,2487
Good,I,SI2,2.61,13784
Very Good,E,VS1,0.9,5151
Ideal,G,VVS1,0.3,734
Good,E,SI1,0.74,2906
Premium,G,SI2,0.8,2484
Very Good,H,SI2,0.32,403
Ideal,G,VVS2,0.51,1875
Ideal,F,SI2,0.91,4642
Ideal,J,SI1,1.09,4565
Ideal,E,VS2,0.53,1721
Ideal,D,SI1,0.43,774
Ideal,E,VS1,0.75,3555
Very Good,F,SI1,0.51,1374
Good,G,VS2,1.5,10669
Ideal,H,VS1,0.55,1634
Premium,H,SI1,1.2,5592
Ideal,E,SI1,0.31,698
Ideal,H,VVS1,0.32,698
Premium,H,IF,0.5,1971
Very Good,E,VVS1,0.31,725
Good,H,VS2,0.34,537
Fair,E,SI2,0.96,2815
Good,J,SI1,0.35,409
Ideal,F,VVS2,0.51,2203
Very Good,G,VS2,1.4,10351
Ideal,F,VVS2,0.43,1169
Very Good,J,VS1,1.82,10090
Ideal,I,SI2,1.01,4336
Ideal,G,VS1,1.24,8830
Very Good,G,VS1,0.52,1641
Good,G,SI1,0.71,2240
Ideal,H,SI1,1.01,4965
Ideal,F,SI2,1.02,4162
Very Good,I,SI2,0.9,2800
Premium,H,VS2,0.9,3810
Ideal,G,SI1,0.82,3133
Ideal,E,VVS2,0.33,950
Very Good,E,SI1,0.5,1222
Premium,G,VS1,0.68,2326
Very Good,H,SI1,0.35,491
Fair,D,SI1,0.9,3812
Very Good,D,SI1,0.77,3040
Very Good,E,SI1,0.7,2537
Very Good,G,SI1,0.41,719
Ideal,E,VS2,0.53,1956
Very Good,H,VS1,0.41,827
Ideal,J,IF,0.3,489
Ideal,F,SI2,0.82,2867
Ideal,E,VS2,0.35,767
Ideal,H,VVS2,0.3,610
Premium,G,VS1,0.42,984
Ideal,E,VS2,0.36,801
Ideal,I,SI2,2.01,13796
Ideal,I,VVS1,0.31,557
Ideal,E,VVS1,0.35,1116
Premium,G,SI2,1.07,3545
Premium,E,VS1,0.63,3675
Very Good,F,SI2,1.01,5067
Premium,F,VS1,0.4,982
Good,D,SI1,1.0,5005
Good,F,SI1,1.01,5378
Ideal,E,VVS2,0.26,769
Ideal,G,VVS2,0.7,3205
Very Good,G,SI2,1.32,6294
Premium,G,VVS1,1.0,7644
Ideal,F,SI2,1.08,5164
Premium,D,SI2,1.04,4543
Ideal,E,VVS1,0.31,1105
Ideal,F,VS2,0.71,2915
Premium,H,VS1,1.12,5845
Premium,D,VS1,0.7,3501
Very Good,I,VS1,0.33,668
Very Good,J,SI1,1.5,6987
Ideal,G,VS2,1.01,7179
Ideal,F,VS2,0.72,2863
Very Good,F,SI1,2.02,17658
Fair,I,I1,1.17,2935
Ideal,I,SI1,1.56,8858
Very Good,G,SI2,1.26,6001
Premium,H,SI1,1.17,5004
Very Good,F,VS2,0.71,2588
Very Good,H,SI2,0.78,2405
Ideal,G,VVS2,0.31,677
Very Good,G,SI2,1.37,6781
Premium,H,SI2,1.31,4548
Ideal,D,VS1,0.71,3136
Ideal,E,VS1,0.31,734
Ideal,F,VVS2,0.6,2698
Good,H,SI1,2.01,13929
Ideal,J,VS2,2.18,16427
Ideal,F,IF,0.31,921
Premium,J,VS2,0.3,473
Premium,I,SI2,1.73,9207
Good,E,VS1,0.7,3419
Premium,I,VVS2,0.33,579
Ideal,H,VS1,0.77,3468
Ideal,E,SI1,1.22,7215
Ideal,H,SI1,1.2,6471
Premium,H,SI1,0.7,1889
Ideal,G,SI1,0.79,2871
Ideal,D,SI1,0.9,4351
Ideal,H,SI1,0.46,1039
Ideal,I,VS1,1.06,5577
Ideal,G,SI1,0.38,639
Premium,D,VS1,0.7,3183
Premium,F,VS2,1.71,18791
Ideal,F,VS2,0.31,757
Good,G,VS2,0.39,787
Premium,F,VS2,1.34,10431
Premium,F,SI2,0.3,394
Very Good,I,SI1,2.02,16192
Premium,F,VS2,1.2,8964
Ideal,G,VS2,0.57,1313
Very Good,D,SI2,0.41,683
Ideal,J,SI1,1.01,3599
Ideal,F,VS1,0.53,1856
Very Good,G,VS1,1.06,6663
Premium,H,VS2,1.53,10889
Ideal,G,VS2,0.37,833
Premium,E,SI1,0.51,1402
Premium,D,SI1,1.52,12823
Premium,E,VVS2,0.31,816
Ideal,H,VVS1,0.34,751
Ideal,J,SI2,1.09,5034
Very Good,E,SI1,1.5,11586
Good,H,SI1,1.56,7862
Premium,H,VVS2,0.33,854
Very Good,H,VS2,0.73,2430
Good,I,SI1,0.3,394
Ideal,D,SI1,0.31,533
Premium,F,SI2,0.54,1240
Premium,H,VS1,0.31,698
Ideal,G,IF,0.32,918
Premium,H,VS1,0.3,491
Very Good,H,SI1,0.87,3180
Very Good,I,SI2,2.01,14637
Very Good,D,VVS2,0.32,809
Ideal,D,VS1,0.51,2177
Very Good,E,VS1,0.44,1090
Very Good,D,SI1,0.4,720
Premium,F,SI2,0.51,1227
Very Good,H,SI2,1.44,7128
Premium,I,VS2,1.7,11360
Very Good,E,VS2,0.9,4580
Very Good,E,VVS1,0.34,1014
Premium,H,SI2,1.0,3360
Premium,H,VS2,0.31,628
Premium,G,SI2,0.51,1004
Ideal,D,SI2,1.16,5898
Premium,D,SI1,0.72,3048
Ideal,G,VVS2,0.3,819
Very Good,F,VS1,1.23,10276
Very Good,F,VVS2,0.25,633
Premium,I,VS2,1.3,5242
Premium,H,VS2,1.01,4959
Ideal,H,VVS1,0.3,684
Ideal,F,SI1,0.7,2573
Ideal,H,VVS1,0.33,730
Very Good,I,SI1,1.01,4313
Very Good,G,VVS2,0.42,1031
Premium,G,VS2,1.5,13112
Good,F,VS2,0.71,2801
Premium,D,SI1,0.53,1753
Premium,G,VS2,0.33,693
Very Good,E,VS2,0.46,1345
Good,J,SI2,1.15,3733
Ideal,D,VS2,1.04,7220
Premium,H,VS2,1.72,11455
Ideal,F,IF,0.31,901
Premium,H,VVS2,0.7,2717
Ideal,G,VVS2,0.32,730
Premium,E,VVS1,0.35,1044
Premium,D,VVS2,0.59,2515
Very Good,I,VS2,2.0,15923
Good,H,SI2,1.0,4081
Good,I,VS1,0.71,2306
Premium,G,VVS1,1.12,8561
Ideal,E,IF,0.38,1300
Ideal,G,VS1,0.3,605
Premium,G,VVS2,1.54,15983
Premium,H,VS2,1.11,6527
Good,G,VS1,1.74,16223
Ideal,H,VS2,1.51,10861
Premium,F,VS2,0.52,1600
Very Good,F,SI2,0.91,4081
Good,E,VS2,0.55,1695
Premium,G,VS1,1.03,6479
Good,H,SI1,0.3,421
Premium,E,VS1,1.5,17143
Very Good,F,VS2,0.41,951
Very Good,D,SI2,0.91,3828
Very Good,E,IF,1.02,10710
Ideal,G,VVS1,0.71,3332
Ideal,F,VS2,0.38,871
Ideal,F,VVS2,0.38,1010
Very Good,D,VS2,1.02,7677
Premium,H,SI1,0.34,612
Fair,I,VS1,0.81,2297
Premium,G,SI1,1.0,5292
Very Good,I,VVS1,0.73,2623
Very Good,J,SI1,1.29,5209
Ideal,I,VS1,0.32,471
Ideal,G,VS1,1.22,9292
Ideal,H,SI2,1.18,5182
Ideal,F,VS2,1.1,6166
Fair,G,IF,0.52,1849
Very Good,I,VS2,2.0,16459
Ideal,H,VVS2,0.38,832
Premium,G,VS2,0.31,698
Premium,D,VS2,0.24,485
Ideal,F,VVS2,1.06,8776
Premium,I,SI1,1.26,5504
Very Good,E,SI2,0.39,672
Ideal,D,VS1,0.56,1924
Premium,D,SI1,0.7,2339
Premium,H,SI2,1.22,5192
Premium,J,SI1,1.2,4514
Very Good,E,VS1,0.29,474
Ideal,F,VS2,0.36,684
Good,I,SI1,0.71,1774
Premium,H,SI2,0.9,2927
Premium,H,VS2,1.51,11188
Ideal,I,SI1,1.21,5218
Ideal,G,VS2,0.4,792
Good,D,SI2,0.9,3153
Ideal,E,VVS2,0.3,1013
Ideal,G,SI1,0.9,4088
Ideal,I,SI1,0.54,1114
Very Good,D,VS1,0.42,1109
Premium,E,SI1,0.55,1668
Very Good,G,SI1,0.36,537
Good,F,VS1,0.31,607
Ideal,G,IF,0.3,863
Ideal,H,VS2,0.93,4218
Premium,E,VS2,0.71,2858
Ideal,G,IF,0.39,1189
Ideal,E,SI1,1.6,11437
Ideal,F,VS2,0.66,2648
Premium,J,VS2,2.38,16273
Good,F,VS2,0.71,2320
Ideal,F,VS2,0.39,1053
Ideal,E,SI1,0.31,542
Fair,D,SI1,1.24,7291
Ideal,I,SI1,0.31,408
Ideal,J,SI1,1.19,4678
Good,E,VVS2,0.5,2437
Very Good,G,VVS1,0.3,789
Premium,E,SI2,1.21,5920
Very Good,F,SI1,1.05,5666
Ideal,I,SI1,1.21,5124
Premium,F,SI1,0.81,2926
Ideal,H,SI2,0.85,2659
Ideal,H,VS1,1.23,7946
Good,E,VS2,1.01,6666
Very Good,E,SI1,1.13,4922
Very Good,I,VS1,0.71,2328
Premium,H,SI1,0.7,2176
Ideal,F,VVS2,1.02,9598
Ideal,D,SI2,0.72,2457
Good,I,SI1,0.38,659
Ideal,H,SI2,1.07,4442
Very Good,G,VVS2,1.15,9068
Premium,H,VS1,0.4,1035
Premium,H,VS1,0.32,561
Premium,F,VS1,0.52,1872
Premium,F,SI2,0.37,624
Premium,E,SI1,0.94,4661
Premium,F,VS2,0.33,854
Premium,G,SI1,0.31,593
Good,D,VVS2,0.26,564
Ideal,F,IF,0.31,914
Very Good,H,SI1,0.5,1148
Ideal,D,VS2,0.41,1007
Good,H,VS2,2.01,18640
Very Good,G,VS1,1.63,14404
Fair,E,VS2,1.51,12829
Ideal,I,SI2,0.9,3001
Very Good,D,SI2,2.14,18526
Premium,H,VVS1,1.0,6132
Premium,D,SI1,1.25,7924
Very Good,G,SI2,0.9,2857
Ideal,G,VVS2,0.6,2347
Premium,G,VS2,1.19,7130
Ideal,I,SI1,0.54,1114
Ideal,H,VVS2,0.31,625
Ideal,H,VS1,0.3,507
Ideal,D,VS2,0.53,1956
Very Good,E,VS2,0.54,1707
Premium,J,SI1,1.53,6126
Premium,G,VS1,0.3,605
Ideal,G,VVS2,0.53,2051
Premium,G,IF,0.35,1116
Ideal,H,VVS1,0.52,1695
Fair,I,I1,2.01,5696
Premium,F,VS1,0.88,3921
Premium,F,SI2,1.14,4399
Very Good,D,VS2,1.51,14205
Very Good,G,VVS2,0.3,684
Fair,G,I1,0.85,1651
Ideal,I,VS2,0.54,1260
Ideal,H,IF,0.32,814
Very Good,F,SI2,0.71,2397
Good,I,SI1,0.52,978
Very Good,E,VS2,1.5,13892
Very Good,I,SI1,0.31,418
Good,E,VVS2,0.51,1906
Ideal,G,VS1,0.71,3251
Premium,H,SI1,2.02,13453
Very Good,F,VS2,0.9,4493
Very Good,G,VS2,0.4,1035
Very Good,E,VS2,0.52,1653
Good,E,SI1,0.9,3510
Ideal,F,VVS2,0.56,2260
Ideal,E,VS2,0.54,1847
Very Good,G,VVS2,0.33,692
Very Good,G,VVS1,0.3,789
Very Good,F,VS1,0.71,2893
Very Good,E,IF,0.3,1026
Ideal,G,VS2,0.26,397
Premium,D,VS2,0.52,1868
Ideal,G,VVS1,0.56,2164
Premium,E,VS1,0.35,829
Premium,G,VS1,0.54,1847
Premium,G,SI1,1.01,5273
Very Good,E,SI1,0.37,649
Very Good,H,SI2,1.19,4558
Ideal,E,SI1,1.02,5655
Ideal,E,SI2,1.02,4824
Fair,H,I1,1.05,2293
Very Good,E,SI2,0.9,3715
Ideal,G,IF,0.32,1020
Good,H,SI2,0.9,2889
Very Good,F,VS2,0.65,2241
Ideal,E,SI2,0.3,401
Ideal,D,SI1,0.32,756
Ideal,F,VS2,0.73,2762
Good,D,VS2,0.33,625
Very Good,G,IF,0.4,1229
Premium,E,VS2,0.33,829
Good,G,VVS1,0.9,4382
Ideal,F,VS1,0.3,570
Ideal,G,SI2,2.2,14691
Ideal,E,VS2,0.32,702
Very Good,E,VS2,0.3,658
Ideal,E,SI1,0.8,3362
Ideal,D,VVS1,0.38,1270
Ideal,I,VS2,0.72,3391
Good,I,VS1,2.02,15765
Good,I,SI2,0.32,374
Good,F,VS1,0.53,1688
Ideal,E,VS2,0.3,844
Very Good,F,VVS2,0.23,505
Premium,G,SI1,0.74,2553
Ideal,D,VS1,0.3,661
Very Good,H,VS1,0.31,544
Ideal,E,SI1,0.54,1777
Good,I,SI1,0.38,529
Very Good,G,IF,0.49,1865
Good,G,VS2,0.72,2708
Good,J,SI1,1.17,4054
Premium,D,SI2,2.0,17835
Very Good,I,VS1,0.3,473
Ideal,E,VVS2,0.57,2615
Ideal,E,SI2,0.3,401
Ideal,D,VS2,0.42,1103
Good,D,SI2,0.43,669
Ideal,H,VS2,0.5,1408
Very Good,H,VVS1,1.01,6733
Very Good,G,VS2,1.55,11703
Ideal,I,SI1,0.54,1057
Very Good,G,SI1,0.43,754
Ideal,E,SI1,0.38,660
Ideal,D,VVS1,1.11,14667
Very Good,H,VS1,0.32,561
Ideal,D,VS1,0.72,3554
Ideal,E,VVS1,0.4,1031
Very Good,G,SI1,1.2,4520
Premium,I,VS2,0.7,2268
Ideal,F,VVS2,0.43,1093
Ideal,D,VS2,0.46,1326
Ideal,E,VS1,0.27,704
Ideal,F,SI2,0.7,2259
Premium,H,SI2,1.0,3360
Premium,F,SI1,0.73,2346
Premium,G,VS1,1.23,8293
Very Good,F,VS2,1.5,13537
Good,D,SI2,1.3,6443
Very Good,D,SI1,0.7,2604
Ideal,G,VVS1,0.3,764
Ideal,G,VVS1,0.31,789
Premium,D,VS2,0.35,1063
Premium,E,VS1,0.33,1002
Very Good,I,SI1,1.15,4851
Good,E,VVS2,0.3,1026
Ideal,F,VS2,0.31,802
Ideal,F,IF,1.03,13060
Premium,J,VS1,0.41,830
Ideal,D,SI1,0.78,3035
Premium,D,SI1,1.0,4469
Very Good,E,VVS2,0.64,3541
Ideal,H,VS2,1.58,12170
Very Good,E,VS2,0.57,1654
Very Good,H,SI1,1.23,5665
Premium,G,SI2,0.96,4204
Fair,H,VS2,0.7,1981
Good,E,VS1,0.27,377
Ideal,E,SI1,0.71,3527
Ideal,D,VS2,0.33,781
Very Good,J,SI2,2.0,8870
Ideal,I,VS2,0.78,2422
Ideal,G,SI2,1.13,4712
Ideal,I,SI1,0.38,626
Ideal,H,SI1,1.23,5889
Very Good,F,VVS2,1.28,12285
Fair,I,VS2,0.83,2577
Very Good,H,VS2,1.51,8219
Ideal,G,SI2,2.01,17609
Premium,F,VS2,0.3,776
Ideal,G,VS1,0.71,3123
Ideal,I,SI2,0.61,1401
Premium,F,SI1,1.0,5151
Ideal,F,SI1,0.78,2700
Premium,J,SI1,0.71,1853
Ideal,H,SI1,1.21,6573
Ideal,E,VVS1,0.6,3082
Very Good,D,SI2,0.5,1123
Premium,I,SI1,1.91,13367
Ideal,G,VVS2,1.02,7898
Ideal,H,SI1,1.01,4559
Very Good,E,VS1,0.31,610
Very Good,I,SI1,0.82,2602
Premium,G,VS2,1.2,7661
Ideal,G,IF,0.32,954
Ideal,G,IF,0.56,2399
Premium,F,SI2,0.44,832
Premium,G,VS2,1.07,6355
Ideal,G,VVS1,0.42,1179
Ideal,D,VS2,0.33,1002
Very Good,F,VVS2,1.52,16786
Ideal,I,SI2,2.22,14416
Ideal,I,VS1,0.43,789
Ideal,I,VVS2,0.7,2276
Ideal,F,VVS1,0.29,715
Ideal,I,VVS2,0.72,2420
Premium,F,VS2,0.36,726
Premium,F,SI2,1.01,4497
Ideal,E,SI1,0.52,1389
Very Good,D,VS2,0.73,3182
Very Good,G,SI2,1.2,5698
Ideal,I,SI1,0.38,593
Premium,G,VVS2,0.41,1056
Very Good,D,SI1,1.57,12697
Ideal,D,SI1,1.03,5804
Premium,J,VS1,1.03,3957
Ideal,F,VS1,0.55,1980
Ideal,F,VVS2,0.28,787
Very Good,H,SI2,1.3,6140
Ideal,G,VS2,1.21,9873
Premium,F,SI1,0.4,737
Very Good,H,VVS2,0.35,706
Premium,E,SI1,1.13,5179
Ideal,E,SI1,0.57,1436
Premium,D,VS2,1.43,13873
Very Good,G,SI1,0.71,2364
Fair,E,SI1,0.92,4482
Premium,E,SI2,0.35,630
Premium,D,SI1,0.44,849
Good,D,SI1,1.01,5700
Premium,J,VS2,2.13,15110
Very Good,I,SI1,2.01,15126
Very Good,D,SI2,0.72,2612
Ideal,F,SI1,1.1,6146
Very Good,F,VVS2,0.24,608
Ideal,I,VS2,0.32,576
Premium,H,SI2,1.01,3790
Very Good,E,SI2,0.5,1154
Fair,G,I1,2.02,6346
Ideal,F,VS2,0.57,1737
Ideal,E,VS2,1.25,11422
Ideal,D,VS2,0.63,2373
Very Good,H,VS1,1.01,5055
Very Good,J,VVS1,1.09,5588
Ideal,D,SI2,0.35,669
Ideal,E,VS1,0.41,1153
Ideal,E,VS2,0.32,702
Ideal,D,VS1,0.72,3622
Ideal,G,SI1,2.03,16224
Very Good,G,SI2,0.41,621
Ideal,G,VS2,0.34,596
Very Good,D,SI1,0.96,5548
Premium,F,SI1,0.36,770
Premium,I,SI2,1.53,7389
Premium,G,SI2,1.11,4692
Ideal,G,VVS1,0.29,673
Very Good,E,VS2,0.41,866
Very Good,H,VS2,1.5,7484
Ideal,H,SI1,0.74,2375
Good,G,SI2,0.32,421
Premium,F,SI1,1.68,12681
Good,D,SI2,0.51,1146
Premium,E,VVS2,0.41,1187
Ideal,E,VS2,0.85,3924
Premium,F,I1,1.03,3444
Very Good,J,VS2,1.38,6494
Ideal,G,VS2,1.11,7472
Very Good,I,VS2,1.54,8537
Ideal,J,VS2,0.32,504
Fair,D,VS2,0.71,2858
Good,G,VS2,0.5,1259
Premium,G,SI2,0.81,2274
Good,H,SI1,1.52,10078
Premium,F,VS2,1.05,7025
Very Good,F,SI1,0.4,882
Very Good,D,SI2,0.31,462
Very Good,F,VS1,0.31,675
Premium,F,SI1,0.5,1250
Good,H,VS1,0.3,526
Premium,G,SI1,2.02,17692
Very Good,I,SI1,0.54,1135
Ideal,J,VS1,0.5,984
Premium,G,VVS1,0.5,2070
Premium,E,IF,0.4,1580
Premium,F,VS1,1.01,7602
Premium,H,I1,2.77,10424
Very Good,D,VS2,0.41,912
Premium,G,VS1,1.57,14180
Fair,J,SI2,0.71,1362
Premium,E,SI1,0.71,2863
Ideal,D,VVS2,0.36,971
Very Good,H,SI1,0.91,3710
Ideal,E,VS1,0.35,840
Premium,E,VS1,0.33,1002
Ideal,H,VVS1,0.64,2084
Very Good,H,VVS2,1.35,8644
Ideal,H,SI2,1.01,4078
Premium,I,VS1,0.73,2393
Fair,J,SI2,1.06,2992
Ideal,F,VVS2,0.61,2634
Premium,F,SI2,0.5,1125
Ideal,G,VS2,1.02,6410
Ideal,F,SI2,1.67,11341
Ideal,D,SI2,1.17,5412
Ideal,H,IF,0.62,2501
Ideal,I,SI1,1.98,14581
Premium,J,VS2,1.23,4856
Ideal,D,VS2,0.53,1857
Ideal,H,SI1,0.3,442
Ideal,H,SI1,1.01,4943
Very Good,G,VVS2,0.23,431
Premium,I,VS2,1.83,10043
Premium,E,SI1,0.51,1443
Good,G,I1,1.5,4140
Ideal,G,VS1,0.27,527
Very Good,F,VS2,0.51,1552
Very Good,H,VVS2,0.63,1932
Premium,E,SI1,0.52,1605
Ideal,I,VS2,1.06,5516
Premium,J,SI2,1.55,6635
Ideal,F,VS2,0.35,906
Ideal,I,SI2,1.01,3733
Ideal,J,VS1,0.37,624
Very Good,E,VS2,1.07,6441
Ideal,G,VVS2,0.46,1306
Very Good,E,SI2,0.72,2608
Very Good,D,SI1,0.26,658
Good,G,SI2,2.0,10416
Premium,D,VVS2,0.41,1295
Very Good,F,VS2,1.2,8232
Very Good,E,VVS2,0.3,837
Ideal,I,VS2,0.81,2444
Premium,I,VS2,2.2,17905
Very Good,D,VS2,0.38,818
Very Good,G,VS1,0.51,1709
Very Good,H,SI2,1.25,5637
Good,F,SI1,0.9,3992
Very Good,G,VS1,0.32,645
Ideal,H,SI2,2.07,18198
Good,G,VS2,0.82,2805
Premium,F,VS1,0.4,982
Ideal,G,VS2,0.31,698
Good,E,VS1,0.5,1714
Premium,G,I1,1.0,2264
Premium,G,VS2,1.0,6048
Ideal,H,VVS1,0.7,2827
Good,H,SI1,0.7,2176
Very Good,F,VS2,0.54,1745
Very Good,H,SI2,1.25,4199
Very Good,D,SI1,0.91,5342
Good,G,SI1,0.5,1197
Ideal,J,SI1,0.72,1853
Very Good,H,SI1,0.5,1031
Good,F,VVS1,0.45,1548
Ideal,F,VVS2,1.0,5914
Ideal,H,VS1,0.66,2131
Ideal,F,SI1,0.3,470
Premium,G,VS1,0.44,965
Ideal,E,VS2,0.52,1767
Ideal,D,SI1,0.36,626
Premium,E,VS2,0.37,1041
Premium,D,VS2,1.0,5174
Ideal,G,VVS1,0.31,789
Premium,E,VS2,1.5,14386
Premium,H,VS2,1.0,5139
Ideal,E,SI1,0.71,2680
Ideal,I,VS1,1.32,7480
Good,F,SI1,0.77,2642
Ideal,G,SI2,1.11,4755
Premium,F,VVS2,1.0,8924
Ideal,G,VS2,0.53,1598
Very Good,E,SI2,0.42,700
Premium,H,VS2,1.72,13486
Very Good,E,SI2,0.76,2530
Ideal,D,SI1,0.42,1040
Good,G,I1,1.21,3415
Ideal,D,SI1,1.02,6040
Ideal,E,VVS2,1.03,8811
Ideal,G,SI2,1.5,6720
Premium,F,SI2,2.07,18611
Very Good,F,VS1,0.53,1821
Ideal,H,VS2,0.37,603
Ideal,E,SI1,0.38,694
Ideal,G,VS2,0.32,720
Ideal,E,SI2,2.0,16650
Premium,E,VS2,0.44,1003
Ideal,D,VS2,0.32,758
Fair,H,SI2,1.02,4398
Good,D,SI1,1.04,5708
Very Good,J,VVS1,0.39,718
Ideal,I,VVS1,0.43,905
Ideal,E,SI1,0.72,2951
Ideal,G,SI1,0.71,2233
Ideal,E,VS2,0.34,745
Premium,D,SI2,2.17,16472
Ideal,E,SI1,0.72,2642
Premium,J,SI1,1.19,4498
Good,J,SI2,0.7,1824
Good,H,SI2,1.2,4704
Premium,E,SI1,0.41,969
Ideal,H,SI1,0.3,450
Ideal,I,VVS2,1.23,7256
Good,E,SI1,0.3,675
Premium,D,SI2,1.5,8649
Premium,D,VS2,1.1,6209
Ideal,G,SI2,0.78,2485
Ideal,G,VS2,1.2,7741
Ideal,E,VVS2,0.57,2719
Very Good,H,VVS2,0.9,4637
Ideal,J,VS1,1.52,8687
Premium,E,SI1,0.31,698
Very Good,F,VVS2,0.5,2013
Premium,E,SI2,0.94,4098
Premium,E,VS2,0.53,1946
Ideal,I,IF,0.52,1988
Ideal,H,VVS2,0.42,1102
Very Good,E,VVS2,0.24,478
Fair,G,VS2,2.0,18515
Premium,F,VS2,0.54,1786
Very Good,F,SI2,0.9,3519
Ideal,F,VS1,0.73,3797
Premium,E,SI2,1.06,4737
Ideal,E,VVS1,0.41,1367
Very Good,H,VVS1,0.28,504
Ideal,F,VS1,0.87,5640
Ideal,I,VVS2,0.51,1274
Very Good,E,VS2,0.9,4643
Premium,H,SI1,1.12,4994
Very Good,F,VS2,1.0,6841
Ideal,G,SI1,0.53,1439
Ideal,I,I1,1.01,2896
Very Good,D,SI1,0.41,717
Ideal,D,SI1,0.54,1662
Ideal,I,SI2,0.54,935
Very Good,I,VS2,0.71,2219
Ideal,H,VS2,1.67,12945
Ideal,D,VS2,0.51,1882
Ideal,I,VS1,0.72,2430
Premium,F,VS1,1.02,7389
Very Good,H,SI2,1.03,3288
Very Good,D,SI1,1.01,4666
Fair,G,SI1,0.9,3145
Premium,H,VS1,0.34,596
Very Good,E,VS1,1.14,8315
Ideal,E,VS2,0.51,1413
Good,E,VS1,0.8,4444
Ideal,E,IF,1.21,17353
Ideal,I,VS2,0.32,449
Ideal,J,SI1,1.72,8900
Very Good,D,VS2,0.53,1601
Ideal,E,VS1,0.57,2177
Very Good,I,VS1,0.3,608
Ideal,D,VS1,0.42,1132
Premium,E,IF,0.3,1026
Ideal,D,SI2,1.03,4752
Very Good,E,VVS2,0.73,3511
Ideal,I,VS2,1.69,11086
Ideal,H,SI2,1.02,4742
Premium,F,VS2,0.5,1436
Very Good,E,SI1,0.74,2803
Premium,F,VVS2,0.41,1115
Ideal,I,VS1,0.38,874
Ideal,E,VS2,0.51,1656
Premium,G,SI2,1.07,4278
Ideal,G,SI1,0.57,1369
Ideal,F,VVS2,0.7,4114
Ideal,G,SI2,1.16,5695
Premium,H,VVS2,0.31,802
Ideal,G,VVS1,0.3,789
Premium,H,SI1,0.95,3984
Very Good,F,SI1,0.73,3023
Premium,G,VVS2,0.73,2919
Ideal,G,VS2,0.41,827
Premium,D,VS1,1.0,8124
Ideal,F,VS1,0.5,1679
Premium,J,SI1,1.2,4717
Good,G,VVS2,0.5,1806
Premium,G,SI1,1.2,6586
Good,D,VS2,0.7,2749
Ideal,G,VS2,0.31,698
Very Good,G,VS1,0.41,976
Very Good,I,VVS1,0.4,1080
Premium,F,VVS2,0.5,2052
Ideal,H,SI1,0.5,1140
Ideal,E,SI1,1.01,4853
Premium,G,VVS2,1.69,15889
Premium,H,VS2,1.13,5728
Very Good,D,VS2,1.0,6762
Very Good,G,SI2,0.33,434
Ideal,G,VS1,0.55,1902
Good,G,SI2,1.0,3541
Premium,E,SI1,1.7,10860
Fair,G,SI1,0.4,960
Ideal,E,SI1,0.76,3003
Ideal,H,VS2,0.5,1446
Premium,G,SI2,1.1,4650
Premium,I,SI2,2.25,11114
Very Good,G,SI2,0.93,3738
Very Good,G,VS1,0.7,2212
Very Good,F,SI1,1.01,4989
Ideal,G,VS1,0.38,1069
Very Good,F,SI1,1.13,5481
Ideal,D,SI2,1.01,4916
Ideal,E,SI1,0.51,1546
Ideal,G,VVS1,0.41,1068
Ideal,E,IF,0.31,1002
Ideal,E,VVS2,0.33,917
Premium,J,VS1,0.76,2262
Good,G,VS1,1.2,8387
Ideal,E,VS2,0.5,1695
Premium,H,VS2,0.9,4191
Very Good,D,VS1,0.3,863
Very Good,I,VS1,0.53,1286
Premium,E,SI1,1.71,14882
Ideal,F,VS1,0.31,680
Ideal,I,SI1,0.4,765
Ideal,F,VS2,1.3,10090
Premium,H,SI1,2.02,14574
Good,F,SI1,0.9,3780
Very Good,G,SI2,0.31,408
Premium,H,VS2,1.0,5208
Fair,J,VS1,0.9,2964
Premium,D,VS2,0.53,1783
Very Good,F,SI1,1.06,5520
Ideal,F,SI1,1.08,5534
Ideal,E,VS2,0.6,2112
Good,H,VVS2,0.26,440
Premium,E,VS1,1.24,10388
Premium,H,SI1,2.04,18115
Premium,H,SI1,0.71,2207
Very Good,F,IF,1.38,17598
Ideal,D,VS2,0.3,670
Good,E,SI1,1.14,5899
Premium,F,VS2,0.8,3285
Ideal,E,SI2,1.55,6901
Ideal,E,SI2,0.71,2190
Premium,J,I1,2.06,5203
Fair,G,SI1,1.0,4295
Ideal,D,SI1,0.52,1429
Ideal,F,VVS2,0.39,988
Premium,I,VS2,0.82,2692
Very Good,F,VVS2,1.18,11430
Good,H,VS1,0.31,544
Premium,J,VS2,2.51,18020
Ideal,E,VVS1,0.32,954
Ideal,E,VS1,0.52,2275
Premium,D,VVS2,0.4,1323
Very Good,E,SI2,2.01,14813
Fair,E,SI2,0.5,1141
Fair,J,SI2,0.97,2538
Premium,H,VS2,0.34,689
Ideal,G,VVS1,0.4,1123
Premium,I,VS1,0.35,709
Very Good,D,SI2,1.62,9034
Very Good,I,SI2,0.32,480
Ideal,G,SI2,1.04,4455
Ideal,D,VS2,0.34,881
Ideal,D,SI1,0.35,644
Very Good,D,SI1,1.77,14561
Good,I,SI1,2.04,11820
Ideal,H,SI2,0.71,2178
Very Good,D,VS1,0.29,504
Ideal,D,SI1,0.32,715
Very Good,G,VS1,0.33,621
Very Good,H,SI2,1.24,5858
Premium,H,VS1,0.91,3881
Ideal,D,VS2,1.53,17223
Very Good,G,SI2,0.9,3489
Ideal,H,VS2,0.51,1312
Ideal,F,VVS2,0.6,2718
Ideal,G,VS2,0.27,490
Premium,E,VS2,0.35,767
Ideal,E,VS1,0.23,586
Very Good,D,SI2,0.9,3789
Very Good,F,VVS2,1.21,11455
Ideal,I,SI2,0.3,367
Premium,G,SI2,0.9,3226
Ideal,H,SI1,0.35,523
Good,D,SI1,0.5,1169
Very Good,G,VS2,0.9,4600
Premium,D,VS2,0.3,911
Ideal,H,VS1,1.31,8429
Premium,H,SI1,1.11,4960
Premium,H,I1,1.04,3261
Ideal,E,VS1,0.27,603
Premium,F,SI1,0.74,2415
Good,G,SI2,1.5,6006
Ideal,G,IF,1.01,8869
Ideal,E,VS2,0.54,1847
Ideal,H,SI2,1.5,8614
Very Good,G,VS1,0.74,3389
Premium,H,VS2,1.22,6608
Very Good,H,VVS1,0.3,626
Ideal,H,VVS1,1.5,14304
Ideal,D,SI1,1.24,6805
Ideal,E,VS2,0.5,1624
Ideal,G,VVS2,0.72,3352
Very Good,F,VS1,0.56,1929
Very Good,J,VS2,1.21,4691
Ideal,E,VS2,0.32,702
Good,F,SI2,1.01,4121
Ideal,J,SI1,1.14,3045
Very Good,D,SI2,1.5,9009
Ideal,G,VS2,0.32,560
Ideal,J,SI2,1.14,4212
Good,F,SI1,0.41,755
Ideal,F,VS2,0.7,3011
Ideal,D,SI1,0.36,626
Ideal,F,VVS2,0.5,2016
Ideal,G,VVS2,0.34,775
Ideal,G,IF,0.26,605
Very Good,I,SI1,1.51,8214
Premium,G,SI2,0.5,1006
Ideal,I,SI2,1.16,4478
Ideal,F,VS2,0.55,1871
Premium,G,SI2,2.11,16336
Premium,H,VVS2,0.31,625
Very Good,G,VVS1,0.27,566
Ideal,H,SI1,1.53,8289
Very Good,D,SI1,0.9,4304
Ideal,I,VVS2,0.5,1640
Ideal,H,VVS1,0.32,936
Very Good,E,VS1,0.27,413
Ideal,I,SI2,1.53,7678
Ideal,G,VVS2,0.51,1974
Ideal,E,VS2,1.2,10214
Premium,H,SI2,2.27,15783
Good,J,SI1,2.01,11703
Ideal,E,VS2,0.34,745
Good,G,VS1,0.31,625
Ideal,F,VVS1,0.33,893
Ideal,G,SI2,1.04,4973
Ideal,E,SI1,0.64,2089
Very Good,G,SI2,1.11,4816
Ideal,D,SI1,0.53,1631
Ideal,D,SI1,0.3,709
Very Good,J,SI2,2.01,11110
Very Good,E,SI1,0.73,2441
Ideal,E,VVS1,0.38,1245
Premium,G,VS2,0.33,743
Good,H,SI2,2.01,12423
Very Good,G,VS2,0.7,2562
Very Good,G,VS2,1.04,6424
Fair,H,VS1,1.51,11263
Ideal,F,VVS1,0.53,2273
Ideal,J,SI1,1.09,4611
Ideal,H,VS1,1.07,6082
Ideal,I,VS1,0.46,974
Ideal,G,SI2,0.4,745
Premium,G,SI1,0.42,687
Ideal,H,SI1,1.51,9694
Ideal,G,SI1,0.31,443
Ideal,D,VS2,0.54,1892
Fair,F,SI2,0.7,1990
Good,H,VS2,0.31,489
Very Good,H,VVS1,0.3,878
Very Good,G,SI2,1.34,5245
Very Good,F,SI2,0.37,487
Premium,D,SI2,0.72,2795
Very Good,H,VVS1,0.31,707
Ideal,H,SI2,0.51,1016
Ideal,F,VVS1,0.3,995
Fair,F,SI1,1.04,4403
Good,G,VS1,0.45,1246
Ideal,G,VS2,0.42,847
Good,H,SI1,0.4,681
Very Good,H,VS1,1.6,12378
Ideal,D,VS2,0.4,891
Premium,F,VVS1,0.61,2753
Very Good,G,VS2,0.9,4182
Ideal,G,IF,0.32,954
Very Good,F,VVS2,0.27,544
Premium,F,SI2,2.04,18231
Good,E,VS2,1.2,5914
Ideal,F,SI2,0.92,4691
Ideal,G,VVS1,1.28,11248
Premium,H,SI1,1.5,10038
Premium,F,SI1,1.08,5836
Good,H,SI1,1.0,4469
Premium,G,I1,1.07,3547
Very Good,I,VS1,0.74,2353
Ideal,I,VS1,0.73,2302
Ideal,F,SI2,1.24,5889
Ideal,D,VS1,0.38,919
Premium,H,SI2,1.5,8333
Good,G,IF,0.76,3304
Ideal,E,VS2,0.32,900
Ideal,D,SI1,0.35,644
Ideal,F,IF,0.31,914
Ideal,E,VS2,1.01,6968
Good,E,VS1,0.74,2824
Premium,E,SI1,1.51,12319
Ideal,E,VS2,0.51,1656
Very Good,E,VS1,0.41,906
Ideal,E,VVS2,1.01,11400
Ideal,G,VS2,1.04,6177
Premium,F,SI1,0.31,663
Ideal,G,VS2,0.78,3343
Ideal,G,VS2,0.6,1625
Very Good,G,SI2,0.92,3618
Premium,E,VVS2,0.7,3377
Good,E,VVS2,0.29,617
Very Good,G,SI1,1.91,15241
Ideal,H,SI1,1.3,7054
Very Good,F,SI1,0.54,1314
Premium,I,VS2,0.29,429
Good,I,SI1,0.71,2165
Ideal,D,I1,0.51,1071
Premium,E,VS2,0.51,1656
Very Good,I,SI2,0.91,3006
Premium,I,SI1,1.02,3713
Ideal,F,VVS1,0.32,1061
Good,D,VVS1,0.86,5029
Ideal,E,VVS1,0.33,984
Very Good,G,VS2,0.9,4135
Good,H,VS2,1.0,4166
Ideal,H,SI1,0.3,450
Ideal,E,VS1,0.31,800
Ideal,H,SI2,2.13,15288
Ideal,I,VS2,0.35,491
Ideal,E,SI1,2.0,16650
Ideal,F,VS2,0.54,1786
Very Good,F,SI2,1.0,4037
Very Good,D,VS2,0.4,993
Ideal,G,VVS2,0.41,1007
Very Good,E,VS2,0.51,1590
Very Good,E,VS2,0.35,665
Very Good,D,VS1,0.92,7544
Ideal,F,SI1,1.12,6087
Ideal,I,VS2,1.5,9586
Premium,I,SI2,2.05,9850
Ideal,D,SI2,1.0,4956
Very Good,I,VS2,0.35,491
Premium,F,VS2,0.5,1654
Premium,H,SI2,2.01,15773
Fair,J,I1,0.7,1066
Ideal,D,VS2,0.36,727
Good,G,SI2,0.51,1029
Very Good,G,VVS2,0.4,868
Ideal,G,VS1,1.01,5294
Ideal,F,VVS2,0.71,4497
Good,H,VS1,1.0,4732
Ideal,H,SI2,1.15,4572
Very Good,I,SI1,0.31,523
Ideal,G,SI1,1.18,6112
Premium,F,SI2,1.0,4452
Very Good,I,SI1,1.4,7644
Very Good,G,VVS1,0.77,3966
Premium,D,VS2,0.43,963
Ideal,H,SI2,2.12,12284
Very Good,J,SI1,1.2,4891
Ideal,F,SI2,0.72,2674
Ideal,H,IF,0.32,814
Very Good,G,VS1,1.54,14433
Ideal,F,VS1,1.24,9333
Very Good,G,SI1,0.44,786
Premium,F,SI2,0.34,574
Premium,H,VS1,2.04,18104
Premium,D,VVS2,1.0,9918
Ideal,D,SI2,1.07,4513
Good,E,SI1,0.93,4611
Premium,H,VS1,0.4,1035
Premium,F,VS1,0.51,1971
Ideal,I,VS2,0.35,491
Very Good,E,SI1,0.41,755
Very Good,G,SI1,0.42,751
Good,F,SI1,0.72,2446
Very Good,G,SI1,0.74,2762
Very Good,F,SI2,2.21,18483
Ideal,E,VS2,0.3,844
Ideal,G,IF,0.29,673
Ideal,G,VS2,0.55,1833
Ideal,D,VVS2,0.33,1062
Premium,E,VS1,0.42,1105
Ideal,G,VVS2,0.51,1844
Premium,G,VVS2,0.5,1935
Very Good,E,VVS2,0.24,485
Premium,E,SI2,0.36,648
Very Good,E,SI2,0.9,3239
Premium,J,VS2,1.7,9225
Ideal,G,VVS2,0.32,936
Ideal,G,VVS2,0.3,878
Good,H,VS2,2.0,18023
Ideal,F,VS2,0.41,863
Ideal,G,VS1,1.14,9090
Ideal,E,VVS2,0.36,887
Premium,E,IF,1.05,11946
Very Good,E,VVS1,0.3,995
Very Good,D,VVS2,0.24,521
Ideal,E,SI1,0.73,2846
Premium,F,SI1,0.49,1072
Very Good,H,SI2,2.51,18029
Ideal,E,VVS2,0.38,947
Very Good,H,VS1,1.01,4412
Premium,H,VS1,0.53,1607
Premium,G,SI2,1.0,3998
Good,F,VS2,0.92,4404
Ideal,E,VS1,0.41,1153
Good,E,SI1,0.53,1332
Ideal,G,VVS2,1.26,10886
Premium,I,SI2,1.52,8010
Premium,H,VS2,2.01,17068
Premium,I,SI2,1.73,7270
Premium,H,VS2,2.01,13599
Ideal,F,VS1,0.71,3701
Ideal,G,VS2,0.4,1240
Ideal,G,SI1,0.41,788
Premium,H,VVS2,1.52,11979
Premium,G,VS2,1.55,10499
Ideal,I,VS2,1.07,5167
Very Good,E,VVS1,0.31,725
Ideal,G,SI2,0.4,870
Good,I,VS2,0.71,2028
Ideal,G,SI1,0.71,2345
Ideal,G,IF,1.39,12943
Premium,H,SI2,1.22,5466
Ideal,J,SI1,0.92,3181
Ideal,I,VS2,0.38,675
Premium,J,SI1,1.51,7034
Ideal,G,SI2,0.8,2429
Ideal,G,VVS2,1.59,15843
Premium,E,SI1,0.31,651
Good,G,VS1,0.48,1262
Ideal,D,VS1,0.38,1092
Premium,H,SI1,1.01,4320
Ideal,H,SI1,0.42,885
Premium,E,SI1,0.51,1546
Ideal,J,VS2,2.03,13880
Ideal,D,VS2,0.34,805
Good,H,SI2,1.22,6250
Ideal,G,VS2,1.01,6239
Very Good,H,SI2,2.48,15746
Good,F,VS2,1.01,6037
Very Good,F,SI1,0.91,3936
Very Good,G,SI1,1.51,11836
Fair,I,VS2,0.93,3258
Good,G,VVS2,0.9,4914
Ideal,D,VVS1,0.41,1413
Premium,I,SI1,0.34,459
Premium,H,VS2,1.07,5573
Premium,F,SI2,0.97,3993
Very Good,H,VVS2,0.39,784
Very Good,H,VS2,1.21,7113
Very Good,E,SI1,1.5,11688
Premium,F,SI2,0.51,956
Premium,E,SI1,0.68,2224
Premium,G,VS1,0.58,1984
Ideal,H,VVS1,0.29,607
Ideal,E,VS2,0.57,2491
Ideal,H,SI1,0.31,464
Ideal,F,VVS1,0.36,1028
Ideal,H,VS1,0.9,5907
Premium,D,SI1,0.31,732
Premium,H,VS1,0.9,4234
Very Good,E,SI1,0.52,1343
Ideal,F,SI1,0.65,1841
Ideal,H,VS2,0.91,4033
Premium,G,SI2,0.32,540
Premium,J,SI2,1.01,3499
Very Good,F,VS1,0.25,436
Premium,G,VS1,0.42,984
Ideal,D,SI1,0.32,589
Premium,H,SI2,1.25,5950
Ideal,F,IF,0.32,1204
Ideal,E,SI1,0.75,2985
Ideal,G,VVS2,0.54,1914
Ideal,E,VS2,0.9,4770
Ideal,D,VVS2,1.21,13965
Ideal,G,SI1,0.42,945
Very Good,F,VVS2,0.53,2175
Very Good,F,SI1,0.75,2463
Very Good,H,VVS2,0.41,839
Good,H,SI1,0.35,491
Ideal,H,SI1,1.14,5763
Premium,E,SI1,0.97,4915
Ideal,H,VVS2,0.39,794
Premium,D,VVS2,0.38,1257
Ideal,I,VS1,0.81,3422
Ideal,E,VS1,0.36,863
Ideal,E,VS1,0.35,771
Fair,F,VVS1,1.02,7960
Ideal,E,VS2,0.51,1909
Very Good,H,VS1,0.73,2916
Ideal,F,SI1,0.74,2889
Ideal,G,VS2,0.31,544
Ideal,G,VS1,0.51,1656
Premium,J,VS1,1.51,8371
Good,G,SI2,0.91,3340
Ideal,I,SI1,0.7,2436
Ideal,E,VS2,0.35,767
Good,D,VS2,1.0,7114
Fair,D,SI1,0.7,1895
Fair,F,VS1,0.5,1446
Premium,H,VS2,1.02,5171
Good,D,SI1,0.75,3078
Very Good,F,SI1,0.5,1250
Good,F,VS2,0.23,442
Ideal,G,VS1,0.54,1754
Ideal,E,VS2,0.54,1825
Ideal,H,VS1,0.66,2222
Premium,H,VS1,0.9,4234
Ideal,E,SI1,0.51,1438
Premium,E,SI1,0.47,1087
Premium,D,VS2,1.06,7541
Ideal,F,VS1,0.73,3140
Very Good,H,SI2,2.54,16353
Very Good,G,VVS2,0.51,1762
Ideal,I,SI1,1.11,4849
Premium,G,SI1,0.71,2215
Fair,I,VS2,1.18,4553
Ideal,G,VVS2,1.19,9403
Ideal,E,SI2,1.0,4808
Premium,G,VS2,0.43,867
Ideal,I,VS2,0.4,667
Ideal,F,IF,0.54,2729
Very Good,G,SI2,0.83,2543
Ideal,G,VS2,0.55,1588
Good,E,VVS2,0.3,622
Premium,I,VS2,0.35,630
Ideal,E,SI1,0.82,3622
Ideal,G,SI2,0.9,3521
Ideal,F,VVS2,0.42,1069
Ideal,F,VVS1,0.51,2208
Very Good,I,SI1,1.75,10635
Very Good,E,VS2,0.51,1577
Very Good,F,IF,0.33,1014
Premium,H,SI2,1.3,4368
Very Good,D,VS2,0.9,4712
Good,F,VS1,1.04,6653
Very Good,H,SI1,2.01,11825
Ideal,J,VS2,1.14,4906
Ideal,G,VVS1,0.41,1230
Ideal,G,SI2,1.2,5826
Very Good,F,SI1,1.33,8163
Fair,J,SI1,2.0,11189
Ideal,E,VS2,0.72,3301
Premium,F,VS1,0.41,1076
Very Good,H,SI1,0.42,700
Ideal,E,VS2,0.71,3247
Very Good,H,SI1,0.38,812
Premium,I,VS2,0.9,3478
Very Good,E,VVS2,0.23,505
Premium,G,SI2,1.22,5226
Ideal,J,SI1,1.5,7520
Premium,E,SI2,2.01,17179
Good,D,SI2,1.18,5168
Very Good,I,SI1,1.06,4197
Good,E,SI1,1.01,5724
Good,I,VVS1,0.75,2381
Very Good,I,SI1,0.31,408
Ideal,D,VVS2,0.38,1070
Ideal,H,VVS1,0.35,798
Ideal,F,SI2,2.0,18172
Premium,G,VS2,1.2,9677
Very Good,D,SI2,0.4,622
Premium,H,SI2,1.51,7864
Premium,F,VS2,0.37,957
Very Good,I,VS2,2.07,16378
Premium,E,SI1,1.0,5445
Good,G,SI1,0.9,3226
Ideal,F,IF,0.41,1439
Very Good,E,VS2,0.72,2585
Very Good,E,SI1,0.41,755
Very Good,F,VS1,0.25,480
Premium,F,VS2,0.5,1436
Good,G,IF,1.48,15164
Ideal,E,VS1,1.06,8413
Good,E,SI1,0.31,698
Ideal,J,VS2,1.51,8203
Very Good,G,VVS1,0.3,789
Very Good,F,VS2,0.7,2400
Ideal,H,VVS2,0.38,832
Very Good,E,IF,0.33,957
Ideal,J,VS2,1.39,6831
Premium,J,SI1,1.59,7836
Premium,H,SI1,1.19,5698
Very Good,G,VVS2,0.51,1750
Premium,D,SI1,0.56,1814
Very Good,E,VVS2,0.24,552
Ideal,H,VS1,1.02,5569
Premium,G,VVS2,0.52,2012
Ideal,F,SI2,0.34,447
Ideal,F,VS1,0.9,5386
Ideal,G,VS2,1.15,7587
Ideal,H,VVS1,0.73,3005
Ideal,F,VS1,0.59,2140
Fair,I,SI2,1.71,8800
Ideal,E,VS2,0.35,767
Very Good,I,SI2,1.21,5111
Ideal,G,VVS2,0.35,756
Ideal,G,VS1,0.54,1847
Premium,J,VS1,0.32,540
Very Good,H,SI1,1.22,6323
Ideal,G,IF,0.35,1116
Ideal,F,VVS2,1.01,9463
Premium,E,VS2,0.9,4334
Ideal,H,SI1,0.31,446
Ideal,G,VVS1,0.31,772
Premium,G,VS2,1.01,5999
Ideal,G,VS1,0.31,625
Premium,F,SI1,0.41,755
Fair,H,SI1,1.16,5411
Very Good,F,VS2,0.59,1784
Ideal,F,SI1,1.04,4403
Premium,G,VVS1,0.33,1040
Good,I,VS2,1.5,8316
Ideal,E,VVS2,0.26,769
Ideal,F,VS2,0.71,2780
Premium,H,VS1,0.4,807
Very Good,F,VS2,0.9,4678
Fair,G,SI2,0.71,1691
Premium,D,SI2,1.02,4044
Good,F,SI1,1.01,4899
Premium,G,SI1,0.51,1250
Ideal,H,IF,0.31,977
Premium,F,SI2,1.6,6899
Very Good,E,SI1,1.01,5973
Ideal,E,SI1,0.32,532
Good,F,SI2,2.01,16013
Good,J,SI2,1.62,6223
Good,D,SI1,0.32,550
Ideal,F,SI2,2.18,14277
Ideal,G,VS1,0.51,1656
Ideal,G,VS2,0.4,804
Premium,D,SI1,0.4,689
Ideal,J,SI2,2.02,11314
Ideal,E,VS2,0.75,2940
Premium,F,SI2,1.0,3562
Very Good,H,SI2,1.15,4767
Very Good,H,SI2,2.26,13797
Very Good,J,VVS1,0.39,767
Very Good,J,SI1,0.71,1841
Premium,D,VS1,0.45,1297
Very Good,J,SI2,1.31,5100
Premium,G,VVS2,0.4,1050
Ideal,H,IF,0.26,468
Ideal,H,VVS1,0.3,878
Ideal,D,VS2,0.51,1787
Premium,D,VS2,0.35,829
Premium,D,SI2,0.31,462
Ideal,E,VS2,0.32,900
Very Good,F,SI2,0.79,2655
Very Good,E,VS2,1.01,6522
Very Good,G,VS1,0.59,1915
Ideal,D,VS2,0.53,1783
Premium,I,VS2,1.6,9784
Ideal,E,SI1,0.34,765
Premium,E,SI2,0.77,2723
Premium,E,IF,0.33,1207
Very Good,E,VS2,0.46,1267
Ideal,E,VVS2,0.3,949
Premium,D,SI1,0.31,571
Ideal,G,VS1,0.61,2167
Ideal,H,VS1,0.41,827
Ideal,E,VS2,0.35,984
Very Good,E,SI1,0.31,544
Premium,F,SI1,0.7,2423
Very Good,F,SI1,0.9,3992
Ideal,H,IF,0.72,3283
Very Good,G,VS1,1.0,6552
Ideal,I,SI1,1.6,9376
Ideal,E,VS1,0.37,921
Very Good,F,SI1,1.04,5152
Ideal,G,SI2,0.62,1395
Very Good,F,SI1,0.39,704
Ideal,G,VS1,0.33,699
Ideal,I,VS2,0.41,625
Premium,H,SI2,1.33,5214
Very Good,G,SI1,0.91,4429
Ideal,D,SI1,0.31,684
Very Good,H,VS2,1.35,7549
Ideal,G,VS2,0.34,616
Good,F,VVS2,0.5,1678
Premium,F,SI1,0.73,2599
Ideal,J,VVS2,0.38,670
Good,F,SI1,1.0,4372
Premium,E,SI2,1.1,4691
Ideal,G,VVS2,0.32,936
Ideal,F,SI1,0.76,2719
Very Good,H,SI2,0.94,3394
Very Good,F,VS2,0.5,1436
Very Good,F,SI1,0.39,921
Good,H,SI1,0.32,461
Very Good,D,SI1,0.3,709
Good,G,SI1,0.7,2218
Ideal,I,VS2,0.73,2426
Premium,D,SI1,1.05,5927
Ideal,G,VS1,0.35,906
Ideal,E,VS2,0.39,985
Premium,F,SI2,1.37,6181
Ideal,G,VS1,0.54,2274
Good,F,VVS1,0.25,490
Very Good,E,VVS1,0.4,1333
Very Good,E,VS2,0.9,4707
Ideal,I,SI1,0.33,445
Very Good,E,VS1,0.51,1841
Premium,F,VS2,0.7,2657
Ideal,E,VVS2,0.24,678
Very Good,E,VVS2,0.23,505
Very Good,F,SI1,1.13,5017
Very Good,F,SI1,0.5,1106
Very Good,F,I1,1.5,6028
Premium,H,IF,0.31,761
Ideal,E,VS1,0.32,898
Very Good,I,VS2,1.77,13691
Premium,G,VS1,1.49,12900
Good,I,SI1,1.51,6266
Ideal,D,VVS2,0.54,2848
Very Good,E,SI1,0.49,1400
Premium,F,VS2,0.7,2648
Good,I,VS1,1.54,10349
Premium,H,VS2,1.31,6368
Very Good,H,SI1,1.1,4414
Ideal,G,VS1,0.52,1743
Premium,F,SI2,0.92,3282
Good,F,SI1,0.7,2337
Premium,G,VS1,0.33,854
Premium,G,VS2,1.5,12308
Very Good,D,VVS2,0.23,530
Good,J,SI1,0.76,1809
Premium,E,VS1,0.79,3583
Premium,G,VS1,0.57,1949
Very Good,H,SI1,1.2,4637
Ideal,G,VVS1,0.42,1179
Premium,H,I1,0.9,1939
Ideal,G,VVS2,1.01,8104
Very Good,E,VS2,0.91,5145
Very Good,G,VS1,0.78,3472
Good,D,SI1,0.32,589
Premium,I,VS1,1.19,5747
Good,J,VS1,1.28,5759
Very Good,H,VS2,0.31,489
Ideal,G,SI2,1.05,4667
Good,F,VS1,0.91,4502
Good,J,VS1,0.3,394
Very Good,E,SI1,0.31,544
Ideal,E,SI1,0.53,1607
Very Good,G,VS1,0.5,1624
Ideal,F,SI2,0.5,1080
Premium,I,SI1,1.23,4133
Ideal,G,VVS2,0.56,1889
Very Good,H,SI1,0.8,2553
Very Good,I,SI1,1.28,5920
Very Good,D,SI1,0.54,1662
Ideal,E,SI2,0.92,3941
Premium,D,SI1,0.3,552
Ideal,H,SI1,0.36,538
Ideal,F,VVS2,0.31,977
Ideal,G,VS2,0.8,2969
Very Good,D,SI1,0.36,619
Ideal,E,VVS1,0.26,657
Very Good,G,VVS1,0.31,778
Ideal,I,SI2,2.3,16181
Good,F,SI1,0.72,2647
Premium,D,SI2,1.28,6936
Premium,H,VS2,1.1,5652
Fair,F,I1,1.2,2622
Ideal,G,IF,0.43,1433
Ideal,F,VVS1,0.33,880
Premium,F,VS2,1.0,6640
Ideal,G,VVS2,1.35,13230
Premium,F,SI1,0.55,1410
Ideal,G,SI2,2.02,17265
Very Good,H,SI1,1.51,8541
Ideal,D,SI1,0.54,1786
Ideal,D,VS2,0.3,778
Very Good,F,VVS1,0.23,583
Ideal,E,VS1,0.39,1004
Ideal,E,VVS1,0.32,892
Premium,I,VS2,0.7,1814
Very Good,E,VS2,0.4,791
Very Good,E,SI2,1.01,4575
Ideal,D,VVS2,0.27,799
Premium,E,SI2,1.0,4202
Premium,I,SI2,0.9,2826
Very Good,I,SI1,0.74,2352
Very Good,F,SI2,1.12,4953
Very Good,D,VS2,0.5,1627
Fair,F,SI2,1.51,5919
Very Good,E,VS2,0.23,373
Ideal,G,VS1,0.53,1695
Very Good,E,SI1,0.9,4054
Very Good,F,SI1,0.42,926
Very Good,H,I1,2.01,8104
Ideal,E,VS2,0.42,958
Premium,D,SI1,0.75,3105
Premium,E,SI1,0.35,788
Ideal,F,VS2,0.41,863
Ideal,G,VVS2,0.32,936
Premium,G,SI1,2.11,17816
Ideal,G,SI1,0.5,1286
Very Good,G,SI1,0.78,2721
Very Good,E,VS1,0.56,2027
Premium,F,SI2,1.11,5284
Very Good,G,VVS1,1.0,8115
Very Good,H,VS2,0.9,3878
Very Good,F,VS2,0.24,419
Ideal,D,VVS2,1.11,12390
Good,G,VVS1,0.5,1966
Ideal,H,SI1,0.54,1154
Very Good,F,VS1,0.24,419
Good,F,SI1,0.7,2167
Very Good,J,SI2,1.14,4470
Very Good,F,SI1,1.71,13152
Ideal,E,VS1,0.34,805
Ideal,J,VS2,2.28,16450
Premium,D,VS2,0.34,1033
Premium,J,VS1,1.39,7239
Premium,H,SI2,0.35,441
Ideal,E,VS1,0.36,1094
Very Good,I,VVS1,0.41,845
Premium,F,SI2,1.16,5164
Very Good,H,VS1,0.3,639
Premium,H,SI1,0.71,2207
Good,D,SI2,2.0,10528
Very Good,I,I1,4.0,15984
Very Good,G,VS2,1.11,6953
Very Good,G,VS1,1.22,8795
Very Good,E,SI2,0.7,2453
Ideal,F,SI1,0.82,3810
Very Good,G,VVS2,0.9,5102
Ideal,E,SI2,1.07,5704
Ideal,G,VVS1,0.4,1200
Ideal,E,VS2,0.51,1781
Very Good,G,VS1,0.53,1727
Premium,J,SI2,1.25,4331
Very Good,F,VS2,1.0,6013
Premium,H,SI1,0.48,990
Very Good,J,VS2,0.79,2300
Very Good,G,VS2,0.51,1438
Ideal,E,VVS1,0.34,1084
Very Good,G,VS1,0.81,3544
Premium,E,VS1,0.4,1125
Ideal,J,VS2,0.4,765
Premium,I,VS1,1.75,12416
Ideal,F,VS2,0.58,1666
Ideal,H,SI2,0.31,421
Premium,D,SI2,1.03,4764
Ideal,E,VS2,0.5,1746
Premium,I,VS2,2.1,13753
Premium,J,VS2,2.1,14359
Ideal,F,VVS2,0.28,642
Premium,E,SI2,0.71,2386
Ideal,H,SI1,0.42,898
Very Good,D,SI2,1.0,4295
Premium,G,VS1,0.51,1781
Ideal,H,VVS2,0.3,581
Premium,D,VVS2,0.53,2514
Very Good,H,VS2,0.35,567
Fair,G,VS1,0.5,1373
Good,J,SI1,0.77,1909
Very Good,I,SI1,1.07,4237
Ideal,G,SI1,1.2,5996
Ideal,E,SI2,0.97,4078
Good,D,SI1,0.9,3689
Very Good,H,VVS1,0.9,4977
Ideal,F,VS1,0.72,3105
Premium,H,SI1,1.5,10567
Ideal,G,VVS1,0.33,838
Ideal,F,SI2,0.78,2622
Premium,J,VS2,0.51,1020
Premium,F,VS1,0.54,1773
Premium,I,VS2,1.72,11360
Very Good,D,VVS1,0.23,458
Ideal,G,VVS2,0.62,2507
Premium,E,VS2,0.53,1727
Ideal,G,VS2,0.31,698
Ideal,G,VVS2,1.16,9251
Ideal,E,VVS1,0.32,1061
Premium,J,VS2,1.12,4422
Premium,E,VS2,0.3,788
Good,F,SI1,0.64,1646
Ideal,D,VS2,0.6,2019
Ideal,D,VS2,0.55,2079
Ideal,F,VS2,1.07,7564
Ideal,I,VS1,0.7,2490
Fair,E,SI1,0.92,3407
Very Good,H,VS2,0.39,921
Ideal,E,SI1,0.56,1698
Very Good,F,VS2,0.3,605
Ideal,E,SI1,0.34,596
Premium,E,SI2,0.43,919
Good,H,VS2,1.2,6468
Fair,G,SI2,2.01,14799
Very Good,F,VS2,0.43,905
Ideal,J,VVS2,0.4,662
Ideal,I,VS1,0.35,709
Premium,H,VS2,1.04,5344
Very Good,F,SI1,0.9,3699
Very Good,D,SI2,1.52,9817
Good,G,VS2,0.53,1395
Very Good,E,SI1,0.4,725
Premium,I,SI1,2.01,15707
Ideal,D,SI1,0.7,2872
Ideal,E,VS1,0.52,1893
Premium,F,SI1,0.52,1191
Ideal,E,VS1,0.32,713
Ideal,I,SI1,1.52,9124
Premium,J,SI1,0.51,956
Ideal,I,VVS1,0.52,1454
Ideal,F,SI1,0.83,3560
Premium,H,VVS1,0.31,907
Good,G,SI2,1.0,3941
Premium,F,SI2,1.01,3897
Ideal,G,VS1,1.09,7487
Premium,F,VS1,0.51,1836
Ideal,I,SI2,1.13,4481
Very Good,G,SI1,0.71,2448
Premium,I,SI1,0.9,3377
Ideal,G,SI2,2.01,11602
Very Good,G,VVS1,0.5,2070
Ideal,F,SI2,0.97,3569
Premium,E,VVS1,0.26,599
Very Good,F,SI1,1.07,6061
Ideal,I,IF,0.42,961
Very Good,F,SI1,1.5,10372
Very Good,H,VVS1,0.3,684
Ideal,I,VVS1,0.31,571
Premium,H,SI2,1.31,6602
Ideal,G,SI2,1.34,7058
Ideal,D,SI1,0.31,571
Very Good,D,SI2,0.42,656
Ideal,G,VVS2,0.55,2064
Ideal,E,SI1,0.59,1664
Premium,E,SI2,2.71,17146
Fair,F,SI2,0.71,2327
Very Good,E,VVS2,0.23,498
Ideal,H,I1,1.53,6477
Ideal,F,VS1,1.09,8730
Ideal,I,SI1,2.0,15218
Premium,G,VS2,0.32,720
Fair,I,SI1,0.9,2873
Ideal,F,VVS1,0.32,926
Very Good,D,SI1,0.7,2726
Premium,F,SI2,1.06,3901
Premium,E,SI2,0.73,2278
Ideal,I,SI1,0.72,2351
Ideal,E,VS1,0.41,990
Ideal,E,SI1,0.32,516
Premium,F,SI1,1.01,5345
Very Good,E,SI1,1.5,10626
Ideal,D,SI2,0.94,4182
Ideal,G,IF,0.32,1020
Very Good,H,SI2,1.02,4004
Ideal,G,SI1,0.7,2478
Ideal,H,SI2,0.9,4016
Premium,G,SI1,0.41,719
Very Good,I,SI1,2.02,17357
Ideal,F,SI1,0.41,969
Ideal,D,VS2,0.44,1081
Ideal,H,VS2,0.9,4403
Premium,G,IF,1.13,9525
Ideal,H,IF,0.58,2233
Ideal,E,SI2,1.19,5717
Very Good,H,VS2,1.25,7414
Very Good,H,VS1,1.22,7152
Ideal,H,VS1,0.52,1790
Ideal,G,SI2,0.41,810
Ideal,H,VS1,1.2,7869
Very Good,F,VS2,0.38,906
Ideal,E,VS1,0.57,1942
Ideal,E,SI1,0.92,4258
Good,E,SI1,0.38,641
Good,F,SI1,0.43,948
Very Good,H,SI2,1.12,4373
Ideal,D,VS2,0.31,942
Ideal,J,SI1,2.01,12607
Ideal,F,VS2,0.33,666
Very Good,I,SI2,1.0,3217
Premium,J,VS1,0.76,2148
Ideal,J,SI2,1.19,4508
Premium,D,SI2,0.34,650
Very Good,D,SI1,0.77,3166
Premium,D,SI1,0.36,851
Premium,D,VVS2,0.71,3618
Ideal,H,VVS2,0.32,628
Ideal,I,SI1,1.2,4368
Fair,E,SI1,0.57,1383
Good,G,VS1,1.01,6882
Good,H,SI2,1.5,5833
Premium,E,VS2,0.37,757
Ideal,I,SI2,2.3,16329
Very Good,E,SI1,0.5,1374
Very Good,E,SI1,1.51,10891
Ideal,E,VS1,0.31,754
Ideal,H,VS2,0.31,507
Ideal,D,SI2,0.52,1292
Ideal,E,VVS1,0.31,725
Ideal,D,SI1,1.04,5952
Ideal,I,IF,0.33,675
Ideal,G,VVS1,1.23,11417
Fair,F,VVS2,1.5,16364
Good,E,SI1,0.42,945
Ideal,H,VS1,0.58,1759
Very Good,G,VS2,0.76,3170
Ideal,E,VS1,0.5,1678
Good,E,SI1,0.44,756
Very Good,H,SI2,0.76,2418
Very Good,G,VS2,0.7,2353
Ideal,D,VS2,0.52,1822
Ideal,D,VS2,0.54,1993
Ideal,G,VS1,0.42,921
Very Good,F,VVS2,1.28,11602
Premium,H,VS1,1.02,5569
Ideal,H,VVS1,0.4,1088
Ideal,G,VVS2,1.55,15512
Premium,H,SI1,2.07,13844
Ideal,D,VS2,0.34,1033
Fair,F,SI1,1.01,4276
Ideal,E,SI1,0.57,1613
Good,E,SI1,0.43,723
Very Good,E,SI2,0.51,1067
Very Good,F,VS2,0.53,1631
Ideal,G,VS1,0.32,696
Ideal,E,SI1,1.58,11294
Very Good,F,VS1,1.01,7107
Premium,I,SI2,1.04,3512
Very Good,G,VS1,0.42,921
Very Good,I,SI2,2.01,13323
Premium,F,SI1,0.51,1421
Ideal,D,VS1,0.44,1294
Premium,I,VVS1,0.53,1607
Ideal,J,SI2,1.2,4659
Ideal,H,SI2,0.9,3770
Premium,J,VS1,1.6,7903
Ideal,F,VS2,1.6,13853
Good,F,SI1,1.02,4594
Ideal,D,VVS1,0.38,1400
Very Good,G,SI2,1.01,3966
Ideal,G,SI1,1.2,7372
Premium,G,VS2,0.7,2657
Premium,E,SI1,0.36,810
Premium,E,VS1,0.7,2854
Ideal,G,VS2,1.15,6492
Premium,D,SI1,0.3,709
Ideal,G,SI1,1.1,4484
Ideal,F,SI1,0.3,475
Very Good,H,SI1,0.31,435
Ideal,G,VVS2,0.56,2066
Ideal,D,VS2,0.76,3306
Very Good,J,VS2,1.5,7492
Premium,H,VVS1,0.32,936
Ideal,D,SI2,0.4,855
Ideal,H,VS2,1.63,12155
Good,H,VVS2,0.61,1976
Very Good,D,VS2,0.5,1553
Premium,H,VS2,1.53,11280
Very Good,G,VS1,1.51,13811
Ideal,F,SI2,1.04,4630
Ideal,H,SI1,1.06,5194
Premium,F,SI1,0.7,2415
Premium,I,VVS2,0.31,544
Premium,H,SI2,1.04,4368
Very Good,E,VS2,0.4,814
Premium,F,SI1,1.05,4879
Very Good,H,SI2,0.81,2504
Ideal,H,VS2,0.3,496
Very Good,G,VS1,1.35,9729
Premium,F,SI2,1.73,8816
Very Good,F,VVS1,0.31,859
Good,J,VS2,0.9,3423
Premium,F,VS2,0.44,1018
Ideal,H,VVS1,0.38,1069
Ideal,H,VVS2,1.26,8941
Very Good,F,VVS2,0.55,2102
Good,G,SI2,1.1,4084
Ideal,E,VS2,0.38,963
Premium,H,SI1,1.03,5134
Very Good,G,VS2,1.53,13248
Ideal,D,VS2,0.3,911
Fair,F,SI2,1.5,7644
Ideal,G,SI2,0.76,2466
Ideal,D,SI1,0.31,571
Premium,I,VS2,0.33,594
Premium,I,SI2,1.66,5310
Ideal,H,SI2,1.26,6239
Good,J,VS2,1.71,8831
Very Good,H,VS2,0.38,710
Ideal,E,VS1,0.36,817
Ideal,F,VS2,0.4,842
Ideal,G,VS2,1.05,5504
Ideal,E,VS1,0.61,2161
Premium,I,VS2,0.32,449
Premium,D,SI2,1.24,5969
Very Good,F,SI1,0.71,2088
Ideal,D,SI1,0.83,3990
Premium,G,SI1,1.21,5556
Good,G,VS2,0.39,942
Ideal,H,VS2,0.42,773
Premium,E,SI1,1.51,12644
Ideal,H,VS2,0.32,505
Ideal,I,VVS2,0.27,412
Ideal,F,VS1,0.34,956
Very Good,D,SI2,1.15,5186
Very Good,F,SI2,1.4,7345
Premium,G,VS2,1.21,7611
Very Good,D,VS1,0.23,611
Good,J,VS1,0.31,412
Ideal,G,VS2,0.32,561
Ideal,F,VS2,1.02,6306
Good,J,SI2,3.0,14918
Good,G,VS1,1.0,5863
Ideal,D,SI1,0.3,552
Premium,D,SI2,0.51,1359
Very Good,H,VVS1,0.5,1838
Ideal,D,SI1,0.51,1619
Very Good,E,VS2,0.9,4482
Premium,H,SI1,0.97,4172
Premium,D,SI2,1.51,8311
Ideal,G,SI2,1.01,4560
Premium,H,SI1,1.0,3991
Premium,F,VS1,0.36,1013
Premium,G,VS2,1.04,6177
Ideal,E,VS2,0.32,900
Premium,G,VS2,1.54,12308
Ideal,F,VS2,0.32,660
Ideal,I,VS1,0.34,689
Very Good,F,SI1,0.81,2858
Premium,E,I1,0.32,444
Good,E,SI1,1.01,4986
Good,D,SI2,0.71,2215
Very Good,F,VVS1,0.3,814
Ideal,D,SI2,1.03,4679
Premium,E,VS2,0.42,1024
Ideal,H,SI2,1.25,6030
Premium,E,VS2,0.3,658
Ideal,F,VS1,0.4,1050
Premium,D,VS2,0.37,1124
Premium,J,SI2,1.0,2801
Ideal,D,SI1,0.51,1569
Premium,G,VS2,1.0,5242
Ideal,H,IF,0.31,789
Very Good,D,VS2,0.3,670
Ideal,G,IF,1.07,9361
Very Good,E,SI1,0.36,631
Ideal,H,VVS1,0.42,1035
Premium,J,VS2,1.34,5778
Ideal,I,SI1,1.42,7157
Very Good,I,SI1,0.61,1356
Premium,I,SI2,1.31,5612
Very Good,J,VS1,0.72,1914
Ideal,E,VS2,0.53,1607
Ideal,F,IF,0.36,1056
Good,H,SI1,0.7,2066
Ideal,G,SI2,0.3,382
Ideal,H,SI1,0.7,2815
Premium,I,SI2,0.65,1219
Very Good,F,SI2,0.97,4063
Premium,E,VS2,0.7,3199
Ideal,I,VS1,0.7,2616
Ideal,D,VS2,0.32,758
Premium,H,SI2,1.08,4717
Ideal,E,SI1,0.7,2789
Premium,F,SI1,0.92,3400
Ideal,E,VS2,0.42,1024
Ideal,F,SI2,1.21,5028
Very Good,J,SI2,0.91,3181
Ideal,E,SI2,1.01,4666
Ideal,I,SI1,1.51,8396
Good,H,SI1,1.7,9158
Premium,H,VS2,1.5,9253
Premium,E,VS2,0.7,2673
Ideal,F,SI2,0.62,1446
Very Good,F,VS1,1.0,7504
Ideal,F,I1,1.21,4377
Premium,I,VS2,1.21,4884
Very Good,E,SI2,1.1,4140
Premium,E,SI1,0.52,1369
Ideal,I,SI1,1.03,4782
Ideal,I,SI2,0.3,367
Premium,F,VS2,0.35,906
Fair,I,VS1,0.59,1229
Very Good,G,SI1,0.7,2674
Premium,H,SI2,1.05,3352
Premium,G,VVS1,0.31,977
Premium,H,VS2,0.59,1572
Ideal,F,VVS2,0.51,2093
Premium,H,VS2,1.7,10333
Very Good,F,VS2,1.08,6319
Good,F,SI1,0.32,528
Ideal,D,VS2,0.33,781
Ideal,E,SI1,0.72,3012
Very Good,D,SI2,1.22,6607
Premium,E,SI1,1.2,7362
Ideal,E,VS2,0.51,1656
Very Good,G,VVS2,1.31,11108
Premium,F,SI1,0.7,2394
Ideal,D,SI1,0.56,1677
Ideal,H,SI1,0.43,783
Premium,G,VVS2,0.62,2399
Premium,E,SI1,0.92,4183
Very Good,E,VVS2,0.4,1017
Very Good,E,VVS2,0.3,840
Good,H,SI1,1.05,4937
Very Good,G,VVS2,0.5,1813
Fair,F,VS1,1.01,6391
Very Good,F,VS1,0.31,592
Premium,H,SI2,1.25,4200
Premium,J,SI1,2.01,12048
Ideal,G,VVS2,0.59,2125
Premium,H,SI2,1.2,5376
Good,E,SI2,1.01,3546
Very Good,J,VS1,2.04,14527
Ideal,G,VS1,0.33,666
Very Good,E,VS1,0.9,5102
Ideal,E,VS1,0.35,773
Ideal,H,IF,0.4,1153
Good,E,SI2,0.7,1929
Premium,I,VS1,2.0,17278
Ideal,E,SI1,0.34,765
Very Good,E,SI2,0.56,1259
Very Good,E,VS2,0.7,2992
Good,G,VS2,0.39,734
Good,G,VS2,1.0,5600
Premium,E,SI1,0.32,720
Ideal,H,VS2,0.53,1412
Good,H,SI1,1.09,4700
Very Good,I,VS2,0.31,435
Ideal,E,VS1,0.31,734
Very Good,I,VS1,0.82,2583
Ideal,F,SI1,1.06,5834
Premium,G,VS2,0.3,630
Ideal,G,VVS1,0.42,1235
Premium,G,VVS2,0.3,878
Very Good,I,VS2,0.91,3664
Very Good,G,VS2,1.53,13225
Ideal,E,SI2,0.75,2609
Ideal,F,IF,0.3,1013
Very Good,F,IF,0.41,1313
Premium,J,VVS1,2.31,16100
Premium,E,SI1,0.32,720
Ideal,D,VS2,0.32,758
Ideal,G,IF,0.43,1318
Ideal,D,I1,1.12,4215
Ideal,H,VS2,0.41,1163
Good,E,SI1,0.55,1138
Very Good,D,SI2,1.55,11284
Ideal,E,VS2,0.42,958
Premium,I,SI1,1.14,4788
Ideal,I,SI1,1.27,5690
Premium,I,VS2,0.33,594
Ideal,G,IF,0.42,1251
Ideal,H,IF,0.46,1382
Very Good,G,VVS2,0.72,2933
Premium,F,VS2,0.4,1080
Very Good,H,SI1,0.33,475
Very Good,J,SI2,1.51,6171
Ideal,H,VS1,0.9,4592
Ideal,F,SI2,0.93,3266
Ideal,F,VVS2,0.34,848
Ideal,G,VVS2,0.52,1878
Ideal,F,VVS1,0.55,3005
Fair,F,SI2,0.81,2031
Premium,I,SI1,0.31,523
Premium,E,VS1,1.03,7614
Ideal,F,IF,0.3,886
Very Good,G,VVS2,0.33,752
Fair,I,VS1,1.0,3951
Very Good,E,VS1,0.5,1755
Premium,J,SI2,1.2,3951
Very Good,D,SI2,1.14,4957
Premium,H,VS2,0.9,3989
Premium,F,SI2,1.47,8314
Ideal,H,SI2,1.01,4119
Ideal,D,SI1,0.91,5717
Premium,D,SI1,0.32,706
Premium,E,SI1,0.31,544
Ideal,G,SI1,0.73,2548
Premium,I,VS1,1.63,11534
Fair,G,SI2,1.0,3142
Premium,G,VVS2,0.31,707
Ideal,H,VS1,0.6,1772
Premium,G,VVS2,1.01,7821
Good,I,VS2,0.61,1239
Very Good,G,VS2,0.7,2302
Good,F,IF,0.3,780
Premium,I,VS1,1.22,6354
Good,E,VVS2,0.26,599
Premium,G,SI1,1.01,5006
Ideal,G,VVS1,0.52,2065
Ideal,E,VVS2,0.3,743
Very Good,G,SI2,2.01,12271
Ideal,F,VVS2,1.22,11730
Very Good,E,VS2,1.02,6762
Ideal,F,VS1,1.1,8796
Premium,F,SI2,1.53,9596
Premium,H,VS2,0.33,668
Very Good,I,VS1,1.01,5041
Premium,F,SI2,1.1,3918
Ideal,E,VS2,0.52,1888
Ideal,G,VVS2,0.31,707
Good,E,SI1,0.9,4165
Premium,G,SI1,1.51,10951
Ideal,G,SI1,0.51,1254
Very Good,H,SI1,2.03,18781
Premium,G,SI1,0.32,612
Ideal,E,SI2,1.0,4808
Premium,G,VS1,1.28,9335
Ideal,F,SI2,1.06,4568
Premium,G,SI1,1.54,8176
Fair,J,VS2,1.0,2811
Premium,E,SI2,0.71,2215
Very Good,E,VS1,0.39,883
Ideal,E,VVS1,0.41,1444
Good,E,SI1,0.73,2796
Ideal,D,SI2,0.41,683
Very Good,G,I1,2.23,7006
Ideal,F,VVS1,0.32,926
Premium,I,SI2,2.02,14211
Ideal,G,VS1,0.33,666
Good,J,SI2,1.21,4559
Ideal,G,VS2,0.58,1761
Ideal,F,SI2,0.4,673
Premium,G,VS1,0.33,666
Premium,H,VS2,1.35,6093
Ideal,G,VS2,0.37,833
Ideal,D,VS1,1.02,8658
Premium,H,SI1,1.01,4642
Premium,G,SI1,1.04,5086
Ideal,H,VVS2,0.78,3015
Ideal,I,VVS1,0.7,2536
Very Good,F,VVS2,0.57,1902
Very Good,H,VS2,1.23,6459
Premium,E,SI1,1.71,14190
Good,D,SI2,1.5,7862
Ideal,F,VS1,0.71,2920
Premium,J,SI1,0.32,468
Ideal,F,VS2,0.53,1655
Ideal,G,VS1,0.71,3431
Premium,E,SI1,1.09,5640
Ideal,H,VVS2,0.3,605
Very Good,H,SI1,0.3,421
Ideal,E,VS2,0.54,1754
Good,E,VS1,0.7,3419
Very Good,F,SI2,0.76,2347
Ideal,J,SI1,1.22,5192
Ideal,F,SI1,0.53,1908
Ideal,I,SI2,1.08,4130
Very Good,H,SI2,0.72,1970
Premium,F,SI1,1.5,8400
Ideal,F,SI2,1.09,5143
Premium,F,SI1,0.5,1286
Very Good,H,SI2,1.0,4042
Premium,J,VS1,0.41,647
Premium,F,SI1,0.91,4026
Very Good,I,VS2,0.59,1392
Ideal,G,VVS1,1.03,8248
Ideal,E,IF,0.35,1197
Premium,F,SI1,0.57,1257
Ideal,F,SI2,0.57,1308
Premium,H,SI2,2.08,12454
Very Good,E,VS1,0.71,3112
Ideal,D,VS1,0.73,3937
Ideal,G,VS2,1.11,6713
Very Good,G,VS2,1.01,6047
Ideal,E,SI2,0.54,1246
Ideal,G,VS1,0.3,624
Premium,D,SI1,1.08,5758
Very Good,H,SI1,0.53,1189
Premium,I,SI2,2.02,13642
Premium,H,VS2,1.22,6934
Premium,D,VS2,1.55,15991
Ideal,F,VVS1,1.22,12906
Premium,E,SI2,0.73,2409
Premium,E,VS1,0.51,1758
Ideal,G,VS2,0.37,649
Ideal,F,SI1,0.7,2161
Premium,H,SI2,1.01,3999
Ideal,E,SI1,0.46,905
Very Good,I,VVS2,0.31,544
Ideal,E,VVS2,0.37,1162
Ideal,G,VVS1,1.25,13096
Ideal,G,IF,0.32,1020
Good,F,VS1,0.7,2724
Very Good,J,SI2,0.48,1080
Ideal,F,VS1,0.8,4070
Ideal,F,VS1,0.42,1031
Premium,I,VS2,1.11,4744
Good,F,SI2,1.03,4095
Very Good,E,SI1,0.71,2516
Very Good,J,VS1,0.9,3231
Very Good,G,SI1,0.43,754
Very Good,E,VS1,0.52,1875
Very Good,I,SI1,2.07,15847
Premium,H,SI2,1.5,8490
Premium,G,SI2,0.7,2100
Premium,D,VS1,0.72,2900
Ideal,H,VS2,1.21,5882
Ideal,H,SI1,0.3,450
Ideal,H,VS1,0.28,476
Ideal,G,VVS2,0.71,3042
Ideal,G,IF,0.3,850
Premium,G,VS2,0.32,672
Ideal,G,I1,1.09,3549
Ideal,E,VS1,0.8,5007
Ideal,I,VVS1,0.59,1838
Ideal,J,VS1,0.41,647
Premium,F,VS2,0.57,1847
Premium,G,SI2,1.53,6788
Ideal,H,VS1,0.32,620
Premium,G,VS1,0.32,645
Ideal,E,VS2,0.71,3026
Ideal,G,VS1,0.38,759
Ideal,H,VS1,0.52,1648
Good,E,VVS1,0.57,2990
Premium,E,VVS1,0.32,1044
Ideal,F,VVS1,0.32,854
Very Good,E,VVS1,0.23,478
Ideal,F,VS2,1.52,14038
Ideal,G,VS1,0.77,3176
Premium,I,VS2,2.01,16778
Very Good,H,VVS2,0.32,645
Very Good,E,VS1,1.07,7768
Very Good,I,SI1,1.32,6810
Very Good,E,SI1,0.51,1305
Ideal,H,VVS2,0.31,625
Ideal,I,VS2,0.7,2240
Very Good,E,VVS1,0.23,682
Very Good,D,VS1,0.51,1616
Premium,G,VS2,1.3,8854
Ideal,D,I1,1.18,3886
Very Good,H,SI2,0.39,588
Ideal,I,VVS1,0.32,756
Ideal,G,IF,0.3,799
Premium,J,SI2,2.0,11899
Very Good,E,SI1,0.41,755
Very Good,H,VS1,1.21,7445
Ideal,H,IF,0.3,789
Premium,E,VS1,0.74,3401
Premium,H,SI1,2.09,12063
Very Good,J,SI1,0.95,3154
Premium,G,VS1,0.81,3266
Ideal,J,VS2,1.27,5606
Very Good,D,SI2,0.43,858
Ideal,F,VVS2,0.27,760
Premium,D,SI1,0.53,1631
Very Good,D,SI2,0.42,700
Premium,D,VS2,0.36,852
Good,D,VS2,0.7,3087
Premium,E,SI1,1.21,6963
Premium,I,VS2,0.8,2616
Premium,G,SI2,0.33,434
Very Good,G,VVS1,1.04,6766
Very Good,E,SI1,0.9,4560
Premium,I,VS2,1.2,5699
Good,E,SI1,0.58,1336
Good,D,VS2,0.51,1831
Ideal,I,VS2,0.31,435
Good,J,VS2,1.56,7094
Very Good,D,SI1,0.42,756
Premium,D,SI1,0.4,990
Premium,H,VVS2,0.31,802
Good,I,SI2,1.02,3856
Premium,F,SI2,0.91,3546
Ideal,E,VS2,0.3,658
Very Good,H,SI2,1.12,4498
Premium,G,VS1,0.72,2607
Ideal,H,VS1,0.33,579
Very Good,E,SI1,0.54,1320
Ideal,D,VS2,0.53,1704
Premium,F,SI2,0.72,1676
Premium,G,VS1,0.54,1847
Very Good,F,SI2,0.9,3465
Ideal,E,SI2,0.4,629
Premium,H,SI1,0.58,1332
Ideal,F,SI1,0.57,1571
Ideal,E,VS2,0.55,2030
Premium,H,VS1,0.4,807
Premium,D,SI1,1.5,11863
Premium,G,SI2,1.01,3750
Ideal,E,VS1,1.03,7477
Good,D,VS2,1.0,6163
Good,H,VVS2,0.54,1883
Very Good,H,VVS1,0.25,450
Very Good,J,SI1,1.7,8870
Very Good,F,VS2,0.9,4681
Ideal,J,SI2,0.63,1065
Very Good,F,SI1,1.03,5241
Ideal,E,VS2,0.31,680
Ideal,E,VS2,0.74,3036
Ideal,F,VVS2,0.34,1003
Ideal,E,VVS2,0.3,789
Premium,J,SI1,1.54,7589
Premium,H,SI1,1.02,5055
Ideal,E,VS2,0.51,1781
Ideal,G,SI2,2.1,18312
Ideal,F,VS2,0.34,641
Very Good,H,SI1,1.09,4849
Ideal,H,SI1,1.26,8110
Very Good,E,VVS2,0.31,749
Ideal,D,VVS2,0.6,3382
Very Good,E,VVS1,0.31,763
Ideal,E,VVS1,0.3,982
Ideal,G,VVS2,0.52,2012
Premium,G,SI2,2.15,13317
Premium,E,SI2,0.5,1181
Very Good,I,VS2,1.02,4762
Ideal,F,VS1,0.41,1076
Very Good,E,SI1,0.39,670
Ideal,G,VVS1,0.31,789
Premium,E,SI1,0.42,992
Very Good,F,VVS2,0.3,613
Premium,E,VS2,0.3,844
Very Good,D,SI1,0.34,626
Very Good,I,VS2,2.03,17297
Very Good,E,SI1,0.71,2606
Good,D,SI2,1.0,3634
Ideal,G,IF,0.33,925
Ideal,F,VVS2,1.16,10850
Fair,J,SI1,0.62,1101
Very Good,E,SI1,0.81,2972
Ideal,E,VVS2,0.3,779
Ideal,F,VVS2,0.42,1142
Ideal,E,VVS2,0.3,789
Premium,G,VS1,1.38,10850
Good,F,SI1,0.51,1274
Ideal,H,VS2,1.2,6586
Good,I,VS1,0.53,1315
Premium,H,SI2,1.28,5949
Premium,H,VVS1,0.91,5032
Ideal,G,VS2,1.01,6587
Ideal,E,VS2,0.52,1708
Ideal,I,VS1,0.82,2557
Ideal,F,VS2,0.41,1107
Very Good,G,VS1,0.52,1554
Premium,H,VS2,0.31,628
Good,E,VS2,0.52,1554
Premium,I,SI2,1.36,5856
Premium,I,SI2,0.73,1927
Ideal,G,VS2,1.65,14593
Fair,D,VS2,0.5,1431
Ideal,E,VS1,0.7,2818
Good,F,SI2,0.74,2190
Very Good,D,VS1,0.78,3923
Very Good,J,SI1,0.9,2834
Ideal,G,VS1,1.71,17595
Very Good,F,VS2,1.1,5218
Very Good,G,SI2,1.31,7107
Ideal,H,IF,0.51,1879
Very Good,G,SI2,1.2,5183
Premium,I,SI1,0.75,2295
Very Good,F,SI1,0.42,788
Ideal,G,VVS2,1.0,7520
Premium,E,VVS1,0.39,1362
Ideal,D,SI1,0.75,2954
Premium,G,VVS2,0.4,982
Premium,E,VS2,0.5,1629
Very Good,E,VVS2,0.24,485
Ideal,F,VS1,1.06,7345
Ideal,G,SI2,0.31,436
Ideal,D,VS2,1.5,15848
Ideal,D,VVS1,0.56,3496
Ideal,E,VVS2,0.33,1114
Good,I,SI1,0.7,2142
Very Good,J,SI2,1.02,3534
Ideal,E,SI1,0.7,2703
Ideal,F,VVS1,0.3,1041
Premium,E,SI2,0.81,2559
Ideal,I,SI1,1.11,4645
Premium,I,SI1,1.52,6639
Good,H,SI2,0.83,2337
Ideal,J,SI2,2.53,15993
Very Good,E,SI2,1.25,6073
Ideal,D,SI1,0.74,2723
Ideal,G,IF,0.26,605
Premium,J,VS1,0.4,810
Good,J,SI1,0.72,1547
Premium,G,SI2,1.01,4327
Premium,F,SI2,1.07,4366
Very Good,F,I1,1.49,6064
Ideal,F,VS2,1.24,9478
Premium,G,VS2,0.32,720
Ideal,I,VVS1,0.58,1680
Very Good,H,SI2,0.43,937
Good,G,SI1,1.0,4466
Good,F,VS1,0.63,2188
Ideal,I,VS1,0.71,2397
Ideal,E,SI1,0.55,1609
Good,G,SI1,1.0,4528
Premium,D,SI1,0.5,1654
Very Good,I,SI2,1.35,6041
Very Good,I,VS1,1.24,6754
Ideal,H,VVS2,1.53,13629
Ideal,I,SI1,0.3,382
Ideal,F,VS2,0.25,535
Ideal,H,VVS1,0.36,1053
Premium,I,VS2,0.31,521
Ideal,D,SI1,0.41,771
Fair,F,VS2,0.45,1037
Premium,G,VS1,0.39,951
Ideal,E,VS1,0.34,1033
Ideal,G,VVS2,0.59,2070
Premium,D,SI1,1.0,5645
Ideal,F,VS1,0.57,2052
Premium,G,VS1,0.7,2512
Ideal,F,VS2,1.5,14372
Ideal,G,VS2,0.57,1642
Very Good,E,SI1,0.91,4284
Premium,E,VS2,0.58,1862
Premium,I,SI1,1.51,8794
Ideal,E,VS2,0.28,598
Premium,E,SI1,0.58,1407
Very Good,F,SI1,0.7,2672
Ideal,G,VVS1,1.24,11503
Premium,G,IF,0.3,895
Very Good,E,SI1,1.01,5534
Premium,H,SI2,1.09,4496
Ideal,H,VS1,1.87,17761
Very Good,I,VS1,1.22,5966
Ideal,G,IF,0.4,1333
Very Good,E,VS2,0.28,487
Ideal,G,VS2,0.6,1930
Premium,J,SI1,1.52,6367
Very Good,G,SI2,1.32,7173
Ideal,F,VS2,0.52,1909
Ideal,G,IF,0.31,891
Premium,D,SI2,0.79,2735
Good,H,VVS1,0.9,4381
Premium,G,VVS1,0.33,1114
Ideal,H,IF,0.31,1046
Very Good,G,SI1,0.4,702
Ideal,I,VS1,0.7,2398
Very Good,E,VS2,0.3,658
Ideal,H,VS2,1.68,13427
Very Good,I,SI1,0.9,3730
Good,E,VS2,0.9,4315
Fair,I,SI2,1.03,2884
Premium,I,SI2,1.5,7715
Very Good,F,SI1,0.81,2858
Premium,D,SI1,1.14,6256
Very Good,G,SI1,0.9,3752
Very Good,E,IF,0.35,1025
Ideal,I,SI1,2.02,16128
Very Good,F,SI2,0.9,3468
Ideal,E,VS1,0.41,1079
Ideal,I,VS1,1.31,7751
Ideal,H,SI1,1.1,4764
Very Good,J,VS2,1.11,4283
Very Good,G,VS2,0.51,1438
Fair,F,SI1,0.29,1776
Ideal,J,VS2,0.56,1094
Ideal,F,SI1,0.42,691
Premium,E,SI1,1.0,5174
Very Good,G,VVS1,0.27,566
Premium,G,VS2,0.51,1438
Good,E,SI2,0.64,1080
Ideal,D,VS1,0.44,1235
Ideal,H,SI1,1.56,10739
Premium,D,SI1,0.5,1433
Very Good,I,VS2,1.67,10165
Premium,J,VS2,1.51,7357
Ideal,F,VS1,0.51,1836
Very Good,F,VVS1,0.6,3333
Ideal,H,SI2,2.15,17063
Ideal,D,VS1,0.51,1810
Good,H,SI1,0.55,1175
Premium,E,SI1,0.4,945
Very Good,E,SI1,2.01,17676
Very Good,H,SI1,1.01,4432
Premium,H,I1,2.03,7421
Very Good,H,VS2,0.71,2428
Good,E,VVS1,0.25,498
Ideal,D,VS2,0.31,734
Ideal,D,VVS2,0.32,790
Ideal,F,VS2,0.33,666
Ideal,H,VS1,0.32,561
Ideal,I,SI2,2.14,14138
Ideal,G,VVS2,0.59,2155
Ideal,J,VS1,1.33,6118
Ideal,I,VVS1,0.3,552
Premium,H,SI1,1.21,6566
Fair,G,SI1,2.01,18574
Ideal,G,VVS1,1.13,9214
Ideal,D,SI1,0.56,2061
Premium,G,VVS2,0.9,4486
Very Good,D,VS1,0.25,388
Very Good,I,VVS2,0.32,561
Ideal,H,SI1,1.07,5031
Ideal,E,SI1,1.03,4873
Very Good,G,VS1,1.04,7049
Premium,E,VVS1,0.31,1012
Ideal,G,SI1,1.51,11465
Very Good,H,VVS2,1.52,12648
Very Good,G,VS2,1.0,6208
Ideal,E,VS1,0.26,580
Very Good,I,VS1,1.22,6763
Good,H,VS2,0.41,729
Ideal,D,SI2,1.21,6190
Good,E,VS1,0.56,1951
Good,H,SI1,1.01,4749
Premium,G,VS1,0.51,1781
Premium,E,SI1,0.91,4332
Ideal,F,SI2,0.62,1364
Premium,I,VS1,2.01,15475
Very Good,H,IF,0.41,1187
Ideal,F,VVS2,0.6,2298
Ideal,E,SI1,0.4,684
Ideal,F,I1,1.1,3690
Premium,E,VS2,0.7,2822
Premium,J,SI1,2.56,17186
Premium,H,SI2,1.32,4879
Ideal,E,VVS1,0.34,1014
Ideal,E,SI1,0.55,1551
Ideal,E,SI2,0.72,2355
Premium,E,SI2,0.7,2037
Ideal,F,SI2,0.55,1313
Ideal,E,VS1,0.56,2117
Ideal,H,VS1,0.8,3581
Fair,G,VS1,1.0,5908
Premium,E,SI1,0.6,1625
Premium,D,VS2,0.3,911
Ideal,F,VS1,0.38,1013
Ideal,H,VS1,0.3,675
Very Good,G,I1,1.5,5808
Ideal,F,VS1,0.5,1731
Good,G,VS1,1.01,6509
Ideal,I,VVS2,1.5,10931
Ideal,D,VS2,0.31,734
Premium,E,SI2,0.7,2376
Very Good,H,SI1,1.01,4743
Ideal,H,SI1,1.06,5278
Ideal,F,VVS2,0.41,1192
Good,H,SI2,1.27,4552
Ideal,E,VVS2,0.31,816
Ideal,D,VS2,1.16,10907
Ideal,H,VS2,0.7,2398
Good,H,VS2,0.9,3701
Very Good,J,VS1,1.34,6237
Good,D,SI2,0.5,1175
Ideal,F,VVS1,0.33,854
Very Good,E,VS1,0.29,555
Premium,G,I1,1.02,2815
Ideal,F,SI1,0.72,2737
Ideal,G,VVS2,0.31,907
Very Good,G,VVS1,0.27,566
Premium,E,VS2,0.51,1567
Premium,G,VS2,1.01,6027
Ideal,D,VS1,0.33,739
Premium,I,VS2,1.7,11519
Good,F,SI1,0.9,3699
Very Good,H,SI1,0.7,2273
Very Good,H,VS1,1.5,9173
Fair,I,SI2,0.7,1625
Ideal,H,SI1,1.01,5664
Ideal,I,SI2,1.06,4103
Premium,E,SI1,0.33,743
Very Good,E,VS1,0.24,412
Good,E,VS2,0.41,910
Premium,E,VS2,1.01,7240
Ideal,I,IF,0.32,673
Premium,J,SI1,0.9,2871
Ideal,H,VVS1,0.42,1094
Very Good,H,SI1,0.7,2048
Very Good,G,VS2,0.9,4210
Good,G,VS2,1.21,7047
Fair,D,SI1,0.7,2550
Ideal,G,SI1,0.33,498
Very Good,I,SI1,1.21,5245
Premium,H,VS2,1.0,5096
Good,G,SI2,0.51,1002
Very Good,F,VS2,1.0,5938
Very Good,I,VS1,2.01,16811
Ideal,D,SI1,0.72,2954
Very Good,D,SI1,0.85,3669
Ideal,J,VS2,0.73,2258
Ideal,D,VS2,0.52,1822
Very Good,G,VS1,0.53,1648
Ideal,G,VS1,0.38,1040
Very Good,E,SI2,0.9,3084
Very Good,D,SI1,1.0,5320
Premium,E,VS2,0.57,1851
Ideal,G,VVS2,1.18,9252
Ideal,F,VS2,0.35,706
Very Good,H,VVS1,0.24,449
Premium,H,SI1,0.77,2457
Good,J,VS2,1.7,9380
Very Good,H,VS2,0.4,737
Premium,H,VS1,0.4,793
Premium,H,SI2,1.03,4078
Premium,F,SI2,0.7,2184
Very Good,E,VVS1,0.51,2369
Premium,E,SI1,0.53,1607
Ideal,G,VVS1,1.03,9691
Premium,I,VVS2,1.7,13127
Premium,D,SI2,0.4,798
Good,J,SI1,1.26,4255
Premium,F,VS2,0.4,842
Good,E,VS2,0.7,2394
Ideal,H,VS1,1.26,8959
Premium,E,SI1,1.5,11795
Very Good,H,SI1,0.51,1090
Very Good,G,VS2,1.0,5645
Good,E,SI1,0.33,743
Ideal,I,SI1,0.38,668
Fair,G,VS1,1.0,4455
Ideal,G,VS1,1.06,8093
Good,G,SI1,1.0,4218
Premium,H,VS2,0.91,3963
Very Good,E,SI2,1.51,9513
Very Good,H,SI1,0.7,2475
Ideal,H,VS2,1.08,5839
Ideal,G,VVS2,0.42,1103
Good,G,VVS2,0.23,428
Ideal,I,VS2,2.07,17045
Good,G,SI2,1.01,4211
Premium,H,SI1,1.19,6078
Ideal,E,IF,0.3,943
Ideal,G,SI1,1.02,5016
Premium,E,VS2,1.03,6460
Ideal,F,SI2,1.01,4843
Very Good,G,VS2,1.5,12672
Good,D,VVS1,0.9,8239
Very Good,G,SI2,0.53,1070
Ideal,D,SI1,0.55,1611
Ideal,D,VS2,0.4,918
Fair,G,I1,0.5,701
Good,G,VVS2,0.46,1245
Fair,G,I1,1.07,2375
Very Good,G,VS2,0.31,698
Ideal,D,SI1,0.5,1764
Ideal,G,IF,0.4,1229
Very Good,G,VS2,1.0,5766
Premium,J,VS1,0.3,394
Very Good,I,SI1,0.32,388
Fair,G,VVS2,1.5,13553
Ideal,D,VS2,0.37,876
Premium,E,SI1,0.31,544
Very Good,I,VS1,1.03,5455
Premium,G,VS2,1.0,6209
Ideal,H,SI1,0.58,1421
Very Good,F,VVS2,0.56,2236
Premium,G,SI1,1.5,9954
Ideal,G,VS2,0.58,1760
Premium,I,SI2,1.8,8457
Very Good,F,SI2,0.92,3873
Ideal,D,SI1,0.31,732
Ideal,E,SI1,0.3,640
Ideal,H,SI1,0.64,1880
Good,G,SI1,1.01,5021
Ideal,G,VVS2,0.3,878
Premium,F,SI2,1.01,4533
Premium,F,VS2,1.04,6458
Ideal,E,SI2,1.13,5120
Premium,I,SI2,1.47,6742
Ideal,F,IF,0.34,1276
Very Good,I,VS1,1.55,10711
Ideal,E,SI2,0.59,1305
Ideal,F,VS2,0.3,776
Premium,G,SI2,1.25,4991
Premium,H,SI1,0.91,3475
Very Good,E,VVS1,0.74,3993
Good,E,SI1,0.9,4165
Premium,F,SI1,1.21,5720
Ideal,F,VVS1,0.33,1021
Very Good,G,SI2,1.08,4241
Ideal,E,VS1,0.73,3758
Ideal,D,VS2,0.52,1919
Ideal,G,VS2,0.53,1769
Premium,G,VS2,0.7,2586
Ideal,D,SI2,0.32,477
Premium,F,SI1,0.78,2816
Very Good,D,SI1,1.05,6063
Ideal,E,IF,0.32,1300
Ideal,E,VS2,0.32,702
Ideal,H,VS2,0.53,1435
Premium,J,VS1,1.2,5107
Good,F,SI2,1.0,3799
Ideal,H,VS2,1.34,7429
Ideal,H,VS1,0.41,1061
Premium,J,SI1,0.81,2199
Very Good,D,SI2,1.34,7453
Premium,D,VS2,0.5,1431
Very Good,H,SI2,1.65,8020
Premium,F,SI2,2.13,13760
Very Good,F,SI1,0.9,4009
Ideal,F,VS2,0.53,1753
Good,G,VVS2,0.51,1750
Ideal,F,VS2,0.35,906
Ideal,D,VS2,0.32,972
Premium,G,IF,0.35,1044
Ideal,E,SI2,0.46,1116
Ideal,G,VVS2,0.42,938
Ideal,D,VS2,0.56,2066
Ideal,G,SI1,1.02,5426
Fair,H,SI1,0.7,1865
Ideal,F,VS2,0.73,2801
Ideal,E,VS2,0.5,1624
Premium,I,SI2,1.22,4735
Good,F,VS2,1.0,5592
Premium,G,SI2,0.36,473
Ideal,F,SI2,2.03,18535
Ideal,E,VS2,0.81,3538
Ideal,F,VS1,0.58,2227
Fair,I,I1,1.5,4704
Very Good,F,VS1,0.72,3264
Premium,D,SI1,0.3,709
Good,E,SI1,0.9,3933
Very Good,D,VS2,0.71,3131
Very Good,J,VVS2,1.5,7840
Ideal,G,VS2,1.01,6295
Ideal,J,VS1,1.11,4854
Very Good,G,VS2,1.15,7175
Good,E,VS2,0.5,1348
Ideal,G,VVS2,1.02,8401
Ideal,F,SI1,0.31,707
Fair,D,VS2,0.91,4765
Premium,I,VS2,1.25,6084
Ideal,F,VS1,0.71,3041
Very Good,F,VS1,0.4,909
Good,F,SI2,0.91,2461
Very Good,I,VS2,1.5,9354
Ideal,F,SI2,0.7,2183
Good,I,SI1,1.01,3959
Ideal,E,VVS1,0.33,1174
Premium,I,SI2,1.26,5207
Ideal,E,VS2,0.71,2817
Very Good,G,SI1,0.32,477
Ideal,E,VVS2,0.33,917
Premium,H,SI1,0.41,876
Good,H,VS2,0.3,473
Premium,F,SI2,0.77,2247
Very Good,G,SI2,0.82,2893
Premium,D,VS1,0.51,1873
Ideal,I,SI2,0.31,372
Ideal,H,SI1,1.2,6169
Ideal,E,VS1,1.08,8674
Premium,J,SI1,1.73,9165
Ideal,D,VS2,0.77,3837
Good,D,SI1,0.7,2318
Ideal,H,SI2,0.7,1817
Very Good,E,VVS1,0.25,575
Premium,H,VS2,1.51,7534
Very Good,I,SI2,1.32,4965
Very Good,F,SI2,0.77,2667
Ideal,J,VS1,0.41,647
Good,I,SI2,0.91,3061
Ideal,I,SI2,0.7,2079
Premium,D,SI1,0.3,709
Ideal,D,VVS2,0.31,1034
Ideal,I,IF,0.32,673
Very Good,H,SI1,0.91,3734
Ideal,H,VVS1,0.74,3287
Very Good,G,SI1,0.61,1548
Premium,J,VS2,0.54,1042
Fair,G,SI1,0.79,2362
Premium,F,SI2,0.73,2197
Ideal,D,VS1,0.61,2658
Very Good,H,VVS2,0.32,828
Ideal,H,SI2,0.52,1035
Ideal,F,VVS2,0.33,1040
Premium,J,VS2,1.77,9428
Premium,H,SI1,1.11,5315
Very Good,E,SI1,0.4,737
Very Good,D,SI2,0.71,2519
Premium,E,SI1,0.54,1637
Premium,H,VS1,0.32,561
Very Good,H,SI1,1.53,10446
Premium,F,SI2,2.0,11413
Very Good,D,SI1,0.75,3048
Premium,F,VVS1,0.4,1263
Ideal,I,SI2,2.51,18037
Fair,D,SI2,0.9,3205
Premium,E,SI2,2.02,14574
Premium,H,SI1,0.31,573
Ideal,H,VVS1,0.41,1115
Ideal,E,VS1,0.4,1125
Ideal,F,VVS2,0.53,2175
Premium,J,SI2,2.2,13065
Good,H,VS2,1.01,4839
Premium,E,VS1,0.25,558
Very Good,F,SI2,1.5,8702
Premium,H,VS2,1.21,7562
Premium,H,SI2,0.39,468
Very Good,G,VS2,1.01,5759
Very Good,G,VVS2,0.31,907
Ideal,I,SI1,0.76,2474
Premium,D,SI1,0.9,4304
Very Good,H,VS1,0.9,4021
Premium,G,SI1,0.41,923
Ideal,H,VS1,0.41,962
Very Good,G,VS2,0.82,3528
Ideal,J,SI2,1.23,5158
Ideal,H,IF,1.23,8431
Ideal,D,SI1,0.52,1720
Ideal,F,VVS2,1.25,13623
Premium,H,VS2,0.51,1202
Very Good,F,SI2,1.01,4004
Very Good,E,VVS2,0.41,1019
Ideal,I,VVS1,0.3,552
Premium,D,SI1,0.52,1600
Ideal,H,VVS1,0.31,660
Ideal,G,VVS2,0.53,1865
Very Good,G,SI2,1.03,3755
Very Good,G,VS1,0.33,666
Very Good,H,VVS2,0.34,632
Premium,F,SI2,2.08,13437
Premium,G,SI2,0.52,1196
Premium,E,VS2,1.0,6860
Premium,F,SI2,1.01,4497
Ideal,H,SI2,1.02,4870
Fair,F,SI1,0.97,4063
Premium,G,VS2,0.34,596
Ideal,D,VS2,0.36,852
Very Good,H,SI2,1.7,9745
Very Good,E,VS2,1.0,6875
Premium,I,VVS2,0.73,2496
Good,I,I1,0.7,1111
Premium,E,SI1,0.82,3211
Very Good,E,VS1,0.92,5453
Very Good,G,VVS2,0.33,702
Premium,E,SI1,1.0,5396
Good,G,VS2,0.4,1007
Ideal,E,VVS2,0.27,799
Ideal,I,SI1,1.54,9942
Very Good,E,VS2,0.76,3111
Ideal,F,VVS2,0.38,1010
Ideal,I,VS1,1.15,7096
Ideal,F,SI1,0.58,1408
Premium,G,VVS2,0.58,1975
Good,F,SI2,1.02,4368
Very Good,E,SI1,0.33,743
Ideal,E,VS1,0.31,726
Very Good,G,VS1,0.3,585
Premium,H,SI1,1.23,5183
Premium,H,SI1,1.15,4772
Ideal,I,SI2,1.21,5091
Very Good,E,SI1,0.5,1415
Fair,J,SI2,1.03,3246
Premium,D,VVS2,0.51,2087
Good,E,SI2,0.9,3218
Premium,D,VS2,0.31,942
Very Good,G,SI2,0.4,630
Premium,G,SI1,0.41,719
Very Good,J,VS2,0.58,1266
Ideal,G,VS2,0.32,673
Ideal,H,SI2,1.17,5423
Ideal,H,VVS2,0.79,3417
Good,D,SI1,0.44,777
Ideal,E,VVS1,0.4,1397
Ideal,G,VS1,0.35,706
Ideal,H,SI1,0.71,2313
Premium,F,VVS2,0.41,1192
Ideal,D,VS2,0.53,1956
Good,D,SI2,0.42,653
Ideal,I,VS1,0.9,3677
Ideal,G,SI1,1.01,5387
Ideal,I,IF,0.3,615
Ideal,G,VS2,1.22,7783
Premium,G,VS2,0.38,983
Premium,I,SI1,1.51,8794
Good,E,VS1,1.52,15792
Premium,I,SI1,0.9,3468
Very Good,H,VS2,1.01,5050
Ideal,E,VS2,1.27,6543
Ideal,H,VS1,0.54,1637
Very Good,G,VS1,0.23,391
Very Good,I,VS1,1.12,5036
Ideal,E,VS2,0.31,680
Ideal,G,VS2,1.7,15756
Ideal,E,VS1,0.41,1154
Very Good,J,VS1,0.84,2544
Ideal,J,VS1,2.39,17365
Ideal,F,VS2,0.3,605
Ideal,H,I1,1.13,3678
Premium,F,VVS2,1.01,9013
Ideal,G,SI2,0.51,1091
Ideal,I,SI1,0.81,2439
Ideal,F,VVS2,0.43,1169
Very Good,E,SI2,0.71,2397
Good,F,SI2,2.01,17313
Good,D,SI1,1.02,5497
Very Good,F,VVS1,0.5,2121
Ideal,I,SI1,2.0,15043
Very Good,G,IF,1.12,8962
Ideal,H,VVS2,0.35,906
Ideal,D,SI1,0.32,756
Premium,E,VS2,0.46,1208
Very Good,E,VS1,0.92,5210
Good,D,SI2,0.5,925
Very Good,I,SI2,1.1,4192
Premium,H,SI1,0.7,2268
Ideal,H,VS2,0.57,1573
Very Good,F,VS2,0.46,1258
Very Good,F,VVS2,1.01,8265
Very Good,D,VS1,1.1,9901
Premium,E,SI2,0.8,2939
Ideal,E,SI2,0.73,2434
Ideal,F,VVS2,0.53,2290
Ideal,J,SI1,1.79,10108
Ideal,D,SI2,0.87,4012
Very Good,H,VS1,0.5,1410
Ideal,F,SI1,1.55,14220
Ideal,E,SI1,0.33,579
Ideal,D,SI1,0.34,626
Premium,E,VVS1,1.22,13824
Ideal,E,VVS1,0.24,678
Ideal,H,SI1,0.57,1292
Ideal,J,SI2,2.01,12565
Ideal,G,VS1,0.3,605
Very Good,D,VS2,0.51,1658
Ideal,H,VS1,0.42,1087
Very Good,G,VS2,1.01,5759
Premium,H,SI1,0.91,3414
Good,H,VVS2,0.71,2738
Premium,E,VS2,0.53,1721
Ideal,F,SI2,0.91,3746
Ideal,E,VS2,0.25,535
Ideal,F,SI1,0.52,1337
Ideal,D,VS2,0.31,734
Very Good,D,SI2,0.42,700
Good,H,SI1,1.51,8854
Ideal,G,SI2,1.08,5057
Good,I,VS2,1.05,4529
Ideal,H,VVS1,0.7,3524
Ideal,G,VVS2,1.04,8012
Good,E,SI1,1.0,4936
Premium,G,VVS2,1.2,9475
Very Good,J,VS2,0.38,566
Ideal,F,SI1,0.81,3004
Ideal,G,VVS1,0.42,1179
Premium,G,VS2,0.32,561
Ideal,D,SI1,0.32,756
Ideal,H,VS2,0.9,4044
Very Good,G,SI2,1.01,3275
Ideal,E,SI1,1.51,13254
Premium,H,VS2,1.14,5986
Very Good,J,SI2,2.01,10490
Premium,J,SI1,1.59,7695
Ideal,I,SI1,1.5,8555
Ideal,F,SI2,0.7,2171
Ideal,E,VVS2,0.41,1186
Ideal,G,SI1,0.38,658
Good,J,VS2,2.0,13542
Very Good,E,SI2,0.43,716
Very Good,E,SI2,0.37,493
Premium,I,VS1,0.92,3725
Fair,H,SI1,0.7,1808
Very Good,H,SI1,1.87,14308
Good,G,VVS2,0.4,974
Ideal,F,VS2,0.23,498
Good,G,VS2,1.0,5500
Ideal,E,VS2,0.23,423
Very Good,F,SI1,0.71,2345
Very Good,D,SI1,0.58,1785
Premium,D,SI1,0.7,2782
Premium,E,VS1,0.4,1053
Ideal,G,SI1,1.24,6994
Premium,E,SI1,0.57,1590
Ideal,H,IF,0.32,814
Premium,H,I1,2.21,6535
Very Good,H,VVS2,0.57,1726
Fair,D,SI1,0.7,2318
Ideal,G,SI2,0.9,4077
Very Good,D,VS2,0.6,1984
Ideal,E,VVS1,0.31,1028
Ideal,I,VVS2,0.35,598
Ideal,E,VS2,0.31,872
Ideal,G,IF,0.46,1441
Ideal,I,VVS2,0.52,1376
Very Good,G,SI2,0.4,765
Premium,J,VS1,2.05,15067
Premium,E,SI1,1.05,5433
Ideal,I,SI2,2.02,10577
Ideal,D,VS2,0.71,4029
Very Good,H,VS2,1.15,5831
Premium,I,SI1,2.03,15095
Premium,E,SI2,0.32,576
Very Good,G,VVS1,0.52,1913
Ideal,E,VS2,0.56,2066
Good,F,VS2,1.01,6416
Very Good,G,VS2,0.3,526
Ideal,G,SI1,1.0,4956
Ideal,E,SI1,0.36,810
Ideal,F,SI1,0.37,746
Ideal,H,SI1,1.74,12605
Premium,I,VS2,0.7,1966
Very Good,G,SI1,0.52,1267
Ideal,H,SI1,0.44,1069
Ideal,D,SI1,0.91,5535
Ideal,H,SI1,1.28,7109
Ideal,G,VS1,1.55,14174
Very Good,F,VS2,1.5,13728
Ideal,D,VS2,0.52,1629
Ideal,F,SI2,0.54,1154
Ideal,D,VS1,0.3,742
Good,E,SI1,0.92,4258
Premium,G,VS2,1.15,6557
Premium,E,VS2,0.42,1024
Good,D,VS2,0.4,786
Ideal,F,SI2,1.51,9301
Ideal,E,VVS1,0.34,1001
Ideal,I,SI1,1.58,9176
Ideal,E,VS1,0.32,713
Ideal,E,VS1,0.3,710
Premium,G,VS2,1.5,12308
Very Good,H,VS1,0.3,526
Ideal,E,VVS2,0.71,4042
Ideal,H,SI2,2.01,12762
Premium,E,SI2,1.59,6010
Premium,F,VS1,1.01,7982
Ideal,H,VS1,0.71,3229
Ideal,H,VS1,1.2,5242
Ideal,H,VS1,0.27,480
Ideal,J,SI1,1.91,11447
Ideal,G,SI2,1.21,5226
Fair,G,SI1,0.96,3299
Good,I,VS2,2.01,15729
Very Good,D,VS1,0.53,1907
Ideal,H,VS1,0.52,1408
Premium,D,SI1,0.49,1444
Ideal,E,SI1,0.3,499
Ideal,G,IF,0.39,1624
Ideal,J,VS1,2.09,15172
Very Good,J,SI1,1.54,7453
Very Good,E,SI1,0.31,698
Very Good,F,VS2,0.55,1609
Ideal,G,VS1,0.54,1804
Ideal,F,VS2,0.56,1814
Premium,I,VS2,2.0,16068
Good,E,SI2,1.18,4071
Premium,F,VVS2,0.44,1253
Premium,H,IF,0.31,949
Very Good,G,SI1,0.5,1153
Premium,G,VS1,0.33,666
Very Good,J,VS2,0.53,996
Ideal,D,SI1,0.42,1040
Very Good,G,SI1,0.51,1220
Ideal,F,VS1,0.31,744
Ideal,E,SI1,0.52,1389
Ideal,G,VS2,1.51,12846
Premium,I,SI2,1.19,4558
Good,H,SI1,0.55,1263
Very Good,G,VS2,1.2,8032
Premium,D,VS2,1.5,15052
Premium,I,VVS2,0.41,1061
Premium,F,VS2,0.48,1294
Premium,F,VS1,1.23,9489
Ideal,E,VVS2,0.3,837
Good,E,SI2,0.76,2680
Ideal,I,VVS1,0.31,536
Ideal,I,VS1,1.5,9900
Premium,D,SI2,1.3,7044
Fair,G,VVS2,1.0,4534
Premium,D,SI1,0.43,993
Good,H,VS2,0.36,729
Premium,F,SI2,1.01,4197
Premium,H,SI2,2.18,12631
Very Good,F,VS2,0.34,730
Premium,F,VS1,0.53,1558
Ideal,H,SI1,1.01,5200
Ideal,F,SI2,1.09,5016
Ideal,G,SI1,0.38,969
Premium,G,VS1,1.21,8616
Good,I,VS1,0.41,969
Very Good,G,VS2,1.51,11161
Fair,G,SI2,0.78,2401
Ideal,H,SI2,0.44,654
Ideal,G,VVS2,0.5,1766
Good,E,VS1,1.01,7665
Premium,G,VS2,0.9,4137
Ideal,D,VVS2,0.32,867
Premium,H,VS2,2.14,16390
Premium,H,VVS2,0.4,877
Ideal,F,SI1,0.3,475
Good,E,VS1,0.73,3471
Ideal,H,SI1,0.42,700
Premium,H,SI1,1.0,4144
Ideal,E,SI2,1.71,12978
Premium,E,SI1,0.41,969
Ideal,J,VVS1,0.46,953
Very Good,G,SI1,1.01,4890
Very Good,D,VS2,0.9,4981
Ideal,E,SI2,1.46,8421
Ideal,E,SI2,0.81,3015
Ideal,I,SI2,1.04,3553
Premium,H,VVS1,1.04,5102
Premium,F,VS1,0.42,1103
Premium,I,VS1,1.51,9467
Ideal,I,SI1,0.71,2218
Very Good,F,IF,1.2,12905
Very Good,F,VS2,1.04,6361
Very Good,E,VS1,0.7,3063
Good,F,SI1,1.0,4851
Very Good,D,SI1,0.9,4693
Very Good,D,SI2,1.0,4543
Ideal,E,SI1,0.7,2774
Very Good,D,VS2,0.5,1565
Ideal,I,VS2,1.28,6308
Very Good,J,SI2,0.92,2880
Fair,G,VS2,0.9,4309
Ideal,F,IF,1.05,13060
Very Good,D,SI1,0.7,2210
Ideal,H,SI1,0.44,1069
Premium,H,SI2,1.02,4284
Good,D,SI2,0.3,447
Good,G,IF,0.39,1213
Ideal,E,SI1,0.5,1331
Premium,F,VS1,0.66,2368
Premium,G,SI2,2.06,13908
Ideal,G,VS2,0.31,698
Ideal,G,SI1,0.79,2898
Ideal,F,SI1,0.36,560
Premium,G,SI1,0.67,1914
Good,G,SI2,2.0,11041
Premium,F,VS2,0.54,1667
Premium,G,VVS2,0.57,2059
Ideal,G,VS1,0.52,1694
Premium,G,VVS2,0.71,2832
Ideal,E,SI1,0.59,1789
Good,F,SI2,0.46,787
Very Good,J,SI2,2.23,12655
Ideal,G,VS1,1.2,9625
Very Good,F,VS2,0.57,1637
Very Good,G,VS1,1.52,12968
Very Good,G,VS1,1.4,11584
Very Good,I,SI2,0.55,1087
Premium,D,SI1,0.57,1847
Very Good,G,VS1,0.33,681
Ideal,D,VS2,0.71,4029
Very Good,G,VS2,0.31,544
Good,G,SI1,1.01,5113
Ideal,I,SI2,1.2,5373
Very Good,H,SI1,1.76,12361
Premium,I,VS1,1.25,6664
Ideal,H,IF,0.28,586
Very Good,J,SI1,0.31,363
Ideal,F,SI1,0.77,3321
Ideal,E,VS1,0.55,1764
Very Good,H,SI2,0.79,2348
Very Good,I,VS2,1.52,10130
Ideal,E,SI1,0.38,685
Very Good,F,VS2,0.76,2873
Premium,E,SI2,1.06,4654
Premium,G,VVS1,0.5,2070
Ideal,G,VVS1,0.31,772
Premium,F,VS2,0.37,957
Very Good,E,SI1,0.32,672
Ideal,F,SI2,1.05,4866
Premium,H,VS2,0.72,2316
Premium,G,VVS2,0.32,730
Ideal,D,VS2,0.54,1993
Very Good,F,SI2,1.01,3563
Very Good,H,SI1,0.84,2847
Very Good,H,VS2,0.32,505
Ideal,F,VVS2,0.56,2522
Ideal,H,SI2,1.23,5510
Very Good,H,VS1,0.3,541
Ideal,J,VS1,0.97,4278
Ideal,J,SI1,1.28,4967
Premium,D,SI2,0.9,3473
Very Good,G,SI1,0.9,3734
Premium,E,VVS2,0.37,1082
Ideal,F,VVS2,0.51,2083
Ideal,G,I1,1.28,4509
Very Good,G,VS2,0.3,630
Ideal,D,SI2,0.72,2328
Ideal,D,VS2,0.32,972
Very Good,D,VVS2,0.31,1009
Good,E,SI1,0.36,631
Premium,E,VVS2,0.32,842
Ideal,H,VS2,0.32,648
Ideal,H,VS2,0.36,729
Ideal,E,VS1,0.51,1841
Premium,I,SI1,1.23,5648
Ideal,I,VS2,1.51,9471
Very Good,I,SI1,1.27,6654
Premium,G,SI1,1.0,3634
Very Good,E,VS1,1.51,14904
Good,F,VS1,0.45,1262
Good,G,I1,0.73,1210
Ideal,G,VS1,1.05,7526
Premium,F,VS2,1.06,6673
Premium,F,SI1,0.82,3080
Very Good,G,VS2,0.51,1443
Very Good,F,VS2,0.48,1311
Very Good,D,VS2,1.01,6905
Very Good,D,SI2,0.51,1204
Premium,E,SI1,0.42,773
Ideal,G,VS2,0.95,4549
Ideal,G,VVS2,0.3,655
Ideal,G,VS2,0.37,649
Premium,D,SI2,0.41,876
Ideal,G,VS2,0.59,2057
Ideal,D,VS2,0.33,803
Ideal,D,SI1,0.72,2891
Premium,H,SI1,1.06,4785
Ideal,E,SI1,0.43,760
Ideal,E,SI2,1.09,5042
Good,F,VS2,0.9,4309
Ideal,H,VVS2,0.7,3325
Premium,I,SI1,1.15,4637
Premium,E,VS2,0.31,872
Ideal,J,VVS2,0.76,2167
Premium,E,VS2,1.51,14482
Very Good,E,VS2,0.51,1612
Good,G,SI1,0.41,671
Ideal,D,VS1,0.3,720
Premium,I,VS1,0.31,628
Very Good,H,SI1,1.2,5567
Premium,G,VS1,0.81,3402
Premium,D,SI1,0.42,970
Good,E,VS2,0.9,4203
Ideal,E,VVS2,0.38,1013
Ideal,F,SI1,1.01,5274
Premium,D,VVS2,0.55,2331
Ideal,F,VS1,0.52,1778
Very Good,G,SI2,1.02,4291
Ideal,G,VVS2,0.31,707
Premium,J,VS1,0.57,1606
Ideal,D,SI1,0.36,663
Premium,I,SI1,1.53,8911
Premium,G,SI2,2.65,16314
Very Good,J,SI2,1.2,4102
Ideal,E,VS2,0.43,1048
Very Good,H,VS1,0.9,4324
Premium,G,VS2,1.0,5806
Ideal,D,VVS2,0.66,3049
Premium,F,SI1,1.0,3881
Ideal,H,VS2,1.2,7190
Premium,G,VS1,0.76,2937
Ideal,F,SI2,0.36,450
Premium,E,SI2,1.24,4278
Premium,I,IF,0.32,864
Premium,F,SI1,0.96,4480
Ideal,E,VS2,0.71,2654
Premium,G,VVS1,0.3,789
Ideal,E,SI1,0.54,1422
Good,G,VVS2,0.3,678
Ideal,G,IF,0.31,891
Ideal,D,VS2,1.12,8430
Premium,G,SI2,1.01,4355
Ideal,F,VS2,0.54,1572
Ideal,G,VVS1,0.39,1008
Ideal,E,SI2,0.51,1385
Ideal,F,SI2,1.07,4764
Ideal,F,VVS1,0.55,2716
Ideal,D,VS1,0.74,3812
Ideal,D,VS1,0.34,780
Ideal,F,SI1,0.32,491
Premium,F,SI2,1.01,4468
Good,H,SI2,1.0,3991
Ideal,E,SI1,0.34,765
Fair,F,SI2,0.9,3062
Premium,G,VVS2,1.7,18718
Ideal,H,SI1,1.56,10728
Ideal,E,SI1,0.54,1720
Ideal,F,SI1,0.56,1441
Premium,H,SI1,0.52,1219
Ideal,I,SI1,0.34,589
Premium,D,VS2,0.78,3473
Premium,J,VS2,0.39,746
Good,E,VS1,1.01,6509
Good,E,SI2,2.01,16733
Ideal,G,VS2,0.32,561
Premium,F,VS1,0.9,4770
Premium,I,SI2,2.09,10042
Premium,G,VS1,0.42,921
Ideal,D,VS2,0.39,1197
Premium,E,VVS2,0.27,799
Premium,G,VVS2,0.3,878
Ideal,G,SI1,0.59,1782
Premium,D,VS2,1.5,15102
Ideal,H,I1,1.19,3732
Good,E,SI1,0.32,524
Ideal,G,VS1,0.7,3017
Ideal,F,IF,0.39,1377
Ideal,H,VS2,0.77,2479
Fair,G,SI1,1.01,4102
Premium,G,VS2,0.32,720
Premium,F,VVS2,0.41,1115
Good,F,SI2,0.83,2358
Ideal,H,SI2,2.64,17407
Premium,I,SI1,0.91,2700
Good,G,VVS1,0.5,1966
Premium,E,SI2,1.09,4102
Very Good,E,SI1,0.7,2239
Very Good,J,SI2,2.31,12369
Ideal,H,VS1,0.57,1922
Ideal,E,VVS2,0.26,733
Premium,E,SI1,0.7,2386
Ideal,G,VS1,0.77,3148
Premium,E,VS2,0.76,3192
Premium,G,VVS1,0.52,2153
Ideal,G,SI1,0.52,1675
Very Good,F,SI1,1.06,5491
Premium,E,VS1,0.41,964
Very Good,J,SI2,1.1,4217
Ideal,D,SI2,1.0,5246
Good,J,SI1,1.52,7022
Ideal,H,SI1,0.34,516
Good,G,VS1,1.04,7177
Premium,E,VS2,1.07,6232
Ideal,E,VVS1,0.3,895
Premium,F,SI1,1.0,4022
Premium,G,VVS2,1.31,11389
Premium,F,VS2,1.5,14199
Ideal,F,VS1,1.24,10138
Premium,H,VVS1,0.54,1944
Ideal,D,SI2,0.77,2922
Premium,E,VS2,1.51,15025
Ideal,G,VS2,0.31,562
Very Good,E,VS1,0.74,3872
Ideal,F,SI2,0.62,1441
Ideal,E,VS2,0.54,1847
Premium,E,SI1,1.52,10767
Ideal,G,VS2,0.41,1061
Ideal,F,VVS2,0.56,2462
Ideal,G,SI1,1.56,11628
Very Good,H,I1,2.34,11119
Very Good,F,SI2,1.02,4284
Premium,E,SI2,1.36,7421
Premium,D,SI1,0.5,1235
Premium,H,SI1,0.75,2329
Ideal,G,SI2,1.06,4578
Very Good,D,SI2,0.7,2337
Ideal,F,SI1,1.01,4829
Ideal,F,VVS2,0.71,3018
Premium,F,VVS2,0.6,2560
Ideal,G,SI2,1.02,3204
Very Good,F,VS2,0.51,1601
Ideal,J,VVS1,0.4,1136
Very Good,H,SI1,0.3,421
Very Good,E,SI2,1.0,4321
Ideal,E,SI1,0.58,1636
Premium,E,VVS1,0.25,576
Very Good,D,SI2,0.9,3371
Ideal,F,SI1,0.31,663
Very Good,E,VVS1,0.27,591
Premium,H,VS2,1.21,6974
Ideal,H,SI2,1.15,5306
Ideal,D,VS2,0.32,912
Good,H,VS2,1.5,8165
Premium,G,VS1,0.79,3053
Ideal,D,VS2,0.3,710
Premium,I,VS2,1.12,4986
Ideal,D,VS2,0.41,1177
Premium,F,SI1,0.36,600
Very Good,H,VVS2,0.24,449
Premium,F,VS2,1.17,7568
Premium,G,VS2,0.31,698
Ideal,D,VS1,1.52,17659
Ideal,G,VS2,0.71,2511
Very Good,E,SI2,0.4,644
Ideal,F,SI1,0.58,1401
Fair,E,SI2,0.7,1828
Very Good,G,VS2,1.06,6212
Very Good,D,SI2,1.02,4633
Ideal,D,VVS2,0.3,814
Very Good,E,SI1,1.5,11325
Premium,D,SI1,0.54,1720
Ideal,G,VS2,0.34,765
Ideal,G,SI2,1.08,3825
Fair,E,SI2,1.33,4916
Ideal,F,VS2,0.71,3116
Ideal,D,VVS1,0.3,1000
Premium,H,SI2,1.3,5096
Ideal,F,VS1,0.58,1772
Premium,I,VS2,2.05,15897
Very Good,H,VS2,0.91,3567
Premium,F,VS1,1.0,7114
Very Good,F,SI1,1.19,6526
Fair,D,SI2,1.01,3003
Ideal,F,VS2,0.51,1591
Premium,H,VVS2,1.57,12098
Premium,F,SI2,0.3,506
Premium,G,VS1,0.31,625
Very Good,D,SI1,0.75,2872
Ideal,D,VS1,1.29,13485
Premium,H,VS1,0.26,491
Very Good,E,VS2,0.24,419
Premium,E,SI2,0.3,540
Premium,E,VS2,0.51,1662
Ideal,I,VS2,0.56,1237
Very Good,D,SI1,1.02,5778
Ideal,H,SI2,2.02,11715
Fair,H,I1,1.5,5292
Premium,G,VVS2,0.3,878
Ideal,G,SI1,1.11,5408
Very Good,D,VS1,0.35,1018
Very Good,F,SI1,0.73,2703
Very Good,E,VS2,0.31,680
Very Good,G,VS2,0.9,4531
Premium,G,SI1,0.42,945
Ideal,F,VS2,1.02,6393
Very Good,G,VS1,0.31,625
Ideal,F,VVS1,0.4,1206
Very Good,J,VS2,0.4,596
Ideal,E,VVS2,0.33,868
Very Good,H,VS1,0.23,353
Good,D,I1,0.32,468
Ideal,D,VVS2,0.31,815
Premium,G,IF,0.4,1397
Ideal,F,IF,0.31,1061
Very Good,G,VS1,1.51,12603
Ideal,G,VVS2,0.42,1103
Premium,H,SI2,2.0,11975
Very Good,D,SI1,0.6,1777
Good,E,VS2,0.7,2777
Very Good,D,VS2,1.0,6776
Premium,J,VS1,0.38,600
Ideal,I,VVS2,0.3,515
Premium,I,VVS1,0.3,552
Ideal,I,VVS1,0.59,2049
Ideal,H,VS1,0.71,2685
Ideal,H,VVS2,0.3,590
Very Good,E,VS2,1.69,17803
Ideal,F,VS1,0.35,754
Ideal,H,VVS1,0.58,2006
Premium,H,SI2,0.94,3335
Very Good,D,SI2,0.9,3643
Premium,E,SI1,0.94,4580
Premium,E,VS1,0.38,1000
Ideal,H,VS1,1.41,9752
Premium,H,VS1,1.12,6115
Ideal,H,VVS2,0.3,776
Good,F,VVS2,0.41,1064
Ideal,E,IF,1.18,14847
Ideal,E,VS2,0.42,902
Ideal,F,VVS1,0.3,863
Ideal,F,VVS1,0.31,801
Very Good,J,SI2,1.37,5063
Premium,H,VS1,0.54,1637
Very Good,E,SI2,1.83,12379
Premium,H,VS2,1.34,7816
Ideal,G,VVS1,1.01,8647
Ideal,I,VVS1,0.42,945
Ideal,E,VVS2,0.3,766
Ideal,H,VS1,0.53,1678
Ideal,D,SI1,0.51,1569
Ideal,G,SI1,1.61,11294
Ideal,G,VS1,0.33,666
Premium,D,SI2,0.3,574
Ideal,F,VS2,0.57,1754
Ideal,F,SI1,0.3,550
Ideal,I,SI1,2.01,14540
Very Good,I,SI1,0.7,2028
Good,J,VS2,1.2,4548
Premium,E,SI1,0.71,2756
Premium,G,SI2,1.5,8820
Good,G,SI1,0.52,1244
Very Good,D,VS2,0.5,1682
Very Good,D,SI1,0.9,5123
Good,E,SI1,0.71,2511
Very Good,E,VS2,0.71,2964
Ideal,I,VVS1,0.36,645
Very Good,G,VVS2,0.3,684
Very Good,E,VVS2,0.4,1017
Premium,F,VS2,1.23,9122
Ideal,D,SI2,1.59,8975
Ideal,G,SI1,0.44,813
Ideal,F,IF,0.36,1215
Premium,E,I1,1.22,2862
Premium,E,SI1,0.9,3625
Very Good,G,SI1,1.06,5163
Very Good,D,VS1,1.15,7978
Premium,J,VS2,1.25,3751
Very Good,E,VS2,0.51,1638
Premium,G,VS2,1.0,5242
Good,I,SI1,1.01,3394
Fair,H,SI2,2.53,17103
Ideal,G,VVS1,0.31,816
Ideal,E,VS2,0.53,1813
Ideal,G,SI2,1.02,4501
Premium,D,SI1,0.7,2589
Premium,G,VS1,1.01,6618
Ideal,F,VS2,0.7,2535
Good,G,IF,0.3,895
Premium,G,VS1,0.31,770
Very Good,F,VS2,1.14,8131
Ideal,H,VS2,0.3,491
Very Good,D,SI1,0.7,2724
Premium,J,VS2,1.35,6254
Premium,H,VS1,1.0,4732
Good,F,SI2,0.34,417
Ideal,I,VS1,2.01,17068
Very Good,H,SI1,1.14,5367
Premium,F,SI2,1.03,4586
Premium,I,SI2,1.18,4555
Very Good,G,SI1,0.7,2117
Very Good,D,VS1,0.42,1066
Premium,F,VS2,1.62,14826
Premium,H,SI1,1.12,5291
Very Good,G,VS1,0.31,802
Ideal,F,VS1,0.4,971
Very Good,H,SI1,1.1,4276
Very Good,D,VVS1,1.06,11815
Premium,H,VS1,1.51,10743
Ideal,G,SI2,0.71,2264
Good,I,SI2,2.22,16398
Very Good,F,VVS1,0.4,1224
Ideal,D,VS2,0.31,734
Premium,I,VS1,1.21,5739
Ideal,D,SI1,0.73,3195
Ideal,I,VS1,1.2,6774
Ideal,G,VVS2,1.32,11419
Premium,I,VVS1,0.7,2536
Ideal,G,VVS2,0.52,1957
Ideal,H,SI1,0.76,2338
Ideal,J,SI1,0.47,740
Premium,I,I1,0.85,1796
Ideal,H,VS2,0.73,2793
Very Good,E,VS2,0.7,2755
Very Good,I,SI1,1.01,4166
Premium,H,VVS2,1.15,6917
Premium,E,SI1,0.5,1316
Ideal,E,VVS1,0.3,1071
Ideal,H,VVS1,0.72,3075
Ideal,E,VS1,0.34,875
Very Good,D,VVS1,0.57,2945
Premium,H,VVS1,0.31,907
Premium,E,SI1,0.4,882
Premium,E,SI1,0.37,833
Premium,I,SI1,0.92,3545
Ideal,G,SI2,1.16,4425
Very Good,F,SI2,2.09,15773
Good,H,SI1,0.32,461
Ideal,J,SI1,1.16,4028
Ideal,F,VS2,0.34,880
Ideal,D,VS2,0.32,758
Ideal,G,SI1,0.77,3253
Ideal,F,SI1,0.72,2737
Ideal,D,SI1,1.13,5829
Ideal,H,SI1,2.0,18062
Premium,I,SI1,2.14,15913
Premium,F,SI2,1.03,4586
Ideal,G,VS1,0.42,984
Ideal,E,SI1,1.02,5278
Very Good,E,SI1,1.01,4766
Ideal,E,SI1,0.83,3837
Premium,D,SI2,1.53,11078
Ideal,H,VS1,0.28,462
Very Good,F,SI2,1.04,4013
Ideal,D,VS1,0.76,4377
Very Good,H,VS2,0.7,2042
Very Good,D,VVS2,0.23,530
Premium,I,SI1,1.27,5690
Ideal,G,SI1,0.38,969
Ideal,F,VS2,0.35,706
Premium,D,VS2,0.3,911
Fair,H,VS1,1.0,4732
Ideal,G,VS2,0.57,1608
Ideal,D,VVS2,0.36,1126
Good,G,VS2,1.0,5766
Very Good,E,SI1,0.5,1316
Premium,F,SI2,0.56,1225
Ideal,G,VS2,0.57,1728
Premium,E,SI2,0.84,3086
Premium,E,SI2,0.8,2304
Ideal,D,VS2,0.53,1857
Premium,F,SI2,1.7,8397
Good,J,SI1,0.82,2140
Very Good,H,SI2,1.04,4332
Very Good,J,IF,0.74,2277
Ideal,F,VS2,0.41,863
Ideal,I,SI1,0.77,2946
Ideal,D,VS1,1.02,8347
Premium,H,SI2,1.47,7573
Ideal,G,VS2,0.58,1632
Ideal,H,SI2,0.47,782
Very Good,F,SI2,1.19,5622
Ideal,F,VS1,0.72,3084
Good,I,VS1,0.39,737
Ideal,E,VS1,0.36,1094
Fair,H,SI1,0.91,3816
Premium,D,SI1,0.42,1040
Good,G,SI1,0.51,1259
Ideal,D,IF,1.03,17590
Ideal,G,VVS2,0.74,3922
Ideal,G,VVS2,0.51,1875
Premium,J,VS1,0.35,949
Very Good,H,SI1,0.82,2908
Premium,H,VS1,0.75,2961
Very Good,F,IF,0.31,914
Ideal,F,I1,0.71,1761
Fair,H,I1,2.03,6002
Premium,J,VS1,1.52,8258
Premium,E,VS1,0.32,677
Premium,H,SI2,2.2,16996
Premium,I,VS1,0.9,3580
Fair,E,SI1,1.0,4798
Premium,F,SI1,0.43,1016
Very Good,I,VS2,0.71,2111
Ideal,I,VS2,0.32,576
Ideal,D,VS2,0.31,942
Very Good,H,SI1,0.86,3115
Ideal,D,SI1,0.52,1605
Premium,E,SI1,1.08,5908
Very Good,G,VVS1,0.41,1151
Very Good,H,VS2,1.15,5646
Very Good,F,SI1,1.0,4474
Premium,J,SI2,0.47,867
Ideal,I,VVS2,0.48,1061
Very Good,D,VVS2,0.29,664
Very Good,G,VVS2,0.73,3288
Ideal,H,VVS1,0.25,450
Premium,G,SI2,2.0,15897
Fair,I,VS1,1.91,12244
Ideal,I,SI1,0.88,3264
Very Good,F,VS2,1.5,12526
Ideal,E,SI1,1.5,11489
Ideal,I,VS2,2.11,16512
Ideal,G,VS1,1.35,10378
Very Good,D,SI1,0.6,1750
Very Good,G,VVS2,0.3,655
Very Good,H,SI1,1.2,4603
Premium,J,VS1,2.31,17451
Very Good,J,SI1,0.9,3225
Good,H,VVS2,0.71,2517
Ideal,G,VS1,0.52,1689
Ideal,I,SI2,1.26,4704
Very Good,J,VS2,0.4,596
Ideal,H,SI1,0.92,4325
Premium,G,SI2,0.32,540
Premium,G,VS1,0.41,899
Ideal,I,VS1,0.26,358
Premium,F,VS2,0.31,802
Fair,D,VS2,0.72,2414
Premium,D,SI2,1.71,13325
Ideal,H,SI2,2.3,18108
Ideal,D,SI1,0.92,4561
Ideal,G,IF,0.42,1289
Very Good,G,SI1,0.5,1197
Very Good,G,VS2,1.21,7416
Ideal,F,SI2,1.56,10396
Ideal,G,VS2,0.57,1691
Ideal,I,VVS1,0.33,592
Ideal,G,VS1,0.32,645
Very Good,F,VVS1,0.27,544
Premium,F,VS2,0.37,894
Ideal,H,IF,0.32,814
Ideal,H,VS1,0.61,1706
Good,E,VS1,1.0,7190
Ideal,I,VS2,1.22,5960
Premium,G,SI2,0.76,1676
Ideal,F,SI1,1.31,9331
Ideal,H,VS1,0.3,545
Very Good,F,IF,0.53,2395
Ideal,G,SI2,1.32,6409
Premium,G,VS2,1.21,8402
Premium,E,SI1,1.01,5543
Ideal,G,VS2,0.78,3590
Ideal,D,VS2,0.77,3980
Good,G,VS2,1.01,10181
Very Good,G,SI1,0.42,916
Very Good,E,SI2,1.5,9900
Premium,G,SI1,1.01,5006
Premium,E,SI1,0.71,2329
Ideal,G,VVS2,0.31,907
Premium,G,VS2,0.39,787
Ideal,E,VS2,0.3,844
Very Good,E,SI1,0.31,698
Premium,J,SI2,2.03,12380
Premium,G,SI2,1.08,4442
Ideal,E,VS2,0.35,767
Ideal,H,VVS1,0.42,1068
Ideal,G,VVS2,0.52,1906
Ideal,G,SI1,1.13,6133
Good,H,SI1,0.9,3730
Very Good,I,SI2,2.05,12839
Ideal,H,VS1,0.33,579
Premium,D,VS2,0.3,911
Ideal,G,VS1,0.32,645
Ideal,D,VS1,1.03,8742
Ideal,F,VVS2,1.22,11870
Ideal,D,SI1,0.41,920
Ideal,H,VVS1,1.7,14603
Premium,F,VS2,0.31,802
Very Good,D,SI1,0.34,626
Good,E,SI2,0.43,669
Good,I,VVS1,0.71,2549
Ideal,G,VS1,0.3,776
Premium,G,VS2,0.62,1841
Very Good,E,VS1,0.8,3831
Very Good,F,SI1,1.36,6597
Very Good,E,SI2,0.52,1173
Fair,F,SI2,0.5,1031
Ideal,F,SI2,0.33,416
Ideal,H,VVS2,1.58,12897
Fair,I,SI2,0.99,2811
Ideal,H,VS1,0.51,1780
Very Good,E,VS2,0.21,386
Ideal,H,SI1,2.19,18475
Very Good,H,VS2,0.66,1841
Ideal,G,VS2,1.09,6617
Premium,D,VVS1,0.31,942
Very Good,G,VVS2,0.23,431
Very Good,F,VS2,1.01,7411
Premium,D,SI1,0.3,552
Very Good,F,VVS1,0.41,1169
Good,G,VS2,0.7,2633
Very Good,F,VS2,0.5,1272
Ideal,H,I1,1.15,3606
Very Good,H,SI1,1.21,5871
Premium,G,VVS1,0.31,1046
Ideal,F,IF,1.03,11365
Very Good,F,SI1,0.3,500
Premium,E,SI1,1.51,11565
Ideal,G,VS2,1.21,8001
Ideal,F,SI1,1.06,5655
Very Good,H,VVS2,0.28,522
Ideal,E,SI1,0.59,1789
Very Good,H,VVS1,1.51,12981
Good,F,VVS2,0.4,936
Ideal,I,VS2,0.46,893
Ideal,E,VS1,1.31,10711
Premium,F,VS2,0.77,2889
Ideal,F,VS2,0.55,1692
Premium,G,VS2,1.02,6169
Ideal,G,VS1,0.41,961
Ideal,E,VS1,0.31,638
Premium,F,SI1,1.39,8476
Ideal,E,VVS1,0.32,1020
Very Good,I,SI1,1.56,9494
Ideal,H,VVS1,0.31,907
Ideal,I,VS2,1.05,3428
Premium,H,VS2,1.06,5520
Ideal,I,VS2,0.52,1214
Ideal,E,VS2,0.76,4039
Ideal,E,SI1,0.7,2575
Very Good,F,VS1,0.8,3471
Ideal,E,VS2,0.41,999
Good,E,VS1,0.9,5068
Ideal,I,VS1,0.36,568
Premium,H,VS1,0.32,720
Very Good,D,VVS2,0.4,977
Ideal,G,VS1,0.52,1689
Ideal,G,VVS1,0.5,2070
Very Good,H,SI1,1.07,5752
Very Good,H,VS2,1.88,12339
Ideal,E,VS2,0.32,639
Premium,D,SI1,0.34,803
Very Good,G,SI2,1.05,4427
Ideal,H,VS1,1.12,6309
Ideal,H,VS1,1.24,7222
Premium,I,SI1,0.31,593
Ideal,D,VVS1,0.41,1582
Ideal,E,SI1,0.31,544
Fair,J,I1,0.99,1789
Good,E,VS2,1.01,6399
Premium,E,SI1,0.4,945
Very Good,E,VS2,0.44,987
Ideal,G,VS1,0.43,943
Premium,J,VS1,2.03,14588
Good,G,SI1,0.79,2726
Premium,I,SI2,1.57,7484
Very Good,G,VS2,0.7,2338
Very Good,I,SI1,2.11,14740
Ideal,H,VS1,0.3,693
Ideal,E,VVS2,0.4,1106
Premium,E,VS1,0.52,1739
Ideal,D,VS2,0.38,808
Ideal,H,VVS1,0.33,965
Ideal,I,SI1,1.16,4742
Very Good,H,VS2,0.9,4662
Ideal,I,VVS2,0.41,788
Ideal,E,VS2,0.32,900
Premium,H,SI2,0.73,2234
Very Good,G,VVS2,0.6,2130
Premium,D,SI2,0.72,2043
Fair,J,VS1,0.5,949
Ideal,H,SI1,0.26,397
Premium,E,SI2,0.76,2399
Premium,D,SI2,1.2,4203
Premium,E,VS2,0.39,951
Very Good,J,SI1,2.08,12637
Premium,D,SI1,1.14,5809
Ideal,I,SI2,1.06,3146
Good,H,SI1,0.3,540
Ideal,H,SI2,1.02,4918
Ideal,J,SI2,2.08,12179
Ideal,G,SI2,2.01,13498
Premium,F,VS1,1.01,7465
Ideal,E,VS2,0.34,956
Good,I,SI1,1.5,7207
Ideal,E,VVS2,0.61,2907
Premium,F,VVS2,0.41,1115
Very Good,E,VVS2,0.24,485
Ideal,F,SI2,0.38,568
Ideal,G,VVS1,0.3,764
Ideal,J,SI1,0.75,2850
Good,F,SI1,0.3,641
Ideal,H,VVS1,0.38,949
Very Good,H,VS1,0.33,579
Ideal,F,VS2,0.54,1680
Ideal,H,SI1,0.7,2294
Very Good,J,VS1,0.72,1988
Ideal,G,IF,0.62,2868
Premium,E,VS1,0.31,930
Ideal,D,VS2,0.5,1653
Good,F,VS2,0.51,1569
Premium,E,SI2,1.22,6012
Very Good,G,VVS1,1.2,9609
Very Good,F,SI2,0.47,1058
Ideal,E,SI1,0.32,516
Premium,G,VS2,1.09,6504
Very Good,F,VVS1,0.23,505
Ideal,D,VS2,0.52,1664
Good,F,VS2,0.7,2415
Premium,D,SI2,1.09,4682
Premium,I,VS2,2.02,11059
Ideal,F,VS2,0.32,828
Very Good,D,VS1,0.72,3375
Premium,H,SI1,0.59,1265
Fair,H,I1,0.7,1058
Ideal,D,SI1,0.54,1607
Ideal,I,VS1,0.9,3867
Ideal,J,SI1,1.07,4276
Ideal,F,VS1,0.77,3750
Ideal,D,VS2,0.37,1124
Premium,G,SI2,1.01,4327
Premium,G,VS2,0.55,1448
Ideal,H,VS2,0.31,507
Premium,G,VS1,1.2,8177
Ideal,G,VS2,1.1,6972
Ideal,H,VVS1,0.3,665
Ideal,D,VS1,0.3,742
Very Good,I,VS1,0.38,606
Ideal,E,VVS2,0.5,2206
Very Good,G,SI1,1.2,6526
Premium,J,SI1,0.78,1954
Very Good,F,VS2,1.01,6533
Premium,D,VS2,0.4,1050
Premium,E,SI1,0.5,1415
Very Good,H,SI1,0.7,2296
Fair,D,VVS2,0.7,3296
Ideal,H,VS2,1.02,4604
Premium,H,SI2,2.25,18034
Very Good,E,SI1,0.72,2567
Very Good,I,VVS1,0.71,2559
Very Good,F,VS2,1.51,14165
Ideal,D,SI1,0.42,1040
Premium,J,VS1,2.23,16025
Very Good,F,VVS2,1.2,10931
Very Good,J,VS2,0.91,3290
Very Good,E,SI2,1.11,4914
Premium,F,VVS2,1.27,11905
Premium,J,VS2,2.04,13600
Very Good,F,VS2,0.72,2931
Premium,F,SI2,0.83,2840
Ideal,I,VS1,0.59,1401
Very Good,E,SI1,0.74,3497
Fair,J,SI1,1.2,4838
Good,D,SI2,0.4,622
Premium,E,VS2,0.37,811
Premium,E,VS2,0.3,844
Premium,I,SI1,2.14,15499
Ideal,G,SI2,0.57,1193
Ideal,G,VS1,1.2,8545
Very Good,H,SI1,1.21,4944
Very Good,G,VVS1,0.25,525
Ideal,J,VS2,0.71,2047
Premium,E,SI2,0.4,855
Ideal,E,SI1,0.51,1546
Ideal,E,VS2,0.53,1948
Very Good,E,VS2,0.53,1607
Ideal,D,VS2,0.4,982
Ideal,E,VS1,0.41,1076
Very Good,F,VS2,0.7,2400
Very Good,I,SI1,2.29,18068
Ideal,E,VS1,0.4,1125
Ideal,F,VS2,0.71,3516
Good,I,SI1,1.52,9295
Very Good,F,VVS2,0.59,2302
Ideal,J,VVS2,1.57,9516
Very Good,G,VVS2,1.27,8941
Very Good,H,VVS2,1.51,9332
Ideal,J,VVS2,0.31,453
Very Good,I,SI2,2.1,12612
Ideal,D,VVS1,0.68,4325
Premium,I,SI1,1.54,9314
Premium,I,VVS2,0.41,827
Premium,F,VS1,0.41,1007
Very Good,I,VS2,0.91,4008
Ideal,H,VS2,2.05,18659
Ideal,F,SI1,0.7,2409
Premium,D,VS2,0.7,2773
Premium,G,SI2,1.86,10572
Premium,G,VS2,1.51,13828
Ideal,G,VS2,2.01,18172
Good,G,SI1,1.59,8441
Ideal,D,SI2,1.11,5547
Good,H,SI1,0.3,432
Ideal,G,SI1,0.42,896
Ideal,H,VS2,1.08,5745
Premium,F,SI2,0.55,1175
Ideal,D,SI1,0.35,772
Ideal,F,VS1,0.76,3680
Very Good,G,VVS2,1.07,7457
Ideal,I,VVS1,0.3,532
Ideal,D,VS1,0.41,1105
Ideal,E,VS1,0.55,1996
Premium,E,VVS2,0.31,816
Ideal,H,SI1,0.27,393
Ideal,E,VVS2,1.18,11906
Ideal,G,SI2,0.98,4470
Ideal,G,IF,0.52,2387
Good,E,VS2,0.35,711
Good,E,VS2,0.7,2415
Very Good,F,SI1,1.01,5107
Premium,G,SI2,0.3,506
Ideal,F,VS2,1.13,7369
Premium,F,VVS1,0.3,1114
Ideal,I,SI1,0.79,2442
Good,J,SI2,1.5,6750
Very Good,I,SI1,1.01,4072
Premium,G,VVS2,0.42,1103
Premium,G,VS2,1.04,6709
Very Good,H,SI2,1.57,9077
Premium,E,VVS2,1.2,11301
Premium,D,SI1,0.41,791
Ideal,F,VS2,0.3,776
Good,G,VS2,1.0,5667
Ideal,F,VVS1,0.5,2165
Ideal,G,VS1,0.77,3121
Premium,F,SI1,0.92,4420
Very Good,G,VVS2,0.41,932
Premium,G,VS1,0.43,1008
Very Good,E,VVS2,0.25,533
Premium,I,VS2,0.32,449
Ideal,D,VS1,0.3,949
Very Good,D,VS1,0.52,1860
Ideal,G,VVS2,1.06,7900
Good,E,SI1,1.01,4032
Very Good,F,VS1,0.3,654
Very Good,J,SI1,0.82,2313
Ideal,F,VVS1,0.31,840
Premium,I,VS2,2.14,17416
Good,G,VS2,0.31,531
Premium,D,VS2,0.33,1002
Ideal,G,SI2,0.72,2297
Ideal,I,VS2,0.34,495
Very Good,D,VS2,0.43,931
Premium,F,VS1,0.42,1103
Premium,G,VS2,0.32,561
Ideal,D,VS2,0.35,1063
Good,I,SI2,0.94,3134
Ideal,G,VVS1,0.32,842
Very Good,F,SI1,1.06,4995
Ideal,H,VS1,0.38,871
Very Good,E,VS2,0.5,1629
Premium,G,VS1,1.06,7130
Good,G,SI1,1.5,10428
Ideal,G,VS2,0.31,574
Good,F,SI2,0.32,421
Good,E,SI2,0.7,2310
Ideal,I,SI1,1.04,4484
Very Good,G,SI2,1.0,4195
Premium,F,VS2,1.05,7154
Good,F,VVS2,0.51,2195
Premium,F,VS2,1.24,9411
Ideal,G,IF,0.31,988
Very Good,D,VS1,0.9,5331
Premium,H,VS1,0.34,765
Ideal,J,VS2,2.18,16427
Premium,F,SI2,0.91,3746
Ideal,F,VS2,0.9,4838
Premium,J,SI1,0.71,1690
Very Good,E,VVS1,0.79,4570
Ideal,H,SI2,1.6,9275
Very Good,D,VVS2,0.33,1050
Very Good,F,SI1,0.74,2684
Ideal,H,VVS2,0.33,854
Good,E,VS1,0.9,5356
Good,G,SI1,0.6,1565
Premium,G,SI1,0.47,1086
Very Good,H,SI1,1.09,4784
Ideal,D,VVS1,0.53,3097
Premium,F,VS1,1.03,6783
Premium,G,VS2,1.05,6070
Ideal,E,SI1,0.34,723
Good,E,SI1,1.52,11075
Ideal,D,VS1,0.42,1179
Premium,F,SI1,0.9,4103
Ideal,H,VS1,0.46,983
Ideal,G,VS2,0.53,1607
Very Good,D,VS2,1.04,7679
Ideal,D,VS2,0.53,1956
Premium,E,VVS2,0.41,1231
Premium,E,VS2,0.37,1041
Ideal,J,SI1,2.49,16915
Premium,G,SI2,2.06,15949
Ideal,H,SI1,0.5,1140
Very Good,J,VVS2,1.51,8770
Ideal,I,VS1,0.29,444
Very Good,I,VS2,0.81,2444
Premium,H,SI1,0.35,630
Premium,D,SI2,0.4,666
Premium,E,SI2,1.5,9900
Premium,G,SI2,0.92,3650
Premium,D,SI2,0.3,447
Ideal,E,SI1,0.71,2404
Ideal,F,VVS1,0.31,1140
Premium,H,VS2,1.13,5885
Ideal,J,VS1,0.78,2426
Good,H,VVS1,0.41,892
Premium,F,VS2,0.45,945
Ideal,D,SI1,1.2,7903
Premium,G,VVS2,0.33,752
Ideal,F,VS1,0.34,745
Premium,I,VS2,1.02,4459
Good,I,VS1,0.65,1744
Premium,D,VS2,1.2,10161
Ideal,G,SI1,0.26,394
Ideal,H,SI1,0.91,4919
Ideal,E,VVS2,0.28,646
Very Good,H,VS1,1.5,10681
Ideal,G,VS2,0.3,556
Ideal,E,VS2,0.4,854
Very Good,E,VS2,0.27,470
Ideal,I,SI1,1.13,4936
Very Good,D,IF,1.02,15306
Ideal,G,VVS2,0.32,698
Premium,D,SI2,0.6,1196
Ideal,E,SI1,0.51,1377
Very Good,D,VVS2,0.23,499
Premium,F,VS2,0.52,1651
Premium,H,SI1,0.9,3377
Ideal,E,VS2,0.55,1792
Ideal,D,VS1,0.71,3582
Very Good,E,VS2,0.72,3035
Very Good,E,SI2,0.53,1174
Ideal,F,VS2,0.53,1723
Ideal,G,VS1,0.32,828
Very Good,E,VS1,0.35,829
Ideal,H,SI2,1.04,4557
Premium,H,SI1,0.61,1588
Premium,F,VVS2,0.97,6768
Good,D,VVS2,0.41,949
Ideal,J,VVS2,1.71,10945
Ideal,H,VVS1,0.7,2881
Very Good,E,SI1,0.82,3373
Very Good,H,VS1,0.26,399
Premium,G,SI1,0.44,990
Very Good,G,VS1,1.01,7179
Premium,I,VS2,1.22,6217
Ideal,J,VVS1,0.72,2139
Very Good,E,VS2,0.36,789
Ideal,D,VS2,0.31,734
Good,I,VS1,1.0,4202
Very Good,G,VS2,0.9,4269
Very Good,I,VS2,0.59,1391
Ideal,G,IF,0.41,1431
Very Good,I,VS1,2.04,18127
Very Good,I,VVS1,0.46,1164
Ideal,G,SI1,0.5,1153
Ideal,E,VS2,0.51,1656
Ideal,I,VS2,2.3,18190
Premium,E,VVS1,0.32,1020
Ideal,G,IF,0.38,1074
Ideal,G,SI1,1.21,6958
Ideal,G,SI1,0.3,477
Premium,F,VVS2,0.23,571
Premium,J,SI1,1.62,8183
Very Good,I,VS2,0.81,2714
Premium,F,SI2,1.59,9972
Good,E,VS2,1.2,8563
Ideal,F,VS2,0.32,828
Ideal,E,SI1,0.75,2993
Ideal,F,VS2,0.83,4417
Premium,H,VVS1,0.76,3311
Ideal,D,VVS1,0.34,1133
Very Good,H,SI1,1.2,6077
Ideal,D,VS2,0.36,852
Ideal,E,VS2,0.58,1984
Premium,G,VS2,0.44,828
Ideal,F,VS2,0.3,567
Ideal,E,VVS1,0.38,1267
Very Good,G,VS2,0.9,4093
Very Good,G,SI1,0.71,2266
Premium,G,SI2,0.71,2362
Ideal,D,VS2,0.3,911
Ideal,F,VVS1,0.24,678
Premium,E,SI2,0.49,1011
Good,H,SI2,2.17,16036
Ideal,F,IF,0.31,901
Premium,G,SI2,0.41,784
Ideal,F,VVS1,0.41,1356
Ideal,F,SI1,0.58,1569
Ideal,G,VS2,1.01,6295
Ideal,F,SI2,1.01,4239
Premium,E,SI1,0.8,3091
Ideal,F,VVS2,0.53,2291
Ideal,F,VS2,0.31,802
Very Good,E,SI2,0.6,1385
Ideal,E,VS1,0.4,1125
Ideal,D,VS2,0.6,2125
Ideal,H,VS2,1.2,6487
Fair,F,SI2,1.18,4903
Premium,G,SI2,1.05,3898
Very Good,I,VVS1,0.38,752
Ideal,D,VS2,0.3,778
Ideal,G,SI1,1.1,6837
Premium,F,SI2,0.71,2040
Ideal,I,VS1,0.38,703
Ideal,H,SI1,1.0,4469
Premium,I,VS2,1.5,8820
Premium,E,VS2,0.53,1721
Premium,J,SI1,1.14,3792
Premium,E,VVS2,0.76,3767
Ideal,G,SI2,0.51,1148
Very Good,F,SI1,0.59,1424
Ideal,F,SI1,0.39,718
Ideal,D,SI1,0.43,1036
Good,D,SI2,0.32,477
Premium,G,VS1,1.24,7660
Ideal,F,VS1,0.41,1007
Good,I,SI2,2.22,14285
Very Good,D,SI1,0.71,2913
Very Good,F,VVS2,0.5,1915
Very Good,H,VVS1,0.45,1274
Ideal,I,SI2,1.53,8637
Premium,D,VVS2,0.54,2323
Ideal,G,VS2,0.35,563
Very Good,G,SI2,0.9,3581
Premium,F,VS2,0.41,1107
Premium,J,SI1,1.73,9271
Very Good,G,VS2,0.43,863
Good,E,VS2,0.7,3115
Premium,G,SI2,0.3,394
Good,F,SI2,1.01,4004
Ideal,F,IF,0.3,886
Very Good,H,SI1,0.33,475
Ideal,G,VVS2,1.31,11459
Ideal,H,VVS1,0.32,936
Ideal,G,SI1,1.36,8927
Premium,G,SI1,1.09,5402
Good,H,VS2,0.7,2137
Good,H,I1,1.53,6361
Very Good,J,VS1,0.3,506
Ideal,H,VS1,1.07,6479
Very Good,H,SI2,1.33,6482
Premium,G,SI1,1.02,4381
Premium,E,SI2,0.9,3084
Ideal,D,VS2,0.52,1919
Ideal,F,SI2,0.38,568
Ideal,F,VVS1,0.3,857
Premium,H,VVS1,0.35,1024
Ideal,I,IF,0.4,982
Ideal,G,VS2,0.8,2834
Very Good,E,VS2,0.24,362
Very Good,H,IF,0.33,787
Ideal,E,SI1,0.71,2308
Good,D,SI2,0.91,3848
Ideal,H,SI1,0.3,407
Premium,I,VS2,1.22,5649
Very Good,E,SI1,1.01,5479
Very Good,H,SI2,1.04,4435
Good,G,VS2,1.01,5538
Premium,F,SI2,0.91,3822
Ideal,G,SI2,0.7,2480
Ideal,F,VVS2,0.35,745
Ideal,I,SI1,0.33,572
Good,D,VS1,1.01,8339
Very Good,I,SI2,0.9,3057
Good,D,VS2,0.7,3073
Very Good,D,IF,0.32,1171
Ideal,D,VVS2,1.01,10797
Good,J,VS1,1.03,4582
Premium,G,SI1,1.15,5851
Very Good,J,SI1,1.32,4657
Premium,J,VS1,0.32,540
Premium,D,VVS2,1.21,14841
Ideal,F,SI2,1.03,3749
Ideal,F,SI1,0.71,2335
Ideal,E,VVS2,0.46,1736
Ideal,J,VS2,0.5,1188
Fair,G,SI2,0.9,2376
Premium,H,SI1,1.19,5595
Very Good,H,SI1,1.26,7477
Ideal,E,VS1,0.41,1144
Premium,J,I1,0.72,945
Premium,E,VS2,0.41,935
Premium,H,SI2,0.32,517
Ideal,H,VVS2,0.31,802
Ideal,I,SI1,2.0,16407
Very Good,F,SI2,0.74,2042
Ideal,D,VS2,1.2,9912
Ideal,H,SI1,0.73,2656
Very Good,E,VS1,0.48,1616
Ideal,H,VS2,0.54,1378
Very Good,G,VVS1,0.23,484
Very Good,G,VS1,1.04,6814
Ideal,D,VS2,0.31,942
Very Good,G,SI1,0.3,447
Ideal,F,VS2,0.56,1814
Premium,I,VVS2,0.3,526
Ideal,F,IF,0.36,1138
Ideal,E,SI1,0.44,810
Good,G,SI2,1.01,3895
Very Good,G,SI1,0.77,2670
Premium,G,VS2,0.33,743
Very Good,F,VVS2,0.39,1117
Ideal,I,VS1,0.71,2525
Ideal,H,SI1,1.13,5911
Very Good,F,VS2,0.51,1569
Very Good,F,SI1,0.7,2230
Ideal,G,VVS1,0.32,1080
Ideal,I,SI1,0.31,418
Very Good,H,VS2,0.3,473
Ideal,H,VS1,0.27,449
Ideal,F,VS2,0.56,1708
Good,H,SI1,1.02,4558
Ideal,E,VS2,0.33,928
Good,E,SI2,1.0,3819
Ideal,H,IF,0.35,931
Very Good,D,VS2,0.41,932
Ideal,E,SI1,0.38,680
Ideal,E,SI1,0.93,5992
Good,E,SI2,0.7,2159
Ideal,G,VS1,0.53,1813
Very Good,F,VS2,1.06,6823
Ideal,G,VVS2,0.5,1935
Good,D,SI2,0.81,2926
Ideal,F,VS1,1.15,10316
Fair,J,VS2,1.53,6659
Ideal,F,VS2,0.54,1621
Premium,E,SI1,1.7,15662
Ideal,G,VS1,0.42,823
Fair,E,SI2,0.71,2002
Premium,E,VVS2,0.41,918
Fair,I,I1,1.0,2112
Premium,G,SI1,2.02,17579
Very Good,D,VS2,0.72,3139
Good,G,VS2,1.66,15091
Very Good,E,SI1,0.3,675
Very Good,G,VS1,0.3,725
Ideal,D,VS1,0.7,3419
Ideal,I,SI2,1.6,8530
Very Good,G,VS1,1.01,7451
Ideal,F,VS1,0.31,872
Very Good,H,SI2,0.9,3481
Very Good,E,VS2,0.33,627
Ideal,G,SI1,0.44,1032
Good,G,VS1,1.04,7049
Very Good,H,SI1,0.6,1378
Ideal,D,VS2,0.32,758
Ideal,D,VS2,0.51,1633
Ideal,G,VS2,0.56,1662
Ideal,E,VS2,0.36,1013
Ideal,H,SI1,1.02,4233
Good,I,VS2,0.7,2010
Very Good,H,VS1,0.35,788
Premium,I,SI2,0.38,500
Ideal,H,VS1,1.55,12087
Premium,H,SI1,0.8,2760
Premium,G,VS2,0.32,720
Premium,G,VS1,0.43,1008
Good,G,SI2,1.01,3852
Good,E,VS2,1.01,5954
Very Good,I,VS2,1.27,6443
Ideal,I,VS2,1.05,6279
Very Good,E,VS2,0.25,436
Ideal,D,VS2,0.31,734
Ideal,F,VS2,0.51,1711
Ideal,E,VVS2,0.31,837
Premium,E,VS2,0.7,2737
Good,G,SI1,1.01,5021
Premium,G,SI1,0.71,2352
Ideal,F,SI2,0.71,2365
Premium,F,SI2,1.58,6194
Very Good,E,VS1,0.43,890
Premium,H,VS1,1.52,11621
Premium,D,SI1,1.52,10512
Fair,I,SI1,0.7,1749
Ideal,I,SI1,1.98,14581
Very Good,J,SI2,0.7,1788
Very Good,I,VS1,1.06,5293
Premium,G,SI1,0.77,2563
Good,F,SI1,0.55,1410
Ideal,E,VS1,0.32,745
Very Good,G,VS1,0.7,2631
Very Good,F,SI1,0.7,2264
Very Good,G,VS2,0.71,2574
Premium,D,SI1,1.24,6319
Ideal,I,SI2,0.59,1202
Premium,D,SI1,1.53,10907
Ideal,F,VS2,0.3,776
Very Good,E,SI2,0.75,2383
Very Good,F,SI1,0.9,3679
Ideal,D,VVS2,0.65,3228
Ideal,D,SI1,0.32,589
Very Good,G,VS2,1.24,7660
Ideal,D,SI1,0.42,970
Very Good,J,VS2,2.0,14403
Very Good,F,SI2,2.01,17005
Good,F,VS2,0.5,1323
Fair,F,SI2,1.45,6455
Ideal,G,VVS1,1.23,11182
Premium,G,VS2,0.51,1546
Very Good,H,VVS2,0.31,625
Ideal,I,VVS2,0.73,2513
Very Good,D,SI1,0.55,1692
Ideal,E,SI1,0.77,3189
Ideal,F,VS1,0.38,988
Ideal,F,VS2,0.59,1828
Premium,J,VS1,2.05,14224
Ideal,E,SI1,0.5,1415
Premium,G,SI1,0.61,1255
Premium,G,SI1,1.54,12044
Premium,H,VVS2,0.3,605
Very Good,H,VS2,0.3,473
Good,J,I1,2.0,6521
Good,I,SI2,0.9,3057
Very Good,H,SI1,1.01,4836
Very Good,G,VS2,0.77,3124
Very Good,I,VS2,1.01,4626
Premium,J,VS2,1.16,4702
Ideal,J,IF,0.3,489
Premium,G,VVS1,0.5,1987
Very Good,I,VS1,2.09,18215
Ideal,G,VS2,0.41,1061
Ideal,G,VS2,1.27,8915
Very Good,G,SI1,0.31,462
Ideal,H,VVS1,0.65,2177
Very Good,E,VVS2,0.33,893
Very Good,E,VS1,1.24,10185
Premium,E,SI1,0.7,2444
Ideal,F,VS2,1.21,6261
Premium,E,SI2,1.07,4943
Premium,F,SI1,0.9,4158
Ideal,I,SI2,0.71,1947
Premium,J,SI2,2.42,16198
Premium,H,SI1,1.01,4642
Ideal,D,SI2,0.7,2373
Ideal,H,SI1,1.09,5219
Ideal,G,SI2,0.7,1814
Good,I,VS2,0.81,2617
Ideal,D,VS2,0.52,1919
Ideal,E,SI2,0.71,2370
Ideal,I,VS1,0.26,417
Ideal,F,VS2,0.33,854
Ideal,G,VS2,0.41,827
Ideal,I,VVS2,0.72,2452
Very Good,D,SI2,0.92,4327
Ideal,E,VS2,0.59,1883
Ideal,G,VVS2,0.3,878
Ideal,E,VVS1,0.3,826
Fair,F,SI1,2.03,16280
Ideal,F,VS2,1.02,7026
Premium,E,SI2,0.36,648
Good,F,I1,0.72,1166
Very Good,H,VS2,1.01,5050
Ideal,G,VS1,0.57,1942
Ideal,H,VS1,0.33,743
Premium,H,SI1,1.16,5554
Very Good,G,SI1,0.7,2074
Ideal,F,VS2,0.31,591
Premium,E,VS1,1.2,10053
Premium,J,VVS2,0.62,1415
Very Good,H,IF,0.23,369
Very Good,J,SI1,1.35,5613
Ideal,I,SI2,0.58,1158
Ideal,G,VS2,0.3,526
Premium,H,VS2,1.51,11268
Very Good,H,SI1,1.2,6019
Very Good,G,VVS1,0.39,943
Ideal,D,VS2,1.2,9596
Good,D,VS2,0.4,827
Ideal,E,SI2,0.54,1246
Premium,J,SI2,2.23,13931
Very Good,G,VS1,0.3,585
Premium,H,SI1,1.24,6327
Premium,H,SI1,0.7,2331
Ideal,G,VVS1,0.31,789
Very Good,F,VVS1,1.11,10069
Very Good,F,SI1,0.3,641
Very Good,F,SI1,0.3,500
Ideal,G,VS2,0.6,1861
Ideal,F,IF,0.52,2783
Premium,F,VS1,1.7,18430
Ideal,D,SI1,0.77,3309
Very Good,E,SI1,0.92,4183
Ideal,F,IF,0.41,1439
Ideal,F,SI2,0.8,3064
Premium,G,SI2,0.71,2913
Fair,I,SI2,2.0,8037
Premium,J,SI1,1.5,5536
Very Good,I,SI1,0.51,1068
Very Good,G,VS1,1.06,6863
Premium,E,SI2,0.75,2372
Ideal,I,VVS2,0.72,2602
Ideal,D,VS1,0.57,2091
Ideal,G,SI1,0.27,426
Premium,H,VS2,0.91,4128
Very Good,J,VS2,0.91,3258
Very Good,I,SI2,1.15,4405
Premium,G,IF,0.32,952
Ideal,D,SI1,0.37,681
Very Good,G,VS1,1.01,6326
Ideal,F,VS1,0.41,1076
Fair,H,SI2,0.9,2823
Premium,G,VVS2,0.35,1024
Ideal,G,IF,0.31,891
Ideal,I,VVS2,0.33,743
Ideal,F,VVS1,0.33,880
Ideal,H,VS1,0.26,448
Ideal,H,SI1,1.07,5123
Premium,I,VVS1,0.4,1080
Good,E,SI1,0.32,524
Very Good,E,VS2,0.3,603
Ideal,F,SI2,1.52,9533
Very Good,G,SI2,1.05,4318
Good,E,VVS1,0.23,472
Premium,F,VS1,0.43,1129
Ideal,F,VS2,1.06,7592
Ideal,H,SI1,0.52,1245
Premium,G,VS1,0.42,921
Ideal,D,VS2,0.35,829
Ideal,G,VS1,1.51,14542
Very Good,H,SI2,1.54,8301
Ideal,E,VVS2,0.3,789
Ideal,G,VVS2,0.3,655
Very Good,E,SI2,2.01,17759
Good,I,SI2,0.9,2680
Premium,H,VS1,0.54,1637
Very Good,G,VVS1,1.23,10435
Good,F,VS1,0.48,1402
Premium,D,VVS2,0.33,1002
Ideal,E,VS2,0.36,789
Premium,H,SI2,1.16,4872
Fair,F,I1,0.7,992
Ideal,E,VVS2,0.4,988
Premium,I,SI1,1.1,4435
Premium,I,SI2,2.5,18447
Ideal,E,VVS1,0.3,838
Premium,D,SI1,0.93,4448
Ideal,H,VS1,0.28,476
Premium,H,SI2,0.7,1808
Ideal,H,SI1,1.09,5376
Good,I,VS1,0.84,2753
Ideal,J,SI1,1.52,8131
Premium,E,SI2,0.71,2096
Very Good,E,VS2,0.5,1605
Very Good,E,VS2,0.55,1831
Premium,I,SI1,2.09,15339
Ideal,E,IF,0.35,1197
Ideal,I,SI1,1.24,5902
Good,G,VVS2,1.19,8995
Ideal,E,VS2,0.37,811
Premium,E,VS2,0.21,386
Ideal,F,VS2,0.55,1698
Very Good,E,SI1,1.28,7927
Fair,I,VS1,1.03,4328
Premium,G,SI1,0.53,1363
Very Good,G,VS1,0.7,2437
Ideal,E,VS1,0.52,1844
Good,G,SI1,0.3,574
Ideal,J,VS2,0.5,915
Premium,D,VVS2,0.59,2538
Premium,G,SI1,1.01,4338
Very Good,F,VS2,0.61,1805
Ideal,E,VS2,0.7,2952
Ideal,D,VS2,0.71,4029
Ideal,E,VVS1,0.31,942
Very Good,D,VVS2,0.38,1225
Very Good,G,VVS1,0.35,842
Premium,F,VVS2,0.32,1008
Ideal,E,SI2,1.1,4071
Ideal,H,SI2,0.83,2565
Premium,E,VS2,0.54,1709
Ideal,F,VS2,0.32,645
Ideal,J,VS2,1.35,5862
Ideal,G,VS1,0.59,1916
Very Good,G,VS1,0.71,2982
Very Good,G,SI1,2.01,16742
Ideal,E,VVS2,0.32,1080
Very Good,G,VS1,0.41,908
Good,F,VVS2,0.9,5480
Premium,J,SI1,1.31,5446
Ideal,D,VS1,0.7,3093
Ideal,E,VVS2,0.31,755
Premium,E,SI2,1.01,4751
Ideal,E,SI2,0.73,2434
Very Good,G,VS2,1.0,5723
Very Good,E,VS2,0.61,2036
Ideal,I,VS1,1.11,6758
Ideal,G,IF,0.32,918
Very Good,H,SI2,2.11,15530
Ideal,G,IF,0.27,627
Premium,E,VS2,0.23,513
Premium,E,SI1,0.71,2629
Premium,F,VVS2,1.12,10028
Premium,H,I1,0.43,452
Ideal,E,SI1,1.04,7208
Premium,I,VS2,0.33,594
Premium,D,VVS2,1.02,10580
Ideal,I,VS1,0.3,491
Very Good,I,SI1,0.9,3580
Ideal,F,VS2,0.33,666
Ideal,F,SI1,1.01,5486
Ideal,I,VS2,0.74,2997
Premium,F,SI2,0.41,907
Ideal,D,SI1,0.42,810
Premium,F,SI1,0.4,945
Ideal,F,VS1,0.8,3884
Very Good,E,VS2,0.7,2850
Very Good,G,VS1,1.71,17206
Good,G,SI1,0.91,3344
Premium,D,SI1,0.79,3112
Good,E,VVS2,0.23,465
Ideal,J,VS1,1.21,5421
Good,E,VS1,1.01,6159
Premium,H,VS2,0.32,648
Premium,I,VS2,1.5,9471
Premium,G,VS1,0.5,1583
Ideal,D,VVS2,0.34,885
Very Good,G,VS1,1.0,6263
Very Good,E,VS1,0.23,378
Ideal,H,VS2,0.31,502
Ideal,G,IF,0.55,2383
Ideal,F,VS2,0.32,645
Premium,G,VS1,0.9,4579
Good,J,VS1,0.44,694
Ideal,F,VS2,0.34,880
Very Good,H,SI1,1.06,5020
Ideal,H,SI1,1.25,7182
Ideal,I,VS1,0.31,544
Ideal,I,SI2,0.7,1874
Premium,G,SI2,0.74,2109
Good,E,VVS2,0.4,1059
Ideal,F,VS2,0.32,645
Premium,H,SI1,1.01,5204
Ideal,F,VVS2,1.02,9212
Good,I,SI2,1.51,7957
Ideal,H,VVS2,0.31,625
Good,H,SI2,1.02,3884
Very Good,F,VS2,0.58,1667
Good,H,SI1,1.25,6783
Ideal,G,VS2,1.3,9060
Very Good,I,VVS2,1.51,9416
Ideal,G,VS1,0.33,666
Very Good,F,VS2,1.74,18430
Good,E,SI1,0.73,2821
Good,H,VVS2,0.35,620
Premium,F,SI1,0.91,3618
Ideal,E,VS2,0.34,745
Good,D,SI2,1.01,4805
Ideal,F,SI1,0.31,515
Ideal,H,SI1,1.33,7217
Ideal,H,VS1,0.35,614
Premium,J,SI1,0.8,1838
Ideal,E,SI1,0.54,1637
Premium,H,SI1,0.31,573
Ideal,I,VS2,0.3,389
Ideal,F,IF,0.3,886
Fair,J,VS2,1.01,3190
Ideal,G,VS1,0.8,4388
Very Good,D,VS2,0.5,1688
Very Good,H,VS2,1.0,5046
Very Good,G,VS2,0.72,2728
Ideal,D,VS2,0.3,857
Ideal,H,VS2,1.06,6619
Ideal,D,SI2,1.11,6241
Premium,F,VS1,0.42,985
Good,H,SI2,0.72,2056
Premium,E,SI1,0.5,1155
Premium,D,VS2,0.2,367
Very Good,F,SI1,1.06,5491
Ideal,H,I1,1.13,3603
Very Good,F,VVS1,0.49,1952
Very Good,F,I1,0.5,1188
Ideal,F,IF,0.24,678
Ideal,G,VS2,0.7,2515
Very Good,J,VS1,0.9,3643
Very Good,H,IF,0.24,449
Premium,D,VS2,1.0,6868
Premium,I,SI1,2.05,15837
Premium,F,VVS1,0.32,1294
Ideal,F,SI1,0.7,2528
Ideal,I,SI1,0.57,1113
Very Good,F,SI1,1.02,5155
Good,E,VS1,0.56,1938
Premium,J,VVS2,1.29,6356
Very Good,E,VVS1,0.4,1217
Ideal,G,IF,0.35,1001
Premium,G,VS2,0.31,544
Ideal,E,VS1,0.57,2068
Ideal,F,VS2,0.58,1666
Premium,E,SI1,1.42,9447
Good,D,SI2,0.71,2436
Premium,D,VS1,1.0,7812
Very Good,E,VS2,1.0,6600
Good,J,SI2,1.21,4269
Ideal,I,SI1,1.22,5807
Very Good,F,SI2,0.83,2939
Ideal,G,SI1,0.31,493
Good,E,SI1,0.71,2573
Ideal,E,SI2,0.8,2978
Very Good,E,VVS1,0.31,763
Fair,H,SI2,0.91,2763
Ideal,E,VS1,0.3,673
Ideal,F,VS1,0.39,895
Premium,E,SI2,0.43,903
Very Good,G,VS2,1.14,6435
Very Good,E,SI2,2.03,15690
Good,H,VS2,0.52,1289
Fair,H,VS1,1.0,4368
Premium,H,SI2,0.71,2028
Very Good,D,VS2,0.39,702
Very Good,I,SI1,0.7,2136
Premium,H,SI1,2.09,18559
Premium,G,IF,0.4,1397
Good,D,SI2,0.91,3349
Ideal,D,VS1,0.78,4336
Ideal,E,VS1,0.36,852
Good,I,VVS2,0.41,827
Ideal,D,VVS2,0.41,1181
Very Good,J,VS2,0.73,2101
Ideal,F,VVS2,0.7,3478
Ideal,F,VS2,0.31,749
Very Good,H,SI2,1.25,5775
Ideal,E,SI2,0.71,2511
Premium,E,VS2,0.71,2858
Ideal,D,SI1,0.78,3326
Ideal,E,VS2,0.33,723
Very Good,E,SI1,0.3,526
Good,G,VS2,0.39,982
Ideal,J,VS2,0.83,2570
Ideal,H,VS2,0.51,1428
Ideal,H,SI2,1.13,4535
Ideal,E,SI1,0.56,1698
Very Good,G,SI1,0.9,3669
Ideal,E,SI1,0.31,698
Very Good,F,SI1,0.9,3854
Ideal,E,VS2,0.56,1699
Premium,F,VS1,0.4,982
Very Good,G,VVS1,0.5,1966
Premium,I,VS2,0.95,3818
Ideal,G,VS2,0.73,3307
Ideal,J,SI1,1.7,8758
Premium,J,VS1,0.3,394
Premium,G,VS1,0.71,2686
Very Good,D,SI2,0.42,838
Premium,G,VVS1,1.25,7389
Very Good,I,SI1,1.2,5211
Good,D,SI1,0.3,552
Ideal,G,VS1,1.43,11302
Ideal,E,VVS2,1.26,14300
Very Good,F,VVS1,1.51,18777
Ideal,D,VVS2,0.53,2407
Very Good,J,SI1,0.74,1913
Ideal,G,SI1,0.78,3056
Ideal,G,VS2,0.32,524
Ideal,J,VS2,1.57,8363
Ideal,F,SI1,0.77,3702
Ideal,F,VS1,0.37,1041
Premium,H,SI1,1.01,4707
Ideal,D,VS2,0.57,1864
Very Good,J,SI1,0.71,1917
Premium,E,SI2,1.54,8408
Good,D,VS2,1.01,6449
Ideal,J,VS1,1.6,10011
Ideal,D,VS1,0.7,3752
Ideal,H,SI1,0.53,1255
Good,F,SI2,2.09,18472
Premium,H,VS1,0.5,1395
Ideal,D,VS2,0.52,1919
Ideal,D,SI1,0.25,452
Premium,H,SI2,0.7,2142
Premium,E,VS2,0.37,811
Premium,F,VVS2,0.3,737
Good,E,VS2,0.9,4278
Ideal,H,IF,0.42,1201
Very Good,H,SI1,1.06,4878
Ideal,H,SI1,1.15,4911
Premium,J,VS1,0.93,3062
Ideal,E,SI2,0.34,454
Very Good,H,VS1,0.81,3314
Premium,F,VS2,0.36,629
Very Good,E,VS1,0.7,2695
Good,E,VS1,0.23,402
Ideal,I,VS2,1.62,11217
Ideal,E,SI1,1.21,7088
Ideal,J,VS2,1.01,4617
Very Good,G,VS2,1.07,6355
Premium,F,VS2,1.04,6278
Premium,E,I1,1.0,3584
Premium,D,SI1,0.4,884
Ideal,E,VS2,0.51,1590
Ideal,F,VS1,0.43,774
Ideal,G,IF,0.33,1052
Ideal,D,VS2,0.56,2066
Ideal,H,IF,0.33,838
Fair,D,SI1,0.9,4252
Ideal,F,VVS2,0.31,706
Good,G,VS2,1.5,11294
Premium,J,IF,1.61,10165
Premium,H,SI1,0.68,1666
Ideal,E,SI2,1.0,4077
Good,D,SI1,0.9,3505
Ideal,E,VS2,0.57,1654
Fair,F,VVS2,0.3,743
Very Good,E,SI2,0.91,4668
Ideal,F,VVS2,0.7,3191
Ideal,I,VS1,1.15,5626
Very Good,F,VS1,1.2,8983
Ideal,F,SI1,0.35,707
Premium,E,SI2,1.04,3914
Premium,G,SI2,1.65,9970
Very Good,D,SI2,0.3,574
Ideal,E,VVS2,0.57,2615
Very Good,G,VS1,1.03,6628
Premium,E,SI2,0.7,2463
Premium,H,VS2,1.09,5993
Very Good,H,VS2,1.09,5551
Ideal,H,SI2,1.5,9104
Fair,H,SI2,0.81,1687
Ideal,F,IF,0.73,3880
Ideal,G,IF,0.31,924
Premium,F,VS2,0.33,854
Ideal,F,SI1,0.42,760
Ideal,F,VVS1,0.36,1021
Very Good,F,SI2,1.03,4414
Very Good,I,VS2,0.93,3766
Premium,I,I1,0.86,1828
Very Good,G,SI2,0.52,1151
Very Good,F,SI1,0.31,516
Ideal,E,SI2,1.07,5602
Fair,E,SI1,1.01,4181
Ideal,H,VS1,0.31,698
Premium,F,SI1,0.38,653
Ideal,E,SI1,0.9,4439
Very Good,I,VS2,0.72,2393
Premium,G,VS2,1.07,6022
Ideal,G,VS1,0.53,1813
Ideal,I,VS2,0.91,4199
Ideal,D,VVS1,0.6,4209
Very Good,H,VS2,1.21,7426
Very Good,E,VVS1,0.58,2568
Premium,I,SI1,1.2,5098
Very Good,D,VS2,0.55,1975
Very Good,G,VS1,0.7,2748
Premium,H,VS1,0.82,3008
Premium,E,SI1,0.41,969
Ideal,G,IF,0.53,2293
Premium,G,SI2,1.01,4442
Ideal,I,VVS2,0.4,751
Very Good,F,VS1,1.01,6719
Good,J,VS2,1.99,13338
Ideal,G,VS2,1.08,7187
Fair,E,VS2,0.5,1397
Good,E,SI1,0.7,2569
Ideal,F,VVS2,0.34,1071
Good,E,SI1,0.44,756
Premium,F,SI1,0.57,1571
Ideal,G,VS1,0.71,2950
Premium,H,VS1,0.42,1087
Very Good,E,SI2,0.31,435
Ideal,H,SI1,0.32,576
Premium,H,VVS2,0.54,1662
Very Good,F,VS2,1.01,6288
Very Good,F,SI1,0.36,641
Good,D,SI2,0.31,462
Ideal,J,VS1,2.22,16689
Very Good,F,VS1,0.5,1558
Very Good,D,SI2,1.2,4758
Ideal,E,SI2,0.39,614
Very Good,H,SI1,1.1,4938
Ideal,J,VS1,0.53,1218
Premium,F,SI1,0.36,600
Premium,D,SI1,0.9,3812
Very Good,H,VS2,0.67,1867
Ideal,H,SI1,1.09,5238
Premium,G,VS2,1.05,5927
Ideal,H,SI2,2.42,16826
Premium,F,VVS2,0.3,737
Very Good,H,VVS2,0.34,686
Ideal,H,SI2,1.0,4580
Ideal,F,SI1,1.5,12389
Ideal,I,VVS1,0.39,820
Ideal,I,SI1,0.34,459
Premium,G,VS2,0.33,743
Ideal,G,SI2,0.72,2079
Ideal,D,VVS2,0.3,965
Ideal,D,SI1,0.7,2726
Ideal,G,VS2,0.31,698
Ideal,E,SI1,0.53,1607
Ideal,G,VVS2,0.58,2133
Premium,I,VS2,2.02,15808
Ideal,G,VS2,1.27,8705
Ideal,D,VS1,0.31,766
Ideal,H,SI1,0.47,787
Ideal,I,VS2,0.39,698
Ideal,I,SI2,2.01,12338
Very Good,I,VVS2,1.69,12394
Ideal,I,VS1,0.3,491
Premium,F,SI1,0.22,342
Premium,H,VS2,0.56,1432
Premium,D,VVS2,1.04,10314
Ideal,F,VVS2,0.54,2180
Premium,E,SI2,0.74,2002
Ideal,E,VS1,0.41,1079
Ideal,J,VS2,0.32,393
Good,I,VS1,0.71,2007
Premium,H,SI2,2.06,12931
Premium,J,SI1,0.79,1924
Ideal,E,SI1,1.01,5751
Premium,G,VS1,1.17,7666
Ideal,H,IF,0.53,1712
Ideal,D,SI2,0.59,1572
Ideal,G,VS1,0.61,2041
Premium,D,SI2,1.09,5258
Good,D,SI2,1.5,8518
Ideal,J,VS1,0.41,604
Ideal,G,VVS2,0.32,730
Premium,F,SI2,0.9,3951
Premium,D,VS2,0.51,1597
Ideal,H,SI2,1.21,5814
Good,D,VS2,0.3,521
Good,E,VS1,0.37,818
Good,D,SI1,1.0,5642
Fair,I,SI1,1.0,2912
Premium,F,SI1,0.5,1838
Ideal,H,IF,0.31,789
Ideal,G,VS1,1.6,9856
Ideal,F,IF,0.3,886
Premium,H,SI1,1.0,4816
Premium,J,SI1,2.3,12499
Very Good,J,VVS2,0.7,1968
Good,F,VS1,0.24,399
Ideal,I,SI2,2.32,17676
Ideal,G,VS2,1.2,7930
Good,E,I1,1.73,8220
Ideal,F,VS1,0.38,998
Premium,F,VVS1,0.38,1257
Ideal,E,SI1,1.08,5096
Very Good,D,VS2,1.52,14698
Ideal,D,VS2,0.34,805
Premium,E,VS1,0.3,851
Very Good,H,SI1,0.31,446
Very Good,E,SI2,0.91,3015
Ideal,G,IF,1.24,11376
Ideal,D,VVS1,0.32,1140
Ideal,H,SI1,2.01,16733
Ideal,H,SI1,1.02,5251
Ideal,F,VVS2,0.28,787
Ideal,I,IF,0.31,652
Ideal,I,VS2,0.35,509
Very Good,F,VS2,0.71,2777
Ideal,G,VS1,1.26,9907
Ideal,I,SI1,0.31,436
Ideal,F,VVS1,0.33,1062
Ideal,G,VS2,1.15,5008
Very Good,F,VS1,0.28,487
Ideal,D,SI1,0.33,728
Premium,H,VVS1,0.7,2406
Ideal,D,VS2,0.56,2066
Premium,H,I1,1.02,3199
Very Good,E,VVS2,0.3,789
Premium,F,VS2,0.36,726
Ideal,E,SI1,0.91,5252
Ideal,J,SI2,1.22,4676
Ideal,G,VS1,0.57,1837
Ideal,I,VS1,1.01,3991
Fair,H,SI2,0.91,2825
Premium,G,VS2,0.7,2657
Ideal,F,VS2,0.3,605
Ideal,F,IF,0.33,971
Ideal,G,VS2,0.33,743
Very Good,F,SI2,0.5,997
Ideal,J,VS1,1.21,5324
Ideal,D,VS1,0.56,2026
Ideal,E,SI1,0.5,1337
Premium,E,VVS1,0.41,1431
Premium,I,SI2,2.04,14660
Ideal,D,VS2,0.6,2444
Very Good,I,VS2,1.51,8836
Ideal,H,VS2,1.58,11262
Premium,E,VS2,0.5,1746
Very Good,F,VS2,1.01,6204
Premium,G,SI2,0.75,2070
Premium,E,SI2,0.34,477
Good,H,SI1,0.56,1197
Premium,D,SI1,0.33,780
Ideal,H,SI1,0.38,650
Premium,E,SI1,0.33,743
Premium,H,SI1,0.57,1247
Premium,F,SI1,0.91,4036
Ideal,F,SI1,1.6,13140
Ideal,I,VVS2,0.4,1240
Very Good,I,VS1,1.29,5562
Very Good,H,VVS1,0.34,995
Very Good,H,SI1,0.9,3387
Very Good,G,SI1,0.52,1232
Premium,E,SI1,0.9,3917
Ideal,E,VVS1,0.53,3352
Ideal,E,SI2,1.11,4969
Good,H,VS2,0.5,1239
Premium,E,VS2,0.5,1676
Premium,E,SI2,0.36,648
Ideal,H,VVS1,0.41,1011
Good,D,SI1,1.05,6174
Fair,F,SI1,0.94,4053
Premium,I,VS2,0.78,2646
Very Good,F,SI2,0.7,2100
Ideal,I,VS2,0.37,603
Ideal,E,VS2,1.07,9177
Premium,G,VS2,1.52,13483
Ideal,H,VVS2,0.3,605
Ideal,D,VS1,0.3,651
Premium,E,VS2,0.3,658
Premium,F,VS2,0.57,1760
Ideal,G,IF,0.34,1084
Ideal,D,VS2,0.32,972
Premium,J,SI1,0.8,2016
Ideal,G,SI1,0.54,1384
Premium,H,SI2,0.71,2224
Ideal,D,VS2,0.41,1076
Premium,G,SI2,1.02,4078
Ideal,E,SI2,1.07,4799
Ideal,G,VS2,0.3,675
Premium,F,VS2,1.01,6271
Very Good,D,IF,0.48,2677
Fair,H,SI1,0.5,1094
Fair,J,VS2,0.9,2815
Premium,J,SI1,0.82,2083
Premium,D,VS2,1.13,7751
Premium,G,VS2,0.32,672
Very Good,F,SI2,1.0,4372
Ideal,G,VS2,1.02,6416
Ideal,E,VS1,0.33,1002
Good,H,SI1,1.51,9218
Ideal,F,VS2,1.69,16789
Ideal,G,SI1,1.07,5532
Ideal,G,VS1,0.32,828
Premium,E,SI1,0.51,1593
Ideal,D,VS2,0.37,876
Ideal,I,VVS1,0.73,2490
Premium,F,SI2,1.2,5712
Good,D,SI2,0.52,1203
Ideal,I,VS2,1.64,12199
Good,F,VS1,0.29,415
Ideal,E,VS1,0.71,3198
Ideal,D,VS2,0.53,1857
Good,D,SI2,0.4,599
Premium,G,VVS2,1.01,7366
Very Good,G,VS2,0.55,1563
Premium,F,SI1,0.41,969
Premium,E,VS2,0.75,3150
Ideal,J,VS1,1.05,3528
Good,F,SI2,2.01,16085
Ideal,F,VVS2,0.74,3101
Ideal,I,SI1,1.24,5976
Ideal,J,SI1,1.51,8888
Very Good,I,VVS2,2.01,15952
Ideal,H,VS1,0.26,482
Premium,F,SI1,0.92,4194
Very Good,H,SI1,0.3,504
Ideal,H,IF,0.55,2120
Ideal,G,SI1,0.71,2352
Very Good,I,VS2,1.29,6537
Premium,F,VS2,0.37,957
Premium,E,SI1,0.41,755
Very Good,G,SI2,0.96,3723
Fair,H,SI1,1.52,8001
Ideal,F,VS2,1.05,6810
Ideal,F,VS1,0.42,1031
Ideal,G,SI1,0.75,2478
Very Good,H,VS1,0.9,4466
Ideal,G,VS1,0.71,2820
Ideal,I,VVS1,0.3,709
Ideal,I,SI1,2.11,15486
Ideal,G,SI2,1.28,6548
Very Good,H,SI1,1.3,6307
Good,E,SI1,0.34,596
Ideal,I,VS2,0.78,2400
Ideal,E,VVS2,0.27,760
Ideal,I,I1,3.22,12545
Ideal,H,SI2,1.05,4586
Ideal,D,VS2,0.56,2066
Very Good,E,SI1,0.5,1331
Ideal,D,SI2,0.8,3173
Ideal,D,VS2,0.34,805
Very Good,G,VVS2,0.51,1842
Ideal,H,VS1,0.51,1668
Ideal,G,VS1,0.41,961
Ideal,D,VS2,0.37,1050
Ideal,F,VS2,1.02,6412
Premium,H,VS2,1.01,5260
Ideal,I,SI1,1.22,6398
Ideal,F,SI1,0.81,3146
Good,F,VS1,0.46,1168
Premium,E,SI2,1.33,7341
Ideal,H,IF,0.34,863
Very Good,J,VVS1,1.5,8415
Ideal,G,IF,0.61,2800
Very Good,E,VS1,0.8,4495
Premium,E,VS2,0.91,4676
Premium,G,SI2,2.01,17403
Premium,I,IF,0.59,1965
Very Good,F,VS1,1.01,7001
Very Good,E,VS2,0.58,1608
Ideal,E,VS2,0.53,1801
Premium,E,SI2,0.51,1205
Premium,H,SI2,2.01,11646
Ideal,F,SI1,0.8,2890
Very Good,I,SI1,2.17,15760
Premium,G,VS2,1.5,12787
Good,H,VS2,1.7,12117
Ideal,D,VS2,0.35,829
Good,D,SI2,1.01,4588
Ideal,G,SI1,0.41,671
Ideal,E,SI2,1.66,10754
Ideal,G,VVS1,0.51,1810
Ideal,E,SI1,1.08,5189
Ideal,F,SI2,0.4,688
Ideal,F,VS2,0.6,2099
Premium,F,VS1,1.5,15851
Ideal,I,SI1,1.16,5107
Very Good,E,VVS2,0.25,575
Premium,H,VS2,1.7,14058
Premium,E,VS2,0.74,3228
Good,H,SI2,2.55,14775
Ideal,E,VS2,1.54,14529
Ideal,E,VVS2,0.31,791
Ideal,E,VVS2,0.73,3535
Very Good,E,SI1,1.51,11565
Very Good,H,VS2,1.01,5638
Ideal,D,VS1,0.41,1151
Very Good,J,VS1,1.53,7677
Good,G,VS2,1.0,6369
Premium,D,SI1,0.71,2547
Premium,D,SI1,0.71,2913
Good,I,VS2,0.71,1748
Very Good,G,VS1,0.38,693
Premium,H,SI2,1.0,4200
Premium,F,VS1,1.07,6885
Very Good,H,VS1,1.56,11804
Ideal,F,VS2,0.4,1080
Very Good,E,SI1,0.36,631
Ideal,F,I1,1.66,6135
Premium,H,SI2,2.18,11579
Premium,I,VVS2,0.3,526
Ideal,H,VS1,0.42,1087
Premium,G,VVS1,0.3,945
Good,F,SI2,1.08,4391
Premium,D,VS2,0.56,2011
Good,I,VS2,1.11,4963
Very Good,F,SI1,1.0,4939
Fair,G,VS2,1.51,10553
Ideal,H,VS1,1.23,7803
Premium,F,VS2,1.26,8676
Ideal,E,SI1,1.04,4530
Premium,H,SI1,0.3,540
Very Good,F,SI1,1.5,10684
Ideal,D,VVS2,0.42,1185
Ideal,E,SI2,0.72,2939
Good,F,SI1,0.9,4119
Ideal,E,VS2,0.4,975
Ideal,E,VS2,0.56,1915
Ideal,E,VVS1,0.42,1400
Good,D,SI2,0.56,1258
Ideal,E,VS2,0.33,928
Premium,E,SI2,0.48,1005
Fair,D,SI2,0.71,2198
Ideal,G,VS2,0.41,801
Premium,G,VVS2,0.37,787
Ideal,G,IF,1.02,8955
Ideal,H,VVS1,0.35,1024
Very Good,H,VS2,0.31,628
Very Good,G,VS2,0.31,559
Premium,G,VVS1,1.53,16451
Premium,E,VS1,0.34,757
Ideal,G,VVS2,0.52,1784
Very Good,G,SI1,0.33,492
Premium,H,VVS2,0.32,645
Premium,G,VS2,1.07,6471
Ideal,F,IF,0.31,979
Premium,D,SI1,0.35,772
Ideal,H,SI1,1.51,9833
Very Good,I,SI2,0.54,1105
Very Good,F,SI1,1.57,11998
Premium,G,VS1,0.7,2535
Ideal,E,SI2,0.78,2340
Ideal,H,SI1,0.57,1397
Ideal,E,SI1,1.21,6887
Premium,H,SI2,2.11,12633
Good,D,SI1,0.9,4381
Premium,F,VVS2,0.7,3018
Premium,G,SI2,1.19,4078
Premium,D,SI1,0.92,5028
Ideal,E,VVS1,0.42,1400
Premium,G,VS2,0.42,1087
Very Good,H,VVS2,0.25,467
Very Good,E,VVS2,0.55,2399
Very Good,H,VVS1,0.3,684
Ideal,E,VVS2,0.36,928
Very Good,G,SI2,1.0,3713
Very Good,G,SI1,0.3,432
Very Good,G,SI2,0.87,2802
Ideal,I,SI1,0.6,1390
Fair,D,VS2,0.9,3931
Very Good,D,SI2,0.84,3145
Ideal,E,IF,0.3,957
Good,F,I1,1.07,3354
Ideal,G,VS2,0.31,544
Very Good,D,SI1,0.3,552
Good,J,VS2,0.41,565
Ideal,H,VS2,0.31,628
Ideal,G,VVS1,0.73,4182
Ideal,H,VVS1,0.76,3363
Ideal,G,IF,0.45,1377
Ideal,H,SI1,0.52,1074
Ideal,G,VS2,0.28,508
Premium,G,VS2,1.34,9293
Premium,I,VVS1,0.39,821
Premium,H,SI2,2.16,11473
Premium,G,VS2,1.08,6532
Ideal,I,IF,0.33,694
Ideal,D,SI2,0.57,1333
Very Good,E,VS2,1.22,9495
Fair,E,VS2,0.45,980
Premium,G,VS1,0.83,3602
Premium,G,SI2,1.07,4201
Good,E,SI1,0.5,1279
Ideal,G,SI2,0.3,422
Very Good,D,VVS2,0.65,3025
Ideal,D,VS1,0.31,683
Premium,G,VS2,0.7,2479
Premium,D,VS2,1.07,7954
Very Good,F,SI2,0.9,3787
Premium,E,VS2,0.33,928
Ideal,H,SI1,0.3,572
Very Good,J,IF,0.33,529
Ideal,E,VS2,0.75,3435
Premium,F,SI1,0.4,945
Good,F,VVS2,0.91,5317
Very Good,E,SI1,1.0,5082
Very Good,I,SI2,0.9,3503
Premium,F,VS2,0.33,854
Ideal,J,VS1,0.4,641
Very Good,I,SI1,2.31,16801
Ideal,I,VVS2,0.73,2519
Very Good,H,VS2,1.05,5236
Good,G,VS2,1.0,5723
Ideal,G,VVS1,0.55,2077
Ideal,G,VS2,0.34,596
Premium,D,SI2,1.07,4949
Good,D,SI2,0.42,617
Premium,D,VVS2,0.49,1940
Very Good,J,SI1,0.71,1861
Ideal,G,SI1,0.7,2480
Very Good,G,VS1,1.09,7378
Premium,H,SI2,0.91,3363
Ideal,G,SI2,0.71,2387
Premium,E,SI2,0.96,4113
Very Good,D,VS2,0.71,3203
Ideal,H,SI1,0.3,475
Ideal,G,SI1,0.81,3192
Premium,I,VVS2,0.33,579
Ideal,J,SI1,1.33,5996
Very Good,E,VS2,1.7,18107
Premium,H,VS1,0.42,847
Fair,I,SI2,3.01,18242
Ideal,E,VVS2,0.24,526
Ideal,E,VVS2,0.34,838
Ideal,D,VS2,0.55,1928
Ideal,F,SI2,0.81,3053
Premium,F,SI1,0.4,945
Very Good,J,VS2,0.3,473
Good,H,SI2,1.0,3640
Ideal,G,VVS1,0.33,1114
Premium,I,SI1,0.38,746
Ideal,D,SI1,0.33,736
Ideal,D,SI2,1.01,5051
Ideal,D,VS1,0.36,1064
Ideal,E,SI1,0.74,2489
Premium,H,VS1,0.32,720
Premium,G,SI1,0.32,612
Good,H,VVS1,0.3,684
Ideal,E,VVS2,0.33,840
Ideal,D,VS2,0.33,1002
Ideal,D,SI1,0.92,5779
Premium,E,VS2,1.0,6720
Ideal,G,VVS2,1.0,7979
Premium,H,VS1,0.33,579
Fair,G,SI2,1.01,3816
Ideal,D,VS2,0.32,972
Ideal,E,SI1,0.64,1859
Very Good,E,VVS2,0.28,669
Ideal,E,SI1,0.73,2803
Ideal,D,VS1,0.53,1813
Ideal,E,VVS1,0.4,1333
Ideal,G,VS2,0.3,675
Very Good,D,VS2,0.7,3131
Ideal,D,VVS2,1.01,10761
Ideal,I,SI2,2.01,14103
Very Good,E,SI1,0.4,882
Good,F,VVS2,0.53,2281
Premium,G,I1,0.7,1115
Very Good,E,VS2,0.72,2990
Premium,D,SI1,0.32,589
Premium,E,SI2,1.05,4742
Very Good,F,VS1,0.9,5279
Good,F,VS2,0.5,1279
Very Good,H,VS2,1.23,6459
Premium,E,VS1,0.27,470
Premium,E,SI2,1.0,4077
Ideal,G,SI1,0.71,2386
Ideal,I,SI1,2.11,15282
Fair,G,SI1,1.03,3052
Very Good,D,VS2,0.51,1877
Very Good,H,SI1,2.0,17247
Good,E,VS2,1.01,6004
Ideal,H,VVS1,0.31,671
Premium,G,SI1,0.9,4455
Premium,D,VS2,0.7,2415
Premium,E,VS2,0.59,2177
Premium,G,VVS1,0.41,1230
Very Good,G,VS2,1.21,7787
Good,G,SI2,0.82,2512
Very Good,H,VS1,0.3,491
Ideal,G,VVS2,0.36,888
Premium,D,VS2,1.54,16889
Premium,G,IF,1.24,10508
Ideal,G,VVS1,0.4,1043
Premium,H,SI1,1.01,4771
Ideal,D,SI1,0.32,756
Ideal,H,SI1,1.01,4836
Premium,H,SI1,1.35,7673
Very Good,J,SI2,1.64,7409
Ideal,G,SI1,0.52,1389
Very Good,F,SI1,0.53,1268
Premium,F,SI1,0.9,4158
Fair,E,SI2,1.01,2862
Ideal,F,SI2,1.01,4458
Premium,F,SI1,0.74,2723
Ideal,G,VVS2,0.63,2442
Premium,E,SI2,0.21,394
Ideal,I,SI2,2.18,15850
Very Good,F,VS1,0.85,4293
Ideal,F,IF,0.3,886
Good,D,VS2,0.7,3082
Ideal,G,SI1,0.9,4871
Ideal,E,VS2,0.5,1575
Good,F,VS1,1.01,6999
Premium,H,SI1,1.51,7759
Ideal,I,VS2,1.32,7209
Ideal,E,VS2,0.32,702
Ideal,J,VS1,0.9,3418
Very Good,G,VS2,0.7,2464
Premium,F,SI1,1.58,12512
Ideal,G,SI1,0.56,1755
Premium,H,IF,0.33,1114
Ideal,I,SI1,1.16,5091
Ideal,G,VVS1,0.31,789
Ideal,H,SI1,0.46,807
Ideal,H,SI2,1.54,9624
Ideal,F,SI2,0.4,731
Ideal,D,VS1,0.7,3529
Ideal,F,SI2,0.41,603
Very Good,D,VVS2,0.3,2366
Premium,I,VS1,0.34,537
Very Good,F,VS1,1.21,9656
Ideal,F,VS1,0.3,587
Ideal,E,VS2,0.5,1629
Ideal,G,VVS1,0.31,816
Fair,H,VS2,1.01,3733
Ideal,H,VVS1,0.3,878
Premium,G,VS2,0.34,765
Premium,E,VS2,0.72,3024
Ideal,H,VVS1,0.4,1017
Very Good,F,VS2,0.32,645
Ideal,I,VS2,0.3,438
Good,E,VS1,1.01,7466
Very Good,G,VS2,0.33,579
Premium,F,VS2,0.54,1662
Ideal,E,VS1,0.29,619
Fair,H,SI2,1.46,5723
Ideal,F,VS1,0.36,789
Premium,D,VS2,0.55,1894
Ideal,I,IF,0.36,735
Ideal,F,VS2,0.41,1107
Premium,G,SI1,1.22,6695
Fair,F,I1,0.7,992
Ideal,F,VVS2,0.41,1115
Very Good,G,SI1,1.13,5526
Premium,G,VS2,1.7,15568
Good,J,VS2,1.23,5386
Very Good,F,VS2,0.54,1662
Ideal,E,VVS2,0.39,1056
Ideal,J,VS2,2.37,16059
Very Good,H,VVS1,0.31,755
Premium,H,SI1,0.92,2968
Very Good,G,SI1,0.6,1565
Premium,G,SI1,0.39,854
Ideal,F,VS2,1.18,7560
Ideal,G,VS2,1.01,6295
Good,H,VS2,0.34,537
Ideal,H,SI1,1.29,6424
Very Good,F,VS2,0.52,1591
Ideal,G,IF,0.7,3672
Very Good,J,SI1,1.02,3857
Very Good,J,VS2,1.02,3796
Fair,E,VVS2,0.35,738
Good,F,SI1,1.5,10766
Premium,F,VVS1,0.38,1200
Very Good,E,VS2,0.36,789
Premium,H,SI1,1.53,10659
Premium,H,VS1,0.71,2572
Ideal,I,I1,1.27,3328
Premium,I,SI1,1.35,6577
Ideal,H,SI1,0.71,2313
Ideal,E,SI2,0.83,2870
Ideal,F,SI2,0.75,2586
Very Good,E,VVS2,0.27,620
Very Good,H,VS2,0.34,537
Ideal,E,SI2,0.81,3013
Premium,H,SI2,1.03,4153
Very Good,G,VVS1,0.3,1013
Ideal,H,VS2,0.32,648
Premium,E,SI1,1.01,5741
Premium,F,VS2,0.32,773
Good,F,SI2,1.01,4011
Ideal,H,VS2,0.53,1435
Premium,J,VS1,0.73,2037
Very Good,D,SI2,0.34,507
Very Good,I,SI1,1.53,7971
Very Good,I,VS1,0.9,3656
Ideal,G,VS1,0.59,2018
Good,E,SI2,0.9,3084
Ideal,F,VS2,0.76,3201
Ideal,G,VVS2,0.54,1985
Premium,D,SI1,0.42,810
Premium,J,VS1,2.01,15185
Ideal,E,SI1,0.5,1410
Ideal,F,VS2,0.41,863
Very Good,E,VVS2,0.23,530
Good,F,VS2,0.9,4309
Ideal,D,VS2,0.3,710
Very Good,I,VS2,1.3,6290
Premium,F,VS1,0.7,2879
Good,G,VS2,1.2,6720
Very Good,D,SI2,0.9,3534
Ideal,E,VVS2,0.3,949
Very Good,F,SI1,1.28,6566
Very Good,I,SI1,0.56,1175
Ideal,J,SI1,1.04,3931
Fair,G,SI2,2.0,11156
Ideal,H,SI2,1.11,4538
Ideal,F,SI2,0.57,1397
Ideal,F,VVS2,0.35,872
Good,D,SI1,0.31,571
Very Good,H,VS2,0.72,2444
Premium,E,VS2,0.73,2812
Ideal,E,VVS1,0.3,838
Ideal,D,SI1,0.42,1040
Premium,G,VS1,0.32,828
Premium,D,VS2,0.33,762
Premium,E,VVS2,0.53,2331
Ideal,E,VS2,0.33,928
Very Good,D,VS1,0.71,3465
Very Good,D,I1,0.71,1715
Fair,J,I1,2.27,5733
Ideal,H,IF,0.47,1865
Good,G,SI1,0.52,1244
Good,F,VS2,1.7,17597
Ideal,D,SI1,0.42,810
Very Good,F,VVS2,0.26,657
Good,E,SI1,0.31,698
Good,G,SI2,2.52,17608
Very Good,H,SI2,1.16,5799
Premium,F,SI1,0.4,882
Ideal,G,SI1,0.4,1084
Good,F,VS2,1.2,7666
Ideal,F,VS2,0.3,776
Ideal,F,IF,0.53,2682
Ideal,E,SI1,0.41,705
Premium,E,VVS2,0.31,1046
Very Good,I,VS2,0.58,1408
Very Good,F,VS1,1.01,6679
Ideal,J,VVS2,1.27,6430
Very Good,H,SI2,0.59,1254
Very Good,E,VS2,0.7,2843
Ideal,F,VS1,1.02,8637
Ideal,E,VS2,0.4,975
Very Good,G,VS1,1.24,9738
Ideal,F,VVS1,0.33,939
Premium,H,VS2,1.55,10827
Ideal,H,SI2,0.77,2302
Premium,E,SI2,0.32,449
Ideal,I,VVS1,0.44,1145
Premium,G,SI1,0.71,2388
Very Good,I,VVS1,0.4,1080
Premium,E,SI1,0.57,1728
Premium,G,SI2,2.17,12321
Very Good,F,SI1,1.5,10479
Ideal,G,VS2,1.62,15318
Very Good,F,SI1,0.56,1679
Very Good,G,SI2,0.71,1993
Very Good,D,VS2,1.0,6937
Premium,E,VS2,1.25,10640
Very Good,F,SI2,0.77,2278
Ideal,E,SI2,1.04,4804
Premium,G,SI2,1.0,3640
Very Good,J,VVS1,0.7,2042
Ideal,E,VVS2,0.3,742
Ideal,J,VVS2,0.71,2226
Premium,G,VS2,1.21,7454
Ideal,F,SI2,1.07,5313
Premium,H,VS1,0.31,698
Fair,F,SI2,1.13,4176
Premium,G,SI2,0.51,1052
Ideal,F,VVS1,1.25,12698
Premium,F,VS2,0.36,807
Ideal,I,SI1,0.54,1057
Very Good,D,VS2,0.45,1311
Good,G,I1,0.61,931
Ideal,I,IF,0.33,862
Ideal,E,SI2,1.01,4118
Ideal,H,VVS1,0.31,671
Premium,D,SI1,0.7,2705
Premium,F,SI1,0.43,1016
Very Good,G,SI1,1.26,6733
Ideal,G,VVS1,0.31,816
Premium,G,VS2,0.42,847
Premium,E,SI2,1.51,8135
Good,F,SI2,1.01,3532
Very Good,D,VVS1,0.7,3920
Very Good,G,SI1,0.9,3718
Ideal,F,VS1,1.22,10100
Very Good,F,VVS1,0.26,547
Very Good,E,VS2,0.74,3180
Ideal,I,VS1,0.33,521
Very Good,I,VVS2,0.7,2398
Very Good,D,SI1,0.91,4389
Very Good,H,VS2,0.76,2517
Very Good,D,SI2,0.5,1243
Ideal,G,VS2,0.71,2771
Ideal,J,VS1,0.42,723
Ideal,F,VS2,0.59,1834
Ideal,E,VS1,0.34,805
Very Good,E,SI2,1.0,4532
Very Good,E,SI1,0.42,743
Good,E,SI2,1.61,10793
Very Good,H,SI1,0.71,2141
Very Good,G,VS2,1.01,5759
Fair,E,SI1,0.53,1363
Ideal,E,VVS2,0.3,837
Fair,I,VVS2,0.7,2117
Ideal,E,VS2,0.43,981
Premium,G,VVS1,1.15,8863
Ideal,F,SI1,1.07,5982
Ideal,H,VS2,0.56,1687
Premium,J,VVS1,0.39,921
Ideal,E,VS2,0.83,3625
Very Good,F,SI1,0.24,370
Very Good,I,VVS1,0.5,1448
Ideal,D,VS2,0.3,710
Premium,I,VS1,0.35,709
Good,D,SI1,0.53,1636
Ideal,I,VS2,1.59,9972
Premium,G,SI1,0.32,477
Ideal,G,VS1,0.51,1656
Very Good,H,SI2,2.26,13095
Good,E,SI1,1.0,5330
Premium,J,SI1,1.31,5876
Ideal,E,VVS2,0.74,3633
Ideal,G,VS2,0.52,1595
Good,G,VVS1,0.41,844
Premium,E,VS1,1.01,7964
Premium,F,VS2,0.32,828
Premium,I,SI2,1.5,6132
Premium,E,VVS1,0.7,3294
Ideal,J,VVS2,0.95,3558
Good,G,VS2,0.91,4125
Ideal,G,VVS1,0.42,1235
Premium,I,VS2,0.35,491
Very Good,F,VS2,1.02,6479
Very Good,H,VS2,1.7,12874
Good,D,VVS2,0.7,3312
Premium,E,SI2,1.23,6172
Ideal,F,VVS2,0.33,761
Ideal,D,SI1,0.7,2310
Premium,F,SI1,1.05,5557
Good,D,VS2,0.4,814
Ideal,H,VS1,0.54,1637
Ideal,E,VS2,0.5,1746
Premium,D,VS2,0.38,1117
Ideal,I,VS1,1.18,6661
Premium,G,SI2,1.06,4571
Ideal,F,VS1,0.7,2726
Premium,F,SI1,0.36,600
Premium,G,SI2,0.72,2115
Premium,F,VS2,0.41,1107
Ideal,H,VVS1,0.5,1838
Good,G,SI1,0.9,3574
Premium,D,SI1,0.57,2001
Ideal,F,VS2,0.38,969
Good,J,SI1,0.74,2058
Very Good,H,SI2,2.0,15446
Ideal,H,SI1,0.3,450
Premium,G,SI1,1.02,4718
Ideal,H,VS2,0.5,1332
Premium,G,VS2,1.29,8842
Premium,D,SI2,1.21,4946
Very Good,F,VS1,0.38,933
Premium,F,SI2,2.01,11903
Ideal,D,VS1,0.41,1230
Good,E,SI2,0.71,2120
Ideal,E,VS1,0.95,5983
Premium,E,SI2,1.0,4390
Good,G,SI2,0.9,3014
Very Good,G,VS2,1.03,6036
Ideal,G,SI2,1.01,4803
Premium,E,VS2,0.72,2822
Ideal,D,VS2,0.32,972
Ideal,G,VS1,0.3,776
Ideal,H,SI1,0.39,698
Premium,H,SI1,1.12,4641
Ideal,G,VS1,1.06,7589
Ideal,F,VS2,1.62,18281
Ideal,E,VS1,0.6,2339
Ideal,D,VS2,0.56,1963
Very Good,G,VS2,1.35,9302
Ideal,I,SI1,2.18,15646
Very Good,G,VVS1,0.38,995
Ideal,J,VS2,0.4,598
Very Good,E,VVS1,0.23,583
Good,F,SI1,1.01,5309
Premium,J,VS1,0.5,1035
Ideal,G,VS2,0.34,765
Fair,H,VS2,0.73,2278
Premium,I,SI2,2.07,15055
Ideal,E,SI1,1.02,4591
Very Good,H,SI1,2.0,13320
Ideal,G,VS1,0.52,1815
Ideal,E,SI1,0.78,3671
Very Good,G,IF,1.2,9987
Premium,H,SI1,0.72,2334
Ideal,I,VS1,0.85,3548
Premium,H,SI2,1.01,4242
Good,J,VS2,1.2,5053
Very Good,E,VVS1,0.23,465
Very Good,F,SI1,1.14,5819
Very Good,J,SI2,2.01,8949
Ideal,G,VVS2,0.51,1974
Ideal,E,SI1,0.73,2886
Fair,G,VS2,1.01,5666
Premium,I,SI1,1.24,5208
Ideal,I,VS2,0.7,2154
Ideal,G,VS2,0.72,2952
Very Good,H,VS2,1.53,11178
Ideal,I,VS2,1.47,7284
Very Good,G,VVS2,0.4,868
Good,I,SI2,1.25,4725
Very Good,F,SI1,1.0,4851
Ideal,H,VS2,0.74,2497
Very Good,F,SI1,1.22,5329
Premium,I,VS2,1.51,8997
Very Good,D,SI2,0.58,1438
Ideal,F,VS2,1.5,14199
Ideal,G,VS2,1.22,8362
Premium,E,SI2,2.12,13884
Premium,G,SI1,0.73,2163
Very Good,I,SI2,1.5,7150
Very Good,G,SI2,0.78,2401
Fair,I,SI1,1.0,3584
Premium,E,VVS2,0.25,576
Premium,H,SI2,1.0,4032
Premium,G,VS2,0.38,983
Ideal,G,SI1,0.26,394
Premium,G,SI1,0.55,1321
Ideal,D,VS2,0.32,972
Ideal,F,SI1,0.38,660
Ideal,E,I1,1.1,3942
Very Good,I,SI1,1.52,9290
Ideal,F,VVS2,0.5,2052
Ideal,F,VS1,0.53,2046
Premium,H,VS1,0.3,526
Premium,F,VS1,0.58,2668
Ideal,G,SI1,1.03,4764
Ideal,G,IF,0.43,1683
Good,I,VS1,1.0,4624
Ideal,G,VS1,0.41,899
Premium,G,SI1,0.73,2163
Very Good,F,VS2,0.24,419
Very Good,F,VS2,1.0,7343
Very Good,F,SI1,1.0,5119
Premium,H,VS2,0.32,648
Ideal,I,VS1,0.41,755
Ideal,E,VS1,0.26,452
Ideal,H,VVS1,1.35,10639
Ideal,I,VS1,0.27,432
Premium,I,VVS1,0.34,626
Ideal,D,VS2,0.34,687
Premium,E,VS2,0.38,1112
Very Good,H,VS2,2.02,17887
Ideal,I,SI2,1.09,4315
Ideal,G,VVS2,0.31,907
Very Good,J,SI1,1.01,3499
Premium,E,VS2,0.25,525
Ideal,E,VS2,0.57,1819
Very Good,I,VS1,0.93,4033
Ideal,F,IF,0.28,787
Very Good,J,VS1,0.7,1904
Ideal,E,VS2,0.33,738
Ideal,E,VS1,0.37,1124
Premium,J,IF,0.4,1063
Very Good,E,VS1,1.01,7366
Ideal,E,VVS2,0.58,2694
Very Good,G,SI1,1.01,4588
Fair,J,I1,1.72,5240
Premium,J,VS1,0.4,810
Premium,G,VS2,1.01,6108
Premium,D,SI1,0.33,780
Ideal,F,SI1,1.16,6768
Premium,G,VVS2,0.32,936
Ideal,E,VVS2,0.54,2776
Ideal,I,VVS1,0.7,2620
Very Good,F,SI2,1.01,4121
Ideal,F,VS2,0.7,3468
Premium,F,SI1,0.4,945
Premium,G,VVS1,0.43,1264
Very Good,J,SI1,1.51,6976
Premium,G,SI2,2.18,17841
Ideal,H,VVS1,0.3,665
Ideal,D,SI1,0.59,1912
Ideal,G,VS2,0.52,1577
Very Good,E,SI2,1.0,4777
Ideal,D,VVS1,0.34,1133
Premium,H,SI1,1.06,5075
Ideal,I,SI1,1.14,4724
Good,E,VVS2,1.41,14853
Good,D,VVS2,0.26,724
Ideal,E,SI1,0.34,637
Ideal,E,VS1,0.5,2192
Ideal,H,VS1,0.33,579
Ideal,H,VS1,0.34,596
Premium,G,VS2,0.7,2328
Ideal,F,VVS2,0.4,1015
Ideal,H,SI1,1.21,5936
Ideal,D,SI1,0.31,571
Premium,F,VS2,0.41,863
Ideal,D,SI1,0.41,722
Ideal,H,IF,0.4,1074
Ideal,G,VS1,1.0,6349
Very Good,D,SI1,1.0,5621
Ideal,G,VVS2,1.21,10378
Fair,J,I1,2.74,8807
Ideal,F,SI2,0.92,4065
Good,J,VS1,1.27,5588
Ideal,D,VS1,0.32,790
Premium,H,SI1,0.32,576
Good,I,SI2,0.91,3034
Very Good,I,SI2,2.01,9781
Ideal,E,SI1,1.53,11470
Premium,F,SI1,1.0,4851
Very Good,D,VS1,0.9,5757
Ideal,F,SI2,0.81,2726
Very Good,E,IF,0.36,1053
Good,J,VS1,0.41,830
Ideal,G,SI1,0.83,2800
Premium,D,VS2,0.3,911
Good,F,VVS2,0.23,505
Very Good,F,SI2,0.45,729
Ideal,G,VS2,1.01,6734
Very Good,G,SI2,1.05,4241
Ideal,E,SI1,0.52,1586
Premium,H,SI2,2.01,13199
Premium,F,VS1,1.32,11177
Ideal,H,VVS1,0.32,681
Ideal,D,VS2,0.32,972
Ideal,D,VS2,0.34,1033
Premium,J,SI1,1.35,5715
Ideal,F,VS2,0.33,666
Ideal,I,SI1,0.7,2110
Fair,I,SI2,2.01,10671
Premium,G,VS2,0.31,544
Premium,G,VS2,0.31,544
Ideal,H,SI1,0.55,1584
Ideal,G,VVS2,0.59,2024
Ideal,G,IF,0.65,3536
Premium,G,SI2,1.05,4318
Very Good,E,SI2,1.5,8291
Good,G,VS2,1.01,5599
Very Good,H,SI1,0.7,2048
Premium,G,I1,1.03,3073
Very Good,H,VVS2,0.52,1605
Very Good,I,SI2,2.54,15394
Ideal,D,SI1,0.71,3035
Ideal,H,SI1,1.61,9341
Ideal,I,VS2,1.57,9912
Very Good,G,VS2,0.71,2598
Premium,G,VVS2,0.3,684
Ideal,E,VS1,0.57,1884
Very Good,F,VVS2,0.41,1115
Very Good,F,IF,0.42,1722
Ideal,G,VVS2,0.53,1948
Good,G,IF,0.31,988
Premium,E,SI2,2.01,14502
Very Good,E,SI2,0.41,683
Good,G,VVS1,0.71,3072
Premium,G,SI1,0.73,2351
Ideal,H,VVS1,0.4,913
Very Good,E,VS1,0.78,3898
Premium,H,VS1,0.7,2375
Ideal,E,VS2,0.79,3861
Ideal,D,SI1,0.32,589
Premium,I,VS1,0.63,1667
Ideal,G,VS2,0.5,1400
Good,D,VS1,0.31,653
Premium,I,VS2,1.53,10013
Ideal,G,VVS1,0.3,764
Very Good,F,VS2,1.01,6037
Premium,F,SI2,0.57,1176
Very Good,E,VS1,1.0,7532
Ideal,G,IF,0.26,648
Ideal,G,VS2,0.77,3114
Very Good,J,SI1,0.92,3170
Good,D,VS1,0.7,3463
Fair,I,SI2,1.0,2743
Premium,G,VS2,0.31,698
Ideal,E,VVS2,0.3,789
Premium,G,SI1,0.4,840
Ideal,I,SI1,1.32,6431
Premium,G,VVS1,0.39,1095
Ideal,G,SI2,2.08,18124
Premium,H,SI1,1.12,5266
Very Good,D,SI2,0.91,3911
Very Good,D,VVS2,0.3,754
Very Good,E,VVS1,0.29,629
Good,E,SI1,0.5,1316
Premium,D,SI2,1.5,7076
Very Good,H,SI1,0.79,2663
Good,F,VS2,0.38,713
Very Good,J,VVS2,0.24,336
Fair,I,VS2,1.13,4695
Premium,E,VS2,0.7,2818
Ideal,H,VS2,1.01,5317
Good,I,VS1,1.33,7090
Premium,D,SI1,0.37,874
Premium,D,SI2,1.02,4381
Ideal,G,VVS2,0.7,3191
Premium,H,SI1,1.0,3511
Very Good,I,VS2,1.24,5836
Very Good,E,VS1,0.37,738
Ideal,F,VS1,0.31,872
Ideal,I,SI1,1.01,4518
Very Good,G,SI1,0.71,2104
Premium,G,I1,1.83,6313
Ideal,E,VVS2,0.26,599
Ideal,D,VS2,0.4,1050
Very Good,H,SI2,0.9,3160
Premium,E,VS2,0.5,1624
Very Good,D,VS2,0.7,2826
Ideal,F,VVS2,0.52,2168
Ideal,H,VS1,0.52,1575
Fair,H,VS1,1.44,7338
Good,F,SI1,0.9,4004
Premium,D,SI1,0.9,4735
Very Good,D,SI1,1.58,12799
Premium,F,VS2,1.03,5330
Premium,D,VS2,0.3,911
Ideal,F,SI1,0.76,2894
Premium,F,SI1,1.56,11901
Ideal,F,VVS2,1.12,9634
Premium,H,VS1,1.58,11491
Ideal,H,VS2,0.73,2583
Ideal,G,VVS2,0.73,3396
Good,E,VVS1,0.32,801
Ideal,I,VS2,0.45,1013
Ideal,G,VVS2,0.72,3849
Ideal,E,SI1,0.41,969
Good,I,VVS1,0.71,2572
Ideal,G,SI1,1.08,4771
Very Good,H,SI1,0.5,1089
Ideal,F,SI2,2.0,13351
Premium,H,VS1,1.22,5773
Very Good,G,VS2,1.34,9127
Ideal,H,VVS2,0.33,666
Very Good,I,SI1,1.24,6075
Fair,E,VVS1,0.57,2805
Ideal,D,VS2,0.34,1033
Premium,G,VS2,1.0,5645
Ideal,F,IF,0.33,1240
Good,G,IF,1.12,8973
Premium,G,VS1,1.13,7404
Ideal,I,VS2,0.86,2706
Very Good,D,VS1,0.83,3984
Ideal,G,VS2,0.34,765
Premium,G,VS1,1.53,14344
Premium,E,VVS1,0.24,553
Ideal,H,VS1,0.28,481
Good,E,SI1,0.92,3649
Ideal,H,SI1,1.05,5027
Premium,H,VVS1,0.3,878
Premium,D,SI2,1.12,5107
Fair,J,I1,2.0,6796
Very Good,H,SI1,0.43,716
Premium,H,VVS2,0.31,625
Premium,I,VVS2,0.31,698
Ideal,D,SI1,0.32,756
Ideal,E,SI1,0.55,1668
Premium,G,VS2,1.25,8064
Ideal,I,VVS1,0.59,1742
Ideal,E,VS2,0.3,844
Very Good,H,SI2,0.9,3492
Ideal,E,SI1,0.5,1316
Ideal,E,SI1,0.33,579
Very Good,H,VVS1,0.42,1042
Ideal,I,IF,0.55,2098
Good,F,SI2,0.92,3787
Premium,E,VS2,0.61,1704
Very Good,H,VS1,0.92,4721
Ideal,F,VS2,0.41,1107
Very Good,E,VVS2,0.23,530
Ideal,G,VS1,0.7,2573
Ideal,H,VS1,0.76,3424
Premium,H,VS2,1.23,6577
Ideal,G,VS1,0.33,666
Premium,F,VS2,0.3,776
Very Good,F,VVS2,0.91,5733
Ideal,F,SI2,0.32,540
Very Good,I,SI1,0.41,680
Ideal,H,VS2,0.83,3171
Good,D,VS2,0.3,568
Premium,G,VS1,0.56,1915
Very Good,E,VVS1,1.05,10915
Ideal,H,SI1,0.73,2605
Ideal,G,VS2,0.34,596
Premium,I,SI1,2.01,14558
Very Good,E,SI2,0.77,2753
Premium,H,VS2,1.0,4861
Good,J,SI2,1.02,3298
Very Good,J,VS2,0.7,1907
Ideal,E,VS2,0.51,1608
Premium,I,VVS2,0.32,720
Ideal,D,VS1,0.24,687
Premium,D,VS2,0.74,3353
Premium,H,SI1,0.51,1116
Good,E,SI1,0.7,2111
Ideal,F,VS2,0.34,856
Premium,E,VS1,1.52,16779
Ideal,D,VS2,0.42,877
Very Good,G,VS1,1.03,6539
Very Good,H,SI1,1.02,4932
Ideal,F,SI1,0.78,2923
Ideal,E,SI2,1.0,4766
Premium,D,VS1,0.32,1030
Very Good,G,VS2,0.35,658
Ideal,G,VS1,1.02,7357
Ideal,J,VS2,0.36,459
Premium,H,VS2,0.33,521
Ideal,H,SI1,1.08,4333
Premium,J,I1,1.24,2994
Fair,F,SI2,2.14,13825
Premium,D,SI2,1.24,5382
Ideal,H,VS1,0.71,2487
Premium,D,SI2,0.42,898
Very Good,E,SI2,1.5,9281
Ideal,E,SI2,0.81,2559
Ideal,D,VVS2,0.63,2962
Very Good,F,VS1,1.04,7207
Premium,E,VS1,0.35,1063
Premium,F,VS2,0.7,2822
Ideal,G,SI1,0.32,571
Very Good,F,SI2,1.64,8357
Very Good,E,SI2,0.9,3924
Ideal,H,VS2,0.34,537
Ideal,E,VS2,0.82,3903
Very Good,H,SI2,0.72,1970
Premium,G,SI2,1.5,7098
Premium,I,SI2,0.41,539
Very Good,D,SI2,1.0,4867
Ideal,J,SI1,1.87,10137
Premium,J,SI1,2.23,13069
Premium,H,VVS1,0.35,798
Ideal,F,SI2,0.59,1221
Premium,E,VVS2,0.31,837
Ideal,G,IF,0.54,2361
Ideal,G,SI2,1.16,5078
Ideal,G,SI1,1.01,5555
Very Good,E,SI1,0.5,1415
Ideal,D,VS2,0.7,2859
Premium,D,SI1,1.04,5708
Premium,D,VS2,1.54,16736
Ideal,G,VVS2,0.52,1911
Good,I,VS2,1.21,5290
Very Good,H,VS2,1.06,5480
Ideal,H,VVS1,0.7,3517
Ideal,H,VS1,0.53,1731
Ideal,E,VVS2,0.31,1046
Premium,D,SI1,0.9,4612
Ideal,E,VS2,0.32,702
Premium,H,VS1,0.33,540
Premium,I,VS1,0.38,700
Very Good,I,VVS2,0.91,3618
Very Good,I,VS1,0.7,2294
Ideal,H,SI1,0.71,2313
Ideal,E,VVS2,1.07,10043
Ideal,G,VVS2,1.29,10614
Very Good,E,VVS2,0.43,1291
Very Good,H,SI2,0.34,417
Ideal,F,SI2,1.01,4796
Ideal,G,VVS1,0.51,1919
Premium,I,VS1,1.51,9640
Ideal,I,SI1,0.57,1173
Very Good,E,VVS2,0.55,2656
Ideal,E,SI2,0.9,3808
Good,H,VVS2,0.31,625
Ideal,D,SI2,0.75,2618
Very Good,F,VVS1,0.32,834
Ideal,G,SI2,0.9,4044
Ideal,G,VVS2,0.42,1103
Premium,G,SI1,0.41,923
Fair,H,SI1,0.7,1995
Good,F,SI2,0.7,1978
Very Good,H,SI2,1.07,4716
Ideal,E,SI1,0.33,579
Good,E,SI2,0.43,858
Ideal,I,SI2,2.13,15718
Very Good,E,VS1,0.53,1830
Premium,F,SI1,0.3,641
Ideal,D,VS2,0.3,911
Very Good,G,IF,0.72,3405
Very Good,F,VS2,0.72,2787
Very Good,F,VS2,0.41,1107
Fair,D,SI1,1.02,4798
Very Good,F,VVS1,1.1,10329
Good,D,I1,1.23,3977
Ideal,F,VS2,1.06,7776
Ideal,H,VVS2,1.39,9298
Premium,E,VS2,1.5,14925
Ideal,I,SI2,1.54,5994
Premium,H,SI1,1.2,5669
Ideal,E,SI1,0.7,3330
Good,D,SI2,0.32,477
Premium,E,SI1,0.7,2679
Premium,E,SI1,1.22,7395
Premium,H,VVS1,0.34,775
Very Good,D,SI2,1.09,3742
Premium,G,VS1,0.32,828
Good,I,VS2,0.4,695
Very Good,G,VS2,0.38,766
Ideal,I,SI1,1.01,4584
Ideal,G,IF,0.34,974
Ideal,G,VS1,0.36,869
Very Good,G,VS1,0.95,5111
Ideal,E,VVS1,0.41,1057
Ideal,D,SI2,1.13,5412
Very Good,I,SI2,2.48,17448
Very Good,F,SI2,0.34,574
Very Good,D,SI1,0.33,608
Premium,H,SI2,0.7,1749
Ideal,D,VS2,0.3,710
Very Good,G,SI1,0.71,2515
Very Good,E,VVS2,0.27,567
Good,J,SI1,1.73,8703
Very Good,D,VS2,0.59,2200
Ideal,H,IF,0.33,838
Ideal,F,VS2,0.35,906
Ideal,G,VVS2,0.31,661
Good,F,SI2,0.9,3465
Very Good,E,VS2,0.4,770
Fair,H,VS2,1.21,5041
Very Good,D,SI1,0.32,756
Very Good,I,VVS1,0.72,2562
Very Good,F,VS2,0.53,1636
Good,F,SI1,0.41,659
Ideal,H,VVS2,0.33,633
Premium,I,VS2,1.07,4491
Very Good,I,SI1,0.76,2316
Very Good,G,SI1,1.0,4295
Ideal,F,SI1,0.59,1561
Very Good,G,SI2,0.9,3842
Very Good,H,VS2,1.53,11557
Premium,E,VS2,1.52,14577
Ideal,E,VVS1,0.43,1827
Ideal,D,VS2,0.51,1882
Ideal,F,SI1,1.07,6049
Ideal,G,VS2,1.61,9521
Premium,F,VS1,0.71,2790
Very Good,F,SI2,0.53,1110
Ideal,H,SI1,0.3,421
Ideal,G,VS2,0.56,1616
Ideal,D,SI2,0.42,660
Premium,H,VS2,0.32,648
Ideal,I,VS1,0.78,3105
Very Good,H,SI2,1.21,5324
Ideal,E,SI1,0.7,2777
Premium,G,VS1,1.02,6683
Ideal,G,SI1,0.25,407
Ideal,I,SI1,0.66,1712
Good,E,SI1,0.9,4190
Ideal,E,VS2,0.5,1624
Premium,D,SI1,0.71,2913
Premium,E,SI1,1.0,5600
Premium,I,VS2,1.23,6199
Very Good,H,SI1,1.67,11146
Premium,D,SI2,1.3,7130
Very Good,G,IF,0.3,895
Premium,G,SI2,0.58,1307
Premium,E,VS1,1.33,12342
Premium,D,VS2,1.2,8693
Ideal,H,SI2,2.02,10826
Ideal,E,SI2,0.76,2680
Premium,D,SI1,1.24,7351
Fair,I,SI1,1.32,6061
Ideal,J,VS1,0.41,648
Ideal,H,VVS1,0.41,1043
Ideal,D,VS2,0.46,1388
Premium,G,VVS2,0.3,878
Ideal,D,VVS1,0.36,1718
Premium,F,SI1,0.71,2345
Ideal,G,VVS2,0.7,2858
Ideal,F,IF,0.53,2802
Ideal,E,SI1,0.3,499
Premium,E,VS2,0.31,872
Very Good,E,SI2,1.08,5018
Good,H,VS2,0.7,2394
Good,F,SI2,1.8,12196
Premium,I,VVS1,0.56,1622
Ideal,G,SI2,0.59,1258
Good,I,SI1,0.9,3176
Premium,G,SI2,0.32,540
Very Good,H,VS1,0.91,4370
Ideal,G,VS2,1.05,6350
Good,D,SI2,0.9,3534
Very Good,H,VVS1,0.31,651
Premium,H,SI2,1.07,4119
Premium,H,VS1,0.32,720
Ideal,F,SI1,0.44,1040
Very Good,E,VS1,0.28,434
Premium,J,VS2,0.54,1143
Ideal,D,VVS2,1.13,12788
Premium,F,SI2,1.01,4317
Ideal,G,SI1,1.25,8226
Ideal,G,VS2,0.72,2578
Ideal,I,VVS2,0.39,787
Very Good,J,VS2,0.71,1626
Ideal,F,VVS2,1.28,12958
Ideal,D,VVS2,0.38,1289
Premium,D,SI2,0.7,2354
Very Good,I,SI1,1.01,3888
Ideal,G,VVS1,1.07,9276
Ideal,G,VVS1,0.7,3247
Ideal,H,VS1,0.54,1762
Ideal,G,VS1,0.39,853
Very Good,E,SI1,0.31,544
Fair,I,I1,1.51,5750
Very Good,F,SI1,0.7,2373
Very Good,E,VVS2,0.54,1955
Ideal,F,VS1,0.4,917
Ideal,H,VS2,1.04,5805
Premium,I,VS1,0.7,2234
Ideal,I,VS2,0.33,480
Good,H,VVS2,0.3,776
Ideal,D,SI1,0.43,807
Ideal,G,VS1,0.7,2780
Premium,D,VS2,0.53,1956
Premium,D,VS2,0.3,710
Premium,I,VS1,0.31,628
Ideal,H,VVS2,0.42,910
Premium,J,VS2,1.59,7811
Ideal,G,SI1,0.56,1633
Good,D,SI1,0.34,626
Ideal,F,VS2,1.2,8588
Very Good,I,SI1,0.71,2218
Very Good,I,VS1,0.74,2491
Ideal,G,VS1,1.17,8639
Ideal,F,SI2,1.13,4984
Premium,D,VVS2,0.3,752
Very Good,E,VS1,0.73,3492
Ideal,G,VS1,1.12,8202
Very Good,G,VS1,0.91,4209
Ideal,F,SI1,1.53,11999
Very Good,D,SI1,0.31,732
Very Good,F,SI1,0.59,2000
Premium,I,VS2,1.59,9304
Ideal,E,VS1,0.36,747
Ideal,F,SI2,1.02,4684
Good,F,SI1,0.73,2435
Premium,I,VS1,0.53,1286
Very Good,H,SI1,0.31,435
Premium,E,SI1,0.5,1073
Good,E,SI2,0.41,638
Ideal,D,SI2,0.55,1272
Fair,H,VS2,1.0,3819
Ideal,H,SI2,1.07,4899
Ideal,E,VS1,0.36,835
Very Good,F,SI1,0.68,1964
Very Good,G,SI2,1.18,5562
Ideal,G,IF,0.31,891
Good,F,SI2,0.9,3318
Premium,G,SI1,0.7,2415
Ideal,D,SI2,0.32,477
Very Good,G,VS1,0.41,899
Premium,H,VS2,1.03,5078
Ideal,H,VS2,0.52,1593
Very Good,F,VS2,0.7,2362
Ideal,G,VVS2,0.45,1135
Ideal,E,VS2,0.7,2697
Premium,F,SI2,0.71,2169
Good,D,SI1,1.71,14426
Ideal,E,IF,0.31,987
Premium,E,VS2,0.7,2777
Very Good,E,SI1,1.21,7703
Very Good,F,VS2,0.76,3238
Ideal,G,VVS2,0.44,1155
Ideal,E,SI2,1.11,5262
Fair,D,SI1,0.9,3689
Premium,E,SI1,0.75,3024
Very Good,F,SI1,1.01,5383
Ideal,D,VS2,0.55,1928
Fair,F,VVS1,0.35,1011
Ideal,F,VS1,0.7,2940
Ideal,E,VS2,0.36,1013
Ideal,I,VS1,0.71,2266
Premium,E,VS1,0.91,4969
Ideal,H,VS2,0.51,1397
Ideal,F,VVS1,0.37,1406
Ideal,E,VS2,0.54,1847
Ideal,E,SI2,0.83,3125
Very Good,G,SI1,1.02,4704
Ideal,D,VS2,0.57,1865
Ideal,I,VS2,1.5,9408
Premium,H,SI2,2.02,13850
Very Good,F,IF,1.06,9433
Good,H,SI1,0.31,446
Good,H,SI1,1.0,4702
Premium,H,SI2,2.01,15917
Premium,F,SI1,1.62,13177
Ideal,F,VVS1,1.41,16545
Premium,F,VS1,0.4,982
Very Good,G,VS1,0.77,3243
Premium,F,SI1,0.7,2319
Premium,E,SI1,0.4,945
Premium,G,SI1,0.96,3355
Good,G,SI2,1.0,4113
Very Good,G,SI1,0.52,1267
Ideal,G,SI1,1.03,5337
Ideal,E,SI2,0.32,576
Ideal,J,VS2,1.27,5925
Very Good,I,SI1,0.34,459
Very Good,G,VS2,1.07,6355
Very Good,E,VVS2,0.41,1249
Premium,E,SI1,1.01,4480
Premium,H,SI1,0.32,576
Premium,E,VS2,0.36,684
Good,H,VS1,0.54,1361
Good,H,SI1,1.2,5779
Very Good,E,SI1,0.31,544
Ideal,H,VS1,0.71,2559
Good,F,SI1,0.7,2127
Ideal,G,VS1,0.3,776
Premium,G,VS1,0.31,802
Good,D,SI2,1.5,8108
Ideal,G,VS1,0.7,3206
Good,J,VS2,1.51,7207
Ideal,D,VS2,0.4,1125
Ideal,G,VS1,0.32,645
Good,I,VS2,2.0,16544
Premium,F,SI2,0.52,1111
Premium,H,VS2,1.5,11464
Ideal,E,VS2,1.0,7177
Premium,J,VS2,2.0,13675
Ideal,I,VVS1,0.42,884
Ideal,D,VS2,0.47,1319
Good,E,SI1,1.0,5784
Good,G,SI2,0.5,1121
Very Good,H,SI1,0.59,1283
Very Good,G,VS2,0.27,439
Ideal,G,IF,0.3,794
Premium,G,SI1,2.0,14918
Very Good,H,VS2,0.62,1734
Ideal,G,SI1,1.14,5650
Very Good,E,VVS1,0.24,485
Good,F,VS1,0.79,3436
Premium,E,VS1,0.31,734
Ideal,G,SI1,1.51,11917
Ideal,H,VVS1,0.32,730
Ideal,E,SI1,0.43,975
Premium,D,SI2,1.11,5134
Premium,E,SI2,0.73,2256
Ideal,G,SI1,0.72,2686
Ideal,H,VS1,0.5,1429
Premium,F,SI1,0.44,1023
Ideal,E,VVS2,0.41,1187
Ideal,G,VS1,0.57,1815
Very Good,J,SI1,0.72,1886
Good,D,VS2,1.0,6189
Very Good,G,VS2,0.32,564
Premium,D,SI1,0.7,2473
Ideal,I,VS1,1.03,5206
Very Good,I,SI1,2.33,18119
Premium,G,VS1,0.74,2815
Premium,I,I1,2.04,8408
Ideal,G,IF,0.4,1570
Fair,F,SI2,1.24,4375
Premium,G,SI2,1.56,8858
Ideal,G,VS2,1.01,6504
Premium,H,VS1,1.37,8577
Very Good,F,VVS2,0.23,505
Ideal,G,VS1,1.07,7198
Ideal,H,VS1,1.34,8780
Ideal,G,VVS2,0.51,1974
Very Good,D,VVS2,0.24,485
Very Good,D,SI1,0.7,2768
Premium,D,VS2,1.01,6108
Ideal,H,SI1,1.19,5318
Ideal,G,IF,0.3,863
Ideal,E,SI1,0.39,676
Premium,H,VS1,0.3,675
Ideal,D,SI1,0.72,2883
Very Good,H,SI2,0.98,3731
Very Good,E,SI2,1.61,10891
Premium,E,SI2,0.4,640
Ideal,D,VS2,0.34,1033
Good,F,SI1,1.01,4989
Premium,G,SI1,0.36,537
Premium,E,SI2,1.54,8020
Very Good,H,VVS1,0.31,651
Ideal,D,VVS1,0.31,949
Premium,J,SI2,1.06,3740
Very Good,I,SI2,1.4,6677
Ideal,D,VS2,0.36,852
Very Good,D,VVS2,0.24,552
Good,I,SI2,1.02,3342
Very Good,H,VS2,0.7,2567
Good,D,SI2,0.3,447
Ideal,D,VVS2,0.53,3346
Premium,G,IF,0.31,988
Premium,F,VS1,1.2,8669
Ideal,I,SI1,0.33,572
Ideal,G,VS1,0.7,2437
Ideal,D,VS2,1.15,10546
Premium,H,SI1,2.12,18656
Ideal,E,VS2,0.51,1781
Ideal,E,VS1,0.63,2526
Premium,H,VS1,0.32,720
Fair,G,SI1,1.51,8681
Very Good,I,VS2,1.71,11850
Fair,E,SI2,0.5,871
Very Good,I,SI2,1.11,4442
Premium,J,SI1,1.17,4423
Ideal,E,SI1,0.52,1656
Ideal,F,VVS2,0.53,2175
Ideal,G,SI1,0.24,364
Premium,D,VVS1,1.11,13405
Ideal,E,SI2,0.58,1392
Very Good,D,VS1,0.43,1199
Good,F,SI1,0.41,705
Fair,H,SI2,2.0,12554
Ideal,F,SI1,0.41,764
Ideal,E,VVS2,0.34,838
Good,I,VS1,1.31,6455
Ideal,J,SI1,1.23,4959
Ideal,G,VS2,0.76,3114
Good,F,VS2,0.52,1605
Premium,D,VS2,0.91,4637
Ideal,F,SI1,0.3,641
Premium,F,VS2,1.22,8417
Very Good,E,SI1,0.71,2964
Ideal,E,SI1,0.41,969
Fair,H,SI2,2.02,14080
Ideal,D,VVS2,1.24,14737
Ideal,F,SI2,0.9,3704
Good,I,SI2,0.95,2905
Very Good,F,VVS2,0.52,2079
Premium,E,VS1,0.92,5358
Fair,F,SI1,0.88,2882
Fair,J,I1,2.72,6870
Premium,F,VS2,1.21,8870
Ideal,G,VVS2,0.32,730
Premium,G,SI1,1.0,4189
Very Good,I,SI1,1.73,10761
Premium,D,VS2,0.5,1845
Ideal,G,VVS1,0.43,1207
Premium,I,SI2,1.33,5094
Ideal,F,VS1,0.3,844
Good,H,VVS1,0.34,893
Premium,G,SI1,0.75,2622
Premium,F,VS2,0.31,802
Premium,G,VS1,0.7,2838
Premium,D,SI2,0.7,2423
Very Good,J,SI2,1.03,3729
Premium,E,VVS1,0.32,1020
Premium,E,SI1,1.21,6440
Premium,D,SI2,1.19,4168
Very Good,E,VS2,0.38,740
Premium,F,SI1,1.13,5581
Ideal,E,SI1,0.52,1341
Very Good,E,SI1,0.41,904
Very Good,F,VS2,0.53,1592
Good,J,SI1,0.3,351
Ideal,D,SI1,0.31,684
Premium,E,SI2,1.01,4434
Very Good,D,SI2,1.01,4690
Ideal,G,VVS2,0.5,1842
Ideal,D,SI1,0.73,2858
Ideal,G,SI1,0.71,2513
Good,E,SI1,0.91,3973
Ideal,E,SI2,1.59,11251
Very Good,F,SI1,1.51,11190
Premium,F,VVS2,0.85,4451
Very Good,E,VS1,0.31,636
Good,H,SI1,1.5,9336
Premium,J,SI1,0.72,1579
Ideal,I,VS1,0.92,4587
Premium,D,VS2,0.52,1774
Premium,H,SI2,1.1,4004
Good,G,SI2,1.64,7154
Ideal,H,SI1,0.45,790
Ideal,H,VVS1,0.3,878
Premium,F,VS1,0.71,2942
Premium,I,VS2,0.9,3246
Ideal,D,VS2,0.35,790
Premium,D,VS2,0.57,1944
Very Good,E,SI1,0.41,904
Ideal,G,VVS1,0.4,1043
Very Good,E,VVS2,0.38,1000
Premium,D,VS2,0.37,989
Ideal,J,SI1,1.12,4840
Ideal,E,VVS2,0.41,1187
Good,G,VS2,0.28,394
Ideal,H,SI2,1.22,6398
Premium,H,SI1,0.96,3768
Premium,I,VVS2,0.33,743
Premium,F,SI2,0.7,2075
Very Good,E,VVS1,0.3,862
Premium,E,SI1,0.42,722
Ideal,E,VS2,0.5,1676
Ideal,E,IF,0.35,1254
Very Good,F,SI1,0.92,3920
Ideal,I,VVS2,0.4,939
Good,E,SI1,1.0,3696
Ideal,I,VS1,0.32,648
Premium,E,VS2,1.0,6720
Ideal,J,VS2,1.22,5297
Very Good,F,VVS2,0.24,533
Very Good,H,VS2,0.7,2106
Good,G,VS1,0.31,802
Ideal,G,SI2,1.06,3321
Very Good,H,SI2,1.31,6263
Ideal,G,VS2,0.32,561
Ideal,F,VS2,1.51,14414
Premium,E,SI2,0.9,3701
Very Good,D,VS1,0.84,4443
Premium,G,SI1,0.32,477
Ideal,F,VS2,0.7,2676
Ideal,H,VS2,0.34,537
Good,E,SI1,0.9,3945
Ideal,F,VVS1,0.48,1926
Good,D,SI2,1.09,4682
Ideal,G,VVS1,0.6,2509
Very Good,D,VS2,0.91,5825
Very Good,H,SI2,0.91,3408
Premium,H,IF,0.33,1114
Premium,E,VS2,1.02,6215
Very Good,G,SI1,0.31,462
Ideal,I,VS1,0.71,2327
Ideal,J,SI2,1.2,4516
Ideal,E,VS2,0.73,3077
Premium,D,SI2,0.72,2670
Very Good,F,IF,0.25,526
Premium,F,VS2,1.54,14188
Ideal,D,SI1,0.54,1786
Very Good,H,VS2,1.05,5292
Ideal,E,VS1,0.41,1007
Premium,H,VS2,1.7,13298
Ideal,D,VVS1,0.53,3442
Very Good,I,VVS2,0.25,455
Premium,G,SI1,0.44,772
Premium,F,VS2,0.51,1569
Premium,J,SI1,0.66,1188
Good,G,SI1,0.72,2074
Premium,H,SI1,1.72,9266
Very Good,J,SI2,2.1,12196
Premium,E,SI1,0.59,1664
Ideal,E,SI1,0.4,945
Very Good,G,SI1,0.5,1237
Good,I,I1,1.01,2844
Very Good,I,SI1,0.32,540
Premium,D,SI2,0.7,2299
Ideal,D,SI1,0.31,571
Premium,I,SI1,1.6,8808
Good,D,SI1,0.57,1561
Very Good,D,SI2,0.9,4946
Ideal,I,SI2,0.53,947
Ideal,E,I1,1.01,3450
Very Good,J,SI1,0.3,450
Premium,E,SI2,1.05,5400
Ideal,E,SI1,0.3,720
Premium,H,VS2,1.5,10750
Good,D,SI2,0.31,462
Very Good,F,SI1,0.31,663
Very Good,I,SI2,1.01,4244
Ideal,F,SI1,0.99,5728
Premium,E,SI2,1.12,4215
Ideal,J,VS2,1.27,5442
Ideal,E,VS2,0.57,1949
Very Good,I,VS2,0.9,3720
Very Good,D,VS2,0.31,692
Ideal,H,VVS2,0.31,609
Very Good,G,SI2,1.01,4435
Ideal,H,SI1,1.0,4702
Ideal,G,VVS1,0.41,1123
Ideal,G,VS2,0.37,682
Ideal,F,VS2,0.31,802
Ideal,G,VS1,0.7,3384
Very Good,E,SI1,0.7,2569
Very Good,H,VS2,0.38,700
Ideal,F,VVS1,0.39,1124
Ideal,E,SI2,2.03,14308
Very Good,E,SI1,0.5,1293
Ideal,J,VS2,1.1,4537
Very Good,E,VVS2,0.23,505
Premium,G,VVS2,1.05,8702
Premium,I,VS1,1.3,6806
Ideal,G,VS2,0.53,1807
Ideal,J,VS1,0.3,411
Ideal,D,SI1,1.03,6610
Very Good,F,VS1,0.42,1031
Very Good,F,SI1,0.41,878
Premium,E,SI1,0.4,882
Ideal,I,VS2,2.08,17916
Ideal,H,VVS1,0.56,1941
Ideal,E,SI2,1.11,4196
Ideal,F,VVS1,0.3,814
Very Good,H,VS2,1.01,5559
Ideal,F,VVS1,0.24,678
Ideal,J,SI1,1.23,5181
Premium,J,SI2,1.2,4685
Premium,G,VS2,1.54,12800
Ideal,F,VS2,0.52,1625
Premium,E,VVS2,1.0,8888
Good,F,SI1,1.01,4339
Ideal,E,SI2,0.35,491
Very Good,D,SI1,0.52,1429
Very Good,E,SI2,0.5,1077
Ideal,I,VS2,0.73,2686
Fair,F,SI1,0.54,1114
Ideal,E,SI2,1.56,8518
Ideal,F,SI2,1.3,6442
Fair,F,VS2,1.0,4732
Ideal,H,SI1,1.01,5020
Very Good,H,VS2,1.2,6870
Very Good,E,SI2,0.5,1181
Ideal,I,SI1,1.04,4423
Very Good,E,SI1,0.3,526
Premium,D,SI1,1.29,8597
Premium,F,VS2,0.4,842
Premium,G,VS2,0.93,4750
Very Good,F,VVS1,0.32,886
Premium,H,VS2,0.92,4451
Premium,G,VS2,0.33,743
Good,E,IF,0.31,813
Premium,G,VVS2,0.3,878
Very Good,F,VS1,0.4,895
Ideal,G,IF,0.33,1052
Ideal,D,SI1,0.41,791
Ideal,G,VVS2,0.42,1031
Very Good,E,VS2,0.27,470
Premium,H,VS2,0.31,586
Premium,G,VVS2,1.18,9304
Ideal,H,VVS1,0.71,2742
Good,E,SI1,0.31,544
Ideal,G,VVS2,0.7,3191
Ideal,F,VS1,0.3,612
Very Good,E,VS2,0.9,4062
Ideal,H,SI2,1.05,4410
Ideal,F,VVS2,0.4,1088
Ideal,F,VS1,0.51,1632
Premium,F,VVS2,0.34,928
Ideal,D,SI1,0.34,803
Ideal,G,IF,0.32,1020
Ideal,H,VS2,1.57,12004
Premium,G,VS1,0.31,802
Ideal,G,VS2,0.75,2939
Very Good,G,VS2,0.33,579
Premium,F,SI2,1.41,7817
Ideal,D,SI2,1.01,4753
Very Good,J,VS2,0.9,3119
Good,D,VVS2,0.7,3312
Very Good,G,VS1,1.5,12862
Very Good,F,VVS2,0.81,3992
Premium,H,VS1,1.14,5809
Good,D,VVS2,0.69,3369
Premium,D,VS2,0.51,1882
Premium,D,SI2,1.01,4672
Very Good,G,SI2,1.03,4466
Very Good,I,SI1,0.52,1073
Premium,G,VS2,1.0,6048
Premium,F,SI1,1.14,5925
Good,I,VVS1,0.9,3972
Ideal,G,VS2,1.12,7364
Ideal,H,VVS1,0.35,1024
Ideal,G,VS1,1.03,6558
Very Good,F,SI2,0.7,2039
Ideal,F,SI2,0.54,1235
Ideal,F,VVS2,0.58,2509
Premium,F,VVS2,1.04,8610
Good,G,VS2,0.9,3990
Ideal,I,SI2,2.0,15092
Ideal,G,VVS2,0.52,1906
Ideal,F,SI1,0.62,1637
Very Good,E,SI1,0.7,2496
Ideal,F,VVS1,1.05,12315
Good,D,VS2,0.78,3298
Ideal,I,VS1,0.31,502
Very Good,I,VVS1,0.83,3774
Very Good,D,SI1,0.92,4676
Ideal,I,VS2,1.33,7325
Very Good,I,VS2,1.2,5986
Good,D,SI1,1.01,4977
Ideal,F,SI1,0.4,945
Very Good,D,SI2,0.55,1368
Ideal,G,VVS2,0.31,707
Ideal,I,SI1,2.14,17213
Very Good,G,VS2,0.57,1641
Fair,H,VVS2,1.08,5171
Ideal,D,SI1,0.41,1015
Very Good,F,VS1,0.72,3083
Ideal,I,SI1,1.15,6300
Ideal,F,VVS1,0.54,2977
Very Good,H,SI2,0.29,404
Premium,F,SI1,1.51,11957
Premium,D,SI2,2.05,12891
Very Good,D,SI1,1.0,5671
Very Good,H,VS2,0.9,4082
Ideal,I,SI1,1.2,5174
Premium,G,VS1,0.53,1813
Ideal,E,IF,0.32,1018
Ideal,G,VVS2,0.52,2338
Very Good,H,SI2,1.51,8372
Very Good,G,VVS2,0.92,5183
Ideal,F,VVS1,0.3,868
Premium,E,VVS2,0.31,1107
Very Good,I,SI1,0.3,405
Ideal,H,VS1,0.37,668
Good,G,SI2,0.7,2268
Ideal,H,SI1,1.03,4585
Ideal,J,VS2,1.51,7651
Premium,I,VS1,1.44,8426
Ideal,G,SI2,0.71,2266
Ideal,D,VS1,1.06,9625
Premium,H,VS1,1.5,10584
Ideal,H,VS2,0.38,703
Very Good,E,SI1,0.61,1829
Ideal,D,SI2,0.41,841
Ideal,I,VVS2,0.27,480
Good,H,SI1,0.3,554
Fair,H,SI2,0.83,2133
Ideal,E,SI1,0.33,743
Very Good,G,VS1,1.58,13963
Very Good,G,VS1,0.52,1581
Ideal,I,SI1,1.1,5199
Premium,I,VS1,0.73,2197
Very Good,H,VS2,0.91,3924
Ideal,E,I1,1.25,3276
Good,D,IF,1.01,15081
Ideal,I,VVS2,1.75,14394
Ideal,E,SI2,0.9,4091
Premium,H,SI2,1.2,5779
Premium,I,VS2,1.2,5645
Premium,D,SI1,0.55,1819
Ideal,D,VS1,0.35,1026
Very Good,F,SI1,0.57,1364
Premium,F,SI2,0.73,2351
Premium,G,VVS2,1.18,7881
Ideal,I,SI1,0.32,554
Ideal,J,VVS1,0.33,509
Premium,I,VS2,2.0,17716
Very Good,H,SI1,1.03,4836
Premium,D,VVS2,0.71,3877
Ideal,I,IF,0.35,715
Ideal,I,SI2,1.0,2873
Ideal,E,VVS2,1.04,9552
Ideal,F,VVS2,1.03,8860
Ideal,H,SI1,1.7,9425
Very Good,I,VVS2,0.34,596
Ideal,G,VVS1,1.04,8268
Ideal,I,VS1,1.64,11305
Very Good,E,SI1,0.72,2562
Very Good,F,SI2,1.01,4121
Premium,F,VS2,1.5,14071
Ideal,G,VS1,0.52,1815
Very Good,G,SI1,0.9,3681
Ideal,H,VS2,1.02,5312
Ideal,E,VS2,1.56,12717
Ideal,F,VS2,0.32,645
Very Good,D,VS2,0.4,881
Very Good,G,SI2,0.91,3282
Very Good,H,SI2,1.01,4166
Good,E,SI1,0.91,4211
Premium,E,SI1,0.51,1443
Ideal,D,IF,0.31,1917
Ideal,G,VS2,0.34,663
Premium,H,VS2,1.66,10993
Ideal,E,VS1,0.56,1791
Ideal,E,IF,0.3,943
Ideal,D,SI2,0.5,1243
Very Good,H,VS1,0.91,4066
Ideal,F,VS1,0.64,2222
Premium,D,VS2,0.54,1993
Ideal,I,SI1,1.5,8291
Very Good,H,VS1,0.26,430
Ideal,J,SI1,1.1,4275
Premium,E,IF,1.01,11387
Ideal,H,VS2,0.47,1006
Premium,E,VS1,0.25,435
Ideal,F,VVS2,0.58,2401
Good,G,SI2,2.51,14251
Premium,J,VVS2,1.5,7983
Ideal,E,SI2,1.23,7336
Good,G,VS2,1.04,5535
Premium,H,SI2,0.82,2499
Premium,G,VS2,1.07,6471
Ideal,G,VS1,0.4,1050
Ideal,D,SI2,1.05,5204
Very Good,D,SI1,0.92,5086
Premium,F,SI1,1.02,5301
Ideal,F,SI1,0.41,904
Ideal,J,VS1,0.76,2307
Very Good,E,VS1,0.61,2025
Ideal,H,VS1,0.33,743
Ideal,I,VVS2,0.41,753
Ideal,G,VS1,1.41,11109
Very Good,I,SI2,2.0,13892
Ideal,E,VVS2,0.37,1082
Ideal,G,VVS2,0.39,952
Very Good,H,VS1,0.3,675
Ideal,H,SI2,1.7,9444
Good,E,SI1,0.33,540
Very Good,D,VS2,0.4,746
Ideal,I,IF,0.34,695
Premium,D,SI1,0.73,2498
Ideal,I,VS2,2.06,15691
Ideal,G,VVS1,0.4,1043
Very Good,E,SI1,0.71,2455
Very Good,E,SI2,0.91,3763
Very Good,H,VS1,1.2,6713
Premium,F,IF,1.13,12549
Very Good,F,SI1,1.51,11560
Premium,G,VS2,1.02,6301
Premium,D,SI1,0.4,990
Premium,H,VS2,1.41,8686
Ideal,E,SI2,0.31,558
Very Good,G,VVS2,0.29,541
Very Good,H,VS2,1.26,7567
Good,E,VS2,0.7,2759
Premium,D,VS2,1.01,7032
Ideal,G,VVS2,0.3,665
Very Good,F,VVS1,0.71,2862
Premium,J,VS1,1.6,8870
Premium,G,SI1,0.9,3931
Premium,G,VS1,0.3,725
Ideal,F,SI2,0.46,851
Good,E,VS2,1.02,6462
Ideal,F,SI2,2.01,18394
Good,F,IF,0.24,492
Ideal,D,VS1,0.31,766
Fair,I,VS1,0.41,735
Very Good,G,VS1,0.52,1621
Ideal,F,VVS1,0.31,840
Ideal,G,SI2,0.53,1132
Good,H,SI1,0.97,4020
Premium,G,IF,0.43,1433
Good,I,SI1,0.33,445
Ideal,H,VS1,0.31,698
Ideal,D,VS1,0.58,2211
Ideal,H,SI1,0.31,491
Premium,I,VS2,1.5,8820
Premium,J,VVS2,0.95,3669
Fair,I,SI2,2.02,12592
Ideal,F,VVS2,0.56,2554
Good,F,SI1,0.42,926
Good,D,VS2,0.53,1625
Ideal,E,VS2,0.59,1755
Ideal,E,VVS1,0.34,1107
Premium,F,SI1,1.01,4899
Ideal,H,VS2,1.71,14292
Ideal,I,SI2,1.53,6255
Premium,G,VVS2,1.0,6209
Ideal,F,VS1,1.01,7240
Very Good,D,VS2,0.59,1986
Ideal,E,IF,0.3,1120
Ideal,D,SI1,0.3,709
Very Good,G,VS2,1.02,6432
Ideal,E,VS2,0.32,702
Premium,D,SI1,1.02,5918
Premium,F,SI2,0.7,2184
Very Good,G,SI1,0.3,447
Ideal,F,VS1,0.51,1728
Ideal,E,VS2,0.71,3103
Premium,I,SI1,1.09,3968
Premium,E,VVS2,0.3,1013
Very Good,G,SI1,0.96,4247
Premium,E,SI2,1.01,4751
Good,H,SI2,2.01,15888
Ideal,E,VS2,0.52,1689
Very Good,E,SI1,0.36,631
Premium,G,SI2,1.5,9072
Premium,H,VS2,0.55,1387
Ideal,G,VVS1,0.41,1068
Very Good,E,SI1,0.42,722
Premium,D,SI1,0.3,552
Ideal,G,SI2,0.76,2143
Good,E,VS1,0.73,3146
Ideal,G,SI2,2.03,12154
Premium,H,SI1,1.21,5871
Very Good,H,VVS2,0.27,504
Very Good,I,SI1,0.31,418
Very Good,F,SI1,0.7,2196
Premium,D,SI2,1.02,4818
Premium,E,SI1,0.3,675
Very Good,E,SI2,0.53,1227
Premium,J,SI1,1.02,3856
Premium,E,SI2,0.63,1169
Ideal,E,SI2,0.71,2398
Premium,J,VVS1,0.39,921
Ideal,E,VVS2,0.52,2116
Good,D,SI2,0.5,1141
Ideal,J,VVS2,0.64,1709
Premium,F,VS2,1.51,14294
Ideal,G,VVS1,0.4,1059
Premium,F,VS1,0.5,1710
Very Good,H,SI1,1.12,4673
Ideal,E,VVS2,0.5,2346
Ideal,G,VS1,0.55,1815
Premium,F,SI1,1.0,5152
Premium,E,VS1,1.21,10137
Ideal,F,VVS1,1.36,15247
Ideal,E,SI2,0.38,603
Ideal,G,SI2,0.5,1038
Premium,G,VS2,0.34,765
Ideal,E,VS1,0.41,1079
Very Good,G,SI2,1.04,4200
Very Good,H,VVS2,1.01,6097
Premium,J,VS2,0.32,504
Ideal,D,SI1,0.58,1597
Ideal,G,VS2,1.14,7667
Ideal,G,SI2,1.23,3788
Ideal,H,VS1,1.6,12566
Very Good,E,SI2,0.92,4011
Very Good,F,SI2,0.9,3556
Ideal,H,VS1,0.31,698
Ideal,H,VS1,0.38,1117
Good,F,SI1,1.01,4276
Ideal,H,SI1,0.52,1730
Premium,I,VS1,1.03,4199
Premium,D,SI1,0.43,774
Ideal,H,VS2,0.34,517
Ideal,I,VS1,0.73,2596
Very Good,I,VS1,1.02,5302
Ideal,I,VS2,0.74,2374
Good,E,VS2,0.51,1662
Ideal,D,VS2,0.52,1679
Ideal,G,SI1,1.01,5049
Very Good,G,VS1,0.41,899
Ideal,H,SI1,0.55,1314
Ideal,J,VS2,1.09,4131
Very Good,F,VVS2,0.7,3275
Premium,G,VS1,1.01,5632
Good,G,VS1,0.4,783
Very Good,G,SI1,0.43,774
Ideal,D,VS2,0.61,2147
Ideal,E,SI1,0.55,1668
Fair,H,SI2,1.21,3862
Ideal,J,VS2,1.04,4550
Very Good,D,IF,0.56,4025
Ideal,F,SI1,1.03,5356
Ideal,H,VVS2,0.7,2693
Good,J,VVS2,0.7,1922
Very Good,F,SI2,0.59,1265
Very Good,J,VS1,0.9,3418
Ideal,G,SI1,0.73,3089
Premium,F,SI1,1.02,4455
Very Good,J,VVS2,0.43,774
Ideal,H,SI1,1.21,4249
Ideal,F,VVS1,0.72,5051
Good,H,VS1,0.63,1767
Premium,E,VS2,1.0,6600
Ideal,F,VS1,0.3,731
Very Good,G,SI2,0.8,2616
Very Good,I,VS1,1.2,6167
Ideal,E,VS2,0.35,984
Good,H,VS1,0.64,1786
Good,H,SI2,0.77,2262
Good,I,VS2,0.9,3246
Very Good,J,VS2,0.59,1261
Premium,E,VVS2,0.6,2393
Good,I,VS2,0.61,1303
Ideal,D,SI2,0.94,5155
Very Good,F,VVS2,1.0,8467
Very Good,D,SI1,0.8,3502
Premium,E,SI1,0.71,2629
Ideal,F,VS2,0.39,862
Ideal,I,VVS1,0.54,1564
Very Good,E,SI1,0.38,700
Very Good,G,VS1,1.2,8577
Ideal,D,SI2,0.31,462
Good,D,VS2,1.0,6189
Very Good,D,SI1,1.01,5815
Very Good,H,VVS1,0.4,1139
Very Good,E,VS2,0.7,2593
Premium,G,SI1,1.03,4900
Ideal,G,VVS2,1.2,7688
Premium,G,VVS2,0.5,1935
Premium,F,VVS2,0.4,1088
Ideal,E,VS2,0.7,2981
Premium,G,SI1,1.51,10497
Ideal,F,VS2,1.23,10342
Ideal,G,SI2,0.58,1343
Ideal,F,SI2,0.78,2431
Very Good,D,SI2,1.5,9783
Good,G,SI1,0.7,2121
Premium,G,VS2,0.33,743
Ideal,H,VS2,0.71,3080
Ideal,G,IF,0.45,1377
Premium,D,VS2,0.71,3002
Very Good,G,VVS1,0.97,7415
Ideal,H,IF,0.32,1116
Ideal,E,VS2,1.01,7597
Ideal,J,VS2,1.25,5067
Very Good,F,SI1,0.24,404
Fair,H,SI2,1.0,2875
Ideal,G,VS1,1.28,10126
Ideal,F,VVS1,0.52,2841
Premium,H,VVS2,0.31,802
Very Good,E,SI1,0.75,3260
Very Good,G,VS2,0.33,579
Ideal,G,VS2,0.32,561
Ideal,F,SI1,1.08,5327
Ideal,E,VVS1,0.26,599
Ideal,G,VS1,0.71,3195
Premium,D,SI1,0.71,2822
Very Good,H,VVS2,1.1,6497
Ideal,D,VS1,0.72,3896
Ideal,E,SI2,1.16,5093
Very Good,I,SI1,1.21,5452
Ideal,G,VS2,1.26,9399
Good,E,VVS2,0.3,622
Very Good,G,VVS2,1.2,9337
Premium,H,VVS2,0.37,957
Ideal,D,VVS2,0.42,1389
Very Good,G,SI1,1.01,4719
Very Good,E,IF,0.56,2724
Premium,F,SI1,1.0,5197
Ideal,E,VS1,0.7,3472
Very Good,G,VS2,1.01,5701
Ideal,I,SI2,2.24,16709
Good,I,SI1,1.51,8313
Very Good,I,SI1,1.08,4933
Ideal,F,VVS2,0.5,2160
Very Good,G,IF,0.55,2314
Premium,F,VS2,1.51,14683
Ideal,F,VVS2,0.4,1085
Premium,H,SI2,1.01,3665
Ideal,D,SI1,0.4,990
Premium,H,VS1,1.06,5247
Ideal,I,SI1,1.05,3822
Ideal,E,VS2,0.36,1013
Good,E,SI2,0.7,2116
Premium,D,VS1,0.53,2147
Premium,G,SI2,1.33,6685
Ideal,G,IF,1.28,11401
Ideal,G,VS1,0.55,1881
Ideal,H,SI1,1.08,4740
Ideal,H,SI1,1.05,5128
Very Good,F,VS1,0.23,483
Premium,D,SI1,0.56,1814
Ideal,F,SI1,0.43,975
Premium,E,SI1,0.34,596
Ideal,F,SI2,1.06,5354
Good,G,VVS2,1.0,6748
Ideal,I,VS2,1.56,9295
Very Good,E,VVS2,0.24,478
Premium,G,VVS2,0.33,965
Good,F,SI1,0.71,2300
Very Good,H,VVS1,0.36,753
Ideal,G,IF,1.65,17729
Good,H,SI1,1.05,4845
Good,I,VS1,0.41,755
Very Good,D,VS1,0.39,876
Premium,H,VS1,0.7,2364
Ideal,I,SI1,1.01,4641
Very Good,E,SI2,1.0,4312
Premium,D,SI1,1.0,5096
Ideal,G,SI2,2.15,18791
Premium,G,VVS1,0.3,1013
Ideal,F,VVS2,0.66,2732
Very Good,G,VS1,0.7,2497
Very Good,I,SI1,0.7,1890
Ideal,G,VS1,0.42,984
Good,D,SI2,1.11,4877
Ideal,H,IF,0.71,3290
Very Good,D,SI1,0.78,2945
Ideal,F,VS2,0.53,1753
Premium,G,VS2,0.34,765
Ideal,D,SI2,0.36,689
Very Good,E,VVS1,0.26,539
Good,I,VVS1,0.3,552
Ideal,F,VS2,1.2,8486
Very Good,D,VS1,0.7,3008
Premium,H,SI1,0.41,683
Good,G,SI2,1.01,4060
Very Good,E,SI2,0.71,2123
Ideal,E,IF,1.01,12865
Fair,I,I1,1.01,2342
Very Good,F,SI1,0.7,2573
Ideal,D,SI1,0.52,1600
Ideal,F,SI2,0.91,2718
Good,J,SI1,0.82,2033
Good,E,VS2,1.5,13653
Ideal,H,SI1,0.36,505
Ideal,D,VS2,0.31,734
Very Good,E,SI2,0.72,2651
Ideal,F,SI1,0.4,694
Premium,E,SI2,0.34,612
Ideal,F,VS2,0.34,726
Premium,G,VVS1,1.6,17204
Good,H,VS1,0.93,3500
Good,F,SI1,1.01,4989
Premium,D,SI2,0.95,4341
Ideal,G,VVS1,0.32,1080
Very Good,H,VVS2,0.27,445
Ideal,E,VVS1,0.42,1400
Premium,G,VVS1,0.4,1155
Premium,G,VVS2,0.5,1935
Very Good,E,VVS1,0.32,931
Very Good,H,VVS1,0.34,775
Premium,F,SI1,0.53,1428
Fair,E,SI1,0.47,828
Ideal,G,SI1,0.34,531
Very Good,G,SI1,0.53,1336
Ideal,F,VS1,0.58,1979
Ideal,G,VS2,0.31,698
Premium,F,SI1,0.31,516
Premium,E,SI1,0.35,788
Premium,G,VS1,0.51,1781
Premium,E,SI2,0.71,2322
Premium,H,VS2,1.56,10424
Premium,G,VVS2,0.32,730
Good,H,SI2,0.7,1790
Very Good,F,SI1,0.32,533
Premium,G,VS1,0.52,1815
Ideal,G,VVS1,1.6,16339
Very Good,G,VVS2,0.27,504
Premium,D,SI2,1.03,3675
Very Good,F,SI1,0.52,1267
Premium,H,VS1,0.31,698
Premium,H,SI1,1.07,5123
Premium,G,VVS2,1.24,10388
Very Good,H,VS1,0.5,1410
Ideal,H,VVS1,0.72,3180
Ideal,I,SI1,2.17,17224
Very Good,G,SI2,2.13,15454
Ideal,F,VVS1,0.29,669
Premium,D,VS1,0.39,1123
Premium,D,SI2,1.22,6969
Premium,I,SI1,0.34,574
Very Good,F,VS2,0.34,686
Ideal,D,VS1,0.41,1230
Ideal,F,VS2,1.21,9397
Premium,F,VS2,0.35,906
Ideal,G,VVS2,0.6,2467
Premium,I,SI2,1.09,4120
Very Good,D,VS2,0.37,760
Premium,J,VS2,1.21,4968
Ideal,G,VS1,1.2,8687
Very Good,H,VVS1,0.23,434
Very Good,E,VS1,0.7,3095
Ideal,G,VS2,0.3,545
Ideal,F,VS2,0.31,802
Very Good,I,SI1,0.31,408
Premium,F,VS2,0.33,666
Premium,J,SI2,1.05,3457
Good,J,SI2,1.88,8048
Premium,I,VS2,0.31,558
Premium,E,VS2,0.41,999
Premium,E,VS1,0.46,1355
Premium,J,VS2,1.02,3651
Ideal,E,VS2,0.9,6018
Ideal,F,I1,0.97,2830
Very Good,E,SI1,0.3,526
Ideal,F,SI1,0.9,5122
Premium,H,VVS1,0.31,907
Very Good,H,VS1,0.23,338
Good,G,VS2,1.21,8099
Good,I,VVS2,0.71,2450
Premium,J,VS2,2.38,18559
Premium,J,VS2,1.59,7953
Ideal,F,SI1,1.53,11525
Ideal,I,VS1,0.31,461
Ideal,H,VS2,1.34,8094
Premium,H,SI2,1.01,4242
Fair,I,I1,2.0,5667
Ideal,F,VS1,0.42,1103
Ideal,D,VVS1,0.42,1621
Very Good,F,VVS2,0.23,583
Ideal,E,VVS2,0.3,731
Ideal,H,VS2,0.32,523
Very Good,F,SI1,0.46,904
Very Good,E,VVS1,0.72,3903
Premium,H,VS2,0.32,648
Ideal,E,VVS2,0.72,4285
Ideal,G,SI1,0.3,469
Ideal,F,SI2,2.0,17871
Good,G,VVS1,0.3,878
Ideal,I,VS1,0.4,736
Very Good,G,SI1,0.71,2072
Good,F,SI1,0.9,3950
Very Good,I,SI1,0.8,2473
Premium,I,VS1,0.3,608
Very Good,H,SI2,1.02,4039
Ideal,E,SI1,0.36,631
Very Good,H,SI2,2.01,14426
Ideal,E,SI1,0.53,1303
Very Good,F,SI2,1.54,8893
Premium,H,VVS1,0.28,646
Ideal,E,VS2,0.3,844
Ideal,E,VS2,0.33,928
Good,D,SI2,0.51,1180
Ideal,G,VS1,0.3,776
Ideal,H,SI1,1.27,6858
Ideal,D,VS2,0.52,1752
Ideal,D,VVS2,0.42,1389
Ideal,G,VS2,0.31,544
Premium,J,VS1,1.25,5637
Premium,F,SI1,1.02,5484
Premium,D,VS2,0.57,1918
Ideal,G,VS2,1.01,6964
Ideal,E,VVS1,0.57,2632
Ideal,I,SI1,0.9,3908
Premium,G,SI2,2.0,10833
Premium,F,SI2,1.0,4144
Ideal,G,VVS1,0.71,2982
Premium,H,SI2,2.12,13307
Good,H,SI2,2.01,13849
Very Good,F,VS2,0.6,1940
Ideal,I,IF,0.41,1076
Ideal,I,SI1,1.22,5233
Very Good,D,SI1,0.29,737
Good,G,VS2,0.84,3370
Ideal,F,VS1,0.42,1031
Ideal,J,VS1,1.29,5676
Very Good,E,SI2,1.51,9140
Very Good,E,SI2,1.05,4851
Ideal,E,VVS1,0.31,1105
Premium,J,SI1,1.73,9105
Ideal,G,VVS2,0.4,931
Ideal,G,VS1,0.33,854
Very Good,G,VS1,0.72,2671
Premium,E,SI1,1.03,5710
Ideal,G,VS2,0.42,847
Good,F,SI2,1.0,3858
Ideal,H,SI2,1.29,5926
Ideal,F,VS1,1.09,8422
Premium,J,SI1,1.77,9704
Ideal,J,VS2,0.38,617
Ideal,G,IF,0.43,1280
Premium,H,SI2,2.06,16098
Ideal,F,IF,0.3,886
Premium,I,SI2,1.06,3579
Ideal,I,VVS1,0.43,1120
Very Good,E,SI2,0.6,1250
Very Good,J,VVS2,1.5,9306
Premium,E,VVS1,0.53,2514
Very Good,I,VS1,0.53,1350
Ideal,G,VS1,0.53,1721
Fair,J,SI2,1.21,3984
Good,D,SI2,0.92,3843
Good,E,SI1,0.7,2370
Fair,H,VS1,1.0,5242
Very Good,E,SI1,0.72,2618
Ideal,H,VS1,0.62,1808
Ideal,F,VVS2,0.32,786
Ideal,F,VS2,0.56,1723
Ideal,G,SI1,0.9,4059
Premium,F,SI1,1.62,13298
Ideal,G,VS1,0.43,880
Ideal,I,SI2,2.4,17039
Ideal,F,SI1,1.02,5773
Fair,I,SI2,1.12,3669
Ideal,D,SI1,0.36,663
Premium,E,VS2,0.72,3024
Ideal,I,VS2,0.86,3121
Ideal,J,SI2,1.7,8505
Premium,H,SI2,1.29,5924
Fair,F,SI1,0.71,2149
Very Good,E,VVS1,0.23,485
Ideal,D,VS2,0.33,1002
Ideal,E,SI2,0.72,2401
Ideal,G,VS2,0.31,698
Ideal,G,SI1,0.32,477
Ideal,E,VVS2,0.39,1300
Ideal,F,VS1,0.32,716
Premium,G,IF,0.38,1227
Very Good,E,VS1,0.32,618
Fair,G,SI1,0.9,3629
Very Good,E,SI1,0.9,4315
Ideal,F,VS1,0.31,642
Very Good,E,VS2,0.4,705
Premium,H,SI2,1.15,4830
Ideal,F,VVS2,1.3,12734
Ideal,E,VVS1,1.01,11154
Premium,H,SI1,1.02,4102
Ideal,E,SI1,0.85,4089
Ideal,D,SI1,0.4,772
Premium,E,I1,0.5,840
Very Good,G,VS1,0.36,741
Ideal,J,VVS2,0.42,673
Ideal,H,VS2,0.33,521
Very Good,E,SI1,0.3,526
Premium,I,VS2,1.31,6921
Ideal,E,VVS1,1.02,11128
Ideal,G,VVS2,0.52,2012
Ideal,G,IF,0.32,1020
Premium,H,VVS1,0.24,554
Very Good,H,SI2,0.9,3250
Very Good,D,VS2,1.0,6190
Ideal,D,SI2,0.73,2729
Ideal,F,SI1,0.72,2385
Ideal,F,VS1,0.25,436
Very Good,G,SI2,1.01,4176
Ideal,J,VVS2,0.31,476
Ideal,F,IF,0.3,873
Ideal,G,VVS2,1.03,7876
Ideal,H,VVS1,0.33,730
Premium,G,SI2,1.7,10472
Premium,D,SI1,0.43,830
Ideal,G,VS1,1.09,8305
Premium,J,VS2,0.92,3091
Ideal,F,VS1,1.25,9586
Premium,G,VS1,1.51,12831
Premium,E,SI1,0.4,737
Very Good,E,SI2,0.5,1104
Ideal,I,VS1,0.77,2736
Premium,G,VVS1,1.51,15420
Very Good,G,VS2,1.01,6773
Premium,D,SI2,0.56,1388
Premium,F,VS2,1.0,6328
Premium,G,VVS2,1.0,7589
Ideal,H,IF,0.73,3429
Ideal,H,IF,0.4,1238
Premium,G,VS1,0.56,1999
Ideal,D,VS2,0.31,734
Good,E,VS2,0.41,981
Ideal,F,VS2,0.3,605
Good,H,VS2,0.7,2428
Very Good,E,SI1,0.4,687
Ideal,G,SI2,0.32,540
Good,H,SI2,0.7,1950
Premium,E,VS1,0.31,734
Premium,F,SI2,1.02,4238
Ideal,D,SI1,0.31,571
Ideal,G,SI1,0.36,571
Very Good,F,VS2,0.7,2473
Premium,G,VS1,1.04,6814
Very Good,G,SI2,0.7,2141
Ideal,F,VS2,0.31,802
Very Good,G,SI2,1.51,7154
Fair,E,SI2,0.98,2855
Ideal,G,VVS2,0.47,1618
Premium,G,VS1,0.3,776
Very Good,D,VS2,1.5,13287
Ideal,H,SI1,1.2,6675
Ideal,F,VS1,0.36,789
Ideal,H,VS1,1.1,6586
Ideal,E,SI2,0.83,3103
Good,D,SI1,0.7,2546
Premium,D,SI1,0.78,3103
Ideal,D,VS2,0.71,3321
Premium,H,VVS2,0.9,4657
Ideal,E,SI2,0.54,1340
Ideal,G,SI1,0.3,477
Very Good,H,VS2,0.31,489
Ideal,I,VS1,0.27,432
Very Good,F,VVS2,0.51,2633
Very Good,F,SI1,1.13,5017
Ideal,E,SI2,0.51,1128
Very Good,I,SI1,1.05,4688
Premium,I,SI2,1.29,4291
Very Good,I,SI2,1.5,7392
Good,D,SI2,0.5,958
Ideal,F,SI1,0.51,1394
Ideal,J,SI2,2.07,12778
Ideal,H,VS2,1.22,6947
Good,H,VS2,0.37,584
Ideal,G,SI2,0.78,2240
Ideal,H,VS2,0.25,367
Good,H,SI2,0.9,3024
Very Good,J,SI1,1.51,6942
Ideal,H,VVS2,0.26,508
Premium,H,VS2,0.33,624
Ideal,J,SI1,1.35,4423
Ideal,F,VVS1,0.37,960
Very Good,G,VS2,0.37,649
Ideal,E,VVS1,0.51,2720
Very Good,D,VS2,0.42,910
Premium,G,VS2,0.33,743
Ideal,H,VVS1,0.73,3220
Premium,D,SI2,0.96,4274
Premium,E,SI1,0.3,675
Ideal,D,SI1,0.36,851
Premium,F,I1,0.5,851
Ideal,G,SI1,1.12,5451
Premium,G,SI1,0.72,2316
Good,E,VS1,0.32,756
Premium,G,SI2,1.37,6260
Good,E,SI1,0.31,544
Premium,E,SI1,1.02,5278
Good,D,SI1,0.51,1363
Ideal,E,SI1,0.34,765
Ideal,D,VS2,1.16,8185
Ideal,D,VS2,0.56,2066
Ideal,D,SI1,0.3,552
Ideal,D,SI1,0.34,803
Premium,H,VS2,1.52,11206
Ideal,G,SI1,0.55,1605
Very Good,G,SI1,0.71,2206
Ideal,G,SI1,0.25,395
Premium,G,VS1,1.03,6659
Ideal,D,SI1,0.54,1786
Ideal,E,VVS2,0.41,1243
Ideal,E,VVS2,0.31,1046
Premium,D,SI1,0.42,1040
Ideal,F,SI1,0.36,600
Very Good,H,SI1,0.42,761
Ideal,G,VVS2,0.38,879
Ideal,D,SI1,0.62,1959
Ideal,J,VS2,0.9,3160
Very Good,H,VVS2,0.32,596
Ideal,G,VS1,0.52,1689
Ideal,E,VVS2,0.26,769
Premium,F,SI1,0.53,1428
Very Good,H,SI1,1.14,4890
Very Good,H,SI1,1.41,8283
Premium,G,VS2,0.54,1637
Premium,E,SI2,0.9,4133
Ideal,G,SI2,1.28,6412
Ideal,E,VS1,0.79,4240
Very Good,G,VS1,1.01,6529
Premium,E,VS2,0.36,878
Ideal,I,SI1,1.23,5600
Ideal,I,VS1,0.7,2924
Ideal,D,VS1,0.51,1826
Ideal,G,SI2,1.53,9468
Premium,G,SI1,0.71,2386
Good,D,VVS2,0.25,462
Premium,H,SI2,0.97,3346
Very Good,G,SI1,0.6,1565
Ideal,G,SI1,0.85,3670
Fair,D,SI2,0.77,1651
Ideal,D,SI2,0.7,2828
Ideal,J,SI1,1.01,4194
Ideal,J,VS2,0.91,3299
Premium,D,SI1,1.2,7338
Premium,F,VS1,1.55,15966
Good,E,SI2,0.9,3401
Very Good,G,VS2,0.7,2507
Ideal,G,VVS1,1.2,9784
Ideal,D,VS2,0.31,636
Ideal,F,SI1,0.39,707
Very Good,F,SI1,0.9,4435
Good,F,SI1,1.06,4488
Good,F,SI1,0.91,3924
Very Good,G,VS1,1.14,7171
Premium,D,VS2,0.43,1056
Very Good,E,SI1,1.03,5029
Ideal,F,VVS2,0.24,552
Very Good,D,VS2,0.4,720
Ideal,H,VS1,1.8,16683
Ideal,G,VVS1,0.73,3487
Very Good,H,VVS2,1.5,11303
Premium,I,SI2,1.2,4989
Good,G,VS1,0.8,3283
Very Good,E,SI1,1.01,5226
Ideal,D,SI1,0.3,709
Ideal,G,VVS1,0.31,789
Ideal,G,SI2,0.47,784
Very Good,G,VS1,0.27,399
Ideal,H,SI2,0.7,1973
Premium,H,IF,0.33,1010
Ideal,D,VVS2,0.31,766
Ideal,E,VS1,0.41,1153
Ideal,D,VS1,0.34,749
Ideal,F,IF,0.31,1046
Ideal,E,VVS1,0.33,945
Ideal,H,VS2,0.27,509
Ideal,G,IF,0.32,918
Good,I,VS1,0.71,2104
Ideal,I,SI1,2.15,14534
Very Good,H,VS2,1.1,5914
Ideal,G,IF,0.31,871
Very Good,H,SI2,0.74,2222
Premium,H,SI2,1.15,4743
Very Good,H,SI2,1.02,4284
Ideal,I,SI1,0.39,534
Good,D,SI2,0.51,1268
Very Good,I,VS2,0.83,2915
Premium,D,VS2,0.32,972
Very Good,E,SI1,0.7,2777
Very Good,G,SI1,2.0,17724
Very Good,H,VVS2,1.04,6166
Very Good,F,SI1,0.4,882
Very Good,H,VS2,0.76,2599
Premium,F,SI1,0.93,4010
Ideal,G,SI2,1.09,4670
Ideal,E,VVS1,0.27,586
Very Good,E,I1,1.18,3894
Very Good,E,SI1,0.9,4092
Premium,F,SI1,0.8,2890
Ideal,F,VS1,0.41,1007
Fair,E,SI1,1.0,5027
Ideal,D,SI1,0.9,5081
Fair,F,SI1,0.45,794
Ideal,E,VS1,0.4,1125
Very Good,F,VS2,1.01,6159
Ideal,E,VS2,1.01,6787
Ideal,E,SI1,0.35,744
Ideal,H,VVS2,0.75,2992
Ideal,I,VS2,1.03,5378
Premium,D,SI1,0.34,803
Premium,F,VVS2,0.5,1987
Ideal,J,VS1,0.32,421
Very Good,G,VS2,0.3,526
Premium,E,SI1,0.51,1443
Fair,F,VVS2,0.51,4368
Ideal,E,VVS2,0.81,5373
Premium,I,SI2,1.05,4374
Premium,E,VVS1,0.26,599
Very Good,D,VS2,0.51,1793
Ideal,F,VVS1,0.26,769
Very Good,E,VVS2,0.23,485
Ideal,H,VS2,0.71,2622
Premium,I,SI2,2.01,9658
Very Good,F,SI1,1.72,13622
Good,E,VS2,1.5,13899
Ideal,G,VS2,1.01,6108
Very Good,E,VS1,0.5,1801
Very Good,F,VVS1,1.01,10019
Ideal,F,VVS1,0.71,4981
Ideal,F,SI2,0.74,2623
Ideal,G,IF,0.59,2444
Premium,D,SI2,0.3,574
Premium,F,VS2,1.01,6533
Very Good,G,VS1,0.56,1912
Very Good,G,VVS2,1.0,5914
Premium,H,SI2,1.01,4242
Ideal,J,VS2,0.42,628
Good,F,SI1,0.57,1364
Ideal,I,SI2,0.91,2981
Premium,G,VVS1,0.4,1200
Premium,H,VS2,0.91,3853
Ideal,I,SI1,0.48,841
Very Good,F,VVS1,1.18,12175
Premium,E,SI1,0.83,2913
Good,G,SI2,0.5,1009
Ideal,F,VS1,0.41,1076
Very Good,F,VS1,0.43,1056
Ideal,D,SI1,0.33,780
Ideal,H,VS1,1.19,7466
Ideal,E,VS1,1.28,12465
Premium,G,SI1,1.01,4672
Ideal,I,VS2,1.53,9116
Very Good,H,SI1,1.51,9464
Good,D,SI1,0.37,681
Very Good,H,VS2,0.32,505
Premium,F,SI1,0.53,1266
Very Good,E,VS2,1.01,6787
Ideal,G,VVS1,0.42,1235
Very Good,D,SI1,0.42,810
Ideal,H,VVS2,0.4,1125
Ideal,H,VS1,0.5,1384
Ideal,H,IF,0.61,2461
Ideal,F,SI1,0.71,2427
Ideal,F,VS2,0.32,781
Ideal,E,VVS1,0.37,1179
Ideal,E,VS1,0.72,3465
Ideal,F,SI1,1.56,11943
Ideal,F,VS2,1.55,14185
Ideal,D,SI1,0.41,1015
Very Good,F,VVS1,1.42,15665
Premium,I,VVS1,0.52,1733
Premium,H,IF,0.32,1116
Ideal,G,VS1,1.15,7999
Very Good,D,VS2,0.56,1963
Premium,F,IF,0.54,2391
Very Good,D,VVS2,0.25,512
Very Good,H,VS2,0.3,457
Premium,H,SI2,1.73,6968
Very Good,G,SI1,1.22,6278
Very Good,F,SI1,0.9,3950
Very Good,H,VS1,0.3,526
Very Good,E,VS1,0.3,653
Ideal,D,SI2,0.93,3990
Premium,I,SI1,0.52,1105
Ideal,G,VVS2,1.01,8029
Premium,I,SI2,2.04,14605
Ideal,G,SI1,0.4,873
Very Good,H,VVS2,0.31,625
Premium,E,SI2,0.72,2320
Good,H,VS1,0.47,1031
Ideal,F,SI2,0.55,1175
Premium,H,SI2,0.43,887
Ideal,D,VS1,0.42,1350
Premium,E,SI2,0.8,2829
Ideal,D,VS2,0.71,3234
Premium,H,VS2,1.31,7459
Ideal,F,VVS2,1.05,9032
Ideal,D,VS2,0.31,942
Ideal,G,VVS2,0.52,1847
Premium,G,VVS2,0.52,2012
Very Good,F,SI1,0.52,1298
Ideal,I,VS2,0.4,667
Fair,E,SI2,1.0,2948
Good,G,VS2,0.83,3195
Premium,G,VS1,1.24,8449
Ideal,G,SI2,1.28,5995
Very Good,F,SI1,0.43,792
Ideal,D,SI1,0.4,772
Ideal,H,SI2,1.13,4556
Very Good,H,SI1,1.5,9987
Premium,F,SI2,0.9,3457
Very Good,F,SI1,0.79,2633
Ideal,D,VVS2,0.3,814
Premium,D,SI2,0.41,876
Ideal,E,VS2,0.3,911
Ideal,H,VVS2,1.21,9290
Ideal,G,VS1,1.02,7129
Good,J,VS1,0.72,1959
Premium,E,VS2,0.7,2822
Premium,I,SI2,0.91,2981
Ideal,E,VS1,0.4,1053
Good,G,VVS2,0.5,1715
Good,I,VS1,1.58,9775
Very Good,H,VVS1,0.54,1846
Ideal,H,IF,0.3,764
Ideal,E,SI1,0.86,4228
Premium,F,VS1,0.4,1050
Ideal,E,VS2,0.37,1041
Premium,E,SI1,0.33,743
Good,J,VVS2,1.52,8861
Ideal,G,VS1,0.41,961
Ideal,H,IF,0.3,764
Good,F,I1,0.41,646
Very Good,F,VVS1,0.24,608
Very Good,D,VS2,1.52,14680
Ideal,I,SI1,0.7,2110
Good,J,VS2,1.3,5175
Very Good,H,VS2,0.3,608
Very Good,H,SI1,0.42,898
Ideal,H,I1,1.03,3230
Premium,F,VS2,0.41,1107
Ideal,F,VVS2,0.81,4926
Good,J,SI2,1.53,6368
Very Good,E,SI1,1.5,11533
Premium,D,SI1,0.5,1654
Very Good,G,SI1,1.2,6666
Ideal,G,IF,0.31,891
Very Good,G,SI1,0.75,2545
Premium,H,SI1,1.08,5171
Premium,D,SI1,0.34,626
Premium,I,VS1,0.33,668
Ideal,H,SI2,1.08,4536
Good,E,SI1,0.5,1155
Premium,G,VS2,0.41,1061
Ideal,F,SI2,0.71,2202
Ideal,H,SI1,2.01,18252
Very Good,E,SI2,1.0,4704
Ideal,E,SI2,1.11,4969
Fair,G,SI1,0.46,911
Ideal,H,VVS1,0.32,730
Premium,H,VS1,1.37,8424
Fair,G,I1,1.0,2398
Ideal,G,VVS2,0.4,931
Very Good,E,VS2,0.37,811
Ideal,F,IF,0.36,1137
Good,H,SI1,0.34,490
Ideal,F,SI1,1.55,11011
Premium,I,VS1,0.9,3484
Good,F,VS1,0.5,1613
Good,D,SI2,0.94,3125
Very Good,E,SI2,1.22,5739
Ideal,E,VVS1,0.25,740
Premium,I,SI1,1.04,4290
Very Good,F,SI1,0.56,1436
Good,H,SI2,1.22,4782
Very Good,G,VS1,1.01,6353
Premium,I,SI1,1.03,4038
Premium,I,SI1,0.3,394
Ideal,I,SI1,0.31,436
Fair,F,SI1,1.0,4657
Ideal,E,VS2,0.55,1792
Premium,F,SI1,0.7,2441
Ideal,I,VS1,1.1,5291
Premium,E,VS2,0.76,3064
Premium,E,VS2,1.06,6838
Good,F,VS1,0.58,2084
Ideal,G,SI1,0.54,1368
Premium,E,VS1,0.47,1640
Premium,H,SI2,1.01,4412
Premium,F,SI2,1.23,4876
Very Good,D,VS2,0.3,710
Ideal,F,SI1,0.7,2515
Ideal,E,SI2,0.53,1229
Fair,H,SI1,0.7,2051
Ideal,D,SI2,0.71,2262
Ideal,D,VS2,0.33,1002
Ideal,E,VS1,0.62,2492
Ideal,G,SI1,0.56,1340
Ideal,D,VVS2,0.4,1078
Very Good,E,VS2,0.7,2755
Ideal,F,VVS1,0.41,1295
Premium,G,VS1,1.07,6730
Premium,H,SI1,2.07,14476
Premium,I,SI1,0.31,408
Very Good,H,SI1,0.33,463
Good,F,SI2,1.15,4437
Ideal,I,SI2,1.28,5719
Ideal,H,VVS1,0.32,936
Ideal,I,VS1,0.42,771
Ideal,D,VS2,0.34,1033
Ideal,H,VS1,1.67,13887
Premium,H,SI1,0.31,573
Very Good,E,SI2,0.57,1244
Ideal,D,SI1,1.2,7761
Premium,G,VS2,1.27,8549
Premium,D,SI1,0.32,756
Ideal,H,VS1,0.72,3274
Ideal,H,VS1,0.56,1949
Premium,G,VS2,0.34,765
Ideal,H,VS2,0.52,1238
Premium,H,SI2,1.11,4538
Premium,F,SI1,1.0,5292
Very Good,D,SI1,1.04,5605
Ideal,I,SI1,2.12,12284
Ideal,E,SI1,0.31,516
Ideal,F,VS1,0.26,580
Very Good,I,VVS2,1.5,9828
Very Good,D,SI1,1.15,5932
Good,F,SI2,1.59,9100
Premium,G,VS2,0.77,2803
Ideal,F,VS2,0.74,2936
Premium,E,VVS2,0.62,2618
Fair,H,I1,1.82,5993
Very Good,G,VS2,1.11,4834
Premium,E,SI1,1.0,5544
Ideal,G,VVS2,0.54,1801
Ideal,H,IF,0.3,764
Ideal,G,SI1,0.44,772
Very Good,H,SI1,0.3,432
Ideal,H,VS2,0.73,3164
Ideal,E,VVS2,0.3,779
Premium,F,VVS1,0.7,3587
Ideal,H,SI2,0.72,2393
Premium,H,SI2,0.31,390
Very Good,D,SI2,1.01,4588
Very Good,F,VVS2,1.01,8532
Premium,H,SI1,1.52,10330
Good,E,VVS2,0.25,576
Fair,E,SI2,1.01,3801
Premium,G,VS2,1.02,6169
Ideal,G,VS1,0.25,460
Ideal,F,SI2,0.91,3246
Ideal,I,SI1,0.9,3455
Ideal,G,VS2,0.34,765
Very Good,F,SI2,1.5,7560
Good,G,VVS2,0.5,1764
Very Good,H,IF,0.5,1923
Premium,G,SI2,1.01,3923
Very Good,J,VS2,1.86,10798
Very Good,E,VVS2,0.44,1337
Premium,H,SI2,0.73,1699
Ideal,G,VVS1,0.64,2766
Very Good,F,VS1,0.31,675
Premium,G,SI2,0.5,863
Premium,F,SI2,0.34,574
Very Good,F,VVS2,0.27,591
Ideal,E,VS1,0.32,972
Ideal,E,VVS2,0.47,2113
Premium,E,VS2,0.21,386
Very Good,H,SI1,0.76,2593
Ideal,J,SI2,1.27,4693
Premium,H,SI1,1.03,4603
Ideal,I,VS1,1.53,10171
Very Good,F,VVS2,0.25,633
Ideal,G,VS2,0.31,574
Very Good,E,SI1,0.7,3173
Good,J,VS2,1.2,4637
Good,D,VVS2,0.7,3267
Good,G,VS1,1.51,12319
Very Good,E,I1,1.05,3234
Very Good,D,VS2,0.5,1635
Premium,G,VS1,0.31,802
Premium,J,SI2,1.25,4690
Ideal,E,VS2,0.52,1815
Premium,F,SI1,0.7,2492
Ideal,H,VVS1,0.32,692
Ideal,H,IF,0.71,3290
Good,G,VVS1,0.31,761
Good,E,SI2,1.01,4440
Ideal,D,SI2,1.13,4854
Very Good,I,VVS1,0.41,863
Ideal,E,VS2,0.35,722
Ideal,F,IF,0.31,979
Ideal,F,SI1,0.5,1332
Premium,I,SI1,1.7,10331
Fair,F,SI1,1.0,4688
Very Good,F,VS1,0.23,402
Good,E,SI1,1.51,9539
Premium,G,SI1,2.06,13317
Ideal,F,VS2,0.32,828
Ideal,D,SI2,0.9,3990
Ideal,G,VS2,1.13,6891
Very Good,D,SI2,0.75,2782
Premium,J,SI2,1.7,7650
Premium,E,VVS2,0.71,3380
Premium,E,SI1,1.02,5183
Ideal,I,VS2,0.32,576
Premium,F,SI1,1.3,8164
Ideal,E,VS1,0.57,1884
Premium,D,VVS2,1.01,10407
Very Good,H,SI2,1.53,7991
Very Good,D,SI1,0.9,4419
Premium,I,VS1,0.4,945
Premium,G,SI1,0.41,719
Good,G,SI1,0.93,4375
Ideal,H,VVS1,0.34,740
Good,E,SI2,0.9,3584
Premium,E,SI1,0.34,612
Very Good,I,VVS1,0.32,589
Ideal,D,SI2,0.51,1264
Ideal,H,SI2,0.74,2327
Very Good,G,VS2,0.41,827
Ideal,G,SI1,0.71,2776
Ideal,G,SI1,1.52,11105
Premium,D,VS2,1.08,7824
Ideal,F,VVS2,1.03,9290
Ideal,G,VVS1,0.3,1013
Premium,H,SI1,1.42,8102
Very Good,H,SI1,1.02,5047
Ideal,I,VS1,1.32,7617
Ideal,F,VS2,0.32,828
Premium,E,IF,1.34,17663
Very Good,F,SI2,0.7,2070
Very Good,F,SI1,0.5,1220
Ideal,E,SI1,0.5,1316
Ideal,D,VVS1,0.47,2378
Ideal,G,SI1,1.03,4679
Ideal,F,VS2,0.54,1662
Very Good,I,VS1,0.51,1301
Ideal,H,SI1,0.88,3557
Premium,E,SI2,1.01,4878
Ideal,E,VS2,0.76,3864
Premium,F,VS2,0.32,645
Good,J,SI1,1.0,3614
Ideal,D,VS1,0.7,3840
Premium,G,VS2,0.57,1608
Ideal,G,VS2,0.35,646
Premium,D,SI2,0.3,447
Very Good,E,VVS2,0.24,608
Ideal,F,SI2,0.52,1176
Good,H,SI2,1.02,3427
Ideal,G,VS2,0.71,2537
Very Good,I,VS2,0.54,1317
Ideal,F,IF,0.31,914
Ideal,G,IF,0.36,1074
Ideal,E,SI1,0.59,1664
Premium,E,IF,0.7,3403
Very Good,G,VVS2,0.52,1833
Good,F,VS1,0.26,373
Premium,I,VS1,0.38,898
Premium,G,SI1,1.05,4857
Ideal,F,IF,0.41,1439
Ideal,H,SI2,1.04,4543
Good,G,VS1,1.0,4805
Good,I,SI1,0.32,421
Ideal,E,SI1,0.75,3170
Good,E,SI1,1.01,4256
Good,E,SI1,0.4,687
Fair,G,I1,0.7,1069
Good,I,VS2,1.21,5028
Good,F,VS2,1.0,6192
Good,F,SI1,0.3,641
Ideal,G,VVS2,0.3,878
Very Good,E,VVS2,1.51,17689
Ideal,D,SI2,0.53,1412
Very Good,G,SI1,1.21,6549
Ideal,G,VS2,0.31,511
Good,E,SI1,0.5,1136
Ideal,F,VVS2,1.04,9005
Ideal,G,VVS1,0.31,1046
Very Good,I,VS2,0.89,3238
Premium,G,VS1,0.61,2192
Ideal,E,VVS2,0.32,1080
Ideal,F,VVS2,0.28,642
Premium,E,VS2,0.53,1813
Very Good,G,VS1,1.02,6694
Ideal,E,VS2,0.54,1847
Ideal,G,VS1,1.44,12093
Ideal,E,VS1,0.7,2973
Premium,F,VS1,0.3,570
Fair,H,I1,2.0,8064
Very Good,G,VS1,1.2,8596
Very Good,D,SI1,0.3,552
Fair,H,VVS2,1.0,4312
Ideal,E,VS2,0.33,738
Premium,D,SI1,0.57,1949
Very Good,F,SI1,1.0,4234
Ideal,G,VS2,1.08,6769
Ideal,G,VS2,0.7,2375
Ideal,F,VVS2,1.23,11141
Very Good,F,VVS1,0.27,682
Fair,F,SI2,0.7,2075
Very Good,E,SI1,1.02,4524
Very Good,E,SI2,1.01,4355
Very Good,G,SI1,0.7,2281
Ideal,G,VS2,1.02,6333
Ideal,F,VS1,0.72,3294
Very Good,F,VS2,1.21,7826
Ideal,F,IF,0.3,892
Premium,I,VVS1,1.01,4989
Very Good,J,VS2,1.52,7504
Premium,H,VS1,1.19,7277
Premium,D,SI2,1.01,5006
Premium,F,SI2,0.87,2999
Premium,J,VS2,1.51,7553
Very Good,F,SI1,1.08,5256
Very Good,D,SI1,0.43,993
Premium,F,SI2,0.51,1195
Ideal,H,VS1,0.7,3185
Very Good,D,VVS1,0.42,1197
Very Good,G,SI2,0.74,2277
Good,I,SI1,1.63,9730
Premium,G,VS1,0.41,961
Ideal,G,IF,0.46,1560
Very Good,E,SI1,0.9,4034
Ideal,I,VS1,0.3,457
Very Good,I,VS2,0.9,3382
Ideal,H,VS1,0.71,2909
Ideal,H,SI1,1.27,7297
Premium,J,VVS2,1.01,3897
Ideal,D,VVS2,0.31,766
Ideal,D,VS2,0.73,3440
Ideal,D,SI2,0.53,1314
Very Good,G,SI2,0.37,624
Premium,F,SI2,0.7,2184
Ideal,E,SI2,0.94,4972
Good,G,VS1,1.2,8442
Premium,H,VS1,0.36,810
Good,G,SI2,1.0,3906
Ideal,E,VS1,1.02,8244
Ideal,D,SI2,1.09,5164
Ideal,H,IF,0.31,816
Premium,D,SI1,0.52,1720
Very Good,J,SI1,1.01,4346
Very Good,F,VS2,0.9,4678
Ideal,J,SI2,1.26,4860
Good,G,VS2,0.4,807
Ideal,F,VVS1,0.41,1295
Premium,I,VS2,0.38,633
Premium,H,SI2,1.01,4242
Ideal,D,SI1,1.2,9317
Very Good,G,VS1,0.73,2999
Good,G,VS2,1.02,6058
Premium,G,VS2,0.33,579
Good,G,SI2,0.91,3282
Premium,I,VS2,0.91,3282
Ideal,G,IF,0.33,984
Ideal,H,SI1,1.0,4676
Good,G,IF,0.5,1976
Very Good,I,VVS2,0.31,551
Premium,F,SI1,0.9,3936
Very Good,H,SI1,0.7,2176
Ideal,G,VVS1,0.4,1043
Very Good,D,SI1,0.53,1415
Ideal,H,SI1,0.9,3629
Fair,H,VS1,1.5,8044
Premium,E,VS2,1.41,11644
Ideal,I,VS1,0.5,1130
Ideal,G,VVS1,0.32,842
Ideal,D,SI1,0.54,1662
Premium,F,SI2,1.73,9494
Very Good,E,SI2,0.4,611
Premium,F,SI2,2.01,15841
Very Good,F,VS2,0.51,1417
Ideal,D,VVS2,0.38,1200
Ideal,G,VVS2,0.33,965
Premium,F,SI1,0.4,945
Premium,F,VS2,0.52,1605
Very Good,D,VS2,0.4,850
Ideal,E,VVS1,0.3,1102
Ideal,G,IF,1.16,10082
Premium,G,SI2,0.71,2208
Very Good,H,SI1,0.71,2258
Premium,F,SI1,0.81,3043
Ideal,G,VS1,0.35,906
Premium,F,VS2,0.31,802
Very Good,D,SI1,0.31,732
Ideal,G,VS1,0.51,1781
Very Good,F,VVS2,0.68,3112
Ideal,D,VVS2,0.3,741
Premium,D,I1,1.02,3769
Very Good,F,SI1,0.7,2401
Premium,I,SI1,1.68,10151
Premium,G,VVS2,0.32,936
Fair,G,VS2,0.35,1415
Very Good,F,VVS1,0.26,597
Ideal,F,VS2,0.38,800
Very Good,E,VVS1,0.23,492
Ideal,I,SI1,1.03,4434
Very Good,G,SI1,1.01,5192
Premium,F,VS2,1.5,13506
Very Good,E,VVS2,0.23,530
Premium,E,VS1,0.33,781
Fair,F,SI2,1.6,6272
Ideal,I,VS1,0.32,505
Ideal,E,SI1,0.57,1613
Ideal,D,VS1,0.38,1067
Ideal,D,VS2,0.31,942
Very Good,F,VS1,0.8,3460
Premium,D,VS2,0.34,1033
Ideal,H,SI2,0.96,4213
Very Good,D,SI2,1.75,12012
Ideal,D,SI1,0.56,1803
Premium,J,SI2,1.01,2683
Premium,G,SI1,0.95,4150
Premium,J,SI1,1.55,7638
Very Good,I,SI2,2.02,14715
Ideal,G,VS1,0.6,2105
Premium,F,SI2,1.16,5164
Ideal,E,VS2,0.32,662
Premium,E,SI2,0.55,1185
Ideal,I,VS2,0.32,576
Ideal,E,VS2,0.56,1792
Ideal,F,VVS1,0.32,867
Premium,F,SI1,1.23,5641
Ideal,J,VS1,0.43,703
Very Good,H,SI2,1.0,4395
Premium,G,SI1,1.7,9777
Ideal,E,SI1,0.72,3409
Very Good,D,SI1,0.54,1667
Premium,G,VS1,1.16,7962
Ideal,D,VS2,0.35,1063
Premium,E,VVS1,0.31,924
Ideal,E,VS2,1.51,13157
Ideal,F,SI1,1.03,5366
Ideal,G,IF,0.54,2271
Premium,D,VS1,1.17,9934
Ideal,G,VS2,0.3,675
Ideal,D,SI2,1.03,5491
Ideal,E,VS2,0.57,1949
Very Good,I,VVS1,0.3,709
Premium,J,SI2,1.37,5284
Premium,G,VS1,0.35,706
Ideal,E,SI2,2.01,17849
Very Good,E,SI1,0.51,1284
Ideal,G,SI1,1.36,8977
Ideal,F,VVS1,0.7,4246
Fair,H,I1,0.89,1334
Good,I,VS1,0.3,473
Premium,G,VVS2,0.3,878
Premium,E,VVS1,1.04,10350
Ideal,G,VVS1,0.32,814
Premium,I,VS2,1.12,5119
Ideal,D,SI1,0.56,1723
Premium,J,VS1,1.3,6334
Premium,J,SI2,1.07,4105
Very Good,D,SI1,0.34,626
Very Good,J,SI1,1.58,8057
Ideal,G,VS1,1.41,11009
Premium,H,SI2,0.7,2184
Premium,D,VS2,0.4,1050
Fair,I,I1,0.7,1014
Ideal,F,VS1,0.36,1013
Ideal,D,VVS2,1.16,12989
Ideal,I,VS1,1.55,10384
Ideal,F,SI1,0.3,475
Premium,E,VVS1,0.38,1047
Very Good,F,SI2,0.9,3605
Ideal,F,VS2,0.4,843
Ideal,E,VS2,0.7,2979
Very Good,I,VVS1,0.3,552
Fair,F,I1,0.73,1158
Ideal,I,SI1,2.02,16704
Very Good,D,VVS2,0.25,512
Very Good,H,SI1,1.63,10216
Premium,E,VVS2,0.33,950
Good,E,SI1,1.01,4480
Premium,G,SI1,1.51,10688
Ideal,G,VS2,0.31,544
Ideal,D,VS1,0.4,1053
Good,E,VVS2,1.0,8960
Very Good,F,SI2,1.03,4414
Ideal,H,SI2,0.9,3548
Premium,H,VVS2,0.33,666
Very Good,H,SI1,0.62,1446
Ideal,F,SI1,1.5,9347
Ideal,F,IF,0.32,949
Ideal,E,VS1,0.31,942
Ideal,G,VS2,0.43,1093
Ideal,E,VS1,0.4,1180
Very Good,E,SI1,0.34,596
Premium,G,SI2,1.0,4170
Very Good,J,VS2,0.71,1675
Ideal,E,SI2,1.27,6383
Ideal,F,VS1,0.52,2138
Ideal,I,VVS1,0.31,732
Ideal,F,SI1,0.83,3500
Premium,J,VVS2,1.21,5431
Very Good,H,VS2,1.03,5620
Very Good,G,I1,1.03,3060
Very Good,I,VS1,0.81,2655
Premium,F,SI2,1.03,4586
Very Good,E,VS2,0.71,2858
Ideal,E,VVS1,0.32,890
Premium,G,SI1,0.4,900
Very Good,F,SI1,0.71,2346
Ideal,F,VVS2,0.41,1192
Ideal,D,SI1,1.51,11942
Ideal,D,VS1,0.34,742
Ideal,H,VVS2,0.36,932
Ideal,F,VS2,0.56,1619
Premium,E,SI2,1.0,4496
Premium,F,SI1,0.78,2469
Premium,E,VS2,0.59,2578
Premium,H,SI2,1.64,9224
Ideal,D,SI1,0.31,541
Good,E,SI1,0.4,687
Good,I,VS2,1.37,5449
Very Good,H,SI1,1.5,7459
Ideal,D,VS2,0.32,972
Very Good,D,VS2,1.02,6597
Good,I,VVS2,0.33,743
Premium,H,I1,1.08,3118
Ideal,H,VS1,0.26,482
Very Good,G,VS1,0.3,605
Premium,F,SI1,0.4,945
Ideal,E,SI1,0.72,2976
Premium,E,VVS2,0.31,1046
Fair,E,SI1,1.1,3891
Very Good,H,VS2,1.04,4911
Premium,H,VVS2,0.32,828
Very Good,E,SI1,1.55,11764
Premium,F,VVS2,1.02,8616
Premium,H,SI2,1.5,7500
Ideal,F,VS2,0.58,1798
Ideal,G,VS2,0.32,561
Ideal,J,IF,0.4,828
Premium,I,VS2,0.96,3808
Ideal,G,VS1,0.41,899
Good,H,SI2,0.32,517
Very Good,H,VS1,0.63,1991
Good,I,SI2,1.25,5197
Premium,D,VS2,1.22,9756
Ideal,F,SI1,0.9,3950
Ideal,E,VS1,0.38,924
Very Good,F,VS2,0.7,2552
Ideal,E,SI1,0.65,1862
Fair,F,SI1,0.9,3437
Good,D,SI2,1.17,5567
Premium,F,VS2,0.33,854
Fair,F,VS2,0.3,662
Ideal,H,VVS2,0.39,911
Very Good,E,VS2,0.31,680
Ideal,D,SI1,0.34,626
Ideal,H,SI2,1.22,5321
Ideal,E,SI2,0.71,2511
Premium,F,VVS1,0.71,3347
Ideal,G,VS2,1.02,6356
Very Good,J,VS2,0.51,1008
Premium,I,SI1,1.23,5717
Good,J,SI1,0.83,2311
Very Good,G,VS2,1.02,6169
Premium,F,VS2,0.34,686
Good,E,SI1,1.5,10868
Premium,J,VS2,1.5,7308
Very Good,I,VS2,1.7,11190
Very Good,D,I1,0.92,2674
Ideal,J,VS2,1.01,4486
Ideal,F,VVS1,0.31,828
Very Good,F,VS2,1.01,7098
Good,G,SI2,0.77,2550
Ideal,G,SI1,0.32,612
Ideal,F,SI1,0.8,3293
Good,F,VS1,0.7,2970
Ideal,E,VS2,0.39,796
Good,E,VS2,0.76,3249
Very Good,I,SI2,2.2,15424
Ideal,J,SI2,2.02,12736
Premium,H,SI2,1.2,5376
Ideal,D,SI2,1.23,6289
Premium,D,SI2,0.36,537
Good,I,SI2,1.01,3399
Premium,G,VS2,0.56,1698
Very Good,E,SI2,0.52,1372
Ideal,D,VVS1,0.31,934
Ideal,E,VS1,1.51,17649
Fair,G,VS1,1.01,6353
Ideal,G,IF,0.38,1125
Ideal,J,VVS2,1.36,6973
Ideal,H,SI1,0.37,533
Ideal,E,VVS2,0.3,789
Premium,I,VS1,0.3,473
Premium,G,VS2,1.56,13299
Very Good,F,SI1,0.9,3950
Premium,H,VS2,1.23,6291
Ideal,D,VS2,0.51,1882
Premium,E,VS1,1.59,17552
Premium,G,VS2,1.71,11032
Good,E,SI2,0.91,3632
Good,F,VS2,1.12,6925
Ideal,I,VS2,0.39,834
Ideal,I,VS1,0.74,2609
Very Good,H,SI1,0.73,2377
Premium,D,VS2,0.55,2030
Ideal,I,VS2,1.42,6069
Premium,E,SI1,0.4,907
Very Good,J,VS2,2.0,13542
Premium,H,VS2,0.34,689
Very Good,J,SI1,1.13,4385
Ideal,H,VVS1,0.32,905
Premium,J,VS1,1.0,3640
Premium,D,VS1,0.55,1975
Premium,F,VS1,0.43,1129
Ideal,E,VS2,0.5,2100
Ideal,I,VS2,0.8,2694
Very Good,H,VVS2,0.3,605
Ideal,D,VS2,0.31,734
Premium,H,VS2,0.32,505
Very Good,G,SI2,0.32,388
Premium,F,SI1,0.7,2161
Very Good,E,SI1,0.41,705
Very Good,G,VVS2,0.26,486
Very Good,I,SI1,0.5,1073
Good,E,SI1,0.9,4147
Very Good,E,VVS1,0.23,485
Premium,I,VS1,0.24,355
Premium,F,VS2,0.53,1631
Very Good,G,VVS2,1.5,12798
Premium,G,VS2,0.41,1061
Premium,D,VS2,0.36,1094
Premium,I,SI2,1.01,3971
Ideal,D,VS2,0.52,1919
Good,H,SI1,1.21,6022
Ideal,H,VS1,0.41,1024
Very Good,D,VS1,0.33,727
Ideal,D,SI1,0.35,601
Ideal,F,VS1,0.71,3066
Ideal,E,VS2,0.57,2202
Fair,H,I1,1.41,4145
Premium,E,VS2,1.23,9361
Ideal,I,IF,1.5,12725
Premium,F,SI1,0.76,2706
Ideal,G,VS1,1.62,15246
Premium,G,VVS1,0.33,868
Ideal,G,VVS2,0.74,3462
Very Good,F,SI1,0.53,1370
Ideal,H,VVS1,0.83,3570
Good,H,SI1,2.14,14395
Very Good,J,VVS2,0.41,754
Ideal,E,VS2,0.57,1728
Ideal,G,VS1,1.05,7037
Ideal,H,VVS1,0.33,965
Ideal,E,SI1,1.09,5935
Premium,F,VS2,0.31,802
Good,J,VVS2,0.7,1922
Very Good,D,VS2,0.38,871
Premium,H,VS2,0.49,965
Premium,I,SI2,2.08,15321
Ideal,H,VS1,0.31,698
Premium,G,VVS1,0.24,554
Good,H,SI1,1.24,5146
Ideal,E,SI1,0.85,3503
Ideal,I,I1,0.97,2357
Ideal,H,VVS1,0.71,2867
Ideal,D,SI2,0.91,2803
Premium,H,VS1,1.79,14904
Ideal,E,VS1,0.31,942
Ideal,I,VS2,1.05,5347
Premium,G,VS2,1.54,13120
Ideal,E,VS1,0.4,931
Ideal,F,VVS2,0.24,552
Premium,E,VS1,1.01,7839
Ideal,E,SI2,1.03,4522
Ideal,H,SI1,1.22,5985
Very Good,H,VS2,1.5,8936
Premium,J,VS2,2.01,13744
Premium,G,VVS1,0.3,789
Ideal,H,SI1,1.09,4784
Very Good,G,VS1,1.06,7003
Premium,G,I1,1.12,2383
Premium,I,VS2,1.5,9055
Ideal,E,VVS1,0.34,946
Ideal,D,SI2,0.7,2401
Premium,F,SI2,1.0,4155
Ideal,E,VS2,0.31,680
Very Good,E,SI1,0.9,4151
Good,F,VS2,0.51,1444
Very Good,D,VS2,0.4,868
Very Good,E,SI2,0.8,2623
Ideal,F,VS1,0.32,876
Premium,G,VVS1,0.3,789
Ideal,F,VVS1,1.22,13029
Very Good,H,VS1,0.71,2428
Fair,H,I1,1.5,5645
Very Good,I,SI1,1.51,8637
Very Good,E,VS2,0.71,2795
Good,F,VVS1,0.26,679
Premium,F,SI1,0.9,4232
Ideal,H,VS2,0.41,1163
Ideal,F,VS1,1.05,7955
Premium,G,VS2,1.52,13768
Premium,I,VVS2,0.34,596
Premium,G,VS1,0.3,776
Ideal,J,SI1,0.72,1864
Good,G,SI2,1.08,4241
Premium,I,SI2,2.11,13701
Good,G,VS2,0.32,561
Very Good,F,VS1,0.4,1089
Very Good,H,SI1,0.41,683
Very Good,H,VS1,1.65,12773
Very Good,H,VS2,0.31,628
Premium,F,VS2,0.31,802
Very Good,D,SI1,0.41,738
Very Good,H,VS1,0.71,2569
Ideal,G,SI2,0.53,1113
Ideal,E,SI2,1.2,6006
Ideal,D,VS2,0.5,1845
Ideal,G,VVS2,0.52,1911
Premium,F,VS2,1.51,14334
Ideal,D,VS1,0.53,2340
Premium,G,VVS1,0.3,789
Very Good,I,VS2,1.51,9185
Ideal,I,VVS1,0.23,414
Ideal,F,VS1,0.32,716
Ideal,I,SI1,2.01,15140
Premium,F,VVS1,0.31,1028
Ideal,F,VS1,0.46,1418
Very Good,I,VS2,1.01,5067
Premium,D,SI1,0.3,709
Ideal,H,VS1,0.26,448
Fair,H,I1,3.65,11668
Ideal,G,VS2,1.08,6586
Premium,G,VS2,0.41,827
Premium,F,SI1,0.45,1046
Very Good,E,SI2,0.5,1154
Ideal,G,VS1,0.57,1943
Very Good,H,VS2,1.62,11427
Premium,H,VS2,1.51,10411
Very Good,G,VS2,0.41,800
Fair,H,I1,2.14,6328
Premium,F,VVS2,0.36,766
Very Good,H,VS2,2.02,18398
Premium,I,SI1,2.02,16368
Very Good,G,SI1,0.91,3830
Premium,F,VS2,0.42,884
Ideal,D,VVS2,0.33,893
Good,H,SI1,0.51,1116
Very Good,E,SI1,0.55,1381
Ideal,H,VVS2,0.31,778
Premium,E,VS2,0.3,658
Good,F,SI2,0.32,421
Fair,F,VVS1,1.32,12648
Ideal,H,VS2,0.4,725
Ideal,G,VVS1,0.42,1235
Very Good,G,VVS2,1.42,12891
Ideal,D,VVS1,0.37,1292
Premium,D,SI1,1.01,5210
Ideal,E,VS1,0.27,470
Ideal,D,SI2,1.15,5891
Very Good,G,VVS1,0.3,691
Very Good,H,VVS2,0.77,3208
Very Good,I,VS2,0.7,2034
Premium,G,SI2,1.01,4249
Premium,H,VVS1,0.44,1119
Ideal,I,VVS1,0.42,884
Premium,G,VS1,1.22,8779
Ideal,G,VS1,1.05,7523
Good,H,SI1,1.51,9681
Ideal,D,VVS2,0.52,2362
Ideal,E,VS2,0.5,1624
Ideal,E,VVS2,0.41,1187
Ideal,I,VVS1,0.73,2561
Ideal,G,VS2,1.75,16783
Ideal,E,VVS2,0.3,742
Very Good,E,VS2,0.91,4823
Ideal,D,SI1,0.41,791
Premium,H,SI1,0.73,2107
Premium,E,SI2,0.5,1181
Ideal,F,VS1,0.7,2874
Very Good,E,SI1,0.78,3385
Premium,J,SI2,1.62,5157
Premium,I,SI1,2.01,15528
Very Good,G,VS1,0.35,659
Ideal,E,SI1,0.31,698
Ideal,G,SI1,0.59,1437
Premium,J,SI1,1.31,4490
Premium,D,IF,0.31,1167
Ideal,E,SI1,0.62,2156
Ideal,G,SI1,0.34,531
Premium,H,SI1,1.01,4513
Fair,D,SI1,1.0,5331
Ideal,I,IF,0.41,1007
Good,G,VS1,1.24,9405
Very Good,F,VVS2,0.25,575
Very Good,F,VVS2,0.24,552
Very Good,E,I1,1.51,6139
Premium,E,VS2,0.36,1013
Premium,G,VS2,0.43,1113
Very Good,D,VS1,0.3,661
Ideal,J,SI2,2.63,16914
Premium,D,VS2,0.3,911
Premium,G,VS1,0.3,776
Very Good,F,VS2,1.0,6283
Very Good,F,VVS1,1.01,9908
Ideal,F,SI2,1.0,5798
Ideal,F,VS2,1.03,6809
Very Good,J,SI1,1.01,3749
Premium,H,SI2,1.74,10270
Ideal,H,SI1,1.08,5867
Very Good,E,VS2,1.02,6366
Ideal,G,SI1,1.01,4672
Premium,J,VS1,1.05,4116
Ideal,H,VS2,0.42,992
Very Good,F,VS2,0.31,625
Ideal,H,SI2,1.79,11643
Premium,E,VS2,0.55,1664
Premium,E,VS2,0.51,1567
Good,F,VS1,0.9,4580
Very Good,G,VS2,1.04,5451
Ideal,E,VS1,0.4,940
Good,E,VS1,0.31,600
Premium,E,VS1,0.7,2800
Ideal,G,VS2,1.01,6108
Ideal,G,VVS2,0.57,2095
Ideal,E,VVS2,0.4,1158
Very Good,E,SI2,1.51,9513
Ideal,H,VS1,1.04,6368
Good,I,SI1,0.34,447
Very Good,J,SI1,0.32,374
Ideal,J,VS1,0.36,513
Good,F,VS1,0.45,1144
Ideal,H,SI1,1.22,6388
Ideal,F,VS2,0.33,619
Very Good,D,SI2,0.96,3419
Ideal,D,SI1,0.75,3152
Ideal,E,SI1,0.32,561
Premium,H,VS2,0.32,505
Very Good,E,SI2,0.72,2376
Ideal,E,VS1,0.51,1851
Very Good,F,SI1,0.91,3195
Good,D,VS2,0.32,657
Very Good,H,SI2,2.43,16170
Very Good,E,VS2,0.47,1320
Premium,D,SI2,1.14,4972
Premium,D,VS2,0.42,825
Very Good,H,VS2,1.5,10023
Ideal,D,VS2,0.83,4378
Ideal,I,VS2,1.51,9297
Very Good,F,VVS1,0.41,1295
Premium,G,VS2,0.54,1637
Ideal,G,VS1,1.01,6794
Premium,H,IF,0.32,842
Ideal,E,SI2,0.7,2375
Ideal,E,VS1,0.35,829
Very Good,H,SI1,0.56,1197
Ideal,F,VVS1,0.31,840
Very Good,D,VS2,0.5,1752
Ideal,H,VS2,0.42,760
Very Good,F,SI1,0.81,2809
Very Good,G,VS1,0.31,802
Very Good,D,SI1,0.36,851
Very Good,E,VS2,0.96,5997
Ideal,F,VS2,1.52,14915
Ideal,G,VS2,1.21,8294
Ideal,D,SI1,0.32,589
Very Good,H,VVS2,0.23,389
Fair,F,SI2,0.52,975
Ideal,H,VS2,1.52,11379
Very Good,D,SI2,1.04,5265
Ideal,H,SI2,0.74,2289
Premium,I,VVS2,1.4,8467
Very Good,H,VVS1,0.63,2127
Very Good,F,VS2,1.06,6627
Ideal,E,SI2,0.73,2059
Very Good,H,SI1,1.51,9694
Ideal,I,IF,0.27,587
Very Good,D,SI1,0.7,3075
Very Good,G,VVS2,1.1,9050
Ideal,D,VS1,0.52,2296
Very Good,D,SI2,1.09,4322
Ideal,F,SI1,1.26,7824
Good,E,SI1,0.7,2150
Ideal,G,VVS2,0.54,1914
Premium,D,SI1,0.72,2567
Very Good,D,SI2,1.0,4419
Premium,F,VS1,0.4,1050
Very Good,E,SI2,0.79,2941
Very Good,H,SI1,2.1,18480
Ideal,F,IF,0.74,4383
Very Good,D,VVS2,0.53,2782
Premium,G,VS1,0.38,1069
Fair,I,I1,1.5,5040
Ideal,E,SI1,0.41,969
Good,G,SI2,0.71,1902
Very Good,G,SI1,1.5,9996
Premium,H,SI1,1.14,5458
Ideal,G,VS1,1.31,10359
Fair,I,SI2,2.0,9610
Premium,D,VS2,0.31,734
Ideal,E,SI2,0.91,4821
Very Good,F,SI2,1.5,9817
Premium,G,VS1,0.52,1815
Very Good,H,VS2,1.51,10950
Premium,H,VVS2,1.32,6520
Ideal,J,VS1,0.7,1782
Premium,F,SI1,2.01,15134
Ideal,G,VVS2,0.56,2167
Very Good,I,VS1,1.01,4129
Ideal,G,VVS2,1.0,7403
Very Good,J,SI1,2.0,12768
Ideal,F,SI2,1.04,4486
Ideal,F,VS1,1.23,8523
Premium,E,VS2,0.35,767
Premium,H,SI2,1.2,5510
Fair,H,SI2,1.52,7388
Very Good,G,VS2,0.51,1438
Very Good,D,SI1,1.01,5122
Very Good,H,SI1,1.03,4800
Very Good,H,SI1,1.5,7708
Premium,D,SI1,0.55,1698
Very Good,E,VS1,0.47,1566
Premium,H,VVS1,0.3,878
Very Good,E,SI2,0.51,1239
Good,D,VS2,0.71,4289
Very Good,H,VS1,1.27,8235
Very Good,H,VS2,1.23,6039
Premium,G,SI1,0.51,1312
Premium,J,VS2,2.42,17168
Ideal,E,VVS1,0.27,752
Premium,J,VS2,0.3,368
Ideal,E,SI1,0.42,773
Ideal,G,VVS2,0.32,936
Ideal,F,SI2,0.44,655
Premium,H,VS1,1.6,12210
Ideal,G,VVS1,0.33,806
Ideal,F,SI2,0.39,587
Premium,G,SI1,2.04,15217
Very Good,E,VVS2,0.39,1054
Premium,H,SI1,0.34,612
Premium,F,VS2,0.31,625
Ideal,F,VS2,1.12,8063
Ideal,F,SI1,0.63,1932
Ideal,E,VS2,0.51,1781
Premium,H,VS2,1.0,4536
Premium,H,SI1,1.21,4743
Ideal,F,VVS2,1.19,10436
Premium,F,SI2,1.51,9471
Ideal,F,SI2,0.58,1332
Very Good,F,SI1,0.52,1244
Ideal,G,IF,0.46,1987
Premium,J,SI1,1.31,5480
Good,E,SI2,1.5,6300
Very Good,H,VS2,0.5,1337
Very Good,H,VVS1,0.32,672
Premium,G,SI1,2.03,15322
Ideal,E,VVS2,0.31,864
Ideal,E,VS2,0.4,975
Good,G,SI2,2.33,13242
Ideal,F,VVS1,0.33,955
Very Good,G,SI2,0.41,784
Fair,G,SI2,0.71,1994
Ideal,G,VS2,1.2,8414
Very Good,G,VVS1,0.74,3328
Premium,H,VS2,1.07,5424
Ideal,J,VS1,0.71,2034
Ideal,F,SI1,0.35,748
Premium,D,VS1,1.21,10706
Ideal,I,VVS1,0.56,1580
Fair,I,I1,1.2,2376
Very Good,E,VS2,0.43,981
Ideal,D,VS2,1.15,8114
Premium,E,VS2,0.32,768
Very Good,D,SI2,0.42,625
Good,H,SI1,0.9,3201
Ideal,D,SI1,0.3,552
Ideal,H,VS2,1.21,7250
Ideal,G,VS2,0.81,3398
Ideal,E,VS2,0.7,2952
Ideal,F,VS2,0.7,2573
Very Good,D,SI1,0.24,475
Premium,F,SI2,1.0,3853
Ideal,I,VS2,1.57,10093
Ideal,H,SI2,2.4,18374
Ideal,E,VS1,0.39,948
Ideal,G,VS2,1.08,6931
Good,I,VS2,2.01,15147
Premium,G,SI1,1.01,4118
Ideal,J,VVS2,1.75,11609
Ideal,D,SI1,0.33,608
Very Good,F,SI1,1.0,4961
Ideal,I,SI1,1.22,5124
Ideal,E,VS2,0.59,1941
Premium,E,SI1,0.31,698
Premium,G,SI2,1.24,3896
Good,G,SI2,1.01,3620
Ideal,E,VS2,0.29,619
Ideal,E,SI1,1.01,5534
Premium,D,VS1,0.7,3001
Ideal,H,SI2,0.91,3363
Very Good,G,VVS1,0.34,819
Good,H,SI2,1.4,6996
Premium,D,SI1,0.91,4429
Premium,F,VS1,0.34,956
Ideal,G,VS2,1.03,6146
Premium,G,VS1,0.3,776
Very Good,D,SI1,0.4,720
Very Good,I,IF,0.54,1708
Very Good,E,VVS1,0.23,530
Very Good,F,VS1,1.51,16402
Fair,E,SI1,1.02,5681
Ideal,J,SI1,1.2,4234
Ideal,G,VS1,0.35,706
Ideal,F,VVS2,0.42,1221
Good,F,VS2,0.33,666
Fair,G,VS1,0.5,1271
Premium,F,SI1,1.22,6932
Premium,D,SI1,0.51,1687
Ideal,F,VS2,0.31,757
Premium,H,VS2,1.2,6250
Very Good,E,VVS1,0.28,612
Ideal,H,SI2,1.65,10349
Ideal,I,VS1,0.72,2868
Good,E,VS2,0.9,4770
Ideal,G,VVS2,0.42,1103
Ideal,J,SI2,1.27,4779
Ideal,G,VVS1,0.43,1118
Good,H,VS2,0.33,668
Ideal,H,VVS2,0.3,590
Ideal,G,SI2,0.3,422
Good,I,SI2,1.49,5407
Premium,I,VS1,1.7,12030
Premium,G,VS1,0.32,828
Good,I,VVS1,0.9,4114
Premium,F,SI2,1.35,6804
Ideal,H,VVS1,0.35,798
Premium,F,SI1,0.51,1406
Premium,G,VVS2,1.02,7741
Premium,G,VVS2,1.01,8163
Very Good,H,SI1,0.91,3998
Very Good,H,VS1,1.01,5055
Ideal,H,SI2,0.7,2202
Premium,F,VS2,0.9,4838
Very Good,H,SI1,1.51,10053
Good,G,VS2,1.5,11577
Fair,F,I1,1.45,4320
Good,E,VS1,0.39,1082
Ideal,E,SI2,0.66,1584
Premium,H,VS2,1.51,11435
Ideal,E,VS2,0.51,1985
Very Good,G,SI1,0.4,702
Very Good,D,SI1,0.34,803
Ideal,H,VS2,1.34,7999
Very Good,E,VVS2,0.72,3719
Fair,I,SI1,1.02,2856
Premium,F,VS2,1.01,6533
Premium,E,SI2,1.39,7311
Premium,G,VS2,1.02,6058
Ideal,E,VS2,0.34,956
Very Good,E,SI2,0.52,1120
Very Good,F,SI2,0.91,4334
Premium,G,VS1,0.38,833
Fair,H,SI2,1.91,6632
Fair,E,VS2,1.01,4972
Very Good,H,VVS1,0.52,1664
Premium,F,VVS1,0.31,801
Premium,E,VVS1,0.23,640
Ideal,G,VS1,1.2,8701
Premium,G,VS1,0.32,828
Ideal,D,VS2,0.31,621
Very Good,F,VS2,0.54,1889
Good,E,SI2,0.71,2226
Ideal,G,VVS2,0.51,1859
Premium,G,VS2,0.51,1546
Premium,F,SI2,1.02,4570
Ideal,G,VS1,1.2,8701
Premium,F,VS2,1.01,6533
Ideal,F,VVS2,0.52,2092
Ideal,D,VS1,0.38,983
Very Good,G,SI1,0.42,687
Ideal,D,SI1,0.36,851
Ideal,I,VS1,0.52,1720
Premium,I,VVS1,0.57,1728
Premium,H,SI1,0.9,3387
Ideal,G,VS1,0.33,854
Ideal,E,VS2,0.53,1739
Ideal,E,VS1,1.06,8567
Ideal,G,VS1,1.26,10371
Good,E,VS2,1.11,7480
Ideal,J,VS1,1.33,6449
Fair,F,SI1,0.75,2700
Very Good,J,SI1,2.02,12598
Ideal,G,IF,0.35,1001
Premium,E,SI2,1.03,4758
Very Good,F,SI2,0.9,3552
Very Good,G,VS2,0.9,3910
Ideal,F,VVS1,1.05,10872
Ideal,H,VVS1,0.5,1648
Ideal,H,SI2,1.06,4516
Very Good,F,SI1,0.7,2423
Ideal,E,SI2,0.51,1170
Good,G,VS1,1.7,14445
Premium,F,SI2,2.13,17045
Ideal,G,IF,0.4,1229
Very Good,D,SI2,0.35,669
Ideal,F,SI2,1.52,9057
Very Good,H,SI1,0.7,2107
Premium,H,VS1,0.32,561
Ideal,F,SI1,0.72,3242
Premium,F,VVS2,0.33,1040
Very Good,H,VS2,0.34,537
Very Good,G,SI1,1.16,5678
Fair,I,SI2,0.96,2540
Ideal,I,SI1,1.55,9117
Ideal,G,VVS2,1.23,9525
Ideal,G,VS1,0.51,1781
Ideal,F,VVS1,0.31,878
Ideal,H,VS2,0.36,568
Good,I,VS2,1.01,3620
Premium,H,SI1,1.02,4558
Premium,E,SI2,1.15,5193
Very Good,I,SI1,1.2,5816
Premium,G,VVS1,0.31,977
Ideal,E,VVS1,0.31,890
Very Good,E,SI1,0.51,1284
Premium,H,SI1,1.0,4724
Ideal,D,SI2,1.09,5258
Ideal,F,VS2,1.13,7756
Ideal,E,VS2,0.3,658
Very Good,H,VS1,0.78,2854
Ideal,H,SI1,1.56,10536
Ideal,D,VS2,0.74,3454
Ideal,D,VS2,0.32,671
Very Good,F,VVS2,0.25,633
Premium,E,VS2,0.55,2030
Ideal,H,IF,0.36,912
Very Good,H,VS2,1.34,7965
Very Good,F,VVS2,0.3,613
Ideal,D,VVS1,0.27,752
Very Good,E,IF,0.56,2833
Very Good,F,SI1,0.3,489
Fair,I,VVS2,1.52,7303
Ideal,G,IF,0.31,891
Premium,F,VS1,1.21,8879
Ideal,D,VS1,0.56,2292
Premium,D,SI2,1.34,7438
Premium,E,SI1,1.06,4689
Ideal,D,VS2,0.31,734
Premium,J,SI1,2.33,14711
Very Good,I,SI1,0.91,3703
Ideal,H,VVS1,0.32,708
Premium,D,SI2,0.31,593
Premium,E,SI1,0.91,4434
Ideal,G,VS2,1.05,6604
Good,H,VVS1,0.77,3096
Good,I,VS2,2.01,16304
Ideal,G,VVS2,0.41,1076
Very Good,E,SI2,2.0,16064
Ideal,D,SI1,0.32,589
Good,D,VVS1,0.3,848
Ideal,G,SI1,0.33,492
Ideal,E,VS2,1.01,7900
Ideal,G,VVS1,1.53,15992
Very Good,D,VS1,0.7,3239
Very Good,I,SI1,1.59,9925
Premium,F,SI2,0.97,3993
Ideal,F,VVS1,0.31,1140
Ideal,H,SI2,2.01,15562
Ideal,F,VS2,0.35,747
Ideal,D,VS2,0.72,3179
Ideal,I,SI1,0.5,1076
Ideal,E,VVS2,0.33,802
Premium,F,VS1,0.5,1666
Good,G,VS1,0.31,583
Good,E,SI2,1.03,4250
Ideal,G,VS1,0.56,1824
Premium,H,SI1,1.04,3902
Ideal,G,IF,0.3,895
Ideal,I,VS1,1.2,5765
Premium,H,SI1,2.01,18188
Premium,E,SI2,1.07,5033
Ideal,G,VS2,1.1,6534
Premium,F,VS1,0.31,872
Good,J,SI1,2.02,12798
Premium,G,VVS1,0.3,1013
Ideal,I,VS2,1.25,4795
Premium,F,SI1,1.06,4774
Premium,I,VS1,1.12,5058
Ideal,G,VS1,1.11,8112
Ideal,F,VVS2,0.57,2339
Ideal,H,SI1,1.04,4515
Ideal,F,VS1,0.39,939
Ideal,G,VS2,0.78,3171
Very Good,D,VS2,0.5,1628
Good,E,SI1,0.32,561
Fair,H,SI1,0.91,3180
Ideal,H,VVS1,0.53,1842
Very Good,G,VS1,0.53,1664
Premium,G,VS1,0.41,961
Very Good,F,VVS2,1.51,17317
Ideal,H,SI1,2.05,17294
Premium,I,VVS2,1.52,10824
Good,F,IF,0.46,1806
Good,E,VS2,0.3,619
Premium,F,VS1,0.71,2879
Very Good,F,VS2,0.55,1676
Very Good,F,VVS2,0.72,3338
Good,G,SI2,1.01,3461
Good,E,VVS1,0.28,492
Very Good,E,VS2,0.59,2094
Very Good,G,SI1,0.3,447
Premium,D,VS2,0.39,1024
Premium,H,SI1,1.39,7986
Premium,E,VS2,0.34,956
Very Good,E,VS2,0.32,702
Fair,I,I1,3.02,10577
Very Good,E,VVS1,1.02,9498
Ideal,G,SI1,0.59,1376
Very Good,J,VS2,1.27,5455
Good,E,SI1,0.41,654
Very Good,H,VS1,0.73,2557
Very Good,H,VVS2,0.24,449
Ideal,E,VVS2,0.3,721
Premium,F,VS1,1.0,7056
Premium,E,VS1,0.37,876
Good,H,SI1,0.3,432
Good,D,SI1,0.5,1235
Ideal,D,VS1,0.35,1065
Fair,G,SI1,1.01,4004
Good,H,SI2,3.01,18593
Ideal,E,VVS2,0.3,742
Very Good,H,SI2,2.04,14810
Good,E,VVS1,1.0,8359
Fair,H,SI1,0.94,3285
Ideal,G,VVS2,1.0,7885
Ideal,D,SI1,0.51,1687
Ideal,I,SI1,0.71,2255
Ideal,G,VVS2,0.35,1024
Ideal,E,VS2,0.71,3191
Very Good,E,SI1,1.02,4901
Good,E,SI1,0.7,2000
Ideal,I,VS2,1.57,10964
Premium,H,VS2,1.5,11360
Fair,E,VS2,0.9,4057
Ideal,F,VS2,1.5,12641
Ideal,E,VS2,1.5,14618
Premium,H,SI2,1.5,5937
Good,H,SI1,0.71,2096
Ideal,H,SI1,0.9,3644
Very Good,D,SI1,0.69,2227
Ideal,H,VS2,0.31,628
Premium,H,VS2,0.3,608
Good,E,SI1,0.91,4523
Very Good,H,VS2,1.02,5255
Premium,G,SI2,2.06,16587
Very Good,F,SI2,0.35,494
Ideal,G,SI1,1.51,8283
Very Good,H,SI1,0.7,2048
Ideal,E,VS2,0.5,1746
Fair,G,I1,0.97,1547
Ideal,G,SI1,0.51,1237
Ideal,J,SI1,0.51,1004
Ideal,D,VS1,1.19,10079
Premium,G,SI1,1.02,4718
Premium,I,SI1,0.4,765
Premium,G,SI2,0.51,1056
Good,G,SI1,1.0,5483
Premium,D,VS2,1.01,7032
Very Good,F,VVS1,0.24,552
Ideal,H,VS1,0.3,675
Premium,J,SI1,1.26,5080
Very Good,H,SI1,1.2,5443
Ideal,G,VS2,1.51,12947
Ideal,F,VS2,0.31,802
Very Good,F,SI2,0.75,2274
Good,F,SI2,0.74,2685
Ideal,F,SI2,1.21,6105
Very Good,I,IF,0.33,694
Ideal,G,VVS1,0.38,1140
Premium,E,SI2,0.31,435
Good,F,VS1,1.52,16519
Ideal,G,SI2,0.52,1150
Very Good,E,VS2,0.5,1624
Ideal,E,SI1,0.5,1331
Ideal,G,IF,0.31,988
Ideal,H,IF,0.35,984
Good,H,VVS2,1.09,6651
Very Good,F,SI2,1.0,4033
Premium,G,VS2,0.57,1728
Very Good,E,SI2,1.0,4321
Very Good,H,SI1,1.26,6320
Ideal,E,SI1,0.33,532
Ideal,H,VS1,0.41,1061
Ideal,J,VS1,1.23,6100
Premium,I,SI1,0.51,984
Very Good,H,VS2,0.51,1251
Ideal,G,VS2,0.38,757
Premium,F,SI1,0.43,792
Premium,G,VVS1,0.31,1046
Premium,H,SI1,0.41,876
Premium,E,VS1,0.5,1801
Ideal,G,SI1,0.32,508
Ideal,F,IF,0.3,886
Good,H,SI2,0.9,3105
Ideal,F,VVS1,1.0,10058
Ideal,I,VS2,1.5,9827
Premium,E,VS2,0.5,1629
Premium,E,SI2,1.51,6342
Ideal,H,IF,0.55,1905
Premium,F,VS1,0.8,3813
Very Good,I,SI1,1.1,4356
Premium,G,VS1,0.5,1746
Ideal,I,SI1,1.01,4413
Premium,I,VS1,0.52,1141
Fair,J,SI2,1.05,2789
Ideal,F,SI2,1.1,5596
Premium,G,VVS1,0.31,1046
Ideal,H,VS2,0.9,4133
Ideal,D,VS1,0.32,780
Fair,H,SI1,0.71,2112
Very Good,J,VVS2,0.33,499
Very Good,I,SI1,1.7,10680
Very Good,F,VS2,0.32,645
Premium,G,VS2,1.01,5864
Ideal,G,SI1,1.02,5367
Very Good,I,SI1,1.0,4538
Very Good,E,SI1,1.53,12386
Good,F,SI2,1.01,4077
Ideal,I,SI2,1.02,3856
Premium,G,SI1,1.5,9954
Ideal,F,SI2,0.56,1212
Fair,E,SI1,1.01,4106
Fair,E,SI1,1.54,12581
Ideal,G,VS2,1.51,13828
Very Good,D,VS2,0.38,871
Very Good,E,SI1,1.0,5239
Good,H,I1,1.5,4022
Very Good,E,SI2,1.0,3763
Premium,H,VS2,1.14,6095
Premium,G,SI2,0.92,3318
Ideal,G,VS2,1.01,6516
Ideal,E,VVS2,0.31,1074
Premium,E,SI1,0.51,1340
Ideal,J,VS2,1.39,6252
Premium,E,SI1,1.51,9647
Fair,H,I1,0.85,1274
Premium,G,VS2,1.73,16960
Premium,G,SI1,1.0,4256
Ideal,F,VS2,1.6,18421
Fair,G,SI1,1.01,3671
Ideal,H,VS2,0.34,689
Ideal,I,SI2,1.0,3629
Fair,G,SI1,0.7,2120
Very Good,F,SI2,0.78,2586
Ideal,F,VS1,0.38,933
Good,G,VS1,0.37,746
Very Good,F,SI1,0.42,926
Ideal,D,SI1,0.52,1720
Ideal,D,SI1,0.56,1814
Very Good,E,VS2,0.56,1819
Premium,J,SI2,1.14,4022
Ideal,H,SI1,1.05,4975
Premium,F,SI2,0.9,3553
Very Good,F,VS2,0.3,605
Good,G,VS1,0.3,776
Ideal,E,SI1,1.5,9828
Ideal,D,SI1,0.79,3242
Ideal,F,SI1,0.32,586
Ideal,E,VS2,0.3,658
Good,F,VVS2,0.71,2960
Very Good,J,VVS2,1.47,8055
Very Good,H,VS2,0.77,2513
Ideal,G,IF,0.34,1084
Ideal,G,VVS1,0.4,1059
Good,E,VS2,0.56,1920
Ideal,G,VS1,0.54,1745
Very Good,G,VVS2,0.3,819
Ideal,G,VVS2,1.24,10395
Very Good,H,VS2,0.7,2498
Premium,E,VS2,0.44,1003
Ideal,I,VS2,0.54,1259
Ideal,G,VS1,0.57,1972
Very Good,J,VS2,0.55,1062
Very Good,F,SI1,1.03,4996
Very Good,G,SI1,0.3,447
Fair,G,SI1,0.71,2045
Ideal,G,I1,1.02,3321
Good,F,SI1,1.36,7197
Premium,E,SI1,0.72,2857
Ideal,E,VS2,0.4,1150
Premium,E,SI1,0.21,326
Ideal,E,SI1,1.06,5250
Premium,I,VS2,1.7,10929
Ideal,F,SI2,2.1,18124
Premium,G,VS2,0.32,720
Premium,H,VVS2,0.7,2536
Ideal,H,SI1,0.32,434
Fair,E,VS2,1.01,5882
Very Good,G,SI2,0.82,2232
Ideal,G,VS1,0.54,1637
Good,H,SI1,1.31,6857
Good,F,SI1,0.51,1220
Ideal,E,VVS1,0.61,3084
Very Good,D,VVS2,0.4,1133
Very Good,E,SI2,0.9,4288
Ideal,F,VS2,0.3,605
Fair,E,SI2,1.01,2797
Good,G,SI1,0.71,2251
Ideal,E,SI1,1.15,6517
Good,G,VS1,0.9,4540
Ideal,I,VS1,0.71,2306
Very Good,G,VS2,0.7,2282
Premium,I,SI2,2.12,15235
Ideal,D,SI1,1.0,5929
Very Good,G,VS2,1.21,7416
Very Good,G,SI2,0.9,3350
Premium,E,SI1,0.91,4729
Very Good,H,SI1,1.07,5143
Ideal,G,VS2,1.11,7443
Very Good,E,SI1,0.55,1406
Fair,H,SI2,0.9,2376
Premium,F,VS2,0.31,802
Very Good,H,SI2,1.06,3996
Premium,H,SI2,1.0,3640
Premium,I,VS1,1.73,12674
Very Good,J,VS2,1.23,5217
Premium,D,SI2,1.58,10934
Ideal,G,VS2,0.4,1035
Ideal,E,VS1,0.3,663
Ideal,G,VS1,0.71,2859
Premium,D,VS2,0.33,1002
Premium,G,VS1,0.32,773
Premium,H,VVS1,0.57,2172
Very Good,E,VS1,0.51,1970
Very Good,D,VS1,0.71,3406
Ideal,D,VVS1,0.32,1067
Ideal,G,IF,0.3,863
Very Good,D,SI1,1.03,5551
Ideal,G,VVS2,0.24,498
Very Good,E,VVS2,0.3,759
Ideal,J,VS2,0.39,642
Ideal,F,VVS1,0.24,963
Very Good,F,VS2,0.51,1774
Very Good,D,VS2,0.53,1825
Premium,E,SI2,1.51,10570
Ideal,H,SI1,1.33,7088
Ideal,I,IF,0.33,891
Good,F,SI2,1.25,6032
Ideal,F,VVS1,0.4,1168
Ideal,H,SI1,1.52,11797
Premium,G,VS2,1.06,6582
Premium,F,VS2,1.04,6906
Ideal,F,VS2,0.7,3064
Very Good,H,IF,0.5,1799
Ideal,D,SI2,0.71,2612
Very Good,F,VS1,0.72,3059
Very Good,F,VS2,0.31,500
Ideal,G,VS1,1.03,7211
Very Good,E,SI2,1.51,9936
Ideal,F,VS1,0.42,1228
Ideal,F,SI1,0.41,755
Ideal,G,VVS1,0.33,838
Ideal,E,SI1,0.41,755
Premium,I,SI2,1.27,4836
Ideal,G,SI2,0.92,4068
Premium,D,SI2,1.52,8366
Good,G,SI1,1.5,10618
Ideal,H,IF,0.32,1080
Ideal,F,SI1,0.7,2662
Ideal,E,SI2,0.5,1104
Premium,H,SI1,2.01,16287
Very Good,F,VS1,0.78,3401
Very Good,F,VS2,0.33,666
Good,D,SI2,1.01,4338
Premium,G,VS1,0.41,961
Ideal,F,VS1,0.37,1041
Ideal,F,IF,0.33,1114
Ideal,I,SI2,1.58,6441
Ideal,D,VS2,0.31,804
Fair,H,I1,0.96,1808
Fair,F,VS1,1.0,4984
Ideal,G,VS2,0.32,561
Premium,E,SI1,1.51,8836
Premium,J,SI2,2.11,12554
Premium,E,SI2,0.43,919
Premium,H,VS1,0.54,1637
Premium,H,VVS2,0.56,1814
Premium,D,SI1,1.03,5653
Good,E,VS2,0.46,1267
Very Good,F,VS2,0.5,1402
Very Good,E,VS1,0.59,2200
Very Good,H,SI2,1.0,3920
Very Good,G,SI2,1.01,4228
Ideal,I,VS1,1.5,9533
Premium,F,SI2,0.91,2564
Very Good,G,VS2,0.56,1590
Very Good,H,VS2,0.4,746
Ideal,F,VS1,0.99,5947
Very Good,H,SI2,1.06,4516
Ideal,E,VVS2,0.26,597
Ideal,D,VS2,0.31,879
Premium,E,VS2,0.3,844
Premium,H,SI1,1.84,13779
Ideal,F,VS1,0.73,3135
Ideal,F,VVS2,0.33,750
Premium,G,SI2,0.7,2268
Ideal,G,VS2,0.72,3344
Ideal,F,VVS2,0.23,530
Ideal,I,VVS2,0.91,4663
Premium,H,VVS1,0.32,730
Premium,F,SI1,1.72,14892
Premium,E,SI1,0.35,614
Ideal,H,VS2,1.0,6133
Premium,G,SI1,1.01,4588
Premium,I,VS2,0.33,594
Good,G,VS1,0.3,605
Ideal,F,IF,0.3,873
Ideal,I,IF,0.32,655
Very Good,D,SI1,1.05,5255
Premium,J,SI1,0.36,541
Premium,F,VS2,0.7,2842
Ideal,G,SI2,1.12,4222
Premium,I,VS1,1.28,6583
Ideal,G,IF,0.31,924
Very Good,F,VVS2,1.23,10835
Very Good,D,VS2,0.31,641
Premium,F,SI2,0.94,3456
Ideal,G,SI2,0.62,1327
Premium,G,SI2,0.55,1280
Good,E,SI1,0.4,882
Ideal,I,VS2,0.32,576
Very Good,F,VVS2,0.25,575
Ideal,H,VS2,0.38,680
Ideal,E,SI1,0.9,4921
Very Good,G,SI2,1.66,9123
Fair,F,VS1,0.73,3002
Ideal,G,VS2,0.41,1061
Premium,F,SI1,0.84,3115
Premium,J,SI1,0.91,2863
Premium,E,VS2,0.52,1622
Ideal,H,VVS2,0.72,2869
Very Good,D,SI1,0.73,2768
Ideal,I,VS1,0.74,2631
Very Good,F,SI1,0.75,2693
Very Good,E,VS1,0.24,430
Ideal,G,VVS2,1.19,9383
Very Good,E,VS2,0.24,367
Premium,D,VS2,0.52,1919
Ideal,G,VVS2,0.31,687
Very Good,G,VS2,1.01,6406
Good,E,VS2,0.8,3273
Very Good,F,IF,0.23,485
Ideal,G,VS1,1.11,8129
Good,G,VS2,0.3,526
Very Good,I,SI2,1.01,4171
Ideal,G,IF,0.33,984
Premium,F,SI1,1.01,4418
Premium,D,SI2,0.7,2167
Fair,F,SI2,0.96,2759
Ideal,E,VS1,0.3,670
Good,H,SI1,1.02,4476
Very Good,F,VVS2,0.26,657
Very Good,F,SI2,1.08,4407
Ideal,E,SI1,0.74,2699
Ideal,G,VVS2,0.54,1985
Ideal,G,SI1,0.93,4546
Ideal,F,SI2,0.71,2637
Premium,E,VS2,0.5,1920
Good,E,SI1,1.01,5251
Ideal,D,VS1,0.55,2119
Ideal,D,SI1,1.0,6073
Ideal,G,VVS2,0.3,684
Premium,H,SI1,2.0,14126
Premium,E,VS1,0.91,4969
Ideal,I,SI1,0.3,422
Very Good,E,I1,0.39,511
Very Good,G,SI1,0.8,3071
Ideal,E,VS2,0.51,1781
Very Good,E,SI1,0.53,1326
Good,E,SI1,0.9,4173
Ideal,I,SI1,2.01,15680
Very Good,I,VS2,2.01,16383
Good,D,SI1,0.36,663
Premium,G,VS2,0.31,698
Good,J,SI1,1.11,3916
Ideal,I,VVS2,0.71,3007
Ideal,F,VS2,0.32,828
Premium,G,VVS2,0.3,819
Ideal,E,SI1,0.34,596
Fair,J,SI1,0.34,497
Good,E,SI2,1.01,4149
Ideal,J,VVS2,0.43,710
Very Good,E,VS2,0.5,1547
Ideal,G,VS1,0.65,2242
Ideal,E,SI2,0.51,1268
Premium,F,SI1,2.0,18493
Ideal,D,VVS2,0.35,882
Ideal,I,VS1,0.3,473
Ideal,F,VS2,1.23,9547
Good,F,VS2,0.32,645
Very Good,G,SI2,1.57,8419
Very Good,E,VS2,1.0,6600
Ideal,E,VS2,0.32,846
Very Good,I,VS2,0.72,2177
Ideal,E,VS2,0.31,872
Ideal,F,VVS2,0.74,4157
Ideal,F,IF,0.43,1580
Ideal,D,SI1,0.82,4135
Premium,G,VS2,1.0,6272
Premium,G,VS2,1.52,12958
Ideal,E,SI2,1.01,4875
Premium,G,VVS2,0.52,2012
Ideal,D,SI1,0.71,2822
Ideal,G,VS2,1.34,9233
Ideal,I,VS1,0.41,824
Premium,F,VS1,0.6,2142
Ideal,D,VVS1,0.41,1582
Ideal,J,SI1,0.59,1228
Ideal,J,VS2,1.51,8217
Premium,G,IF,0.33,1052
Very Good,I,SI1,1.05,4292
Premium,F,SI1,1.0,5292
Premium,H,VS1,1.51,11161
Premium,G,VS2,0.37,944
Premium,E,VS2,0.56,1668
Ideal,H,VVS2,0.41,961
Very Good,I,VS1,1.42,6894
Very Good,E,VS1,1.01,7597
Premium,H,SI2,1.23,5373
Premium,E,VS2,0.4,949
Very Good,E,VVS2,0.28,707
Ideal,E,SI1,0.38,838
Premium,H,VVS1,0.31,786
Very Good,F,SI2,1.04,4508
Ideal,E,SI2,1.16,5001
Ideal,H,SI1,1.57,10521
Ideal,G,SI2,0.79,2453
Ideal,F,VVS1,0.24,678
Very Good,F,SI1,1.0,4851
Ideal,E,VS2,0.78,3276
Ideal,D,VVS1,0.4,1354
Very Good,F,VS1,0.75,3268
Ideal,G,VS2,1.06,6809
Ideal,E,VS1,0.38,1069
Ideal,E,VVS1,0.31,903
Ideal,H,VS2,1.01,5028
Ideal,D,VVS2,0.37,1071
Very Good,H,VVS1,0.31,907
Good,G,SI1,1.01,4641
Premium,E,SI2,0.38,596
Very Good,G,VS2,0.71,2549
Fair,E,SI1,1.43,7928
Ideal,D,SI2,1.03,5021
Ideal,G,VVS2,0.31,907
Ideal,D,SI1,0.61,1752
Very Good,D,SI2,1.52,9030
Ideal,D,SI1,0.31,533
Ideal,E,VS1,0.32,898
Premium,H,VS2,0.33,668
Very Good,E,SI2,1.01,4244
Ideal,G,VVS1,0.43,1207
Ideal,G,VS2,0.53,1607
Very Good,D,SI1,0.42,756
Premium,J,SI1,0.32,365
Premium,H,VS2,1.33,7943
Ideal,F,VS1,0.25,595
Very Good,F,VS1,1.2,9586
Premium,D,SI1,0.72,2903
Ideal,E,VS2,0.56,1915
Very Good,I,VVS2,0.26,427
Premium,H,VS2,0.3,608
Ideal,D,VS2,0.3,710
Very Good,G,SI2,0.39,581
Very Good,E,SI1,1.0,5257
Ideal,D,VS2,0.32,907
Premium,D,VS1,0.58,2192
Fair,E,SI2,1.5,8190
Very Good,H,SI2,1.47,7438
Very Good,G,IF,0.6,2800
Premium,G,SI2,1.18,4988
Ideal,F,SI2,1.24,6503
Ideal,G,VS2,0.59,1844
Ideal,D,VS1,0.34,749
Premium,G,VS1,0.36,932
Premium,I,SI1,0.59,1217
Very Good,E,VS2,1.01,6956
Ideal,I,VVS1,0.3,552
Very Good,G,IF,1.02,8624
Ideal,D,SI1,0.32,756
Premium,E,VS1,0.7,3175
Ideal,F,VVS2,0.31,814
Premium,E,SI2,1.4,6147
Premium,F,VS1,0.5,1838
Ideal,G,SI1,0.79,2898
Premium,F,VS1,1.51,15581
Good,D,SI1,0.3,552
Premium,J,VS2,1.18,3913
Very Good,D,VS2,0.26,403
Ideal,H,IF,1.55,13544
Ideal,G,VVS2,1.13,8192
Ideal,E,SI2,1.51,10210
Ideal,D,VS2,0.3,790
Premium,G,IF,0.43,1433
Very Good,G,VVS1,0.52,2113
Premium,J,VS2,2.02,12832
Very Good,I,SI2,1.01,3792
Premium,D,VS2,0.3,911
Premium,D,VS2,0.3,710
Ideal,D,VS1,0.7,3535
Good,G,SI1,1.0,4758
Very Good,J,VS1,0.72,2136
Premium,F,VS2,1.0,6037
Ideal,I,SI2,0.3,360
Very Good,E,VS2,0.36,789
Premium,D,VS1,0.37,1006
Ideal,I,SI1,1.24,5714
Very Good,F,IF,0.51,2304
Ideal,H,VVS2,1.22,9366
Ideal,H,VVS1,1.34,10255
Ideal,G,SI1,1.02,4988
Premium,E,IF,0.63,2879
Very Good,G,I1,1.03,3018
Ideal,D,VS1,0.59,2319
Premium,E,SI2,2.07,13786
Premium,E,SI1,0.53,2099
Ideal,G,VS1,1.03,7481
Premium,E,SI2,0.59,1229
Premium,G,SI1,1.04,3780
Ideal,F,SI2,2.01,18395
Very Good,H,SI2,1.13,4537
Very Good,E,SI1,1.1,4791
Premium,G,VS2,1.0,5967
Ideal,D,VS2,0.9,5897
Ideal,J,VVS2,0.74,2106
Very Good,H,VS2,0.54,1439
Ideal,F,VVS1,0.41,1356
Ideal,H,VVS1,0.37,815
Premium,H,VS2,1.53,11087
Premium,G,VS2,0.39,1009
Premium,J,VS1,1.0,4032
Very Good,F,VVS1,0.26,657
Premium,E,VS1,1.19,9263
Premium,H,VVS2,0.32,828
Fair,D,VVS2,1.01,8716
Ideal,G,SI1,0.7,2567
Ideal,E,SI1,0.71,3360
Ideal,F,SI1,0.75,3336
Very Good,D,SI2,0.9,3262
Very Good,F,VVS2,1.13,9539
Ideal,I,SI1,1.08,4757
Ideal,H,SI1,0.52,1098
Ideal,F,VVS1,0.33,828
Ideal,I,VVS1,0.43,968
Premium,I,VS2,2.01,17826
Premium,J,SI1,0.31,453
Ideal,F,VS1,1.52,16055
Ideal,I,SI1,1.0,3472
Good,F,VS2,0.23,447
Ideal,E,VVS1,0.31,865
Ideal,D,VS2,0.44,1155
Very Good,F,VVS2,1.0,8950
Very Good,G,VS1,0.32,645
Ideal,D,VS1,0.56,1924
Ideal,E,VS2,0.31,680
Premium,F,SI2,0.94,3095
Good,I,VS2,2.07,15119
Premium,H,VS1,0.52,1577
Good,D,SI1,0.4,720
Very Good,D,SI1,1.18,7093
Ideal,F,VS2,0.7,2671
Ideal,H,VS2,0.8,2834
Premium,J,VS2,2.07,13675
Ideal,F,SI1,1.09,5922
Ideal,I,SI1,1.06,4749
Ideal,I,VS2,1.62,10501
Good,I,SI1,0.7,1995
Ideal,J,VS1,0.41,674
Very Good,F,VS1,0.54,1600
Premium,G,SI1,0.4,870
Ideal,E,VS2,0.3,844
Ideal,H,VS1,1.24,8299
Ideal,G,VS1,0.32,645
Premium,G,SI1,1.1,5088
Premium,H,VS2,0.31,628
Ideal,F,VS2,0.33,854
Premium,J,SI2,3.01,18710
Ideal,D,SI1,0.75,2898
Fair,F,I1,0.34,2160
Premium,E,VS1,1.28,12100
Ideal,D,SI2,1.2,6740
Premium,D,SI1,1.7,15238
Premium,I,SI1,1.03,3288
Very Good,G,SI1,1.0,5522
Very Good,F,VS1,0.74,3226
Premium,D,SI1,1.01,5543
Very Good,H,SI2,1.01,3888
Very Good,J,VVS1,0.41,775
Ideal,D,SI1,0.79,2896
Premium,F,VS2,1.0,6209
Premium,E,VS1,0.7,2826
Ideal,J,SI1,1.03,3921
Very Good,G,VS2,0.72,2776
Ideal,F,SI2,1.17,5556
Premium,J,SI2,2.09,13212
Very Good,D,SI1,0.9,4438
Very Good,F,SI2,0.71,3075
Good,F,I1,1.5,5313
Ideal,F,SI1,0.7,2200
Very Good,F,IF,0.39,1183
Fair,G,VS1,1.0,4630
Fair,E,SI1,0.31,579
Ideal,F,IF,0.31,1046
Premium,I,SI1,1.52,8477
Very Good,G,VVS2,1.0,7215
Ideal,G,VS2,0.7,2593
Good,E,VVS2,0.54,2502
Very Good,H,VVS2,0.4,1125
Ideal,F,VS2,0.32,645
Ideal,I,SI1,1.0,4125
Premium,G,VS2,0.36,589
Ideal,E,VS2,0.32,900
Ideal,H,VVS1,0.32,708
Ideal,E,VS1,0.35,747
Premium,G,SI1,1.03,4900
Premium,G,VS2,1.54,12308
Premium,E,VS2,1.04,7019
Ideal,H,VVS2,0.48,1590
Very Good,G,SI1,1.51,9664
Ideal,G,VVS2,1.14,9013
Premium,G,VVS1,0.3,1013
Ideal,G,IF,0.42,1310
Premium,G,SI2,1.01,4525
Good,E,VS2,1.19,6937
Ideal,G,VS2,0.31,698
Ideal,E,VS2,0.3,658
Ideal,G,SI1,1.23,6509
Ideal,F,VVS1,0.32,828
Ideal,I,VVS1,0.3,709
Very Good,E,SI2,1.01,4581
Ideal,G,VS2,0.55,1833
Ideal,G,VVS2,1.01,7934
Fair,E,SI2,1.43,6086
Ideal,J,SI2,2.5,15246
Very Good,E,VVS1,0.23,518
Premium,G,VS2,1.1,7022
Ideal,D,VVS2,0.4,1323
Very Good,H,SI1,0.71,2207
Very Good,E,VS2,1.51,13757
Premium,I,VS2,1.59,10222
Premium,I,SI1,0.33,572
Ideal,D,SI1,1.03,5804
Ideal,H,VS2,0.32,648
Ideal,I,VS2,0.46,952
Premium,E,SI1,0.52,1303
Ideal,D,SI1,0.5,1272
Premium,E,VS2,0.31,872
Very Good,H,SI1,0.57,1309
Good,D,SI1,1.03,5526
Premium,J,VS1,1.64,9836
Very Good,G,SI1,0.36,606
Premium,G,SI2,1.05,4318
Ideal,F,VS1,1.2,10367
Very Good,D,SI1,0.67,2007
Premium,E,VS2,0.5,1676
Premium,H,VS1,1.51,10655
Ideal,E,VVS1,0.44,1924
Premium,G,VS2,1.25,8820
Ideal,H,SI1,1.21,6629
Very Good,E,SI2,0.91,3438
Premium,I,SI1,0.38,581
Very Good,G,SI1,1.51,10947
Premium,H,SI2,0.55,1246
Premium,G,VS1,0.59,1991
Ideal,E,VS2,0.35,767
Premium,I,VS2,2.04,17028
Ideal,J,SI1,0.38,525
Ideal,I,VS1,1.22,6887
Ideal,E,VS1,0.3,911
Premium,G,VVS2,0.33,965
Ideal,I,VVS1,1.23,6989
Very Good,E,VVS2,1.23,11175
Premium,D,VS2,1.23,9836
Ideal,I,VS2,1.21,6135
Ideal,E,VVS1,0.3,918
Premium,I,SI1,1.18,5088
Good,J,SI2,1.08,3742
Good,I,VS2,0.31,435
Ideal,H,VVS2,0.51,1611
Premium,H,VS2,1.11,5781
Premium,E,VS2,0.34,745
Premium,J,VS2,2.02,14330
Ideal,D,VS2,0.34,1033
Premium,D,SI2,1.03,5076
Ideal,D,VS2,1.01,7792
Very Good,E,SI1,0.75,2868
Ideal,H,SI1,0.36,648
Very Good,G,SI1,1.51,10576
Very Good,F,SI2,0.87,2851
Ideal,G,SI2,0.52,1210
Ideal,F,IF,0.31,1168
Premium,D,VVS2,0.52,2467
Ideal,H,SI2,0.9,4101
Premium,G,VS2,0.77,2846
Very Good,H,VVS1,0.42,1026
Ideal,J,VS1,1.51,8298
Ideal,E,VS2,0.34,956
Ideal,G,VVS1,0.31,1046
Ideal,G,VS1,1.21,6025
Ideal,H,VS1,1.01,4779
Good,E,SI1,0.5,1155
Ideal,E,VS2,0.53,1813
Very Good,H,SI2,1.33,5586
Ideal,E,VVS2,1.14,10512
Good,F,SI1,0.5,1214
Ideal,D,SI1,1.06,6426
Premium,F,SI2,1.02,3996
Very Good,I,VS2,0.77,2584
Very Good,J,VS2,0.3,368
Premium,D,SI2,0.34,650
Very Good,D,VS2,0.52,1664
Ideal,E,VVS2,0.44,1334
Ideal,D,SI2,0.32,612
Premium,F,VS2,0.43,968
Ideal,G,VS2,0.52,2255
Premium,F,SI2,0.37,624
Good,F,VS1,0.56,1758
Good,D,SI2,2.0,17094
Ideal,F,VS2,1.27,6543
Premium,I,VS1,0.31,489
Very Good,D,SI2,0.9,3473
Very Good,G,VVS1,0.31,642
Premium,G,SI1,0.43,968
Good,F,VS2,0.5,1436
Ideal,H,VS1,0.33,727
Premium,H,VS2,2.08,17258
Premium,G,VS2,2.03,18680
Premium,H,VS2,1.01,5400
Very Good,J,VVS2,2.0,15076
Very Good,D,SI1,0.37,681
Very Good,J,VS1,1.59,8515
Ideal,G,VVS2,0.74,3831
Very Good,H,VS2,0.32,505
Ideal,G,VVS2,0.39,902
Very Good,G,VVS2,0.7,2905
Very Good,F,VS2,1.52,14412
Premium,I,VS2,0.75,2329
Very Good,I,VS2,1.13,4348
Premium,G,VS1,1.01,6441
Ideal,D,VVS2,0.28,827
Ideal,I,VS2,0.55,1374
Very Good,E,SI1,0.32,720
Premium,D,VVS1,0.43,1659
Very Good,J,SI1,0.81,2482
Premium,G,SI1,0.37,708
Very Good,H,VS1,0.7,2389
Premium,D,SI1,0.4,924
Very Good,E,SI1,0.91,4031
Ideal,I,SI2,0.51,991
Premium,E,SI1,0.72,2265
Premium,F,VS2,0.7,2648
Ideal,E,VS1,0.59,2294
Ideal,F,SI2,0.4,597
Very Good,E,IF,0.4,1207
Good,E,SI2,1.02,4712
Ideal,E,SI2,1.12,5546
Good,E,VS2,1.51,14709
Ideal,E,SI1,1.53,12791
Premium,H,VS1,0.5,1253
Ideal,I,IF,0.43,1046
Ideal,F,VVS2,0.54,2333
Fair,D,VVS2,0.5,1980
Ideal,E,SI1,1.27,7631
Ideal,G,VVS2,0.42,1031
Good,E,SI1,0.3,526
Very Good,J,SI1,1.64,7739
Premium,F,SI1,0.43,792
Very Good,E,VVS2,0.24,478
Ideal,G,VS2,0.56,1662
Ideal,F,SI1,0.39,697
Good,G,VS1,1.0,6028
Ideal,E,SI1,1.01,5235
Ideal,E,VS2,0.31,872
Fair,E,SI1,1.0,4213
Premium,H,SI2,2.28,16954
Ideal,G,VS1,0.33,666
Very Good,I,VS2,0.9,3709
Premium,F,VS2,0.49,1261
Ideal,H,VS2,0.48,1026
Premium,G,SI2,1.12,4478
Ideal,D,VS2,0.51,1882
Ideal,F,VS1,0.57,2052
Good,G,VVS1,0.31,816
Ideal,G,SI1,0.61,1659
Very Good,H,IF,0.71,3112
Ideal,G,SI2,1.5,7936
Ideal,D,SI2,0.71,2767
Premium,E,SI1,0.71,2516
Premium,F,SI2,1.0,3920
Very Good,F,VVS2,0.23,465
Very Good,H,SI1,1.53,7862
Very Good,H,VS2,0.9,4157
Premium,D,VS1,0.37,1030
Ideal,F,VS2,0.43,904
Fair,F,SI1,0.3,599
Fair,G,SI2,0.5,1035
Ideal,D,VS1,0.71,3090
Very Good,F,IF,0.32,921
Premium,H,SI1,1.02,5084
Fair,E,VS1,0.91,4770
Premium,H,SI1,2.0,11200
Premium,G,VS2,0.41,827
Premium,G,SI1,1.51,10020
Premium,D,SI2,0.7,1987
Good,E,SI2,0.54,1163
Premium,F,SI2,1.62,9106
Ideal,E,SI1,0.83,3775
Ideal,G,VVS1,0.3,764
Very Good,F,VVS2,1.0,8553
Ideal,G,SI2,0.71,2266
Ideal,I,VS2,0.55,1281
Ideal,F,VS2,0.53,1631
Premium,G,SI2,1.5,6720
Fair,F,VS2,1.01,6041
Premium,G,VS1,1.0,5242
Very Good,G,SI1,1.51,11029
Ideal,F,VS2,1.21,10177
Very Good,H,VVS1,0.31,651
Premium,H,SI2,1.03,3749
Ideal,D,VS1,0.55,1890
Premium,G,SI1,0.33,631
Premium,I,SI2,0.9,2948
Ideal,E,SI1,0.36,810
Very Good,I,VS2,1.5,8974
Ideal,G,SI1,0.57,1441
Very Good,F,VVS2,0.4,1088
Ideal,H,VS1,0.43,1329
Premium,G,SI1,0.42,882
Ideal,D,SI1,0.77,2996
Very Good,E,SI2,0.74,2282
Good,D,SI2,1.01,4805
Ideal,G,VVS2,0.32,730
Ideal,I,VVS1,0.35,628
Premium,F,VS2,0.71,2686
Ideal,D,SI1,0.75,2903
Ideal,D,SI1,0.31,571
Ideal,D,SI1,0.36,851
Premium,H,VS2,0.3,608
Ideal,H,VVS2,0.78,3581
Premium,I,SI2,1.1,3604
Very Good,D,SI2,1.0,4348
Ideal,G,VS1,0.25,438
Ideal,F,VVS2,0.32,945
Ideal,F,SI1,0.7,2423
Premium,I,VS1,0.71,2306
Premium,G,VS1,0.43,943
Premium,F,VS1,0.46,1432
Premium,F,SI1,0.4,737
Very Good,D,SI1,0.3,552
Ideal,G,VS1,0.3,776
Premium,G,VVS2,1.34,11118
Premium,D,VVS2,0.34,1052
Premium,G,VS2,0.32,720
Ideal,F,VVS1,1.36,15386
Ideal,F,VS1,1.6,18571
Very Good,G,VS2,1.52,11093
Good,G,VS1,0.32,628
Premium,E,VS1,1.07,8015
Ideal,H,VS2,0.31,628
Premium,G,VVS2,0.5,1838
Ideal,H,VVS1,0.33,730
Ideal,D,VS2,0.34,923
Premium,E,VS2,0.51,1590
Good,F,VS2,0.71,2494
Ideal,E,VVS1,0.52,3097
Good,F,VVS1,0.32,977
Premium,G,VS2,0.31,698
Ideal,H,VVS2,0.4,1125
Ideal,E,VVS2,0.59,2553
Ideal,G,SI1,2.05,18787
Ideal,F,SI1,0.53,1360
Premium,I,SI1,0.72,1858
Very Good,H,VS1,0.83,3153
Very Good,G,SI1,1.1,4997
Ideal,D,SI1,0.51,1884
Ideal,E,SI1,0.4,694
Ideal,G,VVS2,0.55,2129
Very Good,G,SI1,0.91,3884
Ideal,E,SI1,0.34,596
Ideal,D,VS1,0.5,2033
Premium,I,VS2,1.2,4844
Ideal,D,VS2,0.3,911
Ideal,G,SI2,1.24,5520
Ideal,D,SI1,0.64,1967
Ideal,F,SI2,0.54,1173
Premium,E,VS1,1.52,16779
Ideal,H,VVS1,0.82,3420
Premium,E,SI1,0.9,4209
Very Good,E,VS1,0.7,3177
Good,E,SI1,0.58,1287
Ideal,D,VS2,0.66,1981
Premium,F,VS2,0.57,1760
Premium,I,VS2,0.38,812
Very Good,G,VS2,0.31,698
Premium,D,VS2,0.36,852
Premium,D,SI2,1.52,10623
Ideal,H,SI1,1.1,5636
Premium,G,VS1,1.53,14214
Good,D,SI1,1.04,5605
Ideal,G,VS1,0.31,802
Premium,G,VVS2,0.3,684
Premium,F,VS2,0.32,828
Ideal,F,SI1,1.8,16364
Good,F,VS2,1.01,5988
Very Good,E,VS2,1.01,6666
Ideal,D,SI1,0.32,756
Good,F,SI2,1.0,3858
Ideal,I,VVS1,0.4,842
Ideal,I,SI2,2.08,11886
Very Good,F,VS2,0.26,453
Premium,D,VS1,1.0,7280
Premium,I,I1,4.01,15223
Premium,I,SI1,0.31,418
Ideal,D,SI1,0.59,1793
Ideal,E,SI2,1.1,4829
Ideal,G,VVS2,0.32,708
Ideal,I,VVS1,0.7,2492
Very Good,I,SI1,2.0,15249
Very Good,F,SI1,0.4,927
Ideal,H,SI2,1.23,6199
Ideal,F,IF,0.3,873
Ideal,F,IF,0.29,748
Premium,G,VS2,0.9,4022
Ideal,F,SI1,0.72,2642
Ideal,H,SI1,1.07,4918
Ideal,G,VS1,0.31,600
Premium,H,VS1,1.2,6626
Very Good,F,VS1,1.0,6468
Very Good,F,VVS2,0.7,3234
Very Good,F,SI1,0.79,3047
Ideal,F,VVS2,1.01,8971
Good,G,VS1,0.9,4460
Ideal,H,VS1,1.3,8915
Ideal,D,VS1,0.35,1035
Good,H,VVS2,0.32,645
Very Good,E,SI2,0.94,3963
Premium,F,VS1,0.78,3342
Ideal,D,VS2,0.3,911
Ideal,E,VS1,0.26,556
Ideal,F,SI1,1.0,5239
Very Good,G,VVS1,1.0,7507
Ideal,G,IF,0.33,992
Very Good,D,SI2,0.91,3463
Premium,E,VS2,0.3,844
Very Good,D,SI1,1.74,16286
Premium,D,SI2,0.85,2737
Ideal,I,VS1,0.35,552
Ideal,D,VS2,0.31,734
Ideal,G,VVS2,0.41,1007
Ideal,E,VS2,0.34,745
Ideal,H,VVS1,0.74,3804
Good,D,SI1,0.54,1767
Ideal,F,VS2,0.63,2182
Good,E,VS1,0.7,2964
Premium,F,VS1,0.44,1155
Ideal,D,VS2,0.35,829
Very Good,G,SI1,0.43,754
Ideal,F,VVS1,0.31,897
Very Good,I,VS1,0.91,3734
Very Good,E,VS2,1.01,6552
Premium,D,VS2,0.32,842
Very Good,G,SI2,1.51,8574
Very Good,I,SI2,0.71,1938
Very Good,J,VS2,1.02,4354
Very Good,J,VS2,0.71,1930
Fair,G,I1,0.7,956
Premium,G,VS1,0.51,1656
Ideal,D,SI1,0.3,508
Ideal,D,VS2,0.55,1673
Ideal,E,SI1,1.09,6043
Ideal,I,I1,1.5,5695
Very Good,H,SI2,1.12,4538
Ideal,H,VVS2,0.33,666
Ideal,E,VVS1,0.41,1367
Premium,E,VS2,0.72,2822
Premium,E,VVS2,0.36,1102
Good,E,SI1,0.71,2651
Ideal,F,IF,0.3,886
Fair,H,SI2,2.0,11202
Premium,I,SI1,1.6,8852
Ideal,H,SI1,1.12,5291
Good,J,SI2,0.43,490
Premium,F,SI1,1.77,11965
Ideal,E,VVS1,0.55,2609
Ideal,E,SI2,1.01,4832
Ideal,F,VS2,1.01,7014
Ideal,F,SI1,1.52,12153
Ideal,E,VS2,0.56,1915
Good,G,SI2,0.9,3303
Ideal,F,SI1,1.93,18306
Ideal,D,VVS2,0.7,3737
Premium,E,SI1,0.54,1375
Very Good,F,VS2,0.51,1574
Good,I,IF,0.3,631
Very Good,G,VVS2,1.0,7177
Good,D,SI2,1.02,4459
Good,J,SI1,1.32,4573
Ideal,G,VS1,0.55,2025
Ideal,F,SI1,0.79,3081
Premium,F,SI2,0.7,1806
Premium,G,VVS1,1.13,8868
Premium,H,SI1,2.02,13229
Premium,H,VS1,0.32,720
Very Good,G,VS1,0.3,605
Fair,G,SI1,0.9,3145
Very Good,G,VS2,0.84,3596
Premium,G,SI2,1.46,7931
Very Good,H,SI1,0.7,2048
Ideal,J,SI2,1.2,4744
Premium,G,VVS2,0.72,2720
Premium,H,VS1,1.21,7555
Very Good,E,SI2,1.01,3674
Ideal,F,SI1,0.53,1268
Premium,F,SI1,0.9,4047
Premium,H,SI2,1.24,4854
Very Good,E,VS2,0.4,912
Very Good,E,SI2,0.52,1200
Premium,G,VS2,0.7,2314
Ideal,D,VVS2,0.31,982
Ideal,E,VS2,0.7,3612
Very Good,G,VS1,0.36,821
Very Good,E,SI2,1.0,4576
Ideal,G,IF,0.34,974
Very Good,I,VS1,0.7,2411
Ideal,E,SI1,0.52,1737
Premium,I,VVS1,0.4,842
Ideal,D,SI2,0.45,706
Ideal,F,VS2,0.31,757
Ideal,J,VVS2,1.02,3936
Ideal,F,VVS1,0.59,2625
Very Good,G,VVS2,1.0,7528
Ideal,F,VS2,0.37,957
Ideal,E,SI2,1.09,5035
Ideal,G,SI1,0.35,503
Ideal,F,VVS2,0.32,1008
Ideal,E,VS2,0.4,912
Ideal,F,SI1,0.39,919
Very Good,E,SI1,0.5,1128
Good,E,SI1,0.43,739
Premium,F,VS2,0.32,645
Very Good,E,SI1,1.55,10851
Very Good,D,SI1,0.3,709
Ideal,D,SI1,0.31,571
Ideal,H,VVS2,1.03,6638
Ideal,E,VS2,0.3,844
Ideal,E,VS2,0.3,658
Premium,F,SI1,0.4,945
Premium,E,SI2,0.5,1097
Ideal,G,SI1,0.3,477
Ideal,E,VS2,0.53,1743
Very Good,E,SI1,0.56,1785
Ideal,G,IF,0.35,1044
Ideal,E,VS2,0.52,1576
Good,G,I1,0.8,1350
Very Good,F,SI1,0.71,2198
Ideal,G,VS2,0.56,1580
Ideal,H,VVS1,0.71,2918
Ideal,E,VS1,0.36,1094
Ideal,E,SI2,0.76,2680
Very Good,H,VS2,0.33,521
Ideal,F,SI1,0.42,843
Premium,I,SI2,2.19,15032
Ideal,H,SI1,0.41,763
Very Good,E,SI1,0.73,2679
Very Good,G,VVS1,0.24,504
Ideal,J,SI2,1.11,4101
Good,E,SI1,1.0,5299
Very Good,I,VS2,0.31,406
Ideal,G,VVS2,0.55,1916
Good,F,VVS2,1.0,7016
Very Good,H,VS2,0.62,1709
Very Good,G,VS2,1.11,6593
Ideal,G,VVS2,0.42,962
Premium,I,VVS2,0.44,1063
Good,H,SI1,1.21,5893
Premium,H,SI2,1.5,8148
Very Good,F,SI1,0.83,3118
Ideal,D,VS2,0.38,998
Very Good,G,VS1,0.31,640
Good,E,I1,1.02,3051
Very Good,E,VS2,0.41,910
Very Good,D,VS1,1.0,7567
Very Good,D,SI1,1.02,5733
Premium,G,SI2,1.54,8969
Very Good,H,VVS1,0.4,954
Ideal,H,SI1,0.34,647
Premium,E,VS2,0.72,3078
Ideal,E,SI2,0.85,3441
Premium,H,I1,1.03,3172
Ideal,J,VVS2,1.54,9171
Ideal,G,VS1,0.26,456
Ideal,D,VVS2,1.19,12795
Ideal,I,VVS1,1.18,6378
Ideal,G,SI1,0.33,453
Ideal,E,VS2,0.36,738
Premium,G,SI1,0.72,2318
Ideal,G,IF,0.3,956
Ideal,D,VS1,0.56,2170
Premium,H,SI1,0.92,3555
Ideal,F,SI1,0.9,4103
Ideal,D,VS1,0.52,1914
Good,F,VS1,0.7,2381
Good,H,VS1,0.7,2367
Ideal,F,VVS2,0.74,3879
Ideal,E,VS1,1.58,18057
Premium,F,SI2,1.0,4333
Very Good,F,SI1,0.75,2811
Ideal,F,VS1,1.01,7887
Very Good,E,VVS2,0.23,505
Very Good,D,SI2,1.09,3890
Ideal,E,VS2,0.53,1707
Ideal,E,VS2,0.35,984
Very Good,G,VS1,0.36,678
Very Good,F,VS2,0.32,645
Premium,H,VVS2,0.31,802
Good,D,SI1,0.4,720
Ideal,H,SI1,0.41,1056
Premium,E,SI1,1.02,5278
Ideal,J,SI2,1.06,3932
Ideal,G,SI2,1.51,9104
Premium,J,VS2,1.47,7203
Ideal,D,SI1,0.38,1066
Good,E,SI1,1.2,6969
Ideal,F,VVS2,0.24,540
Ideal,H,VS1,0.36,651
Premium,D,SI1,0.72,2718
Very Good,F,VVS2,0.23,530
Fair,J,SI1,0.99,2812
Premium,D,VS2,0.3,710
Premium,H,SI2,1.52,6544
Premium,I,VS2,2.03,16483
Premium,E,SI1,0.31,651
Very Good,G,VVS2,0.91,4849
Good,G,IF,0.44,1407
Very Good,G,SI2,2.02,15877
Ideal,E,VS2,0.41,875
Very Good,E,SI2,1.0,4308
Premium,D,VVS2,1.03,8469
Premium,G,VS1,0.72,2685
Ideal,D,IF,1.02,15575
Premium,F,VS2,0.3,776
Very Good,E,SI1,0.58,1424
Ideal,F,VVS1,0.4,1263
Premium,I,VVS2,0.3,675
Ideal,D,SI1,0.41,744
Very Good,I,IF,0.43,998
Ideal,H,VS1,0.31,544
Very Good,D,SI2,1.01,4799
Premium,E,SI1,0.31,698
Good,E,SI1,0.34,641
Premium,H,SI1,0.4,855
Fair,E,SI1,0.73,2317
Ideal,F,VVS2,1.05,9138
Very Good,F,VS2,0.99,6094
Ideal,E,VS1,0.47,1872
Very Good,E,SI1,1.0,4864
Very Good,H,VVS2,0.34,686
Ideal,E,VVS2,0.73,3780
Fair,E,SI2,1.0,4077
Very Good,F,VS2,0.51,1574
Premium,H,VS2,1.02,5008
Ideal,F,VVS2,1.15,8743
Ideal,F,SI2,1.05,4591
Ideal,G,VS2,0.31,698
Premium,F,SI2,1.02,4541
Ideal,J,VVS1,1.26,6186
Ideal,G,IF,0.34,974
Premium,I,VS1,0.36,729
Ideal,F,SI1,1.09,5768
Ideal,G,VVS2,0.41,1076
Ideal,G,VVS1,0.33,802
Premium,I,SI2,1.51,7577
Premium,I,VVS2,0.34,765
Very Good,H,VVS2,0.71,2594
Ideal,G,SI1,1.07,5444
Premium,H,VS1,1.53,11413
Ideal,H,SI2,1.2,5712
Very Good,F,SI1,0.7,2278
Premium,I,VVS2,0.32,720
Good,D,SI1,1.01,5443
Ideal,F,SI1,0.3,461
Premium,I,SI1,1.22,5368
Ideal,D,VS2,0.72,3099
Premium,D,SI1,0.72,3048
Good,E,VS1,0.7,3175
Premium,H,VS1,0.7,2367
Fair,I,VS2,0.61,1437
Very Good,E,SI2,1.72,11638
Ideal,J,IF,0.32,533
Very Good,I,VVS2,1.2,5107
Good,F,VS2,0.38,719
Very Good,D,SI1,1.0,5390
Premium,E,VS2,0.8,3494
Ideal,D,VS1,0.76,4243
Very Good,D,VVS1,0.24,478
Premium,E,VS2,1.01,6787
Premium,I,VS2,0.77,2275
Very Good,D,SI1,0.51,1437
Very Good,G,VS1,1.01,6239
Premium,H,VVS1,0.7,2603
Ideal,D,VVS1,0.52,3218
Very Good,H,VS1,0.32,561
Ideal,F,VS2,0.31,802
Ideal,J,SI1,2.02,13132
Very Good,G,VS2,1.04,6095
Good,I,SI2,0.94,3079
Premium,E,IF,0.36,1229
Ideal,F,VS2,0.51,1619
Premium,E,SI2,1.33,6256
Ideal,F,SI1,1.8,14814
Ideal,H,VS2,1.06,5889
Ideal,F,VS1,1.13,8674
Very Good,E,VS1,0.4,1053
Good,H,SI2,0.9,3160
Premium,D,VS2,0.9,5001
Ideal,E,VS1,0.4,1291
Ideal,G,IF,0.4,1239
Ideal,F,VS1,0.42,921
Very Good,E,SI1,0.51,1438
Premium,D,SI1,0.5,1654
Ideal,H,SI1,0.34,490
Premium,H,SI2,1.14,3830
Ideal,D,I1,2.75,13156
Ideal,G,VVS1,0.29,673
Very Good,E,VS2,0.7,2513
Ideal,G,VS2,1.16,7600
Ideal,J,VVS2,0.3,439
Fair,F,SI2,1.5,7056
Ideal,D,SI1,0.32,706
Very Good,G,VS1,1.03,6487
Good,F,VS2,1.0,5606
Premium,H,VS2,1.3,7536
Very Good,H,VVS2,0.9,4617
Very Good,H,VS1,1.23,7276
Ideal,I,VS1,0.57,1355
Good,H,SI2,1.7,8115
Premium,D,VVS2,0.65,3003
Premium,D,SI2,1.09,3961
Very Good,E,IF,1.14,12647
Ideal,I,SI1,1.59,10106
Very Good,G,VVS1,0.26,545
Very Good,F,SI1,0.41,755
Ideal,E,VS1,0.41,1153
Premium,H,VVS2,0.35,906
Ideal,I,VVS2,0.35,614
Good,F,SI2,0.86,2819
Premium,J,SI2,1.61,7245
Ideal,F,IF,0.41,1439
Ideal,F,SI1,0.42,992
Fair,F,VS1,0.5,1348
Ideal,D,VS2,0.35,1063
Ideal,E,VS2,0.3,658
Premium,H,VS2,0.71,2363
Ideal,I,VS2,2.06,18779
Ideal,G,IF,1.27,11157
Premium,G,VS2,1.21,8504
Very Good,E,SI1,1.2,6098
Very Good,D,VS1,0.71,2910
Very Good,D,SI1,0.71,2683
Very Good,I,VS2,0.72,2326
Premium,G,VS2,0.41,827
Ideal,I,SI1,1.0,4602
Good,D,I1,1.23,4050
Premium,G,SI1,1.51,11129
Ideal,I,VVS2,0.7,2487
Premium,I,SI1,1.29,6140
Fair,D,SI1,1.51,9293
Ideal,G,SI2,1.0,4284
Ideal,G,SI2,1.04,4566
Very Good,D,SI2,1.0,3304
Very Good,D,SI1,0.62,1949
Ideal,H,SI1,1.26,7701
Ideal,G,VS1,1.22,8830
Premium,F,SI2,0.97,4020
Premium,F,VVS2,1.11,9548
Very Good,D,VS2,0.77,3428
Ideal,I,VS1,0.5,1266
Very Good,F,SI1,0.93,4534
Good,J,VS1,0.3,394
Ideal,F,VS2,1.01,6794
Good,E,SI1,0.4,687
Ideal,G,VS1,1.54,14650
Ideal,G,VS2,0.34,596
Ideal,F,SI2,0.35,591
Good,I,VVS1,0.9,4187
Premium,H,VS2,1.3,5824
Very Good,G,VVS1,0.5,1843
Ideal,D,VS1,0.35,890
Premium,I,VVS2,0.9,3931
Premium,E,VS2,0.5,1746
Ideal,D,VS2,0.53,1956
Good,G,VS1,0.3,776
Premium,H,SI1,1.01,4836
Ideal,E,VVS2,0.37,896
Premium,G,SI1,1.23,5039
Good,G,SI2,2.05,16295
Premium,E,VVS1,0.31,969
Premium,D,SI2,1.52,8897
Ideal,H,VS2,1.56,11922
Ideal,G,VS2,0.71,3299
Premium,H,SI1,0.51,1195
Ideal,G,VS1,0.32,828
Premium,I,VVS1,0.7,2536
Premium,F,VS2,1.0,6352
Very Good,G,VS1,0.7,2591
Ideal,D,VS2,0.31,942
Premium,G,VS2,1.64,14330
Very Good,D,SI1,0.52,1323
Very Good,H,SI1,0.3,421
Ideal,G,SI1,1.06,5393
Ideal,E,VS2,0.61,2248
Very Good,F,VS1,0.23,373
Ideal,J,VS1,0.91,3296
Very Good,G,VVS2,0.76,3655
Ideal,G,SI1,0.79,2898
Ideal,E,SI2,1.07,5393
Very Good,E,SI1,1.0,4435
Fair,G,SI1,0.74,2060
Very Good,H,SI2,0.54,1099
Ideal,F,VVS1,0.3,1041
Fair,H,SI1,1.02,4935
Ideal,H,IF,0.33,838
Ideal,D,SI1,0.3,709
Premium,H,SI2,2.19,17554
Good,G,VS2,1.04,5601
Ideal,J,SI1,1.17,4883
Ideal,F,SI2,1.0,4372
Ideal,F,VS1,0.71,3404
Fair,H,VS1,0.7,1811
Ideal,J,VS1,0.32,540
Ideal,F,VVS1,0.33,955
Ideal,H,VS2,1.08,5850
Premium,D,VVS1,0.45,1736
Ideal,E,VVS1,0.51,2691
Premium,F,VS1,0.4,982
Ideal,F,VVS2,1.28,12841
Premium,H,SI1,1.2,5975
Very Good,D,IF,0.56,4440
Very Good,J,VS2,0.9,3145
Premium,D,VS2,0.3,911
Ideal,H,IF,0.5,1923
Premium,E,VVS1,0.41,1241
Very Good,H,SI2,2.32,18508
Premium,E,SI1,0.4,945
Ideal,H,VVS2,0.38,833
Very Good,F,VVS1,0.28,642
Ideal,F,VS2,0.41,809
Good,D,SI1,1.0,4786
Ideal,H,VVS1,0.54,1774
Ideal,G,VVS1,0.32,779
Very Good,I,VVS2,0.75,2749
Premium,F,VVS2,1.23,11534
Very Good,E,VVS2,0.4,1189
Premium,H,VS2,1.0,3819
Very Good,G,VS1,0.71,2368
Very Good,E,VVS2,0.71,3760
Good,G,VS1,0.9,4479
Fair,G,VS2,0.7,2479
Very Good,J,SI1,1.28,4967
Premium,F,VS2,0.5,1654
Very Good,F,SI1,0.7,2401
Ideal,G,VVS1,0.32,1008
Ideal,E,SI2,0.85,3787
Ideal,I,VVS2,0.3,507
Premium,G,SI2,1.04,3861
Ideal,F,VS1,0.26,618
Ideal,F,SI2,0.54,1098
Very Good,F,SI1,0.54,1346
Ideal,F,VVS2,0.53,2177
Very Good,G,SI2,0.84,3015
Very Good,D,SI1,1.0,5987
Very Good,H,VS1,1.28,8645
Ideal,G,VVS2,0.71,3909
Good,D,SI1,0.36,619
Ideal,H,IF,0.3,764
Good,D,VVS2,0.3,719
Very Good,F,SI1,0.51,1244
Ideal,J,SI1,1.35,6281
Premium,J,SI1,0.36,421
Very Good,G,SI1,0.34,507
Premium,G,VS2,1.08,6532
Fair,F,SI2,0.9,3787
Premium,D,VS2,0.6,2214
Very Good,G,SI2,0.78,2759
Very Good,I,SI1,1.14,4788
Ideal,E,VVS1,0.51,2527
Ideal,I,SI2,1.59,7978
Ideal,H,IF,0.35,921
Ideal,D,VVS1,0.65,4320
Good,D,VS1,0.7,3001
Very Good,I,VVS1,0.31,732
Ideal,G,VVS1,0.34,956
Premium,F,VS2,1.2,7865
Ideal,H,SI2,2.24,16300
Premium,H,SI1,0.36,665
Ideal,E,SI1,1.0,6324
Very Good,E,SI1,0.75,2923
Ideal,D,SI2,1.06,4682
Very Good,I,SI1,0.72,2345
Ideal,F,VS1,0.71,3710
Very Good,G,VVS2,1.22,8975
Ideal,H,SI1,1.02,4746
Very Good,H,VS2,1.7,12833
Ideal,F,VVS1,0.3,1041
Very Good,G,VS1,0.9,4358
Very Good,H,VVS1,1.08,6623
Premium,H,VS2,1.24,6962
Premium,H,SI2,0.95,3652
Premium,I,I1,1.52,3541
Premium,E,SI2,2.03,18310
Good,F,VS2,1.0,6098
Very Good,E,SI1,0.46,1042
Ideal,H,VVS2,0.38,794
Premium,E,SI1,1.71,14319
Very Good,F,SI1,0.34,566
Ideal,E,SI1,0.41,755
Very Good,F,VVS1,1.11,10141
Premium,H,SI1,0.3,554
Very Good,H,VS2,0.7,2377
Ideal,J,SI1,1.55,8301
Very Good,E,VS2,0.5,1606
Very Good,F,VS1,1.23,9346
Very Good,H,VS2,0.98,4826
Ideal,D,VS1,0.31,673
Very Good,F,VVS1,0.71,3626
Premium,G,VVS1,0.3,905
Premium,E,SI1,0.7,2777
Premium,I,VS2,0.33,594
Good,J,SI1,0.78,2035
Ideal,D,VS2,0.82,4327
Very Good,H,SI2,0.78,2316
Ideal,F,VS1,0.33,990
Ideal,I,SI2,0.32,391
Ideal,F,VVS2,0.54,2109
Ideal,G,IF,0.61,2601
Premium,F,SI1,0.72,2364
Very Good,G,SI1,0.58,1379
Premium,J,VS2,2.1,12401
Ideal,H,VVS2,1.12,7091
Ideal,G,IF,1.37,13439
Premium,E,SI1,0.44,1040
Very Good,I,VS2,1.02,4532
Ideal,F,VS2,1.2,9176
Good,I,SI2,1.5,6364
Very Good,F,SI1,0.96,4755
Very Good,E,VVS2,0.24,485
Premium,F,SI1,1.01,4989
Very Good,E,VS1,1.02,7503
Very Good,F,VS2,1.02,6597
Ideal,E,VS2,0.5,1559
Ideal,E,SI1,0.57,1608
Ideal,H,VS2,0.32,505
Good,H,SI2,1.51,7723
Very Good,G,VS1,0.41,823
Premium,J,SI1,1.25,5166
Ideal,I,SI1,1.04,4484
Ideal,G,VVS1,1.52,16492
Very Good,D,VVS1,0.25,533
Ideal,G,SI1,1.06,5461
Ideal,H,SI1,0.8,2553
Ideal,I,SI1,0.7,2287
Premium,H,SI2,2.58,16195
Premium,F,VVS1,1.02,9550
Very Good,F,SI1,0.7,2900
Good,E,VVS1,0.31,826
Ideal,H,SI1,0.66,1609
Ideal,H,VVS1,1.08,9041
Ideal,F,VS2,1.11,7473
Good,H,SI1,0.71,2156
Ideal,I,SI1,0.71,2178
Ideal,H,SI1,1.52,7729
Good,F,VS1,0.24,373
Good,G,VVS1,0.3,678
Very Good,E,SI1,0.7,2459
Premium,F,VVS2,1.2,11021
Very Good,I,SI2,2.0,9435
Premium,G,VVS2,1.01,6371
Very Good,H,SI1,1.66,10134
Good,G,SI2,1.72,10084
Very Good,E,VVS2,0.31,816
Very Good,D,VS1,0.25,388
Ideal,H,SI2,1.13,4932
Ideal,E,SI1,0.5,1409
Very Good,I,VVS2,1.5,10551
Ideal,H,SI1,1.26,6837
Premium,F,SI1,0.81,2926
Good,I,SI1,1.17,4586
Premium,E,SI2,0.94,3758
Very Good,F,VS2,0.77,3692
Very Good,G,VS1,0.32,645
Ideal,H,SI1,1.09,5125
Ideal,E,VS2,0.55,1639
Very Good,G,VS2,0.7,3026
Very Good,F,VVS2,1.01,8525
Ideal,G,VVS2,1.09,8295
Ideal,G,VVS2,0.4,917
Premium,D,VVS2,0.27,799
Very Good,G,VVS2,0.72,3449
Ideal,G,VS1,0.51,1781
Ideal,H,VVS2,0.29,511
Good,E,VS2,0.5,1395
Fair,D,SI1,1.5,10374
Very Good,E,VVS1,0.48,2275
Good,J,VS1,0.76,2015
Ideal,H,VVS1,0.34,995
Premium,F,VS2,0.56,1935
Very Good,F,VVS1,0.25,548
Fair,F,SI1,1.0,5292
Very Good,D,SI1,0.7,2242
Ideal,D,SI2,0.3,413
Ideal,E,VS2,0.5,1624
Very Good,H,VVS1,0.75,2806
Premium,F,SI2,1.01,3597
Very Good,E,VS2,0.8,4263
Ideal,I,VS2,1.07,4764
Ideal,G,VVS1,1.21,11572
Ideal,I,SI2,1.2,5050
Good,F,SI2,0.93,3376
Ideal,G,VVS1,0.25,582
Good,E,SI1,0.54,1601
Ideal,E,SI1,0.38,658
Ideal,D,IF,0.51,3446
Ideal,D,SI1,1.51,13162
Ideal,D,SI1,0.78,3389
Good,D,SI1,0.9,4178
Premium,D,VVS2,0.4,1323
Premium,F,SI1,0.42,992
Ideal,F,VS2,0.74,3246
Ideal,E,SI1,0.81,3413
Very Good,F,SI2,1.01,4299
Good,E,SI1,0.4,737
Premium,H,IF,1.5,13107
Premium,I,SI1,1.51,6756
Ideal,F,VVS2,0.55,2581
Ideal,E,VS1,0.53,1772
Ideal,D,SI1,0.5,1654
Ideal,E,VVS2,0.3,766
Ideal,E,SI1,0.62,1779
Premium,D,SI1,0.9,4181
Premium,H,VS2,1.0,5404
Ideal,F,SI2,0.41,612
Ideal,G,VVS1,0.33,1114
Very Good,E,VVS2,0.9,6466
Ideal,G,SI2,1.07,4401
Ideal,E,SI2,0.77,2677
Ideal,G,IF,0.48,1791
Ideal,E,VS1,0.32,972
Very Good,G,VS1,0.67,2309
Premium,G,SI1,0.3,574
Ideal,G,SI1,1.76,10896
Ideal,J,VS1,0.35,483
Good,E,VVS2,0.25,505
Ideal,G,IF,1.05,9012
Ideal,D,VVS1,0.42,1547
Premium,D,VS1,0.7,3410
Ideal,F,VS1,1.56,17455
Premium,D,VS2,0.5,1752
Premium,F,VS1,0.73,3211
Ideal,I,SI1,1.01,4241
Premium,G,IF,1.24,10584
Ideal,D,VS2,0.32,758
Ideal,D,SI1,0.5,1404
Ideal,I,VS2,1.73,13465
Ideal,H,VS2,1.02,5683
Ideal,F,SI1,0.5,1282
Premium,E,VS2,0.4,912
Premium,J,VS2,3.51,18701
Very Good,I,SI1,1.12,4312
Ideal,E,VVS1,0.35,1044
Fair,H,SI1,1.5,6838
Premium,F,SI2,0.41,604
Ideal,G,VS2,1.5,12468
Very Good,E,VS2,0.7,2765
Ideal,F,VVS1,0.39,1124
Ideal,D,SI1,0.31,571
Ideal,E,SI2,0.54,1340
Fair,D,SI2,1.18,3899
Premium,E,VS2,0.5,1559
Fair,J,VS2,1.09,3443
Very Good,G,SI2,0.7,2117
Premium,H,VS2,1.73,13221
Premium,G,IF,0.36,1148
Very Good,I,SI1,1.01,4525
Good,G,VS1,1.01,6499
Premium,D,SI2,0.9,3312
Premium,G,SI1,1.52,10221
Ideal,E,SI1,1.03,5476
Ideal,F,IF,0.3,873
Ideal,E,VS2,0.31,680
Ideal,F,VS2,0.31,625
Good,F,VS2,0.4,784
Very Good,E,VVS2,0.25,560
Very Good,F,VVS1,0.32,886
Good,E,VS1,0.71,3464
Premium,G,SI2,1.15,4985
Very Good,G,VVS1,0.54,2123
Premium,D,VVS2,0.4,1206
Very Good,F,VS1,0.71,3045
Very Good,G,SI2,1.2,5321
Premium,H,VVS2,0.31,625
Ideal,I,VS2,0.36,523
Ideal,I,VS2,1.33,7148
Premium,G,VS2,1.01,5538
Ideal,F,VVS2,0.3,694
Good,E,VS1,0.41,827
Premium,H,VS2,1.37,8562
Ideal,F,SI2,1.23,5715
Very Good,G,VS1,0.34,880
Ideal,G,SI2,1.0,4861
Fair,E,SI1,1.0,4435
Ideal,J,SI1,1.07,4422
Very Good,H,SI2,0.95,3335
Good,D,VS2,1.01,6176
Very Good,E,SI1,0.46,1032
Very Good,G,SI1,0.6,1554
Ideal,E,VS1,0.31,734
Premium,G,SI1,0.44,772
Ideal,G,SI2,0.35,517
Premium,J,VS2,1.05,4145
Premium,J,VS1,0.39,616
Premium,G,VVS2,1.23,8810
Premium,G,SI2,2.0,15485
Ideal,F,VS1,0.58,1979
Very Good,F,SI2,1.01,4853
Premium,G,VS1,0.3,776
Premium,H,VS1,1.37,8669
Good,F,SI1,1.0,4504
Very Good,F,VS2,0.7,2400
Premium,G,VS2,0.34,765
Premium,E,SI1,0.91,4211
Ideal,H,VS1,0.53,1607
Ideal,F,VVS2,0.7,3644
Ideal,D,VS1,0.71,3576
Premium,E,VS1,0.41,1153
Good,I,SI1,0.71,1774
Premium,I,SI2,0.42,709
Ideal,G,IF,0.73,4142
Very Good,D,VS2,0.58,1750
Very Good,F,VS1,0.5,1657
Premium,D,SI2,0.91,4123
Premium,G,VS1,0.7,2535
Good,F,VVS2,0.24,492
Very Good,F,VS1,1.23,10609
Ideal,H,IF,0.3,764
Very Good,H,SI1,0.91,3762
Ideal,E,VS2,0.32,900
Premium,J,SI1,2.01,13219
Ideal,G,VVS1,0.33,868
Very Good,J,SI1,1.52,7239
Good,F,SI1,0.5,975
Ideal,D,VS1,0.38,1140
Ideal,E,VVS1,0.33,984
Very Good,H,VS2,1.71,12493
Ideal,J,VS2,1.6,8886
Good,E,VS2,0.75,3084
Premium,F,VS2,1.5,14486
Very Good,D,SI1,0.7,2677
Good,G,SI2,1.01,4397
Fair,F,I1,0.5,827
Very Good,D,VS2,0.54,1817
Ideal,E,VS1,0.5,1759
Ideal,D,VS1,0.33,727
Good,G,SI1,1.1,4997
Ideal,E,VS1,0.38,1000
Premium,G,SI2,0.72,1764
Very Good,H,SI1,1.2,6199
Very Good,G,VS1,0.4,871
Very Good,F,VVS2,0.28,642
Premium,D,SI1,0.91,4228
Ideal,E,I1,1.0,3360
Very Good,H,VS1,0.9,4309
Premium,F,VVS2,0.72,3105
Very Good,G,VVS1,0.36,821
Ideal,G,VVS1,1.7,18279
Very Good,D,VS2,0.41,995
Ideal,E,SI2,2.08,18128
Ideal,F,VVS1,1.19,15005
Ideal,D,SI2,0.32,612
Very Good,H,SI1,1.6,9946
Ideal,D,VS2,0.73,3467
Premium,F,VS1,0.5,1715
Good,G,SI2,0.9,3303
Premium,H,VS2,0.91,4018
Ideal,G,VVS2,0.5,1838
Very Good,E,SI1,1.01,5499
Ideal,D,SI2,1.05,5156
Ideal,D,VS2,1.02,9502
Premium,E,VS2,0.37,1041
Good,F,SI2,0.9,3470
Premium,I,VVS1,0.3,552
Very Good,E,SI1,0.91,4211
Ideal,D,VS2,0.32,758
Fair,G,SI2,0.9,2834
Ideal,F,SI2,1.02,4746
Very Good,H,VS2,2.05,15701
Premium,F,VS1,1.04,7495
Good,E,SI1,1.01,5233
Premium,I,SI1,1.24,5555
Very Good,H,VS2,1.61,11627
Ideal,H,SI2,1.27,6403
Premium,G,VS2,0.39,1009
Ideal,I,VS1,0.45,825
Good,G,VVS2,1.01,7137
Ideal,I,SI1,2.04,16718
Ideal,E,VS2,0.4,975
Ideal,I,VVS1,0.31,557
Premium,F,VS1,1.0,7056
Ideal,H,SI1,0.74,2870
Ideal,D,VS1,0.32,977
Premium,H,VVS1,0.34,995
Fair,E,SI2,1.0,3889
Good,D,SI1,0.35,739
Ideal,E,VVS1,0.35,905
Good,G,VS1,0.9,3977
Premium,D,SI1,0.47,987
Premium,G,VS1,1.62,14447
Ideal,G,VVS1,0.28,650
Ideal,H,VS2,0.77,2479
Very Good,H,VS1,0.9,4324
Very Good,G,SI1,0.39,709
Ideal,J,VS1,1.21,5604
Ideal,G,VS1,0.32,828
Good,I,VS2,0.4,855
Premium,E,SI1,0.42,926
Fair,H,VS2,0.5,1332
Ideal,H,SI1,1.52,9235
Very Good,I,VVS1,0.33,608
Very Good,F,SI1,0.42,926
Ideal,F,VS2,0.55,1865
Premium,H,SI1,2.0,17760
Fair,F,SI2,0.9,2964
Ideal,F,VVS2,0.51,2025
Very Good,F,VVS2,0.53,1880
Very Good,E,SI1,1.04,5662
Very Good,E,VS2,0.42,958
Very Good,G,SI1,0.7,2106
Very Good,F,VS1,0.7,2767
Premium,F,SI2,1.01,4197
Very Good,G,SI1,0.57,1340
Good,I,SI1,0.31,523
Ideal,I,SI2,1.06,4591
Very Good,H,SI2,1.86,11416
Very Good,E,VS1,0.3,660
Ideal,E,IF,0.3,957
Premium,H,VVS1,0.3,878
Ideal,E,VS2,1.63,17825
Ideal,G,VS2,1.51,12100
Good,D,SI2,0.7,2312
Ideal,F,IF,0.31,901
Premium,E,VS2,1.41,11269
Premium,G,VS2,0.27,509
Ideal,G,IF,1.08,9035
Good,E,VS2,0.5,1419
Premium,E,SI1,1.51,11873
Ideal,E,VVS1,0.32,1020
Very Good,J,VS2,0.76,2206
Very Good,J,SI1,0.71,1643
Ideal,D,VS2,0.31,734
Ideal,H,SI1,1.67,11678
Ideal,G,VS2,0.3,545
Ideal,G,IF,0.62,2869
Premium,E,SI2,1.5,10080
Very Good,F,SI1,0.9,4054
Ideal,E,VS1,0.55,2079
Ideal,G,VVS2,0.32,936
Very Good,F,SI1,0.75,2573
Premium,G,IF,0.39,1300
Very Good,F,SI1,1.02,5019
Premium,J,IF,2.29,18426
Ideal,I,VS2,1.01,4239
Ideal,G,VS1,1.12,7495
Ideal,H,VS2,0.31,595
Ideal,F,VS2,1.01,7347
Good,E,VS1,0.7,3063
Ideal,F,VVS1,0.4,1168
Very Good,G,VS1,0.35,706
Ideal,F,SI1,1.0,5656
Very Good,H,SI2,1.03,4745
Premium,F,SI1,1.01,4989
Premium,I,VS1,2.02,17153
Premium,F,VS2,0.28,567
Premium,G,VS2,0.4,966
Ideal,G,VS1,0.73,3411
Ideal,E,SI2,1.11,5004
Premium,I,SI1,0.3,506
Very Good,E,VVS1,0.79,3796
Ideal,D,VS2,0.35,1063
Premium,F,VS2,0.4,842
Premium,E,SI1,0.71,2817
Very Good,E,VVS1,0.27,667
Ideal,E,VVS2,0.25,576
Ideal,E,VVS2,0.7,3901
Very Good,J,SI1,1.51,7544
Ideal,H,SI1,1.34,7659
Ideal,D,SI1,0.57,1684
Premium,H,VS1,0.63,1996
Ideal,G,SI1,0.46,979
Ideal,E,VS1,0.51,1636
Ideal,H,VS2,1.22,7584
Very Good,G,SI1,0.91,4045
Ideal,E,VVS2,0.5,2889
Very Good,H,SI2,1.0,3575
Premium,H,SI1,1.2,5718
Ideal,G,VVS1,0.4,1200
Premium,F,VS1,1.4,12401
Premium,H,SI1,0.3,540
Very Good,F,VS1,0.5,1550
Good,D,VS2,1.7,17485
Very Good,J,VS2,1.21,5211
Ideal,D,SI1,0.72,2903
Premium,I,SI2,0.35,512
Ideal,D,VS2,0.34,1033
Ideal,G,SI1,1.01,4588
Ideal,F,VVS2,0.39,988
Ideal,J,VS1,0.41,647
Premium,G,VS1,0.51,1656
Premium,E,VS1,1.52,16628
Very Good,G,VS1,1.2,6814
Ideal,I,SI2,1.24,4812
Ideal,D,SI1,0.32,589
Ideal,H,IF,0.79,4046
Very Good,E,VVS1,0.23,478
Ideal,E,VS1,0.31,722
Ideal,E,SI2,0.46,935
Good,F,VS1,0.3,570
Premium,F,VS2,0.55,1931
Premium,E,VS2,0.36,1013
Premium,F,SI2,1.75,8820
Premium,G,VVS2,1.01,8016
Good,G,SI2,1.0,3676
Premium,I,VS1,0.77,2524
Premium,D,SI1,0.52,1605
Very Good,H,SI1,1.53,10468
Ideal,G,SI1,0.91,4731
Very Good,E,SI1,0.38,701
Very Good,E,SI1,0.92,4254
Ideal,G,VVS2,0.7,2895
Ideal,F,SI2,0.73,2276
Ideal,G,VS2,0.33,743
Good,H,SI1,0.74,2362
Good,D,VS1,0.72,3570
Very Good,E,VS1,0.7,3235
Premium,D,SI1,0.35,827
Very Good,H,VVS1,0.3,878
Premium,H,IF,0.5,1846
Premium,G,VVS1,1.13,8709
Ideal,F,VS2,0.31,802
Ideal,D,SI2,1.11,6129
Ideal,F,VVS2,1.36,12608
Ideal,G,VVS1,1.52,16104
Premium,E,VS2,0.5,1676
Very Good,E,SI2,0.9,3662
Good,E,SI2,0.3,421
Fair,H,SI1,1.52,7433
Premium,I,VS1,0.71,2202
Ideal,F,SI1,0.43,792
Ideal,D,SI1,0.71,3502
Very Good,H,VS2,0.71,2395
Very Good,D,SI1,0.9,3997
Premium,J,VS1,0.31,408
Premium,J,VS2,1.01,3296
Ideal,H,VS2,0.34,689
Very Good,I,SI1,1.7,10341
Ideal,G,VS1,0.52,1722
Fair,J,SI1,1.81,8362
Ideal,F,SI1,0.6,1646
Fair,F,SI2,0.78,2312
Premium,G,SI1,1.01,4525
Ideal,J,VS1,1.14,5339
Premium,H,VS2,2.01,15395
Good,I,VS2,0.59,1294
Very Good,E,VS1,0.29,496
Ideal,E,VVS2,0.31,766
Very Good,I,VVS2,0.3,596
Premium,J,I1,2.63,10628
Ideal,G,IF,0.34,1014
Ideal,H,VVS2,1.21,7954
Good,F,I1,1.0,2098
Ideal,E,VS2,1.01,7013
Very Good,E,VVS2,0.26,547
Very Good,F,VS1,0.51,1722
Premium,H,SI2,1.2,5280
Ideal,J,SI1,0.76,1896
Ideal,F,VVS2,0.33,832
Premium,F,SI2,1.9,12812
Ideal,G,IF,0.34,1014
Ideal,E,SI1,0.55,1551
Ideal,F,SI2,1.0,4425
Very Good,I,VS2,0.53,1190
Premium,E,VS2,0.3,844
Ideal,D,VS1,0.51,1873
Ideal,D,SI2,2.19,18693
Ideal,H,VS1,0.9,5013
Ideal,F,VS2,0.29,504
Ideal,G,VS2,0.32,561
Premium,D,SI1,0.9,3997
Very Good,G,SI1,0.54,1389
Very Good,G,SI1,0.82,2893
Premium,H,VS1,0.33,743
Ideal,H,SI1,1.2,6588
Very Good,E,SI2,0.7,2453
Ideal,D,VVS1,1.0,14498
Ideal,F,SI1,0.51,1406
Ideal,F,SI1,0.7,2573
Premium,E,VS1,0.26,452
Ideal,F,IF,0.41,1304
Premium,H,I1,1.54,4980
Premium,H,VS2,1.04,5561
Ideal,F,VVS2,1.19,10748
Very Good,G,SI1,0.5,1197
Ideal,D,VS2,0.56,1991
Premium,H,SI2,2.13,12753
Ideal,E,VS1,0.32,972
Premium,H,SI1,1.12,5266
Ideal,G,VVS1,0.53,2153
Fair,J,SI1,0.99,2949
Fair,G,VVS2,1.02,6736
Ideal,E,SI1,0.51,1443
Premium,E,SI1,0.41,755
Very Good,D,SI1,0.34,626
Good,F,SI2,1.5,8820
Ideal,I,SI1,2.01,12717
Very Good,G,SI1,1.5,10019
Very Good,E,SI1,0.52,1389
Good,E,SI2,1.01,4171
Premium,G,VS1,0.51,1656
Very Good,F,SI2,0.81,2843
Very Good,G,SI2,1.34,6463
Premium,E,SI1,1.21,6261
Premium,H,SI2,1.14,4788
Very Good,F,VVS2,0.32,721
Good,H,VS1,1.5,10256
Ideal,H,VVS1,0.32,936
Ideal,H,VS1,1.24,8719
Premium,F,SI2,1.01,4676
Ideal,G,SI1,0.73,2654
Good,D,VS2,1.0,5174
Very Good,J,VS2,0.57,1072
Ideal,H,VS1,0.34,765
Ideal,E,VVS1,0.71,4027
Very Good,I,VS1,1.21,5726
Premium,H,SI1,1.13,4689
Premium,G,SI1,0.41,923
Ideal,D,SI1,0.59,1646
Ideal,D,SI1,0.56,1745
Ideal,F,SI1,0.28,481
Ideal,H,VS2,0.5,1626
Premium,G,SI1,0.65,1712
Very Good,E,SI2,1.03,4668
Ideal,F,IF,0.25,739
Fair,J,SI1,0.9,2438
Very Good,H,VVS2,0.3,776
Very Good,G,IF,0.35,1001
Premium,G,VS1,1.54,14438
Good,F,SI2,0.32,540
Very Good,H,SI2,1.58,8620
Ideal,E,IF,0.31,958
Ideal,D,VS1,0.38,1067
Ideal,D,SI1,0.52,1429
Premium,D,SI1,1.01,5532
Premium,E,VS2,1.01,7287
Ideal,E,VS1,0.43,981
Ideal,D,VS1,0.41,1151
Good,F,SI1,0.7,2167
Very Good,F,SI1,2.0,15851
Premium,G,SI1,0.32,477
Premium,I,SI2,0.46,863
Premium,H,SI2,1.01,4242
Good,D,VS1,0.26,403
Ideal,G,SI2,0.97,4101
Ideal,F,VVS2,0.33,1040
Fair,I,I1,1.0,1805
Ideal,H,VS2,1.56,11636
Fair,F,VS2,0.75,2648
Very Good,E,VS2,0.52,1625
Premium,J,SI1,2.1,13930
Fair,G,VVS2,0.41,833
Very Good,F,VVS2,0.38,1060
Premium,D,VS2,0.43,901
Ideal,D,VS2,0.76,3293
Ideal,G,SI1,1.03,5684
Very Good,G,SI2,0.96,3951
Ideal,I,VS2,0.71,2233
Premium,D,VS2,0.34,1033
Premium,E,SI2,1.26,5058
Premium,E,VVS1,0.33,984
Very Good,D,SI1,0.35,772
Ideal,D,VS2,0.31,942
Very Good,F,SI2,1.09,4853
Very Good,E,SI1,1.11,6563
Fair,H,VVS2,0.7,2717
Very Good,D,SI1,0.4,720
Good,F,SI2,0.9,3210
Good,D,VS2,0.7,3033
Premium,E,SI1,1.52,12305
Ideal,F,IF,0.28,825
Premium,D,VS2,0.54,1993
Premium,E,VS1,0.31,942
Premium,J,VS2,1.61,7844
Premium,F,VS2,0.41,1107
Very Good,H,SI2,0.7,2034
Good,I,VVS2,0.41,1061
Ideal,G,VS1,0.56,1819
Ideal,H,SI2,0.32,420
Ideal,G,VVS1,0.32,796
Ideal,G,VS1,1.01,7179
Ideal,H,SI1,1.11,5456
Ideal,I,VS2,0.53,1173
Very Good,E,SI1,0.31,698
Premium,H,I1,0.7,1621
Premium,H,VVS2,1.04,6278
Ideal,E,VS2,0.32,702
Ideal,F,VVS1,0.4,1168
Ideal,G,SI2,0.32,421
Premium,D,SI1,1.52,12502
Ideal,D,VS2,0.31,942
Premium,J,SI1,1.11,3524
Ideal,D,SI1,1.51,12648
Ideal,I,VS1,2.01,17523
Very Good,F,SI2,1.02,3875
Very Good,G,SI2,1.13,4437
Premium,E,SI1,0.7,2349
Ideal,J,SI1,1.04,4469
Very Good,G,VS1,0.54,1698
Ideal,E,VS2,0.3,844
Very Good,H,VS2,1.07,5820
Ideal,H,VVS1,0.34,775
Ideal,F,VS2,0.54,1662
Ideal,E,SI2,0.7,2453
Premium,H,VS1,0.34,765
Ideal,G,VS2,1.52,14692
Fair,E,VS1,0.53,1778
Premium,J,SI1,1.12,4064
Premium,H,SI2,1.2,4973
Premium,J,SI2,2.12,12140
Premium,J,SI1,2.01,12369
Premium,F,VVS1,0.7,3204
Premium,D,SI2,1.52,10433
Premium,H,VS2,0.32,505
Ideal,E,VS2,0.33,928
Good,D,SI1,0.5,1436
Premium,H,VS2,2.11,16395
Premium,J,SI2,0.8,2074
Good,G,SI2,0.3,394
Good,I,VS2,0.5,987
Good,G,VS1,0.48,1228
Ideal,D,IF,0.56,4632
Ideal,E,VVS1,0.41,1367
Good,H,VS1,1.51,11512
Ideal,F,VS1,0.3,570
Very Good,J,VS2,2.33,14801
Very Good,J,VS2,0.71,1869
Ideal,J,VS1,1.52,8608
Very Good,H,SI1,2.12,18118
Premium,H,SI2,1.16,4872
Premium,G,SI1,0.51,1071
Ideal,H,VS1,1.24,7222
Ideal,G,SI2,0.61,1306
Ideal,G,SI1,1.01,4653
Ideal,E,VVS2,0.3,1013
Premium,G,VS2,1.01,5741
Ideal,I,VS2,0.7,2351
Very Good,E,VS1,0.55,1941
Good,F,SI2,1.01,3827
Ideal,H,VS1,0.56,1888
Good,E,VS1,1.01,7127
Very Good,I,VVS1,0.7,2389
Ideal,G,VS1,0.54,1847
Very Good,H,VVS2,0.3,605
Ideal,E,VS2,0.52,1815
Premium,H,SI1,1.0,4788
Very Good,J,VVS2,1.5,8712
Ideal,F,VS1,1.16,9348
Premium,F,VS2,0.41,863
Ideal,G,SI1,0.42,756
Ideal,I,SI2,1.39,6544
Ideal,D,SI2,0.5,1368
Very Good,H,SI1,1.21,6229
Very Good,E,VS2,0.71,2921
Ideal,H,VS2,1.5,11159
Premium,I,SI1,1.2,5712
Very Good,E,VVS1,0.26,657
Ideal,H,IF,0.36,947
Very Good,G,VVS1,0.55,2451
Ideal,H,VVS1,1.24,8489
Very Good,G,VS2,1.11,6593
Very Good,D,SI2,1.03,4963
Ideal,F,VVS1,0.53,2834
Ideal,D,VS1,0.54,1941
Very Good,D,VVS2,0.24,478
Ideal,E,SI2,0.81,2673
Ideal,D,SI1,0.51,1403
Premium,E,VS1,0.41,1079
Ideal,G,VVS1,0.3,789
Very Good,D,VS2,0.5,1758
Premium,G,VS1,0.33,854
Ideal,F,VS2,0.32,602
Good,H,VVS2,0.3,605
Ideal,D,VS2,0.35,1063
Ideal,I,VS2,1.1,5273
Premium,G,SI2,1.09,4794
Ideal,H,VS1,1.13,7571
Good,D,SI1,0.43,774
Premium,F,SI2,0.53,1242
Very Good,E,VS1,0.56,1931
Premium,G,VS1,0.33,854
Premium,F,SI1,0.93,5729
Very Good,G,VS1,1.01,6499
Premium,F,SI1,0.72,2492
Ideal,H,VS1,0.51,1573
Very Good,F,VS2,0.38,752
Ideal,G,VS1,0.53,1615
Ideal,F,VVS2,0.32,1008
Premium,J,SI1,1.23,4649
Ideal,G,VVS2,0.55,1981
Premium,F,VS1,0.42,1031
Ideal,F,VS1,1.22,9581
Very Good,E,VVS1,0.7,3724
Very Good,H,SI1,0.51,1008
Premium,G,VS1,0.54,1637
Good,H,VS2,0.9,3902
Premium,F,SI2,1.01,3507
Very Good,J,VS1,1.75,10681
Ideal,F,SI2,0.59,1371
Premium,H,VS2,0.91,4128
Ideal,G,VS1,1.08,7925
Ideal,F,VS1,0.72,3759
Premium,E,SI1,0.7,2444
Ideal,D,SI1,0.35,644
Ideal,G,VVS2,1.07,8393
Good,D,SI1,1.02,4558
Good,G,VVS2,0.3,684
Premium,G,IF,0.3,956
Ideal,E,SI2,1.23,6288
Ideal,D,VVS2,0.31,997
Very Good,J,VS2,0.52,1141
Premium,D,SI1,0.9,3013
Ideal,H,SI2,1.23,6152
Good,D,VS1,1.09,7493
Very Good,I,VS1,0.9,3844
Ideal,E,VS1,0.35,718
Ideal,E,VS2,0.32,702
Ideal,G,VVS1,0.55,2473
Ideal,F,VS1,0.72,3759
Ideal,E,SI2,0.92,4309
Fair,F,VS2,1.01,4791
Very Good,G,VS1,0.38,764
Premium,F,SI2,1.16,4820
Ideal,D,VS2,0.58,1876
Good,E,VS1,1.0,7392
Ideal,E,SI2,1.02,4585
Ideal,I,VS2,0.55,1327
Premium,F,SI2,1.5,7056
Ideal,F,VVS2,0.37,987
Premium,E,SI1,0.95,4628
Ideal,I,VS1,2.02,17936
Very Good,E,VVS2,0.7,3295
Good,I,SI1,1.0,3878
Good,D,SI2,1.0,3894
Ideal,H,VVS2,0.28,514
Very Good,I,SI1,1.2,4704
Good,I,SI2,1.26,4953
Ideal,E,SI1,0.36,631
Good,E,SI1,0.61,1793
Ideal,H,VVS1,0.71,2741
Very Good,D,SI1,1.0,5755
Ideal,F,VS2,0.32,645
Ideal,D,VS1,0.41,921
Fair,I,SI1,0.9,2873
Ideal,D,SI1,0.31,541
Ideal,E,VS2,0.33,723
Premium,G,VS2,1.01,5713
Premium,I,VS1,2.01,18206
Ideal,H,VS2,1.56,11531
Fair,F,SI2,1.01,3540
Fair,J,I1,0.85,1334
Premium,G,SI2,2.01,15977
Ideal,E,VS1,0.8,4086
Premium,F,VS2,1.23,8855
Premium,J,VS2,2.32,17053
Premium,F,I1,1.1,3745
Ideal,H,SI2,0.51,983
Very Good,F,SI1,0.7,2401
Ideal,D,VS2,0.37,763
Ideal,I,SI1,1.06,5697
Good,J,VS2,1.0,3422
Very Good,G,VVS2,0.41,1007
Premium,F,VS2,0.53,1636
Premium,G,SI2,2.01,16733
Very Good,E,SI1,0.33,579
Very Good,H,VS2,1.73,12998
Very Good,E,VS1,0.37,925
Ideal,G,VS1,0.51,1781
Ideal,F,VS2,0.36,629
Ideal,F,VVS1,0.52,2251
Premium,D,SI2,0.38,812
Very Good,I,VS1,1.59,11018
Premium,H,VVS1,0.34,775
Good,H,SI1,1.12,5094
Ideal,G,VS2,0.34,765
Ideal,H,SI2,1.26,5998
Premium,E,VVS1,0.3,956
Ideal,G,VS1,0.32,628
Very Good,F,VS1,1.32,10575
Good,I,VVS2,0.7,2335
Premium,J,SI1,2.09,13864
Ideal,G,VVS2,1.01,7366
Good,F,VS2,0.67,2309
Ideal,G,VVS1,1.18,9095
Ideal,E,SI2,0.83,3049
Premium,E,I1,1.18,3965
Ideal,I,VS2,0.63,1423
Very Good,D,SI1,0.34,626
Premium,G,VVS2,1.23,8971
Premium,H,SI1,0.4,855
Premium,I,VS2,0.9,3431
Ideal,F,VS2,0.57,1612
Ideal,D,SI2,0.38,812
Fair,F,SI1,1.01,3991
Very Good,G,VVS1,0.32,772
Premium,E,SI1,1.22,7262
Premium,E,VS2,0.32,702
Very Good,E,SI2,0.7,2263
Ideal,F,VVS1,0.23,530
Very Good,D,SI1,1.5,12179
Premium,G,VS1,1.56,14268
Very Good,I,SI1,0.7,2058
Very Good,G,VVS2,0.27,442
Premium,F,VS1,1.05,7879
Ideal,D,VVS2,0.77,5207
Premium,G,VVS1,1.02,8768
Good,H,VVS2,0.3,605
Premium,I,VVS2,0.33,743
Premium,J,SI1,1.24,4687
Premium,H,SI1,1.2,5822
Ideal,D,VVS1,0.56,3465
Ideal,G,IF,0.3,863
Ideal,G,VS2,0.35,633
Very Good,E,VVS2,0.57,2485
Very Good,D,SI1,0.73,2548
Ideal,I,SI2,0.62,1161
Premium,E,SI2,1.01,4666
Premium,I,VS2,0.31,435
Ideal,H,IF,0.26,545
Ideal,E,VVS1,0.32,813
Ideal,I,SI1,0.74,2327
Premium,J,VS2,0.9,2863
Ideal,E,VS1,0.73,3370
Premium,H,VVS1,0.31,612
Ideal,E,VS2,0.35,744
Ideal,E,VS2,0.62,2208
Premium,E,SI2,0.5,1154
Ideal,D,SI1,0.53,1706
Very Good,E,VS1,0.32,661
Ideal,H,VVS2,0.33,666
Very Good,F,SI1,0.7,2230
Premium,F,SI2,1.01,4497
Ideal,H,VS2,1.11,5632
Premium,H,SI2,1.01,3732
Very Good,H,SI1,1.03,5050
Ideal,D,VS2,0.71,3299
Ideal,F,IF,1.04,10984
Ideal,D,SI1,0.9,4661
Very Good,F,VS2,0.39,716
Good,H,VS2,1.0,4569
Ideal,G,VVS1,0.58,2256
Ideal,I,VVS2,0.3,515
Very Good,I,VVS1,1.51,11088
Premium,F,VS2,0.43,968
Ideal,F,VS1,0.53,1697
Premium,E,SI2,0.79,2868
Very Good,H,VVS1,0.3,655
Very Good,E,VS2,1.5,14256
Ideal,F,SI1,0.35,596
Very Good,G,VVS2,0.32,607
Ideal,E,SI1,0.36,810
Ideal,G,SI1,1.62,12295
Premium,E,VS2,0.2,367
Ideal,E,VVS1,0.31,863
Good,E,SI2,1.5,9281
Premium,G,VS2,0.67,2050
Very Good,D,SI2,0.9,3975
Premium,G,VVS1,0.42,1235
Ideal,G,VVS1,1.38,13250
Very Good,E,SI2,2.11,17871
Good,F,SI1,1.0,4504
Very Good,D,SI1,0.9,4068
Very Good,H,VS1,0.9,4136
Very Good,F,SI1,0.9,4074
Good,F,VVS2,1.12,8430
Premium,D,SI2,1.62,9199
Premium,G,I1,0.62,933
Very Good,G,SI1,0.77,2633
Premium,D,VS2,0.53,1857
Ideal,H,SI1,1.21,6876
Ideal,D,VS2,0.76,3352
Very Good,G,VVS1,1.25,11589
Premium,G,VS2,0.33,743
Ideal,G,VS1,0.64,2155
Premium,D,SI1,1.52,12823
Premium,F,SI2,2.1,16357
Ideal,J,VS1,1.27,5008
Ideal,E,SI1,0.59,1789
Premium,F,VS2,0.31,802
Good,G,VS2,0.57,1613
Premium,F,VS2,1.22,7154
Premium,D,VVS2,1.01,8065
Good,G,SI2,1.5,6006
Ideal,I,SI2,0.64,1257
Good,D,SI2,0.5,979
Fair,H,I1,1.3,2512
Ideal,E,VS2,0.71,3191
Very Good,D,SI1,0.91,4239
Ideal,H,SI1,1.07,4955
Premium,G,IF,1.05,9012
Ideal,H,VS1,0.33,610
Ideal,F,IF,1.09,11846
Ideal,E,VVS2,0.37,844
Premium,I,SI2,1.1,3696
Very Good,J,VS2,2.02,13499
Ideal,H,IF,0.8,3774
Ideal,G,SI1,1.01,4653
Very Good,D,SI1,0.37,681
Very Good,I,VVS1,0.9,4099
Premium,I,IF,0.82,3224
Ideal,E,VS1,1.01,7589
Ideal,I,SI1,1.5,8736
Premium,G,SI2,0.74,2206
Ideal,G,VVS2,1.01,7597
Premium,I,SI2,1.54,6278
Very Good,G,VVS1,0.31,761
Very Good,H,VVS2,0.26,440
Premium,F,SI2,1.54,7494
Very Good,E,VS2,0.36,631
Premium,D,VS2,0.4,1050
Premium,F,SI2,1.5,9374
Fair,F,I1,0.5,627
Ideal,D,VS2,0.56,1846
Good,D,I1,1.51,5979
Ideal,F,VS2,1.05,6403
Very Good,H,VVS2,0.3,605
Ideal,D,SI2,0.52,1320
Good,E,SI1,1.01,5132
Very Good,F,VVS2,0.7,3205
Ideal,H,SI2,2.08,15065
Premium,G,SI1,0.72,2352
Very Good,G,VS1,1.75,17036
Very Good,D,VVS2,0.32,791
Fair,H,SI1,2.03,14646
Ideal,E,VS2,0.32,702
Good,E,SI1,1.21,6708
Good,G,SI2,1.5,6552
Very Good,G,VS2,0.34,765
Premium,F,SI2,0.91,3546
Very Good,H,VS2,0.9,4258
Very Good,F,SI1,0.57,1403
Ideal,G,VS1,0.61,2177
Premium,F,VS2,0.36,932
Ideal,G,SI2,0.8,2856
Premium,D,SI1,0.54,1715
Ideal,F,VS2,0.3,605
Premium,G,I1,1.12,3017
Very Good,E,SI1,0.53,1408
Ideal,D,SI1,0.32,589
Ideal,E,VS2,0.33,723
Ideal,H,VS2,0.31,628
Very Good,H,VS2,1.55,10546
Ideal,G,VS2,0.56,1662
Ideal,G,SI2,0.33,463
Ideal,D,VS1,0.44,1294
Very Good,F,VS2,0.48,1251
Ideal,D,SI1,0.31,571
Ideal,F,SI1,1.31,6470
Ideal,H,I1,1.07,3412
Ideal,F,SI1,0.42,992
Ideal,F,VS1,0.34,764
Very Good,E,VS2,0.34,745
Premium,H,VS2,1.82,14749
Ideal,I,VS1,0.91,3954
Ideal,G,SI1,0.36,571
Premium,G,VVS2,1.72,18730
Ideal,F,VVS2,0.27,620
Premium,D,VS2,0.74,3294
Premium,H,VVS2,0.27,623
Premium,F,VS1,1.0,7056
Very Good,D,VVS2,0.71,3670
Good,I,VS2,0.43,696
Good,G,SI1,0.9,3512
Premium,D,SI1,0.56,1723
Good,G,I1,0.9,2226
Premium,G,SI2,1.46,5421
Premium,E,VS1,1.0,7420
Ideal,G,SI2,1.25,5355
Premium,E,VVS1,0.32,954
Good,F,SI2,0.91,3539
Ideal,G,VS1,1.31,12008
Ideal,G,VS1,1.21,9323
Premium,H,SI2,1.02,4113
Ideal,F,SI2,0.58,1279
Premium,D,SI2,1.05,5134
Ideal,G,VVS1,0.31,1046
Ideal,G,VS1,0.23,404
Ideal,J,SI1,0.72,1966
Ideal,H,SI1,0.7,2499
Premium,G,IF,0.32,1020
Premium,G,VVS1,0.4,1123
Ideal,G,VS2,1.55,14039
Premium,E,SI2,1.03,4885
Good,E,SI1,0.51,1343
Ideal,G,SI2,0.58,1134
Ideal,G,IF,1.25,11511
Premium,I,SI1,1.18,4956
Ideal,I,VVS1,0.55,1593
Premium,G,VS1,0.3,776
Ideal,H,VS1,0.3,545
Ideal,H,SI2,1.62,8865
Premium,D,VS1,1.01,7575
Premium,F,VS2,0.34,880
Ideal,G,SI1,0.7,2699
Ideal,E,SI1,1.04,6260
Very Good,G,VVS2,0.7,2931
Very Good,G,VS1,0.3,776
Good,G,VS2,0.7,2496
Ideal,J,VS1,0.41,830
Ideal,G,IF,0.32,918
Ideal,I,SI1,2.15,13006
Very Good,D,VS2,1.51,14112
Premium,F,VS2,0.34,686
Good,F,SI1,0.7,2401
Ideal,H,SI2,1.04,4404
Premium,E,SI2,0.53,984
Premium,G,VS1,1.53,14699
Very Good,I,VS2,0.7,2025
Very Good,F,VS1,1.0,7204
Premium,E,I1,1.44,5161
Very Good,F,VS1,0.81,3689
Very Good,I,VS1,2.01,16914
Premium,F,SI1,0.5,1282
Ideal,G,SI2,0.3,422
Ideal,E,VS2,0.3,658
Ideal,I,IF,0.4,1050
Very Good,E,SI1,0.72,2642
Ideal,E,VVS2,0.38,1073
Fair,D,VS2,0.71,2368
Ideal,E,VVS2,0.57,2507
Ideal,H,VS2,0.34,537
Premium,F,SI1,0.9,4183
Very Good,G,VVS1,0.25,525
Premium,F,SI2,1.14,4737
Fair,F,VS2,1.0,6210
Ideal,D,VS2,0.31,692
Good,G,SI1,0.65,1828
Ideal,F,SI2,0.8,3066
Ideal,H,VVS1,0.3,684
Very Good,F,VS1,0.8,3559
Premium,F,SI2,1.02,4227
Good,H,VS2,1.0,4722
Very Good,D,VS2,0.9,5476
Premium,E,IF,1.01,11491
Ideal,F,VVS1,0.4,1263
Fair,G,I1,0.7,956
Ideal,H,IF,0.31,789
Ideal,F,SI2,0.82,2867
Ideal,G,VVS2,1.34,11955
Ideal,F,SI1,1.07,5436
Ideal,F,VVS1,0.3,868
Premium,D,VVS2,0.24,668
Very Good,F,SI2,0.38,644
Very Good,F,VS1,0.83,3603
Ideal,G,SI2,0.82,2692
Ideal,F,VVS1,0.32,912
Ideal,J,VS1,0.37,487
Premium,F,SI1,0.72,2314
Ideal,G,VVS1,0.32,1080
Premium,F,I1,1.0,2841
Premium,D,SI1,0.75,2903
Premium,E,VS1,0.31,879
Ideal,G,SI2,1.01,4038
Ideal,I,IF,0.36,735
Ideal,E,VS1,0.35,1063
Very Good,E,VS2,0.5,1629
Premium,I,VVS2,0.7,2352
Ideal,G,VVS1,0.33,868
Very Good,H,SI1,1.6,10078
Premium,G,VS2,0.42,1087
Ideal,J,VS2,1.51,8033
Premium,E,SI2,0.5,1240
Ideal,I,VVS1,0.57,1608
Good,F,VS1,0.53,1624
Ideal,G,VS1,0.56,1682
Ideal,G,SI2,1.01,4209
Ideal,D,VS1,0.36,1094
Very Good,F,SI1,0.7,2230
Premium,E,SI1,1.0,5445
Ideal,F,VS2,0.55,2026
Very Good,E,VVS2,0.23,465
Premium,H,SI2,1.52,7906
Ideal,E,VS2,0.52,1743
Ideal,D,SI1,1.13,5936
Premium,I,SI1,0.42,803
Ideal,D,VS2,0.54,1892
Very Good,E,VS1,0.29,504
Ideal,I,VS1,1.8,14959
Ideal,D,SI1,0.3,709
Premium,D,SI1,0.94,4817
Premium,F,VS2,0.72,2607
Ideal,F,SI1,0.71,2633
Very Good,J,SI1,0.73,2031
Ideal,E,SI1,0.83,4024
Ideal,D,VS1,0.42,1235
Ideal,D,VVS2,0.26,599
Ideal,F,SI2,0.38,602
Ideal,H,SI2,0.33,448
Premium,J,VS2,2.0,13162
Ideal,G,VVS2,0.3,665
Premium,F,VS1,0.41,1007
Premium,I,SI2,1.32,5588
Very Good,D,SI2,0.7,1990
Ideal,E,VVS2,0.41,1187
Very Good,I,VS2,1.5,9533
Ideal,D,VS2,0.5,1678
Premium,G,VS1,0.79,3053
Premium,E,SI1,0.96,4864
Ideal,E,SI1,0.31,547
Ideal,J,SI1,0.55,1101
Premium,E,SI2,0.35,491
Ideal,G,IF,1.25,11705
Premium,I,SI1,1.53,8911
Ideal,G,VVS2,1.02,8401
Ideal,H,VS2,0.5,1921
Very Good,H,SI1,1.02,4688
Premium,H,VS2,0.93,3937
Premium,F,VS2,0.53,1712
Ideal,E,VVS2,0.4,988
Ideal,G,IF,0.32,918
Ideal,G,VS2,0.38,778
Ideal,D,SI1,0.74,3517
Fair,J,SI2,1.0,2117
Premium,H,I1,1.11,3263
Very Good,E,VS2,0.5,1584
Ideal,G,VS2,0.3,630
Ideal,I,VS2,1.7,11360
Ideal,D,VVS2,0.32,803
Premium,I,SI2,1.23,5269
Very Good,D,SI1,0.9,4846
Very Good,D,SI2,0.53,1314
Premium,J,VS1,1.52,8216
Ideal,H,SI1,1.14,5501
Ideal,G,VVS1,0.31,1046
Good,J,VS1,1.32,6147
Ideal,G,SI2,1.04,4375
Very Good,E,VS2,0.25,480
Good,H,SI1,1.74,12032
Ideal,J,VS1,1.71,10309
Very Good,E,VVS2,0.25,575
Very Good,G,VVS1,0.31,816
Ideal,G,VS1,1.16,9248
Ideal,F,VS1,0.55,2119
Ideal,H,VVS2,0.35,706
Ideal,J,VS2,1.39,6366
Ideal,G,VS1,0.32,665
Premium,E,VS2,0.35,984
Premium,D,SI1,0.38,733
Ideal,E,VS2,0.42,958
Good,J,SI1,1.52,6897
Premium,E,VS1,0.41,1153
Premium,H,SI1,0.58,1332
Premium,D,SI2,0.43,919
Ideal,H,SI1,1.63,11078
Premium,D,SI2,0.36,689
Ideal,I,SI2,1.22,5226
Premium,E,SI2,1.04,4484
Very Good,E,SI2,0.34,477
Ideal,E,VS1,0.3,911
Good,D,VS2,1.0,6389
Very Good,E,SI1,0.9,4315
Premium,F,VS2,1.5,14372
Ideal,F,IF,1.2,14430
Very Good,I,SI2,1.54,7589
Very Good,E,SI1,1.02,5424
Fair,E,SI1,0.5,1176
Ideal,G,VVS1,0.33,971
Premium,F,SI1,0.69,1946
Ideal,F,VS2,0.58,1706
Good,H,SI1,1.01,5197
Very Good,D,SI2,1.11,5042
Ideal,F,SI1,0.35,748
Ideal,G,VS2,0.56,1580
Ideal,G,SI2,0.46,864
Ideal,F,VVS2,1.0,9354
Premium,H,VS2,1.7,10333
Ideal,E,VS2,0.78,3601
Very Good,E,VS2,0.43,869
Ideal,H,SI1,1.59,10284
Very Good,G,SI1,1.05,5197
Premium,F,SI2,0.98,3485
Very Good,F,VS1,0.54,1653
Premium,F,SI2,1.02,4318
Good,E,SI1,1.51,11460
Ideal,F,IF,0.3,886
Good,J,VS2,2.09,11576
Premium,D,VS1,0.4,1200
Ideal,H,VVS2,0.31,630
Ideal,G,SI1,0.72,2776
Premium,H,VS1,0.8,2935
Ideal,I,SI2,2.07,16337
Ideal,E,VS2,0.5,1554
Very Good,G,VS2,0.29,471
Premium,G,SI1,0.71,2181
Ideal,E,VVS1,1.2,15185
Ideal,G,VVS1,1.23,10113
Premium,I,SI1,1.7,8663
Ideal,F,SI2,0.73,2355
Ideal,G,VVS2,1.71,18768
Very Good,D,VS2,0.41,871
Fair,H,SI2,1.16,4222
Premium,J,VS1,0.35,460
Very Good,G,VVS2,0.53,1724
Good,G,I1,1.55,4965
Very Good,E,VS2,0.51,1549
Premium,E,VS1,0.49,1577
Very Good,G,SI1,0.9,3841
Very Good,D,SI1,0.9,4514
Very Good,E,SI1,1.02,5245
Good,G,VS2,1.0,5702
Ideal,I,VVS1,1.21,7086
Premium,E,VS1,0.56,1930
Ideal,G,IF,0.41,1425
Ideal,H,VS2,1.28,7098
Premium,D,VS2,0.46,1388
Ideal,F,VVS2,0.35,806
Very Good,H,IF,0.62,2367
Ideal,H,VVS2,0.3,776
Ideal,F,VS1,0.53,1812
Premium,G,VS1,0.39,1024
Very Good,E,VS1,0.52,1767
Ideal,F,SI2,0.82,2966
Very Good,E,SI1,0.7,2184
Very Good,G,VS2,0.38,705
Fair,G,VS1,1.15,6530
Good,E,VS2,1.0,6272
Ideal,G,VS1,1.5,16171
Premium,E,SI1,0.37,833
Ideal,I,SI1,0.4,654
Very Good,E,SI1,0.53,1395
Ideal,H,VVS2,0.5,1608
Ideal,I,IF,0.76,2988
Good,F,VS2,0.5,1436
Premium,E,VVS1,0.26,599
Premium,H,SI1,0.35,647
Premium,D,SI2,0.51,1264
Premium,I,SI2,1.26,5080
Very Good,F,VS2,0.23,402
Ideal,G,VS1,1.03,6913
Premium,G,VS2,0.36,756
Premium,G,SI2,1.25,6300
Premium,G,SI1,0.47,1055
Ideal,D,SI1,0.61,1904
Good,I,SI1,1.0,4273
Very Good,F,VVS1,0.27,591
Very Good,F,VVS2,0.26,554
Very Good,E,SI2,0.8,2804
Good,H,SI2,1.01,4072
Good,G,VVS1,1.02,8005
Premium,I,SI2,0.45,830
Very Good,F,VS1,0.29,504
Ideal,G,SI2,0.33,463
Fair,J,VS1,1.76,9314
Ideal,I,VS2,0.32,576
Premium,F,VS2,1.21,9419
Ideal,F,VS2,0.55,1871
Ideal,E,VVS2,0.41,1243
Good,F,VS2,0.5,1433
Premium,G,VVS2,0.54,2090
Ideal,E,VS2,0.44,1073
Premium,F,VS2,0.78,2874
Premium,G,SI2,0.7,2087
Good,E,SI1,0.4,882
Ideal,G,VS1,1.65,15281
Ideal,E,VS2,0.3,844
Very Good,E,SI2,0.74,2574
Ideal,D,SI2,0.58,1442
Ideal,F,SI1,0.41,870
Ideal,J,SI1,1.35,6124
Premium,G,VS1,0.58,1884
Very Good,E,SI2,0.73,2359
Premium,D,SI2,0.35,669
Ideal,I,VS1,0.73,2596
Ideal,D,SI1,0.63,1779
Very Good,E,VS2,0.33,627
Ideal,G,VS2,0.33,579
Premium,J,SI2,2.01,12105
Ideal,F,SI1,0.83,3774
Ideal,F,VS1,0.3,615
Premium,G,SI2,1.13,4518
Ideal,J,SI2,1.02,2611
Good,G,VS1,0.5,1565
Premium,G,VVS2,0.33,752
Very Good,G,SI1,0.4,655
Premium,H,VVS1,0.26,468
Very Good,E,SI1,0.78,3055
Very Good,F,SI2,0.42,710
Ideal,D,VS1,0.54,1987
Good,J,SI1,1.51,7162
Ideal,D,SI1,0.38,884
Premium,F,SI1,0.63,1736
Premium,E,SI2,1.06,3989
Very Good,E,VS2,1.01,7094
Very Good,G,VS1,1.01,6529
Good,G,VS1,0.31,625
Ideal,E,VS2,1.55,15293
Very Good,H,SI2,2.01,11780
Very Good,E,VS1,0.29,555
Very Good,F,SI1,0.43,792
Ideal,F,VVS1,0.32,990
Premium,E,VVS1,0.31,789
Good,E,SI1,1.2,7096
Ideal,E,SI2,0.91,3772
Ideal,J,VVS1,0.3,464
Ideal,H,VS2,0.32,505
Premium,F,VS1,1.05,8114
Premium,J,VVS2,0.54,1229
Ideal,G,VVS1,0.42,1245
Ideal,G,VVS2,0.5,1838
Ideal,F,VVS2,0.36,896
Ideal,G,VS1,1.02,6683
Premium,F,SI2,0.93,3317
Ideal,F,VS2,0.36,726
Premium,F,VVS2,1.04,9505
Premium,G,SI1,2.02,16323
Premium,E,SI1,0.31,544
Very Good,F,SI1,0.8,2851
Ideal,G,VVS2,0.71,3095
Good,D,SI2,1.02,4318
Very Good,E,SI1,0.51,1443
Ideal,F,VS2,0.41,863
Very Good,E,VVS2,1.0,9139
Ideal,I,VVS2,0.38,809
Fair,G,SI2,2.01,10887
Ideal,E,VS2,0.61,2373
Very Good,I,VVS2,0.74,2550
Ideal,J,VS2,0.81,2708
Good,I,VS2,2.0,16291
Ideal,E,SI2,1.09,6852
Ideal,G,IF,0.31,871
Ideal,I,VS1,0.71,2557
Good,I,VS2,1.5,8702
Ideal,G,SI1,1.03,5518
Premium,E,SI1,0.65,1828
Ideal,H,VS2,0.33,539
Very Good,J,SI1,0.7,1735
Ideal,F,VS2,0.59,1743
Ideal,E,VS1,0.41,997
Premium,I,SI2,1.19,4498
Premium,E,VS2,0.53,2061
Ideal,J,VS2,0.41,637
Premium,E,SI2,1.26,6085
Ideal,J,VS1,1.84,8828
Premium,F,SI1,1.0,5292
Good,E,VVS1,0.54,2697
Good,E,SI1,0.43,739
Premium,H,VS2,0.7,2330
Ideal,D,VS2,1.01,7602
Premium,E,VVS2,1.0,8888
Premium,J,VS1,2.2,15201
Ideal,G,IF,0.52,2164
Very Good,H,VS1,0.8,3209
Ideal,E,VVS1,0.33,984
Ideal,D,VS2,0.32,758
Premium,D,VVS2,0.43,1159
Ideal,E,IF,0.33,1289
Ideal,H,IF,0.36,1163
Very Good,E,VS2,1.31,10094
Very Good,H,SI2,1.07,4413
Premium,E,VVS2,0.51,1882
Ideal,J,VS2,0.58,1196
Premium,G,VS2,0.9,4052
Ideal,I,SI1,0.76,2399
Premium,D,SI2,0.3,447
Ideal,H,VS2,0.3,491
Ideal,H,SI2,1.13,3797
Very Good,G,SI1,2.01,18398
Premium,E,SI2,1.01,3674
Premium,E,VS2,0.33,928
Good,H,SI2,0.9,3114
Ideal,E,VVS2,0.25,740
Fair,H,I1,2.0,5914
Very Good,F,SI2,0.41,647
Good,I,SI1,0.71,1788
Ideal,F,IF,0.35,1073
Good,D,SI1,0.32,589
Very Good,I,VVS1,0.65,1801
Good,E,VS2,0.52,1576
Ideal,G,SI1,0.91,4673
Good,E,SI1,1.01,4928
Very Good,D,SI1,0.5,1436
Ideal,D,VVS1,0.43,1754
Ideal,G,VVS1,0.41,1076
Premium,E,SI2,0.82,2329
Very Good,G,VVS2,1.67,17028
Good,D,SI2,0.7,2264
Ideal,D,SI1,0.34,626
Very Good,H,VS1,1.07,5661
Good,F,VS1,0.61,2076
Premium,D,VS2,0.3,911
Very Good,E,VVS1,0.24,492
Ideal,F,VS1,1.2,9596
Ideal,F,SI1,1.03,5974
Ideal,H,VS2,1.15,5989
Ideal,H,SI2,1.2,5578
Ideal,D,SI2,0.53,1314
Good,F,VVS1,0.33,764
Ideal,I,VS1,0.75,2564
Good,F,VVS2,1.01,7059
Good,F,VS2,1.01,5731
Ideal,D,SI1,0.9,4579
Good,D,SI2,1.1,4361
Ideal,D,VS2,0.56,1963
Very Good,G,SI1,0.4,840
Ideal,F,IF,0.57,2656
Ideal,G,VVS1,0.4,1097
Ideal,H,VVS1,1.0,6535
Premium,I,SI1,1.2,4872
Very Good,G,VVS1,0.32,876
Very Good,E,SI1,1.5,10046
Premium,G,SI1,1.6,11818
Very Good,G,SI2,2.06,15805
Premium,G,VVS2,1.0,7840
Very Good,D,SI2,0.72,2692
Good,D,SI2,1.0,4620
Ideal,D,VVS1,0.32,1140
Very Good,G,VVS1,0.7,3037
Ideal,G,SI1,0.96,4355
Premium,I,VS2,1.25,5925
Ideal,J,SI1,0.53,1042
Premium,I,VVS1,0.92,3932
Very Good,E,SI2,0.4,798
Ideal,G,VS2,1.02,5915
Ideal,G,SI1,0.71,2604
Ideal,F,SI2,0.4,677
Premium,I,VVS1,0.4,842
Premium,H,VS2,1.41,8812
Ideal,E,VS2,0.32,900
Very Good,F,VS2,0.52,1550
Premium,I,VS2,0.71,2294
Premium,H,VS1,0.71,2401
Ideal,H,VS1,0.3,526
Premium,H,VS1,1.03,5523
Ideal,I,VVS1,0.3,709
Premium,E,SI1,1.22,6403
Very Good,H,VS2,1.01,5204
Ideal,D,SI1,0.79,2846
Premium,G,VVS2,0.51,1974
Very Good,I,SI1,0.3,394
Very Good,G,VVS1,0.26,545
Premium,H,VS1,0.92,4039
Ideal,F,VS1,0.39,1003
Ideal,H,VS2,0.31,513
Ideal,E,VS1,0.46,1393
Premium,J,VS1,1.23,5304
Ideal,G,VVS1,1.0,8217
Very Good,E,SI2,0.57,1315
Premium,D,SI1,0.83,3556
Very Good,F,VVS2,1.23,10650
Very Good,G,VVS1,0.53,1904
Good,G,VS2,0.9,4296
Ideal,E,VS1,0.41,1153
Premium,I,VVS2,0.9,3730
Premium,F,SI2,0.72,2364
Premium,H,SI2,0.75,2295
Very Good,I,SI2,1.51,6819
Premium,E,VS1,1.16,8346
Ideal,E,VS2,0.31,872
Premium,I,IF,0.33,891
Ideal,J,SI1,0.38,525
Very Good,H,SI1,2.01,17434
Ideal,E,VS1,1.26,11323
Premium,D,SI1,0.51,1687
Very Good,G,VS2,1.68,14192
Very Good,E,VS1,0.72,3048
Very Good,E,SI1,0.81,3643
Premium,E,SI2,0.51,1211
Fair,F,I1,2.0,7258
Ideal,E,SI1,0.44,1040
Good,I,SI1,1.1,4497
Ideal,D,VS2,0.51,1678
Very Good,F,IF,0.28,612
Very Good,H,VVS1,0.38,975
Very Good,J,VS2,1.11,3730
Premium,D,VS1,0.84,4365
Premium,I,I1,0.7,1107
Ideal,G,SI1,0.43,951
Ideal,F,VS2,0.25,436
Ideal,E,VS1,0.41,1079
Ideal,D,VS2,0.71,3540
Ideal,I,SI2,2.06,14505
Premium,G,VVS1,0.3,1013
Very Good,H,SI2,0.72,2160
Very Good,D,SI1,0.71,2724
Ideal,G,VVS2,0.42,798
Premium,E,VS2,0.51,1781
Premium,F,SI1,0.71,2381
Very Good,H,VS1,0.32,561
Ideal,E,IF,1.28,18700
Premium,G,VS2,0.41,1061
Ideal,G,SI1,0.4,855
Ideal,G,SI1,1.29,7463
Premium,I,SI1,1.08,4476
Ideal,E,SI1,0.75,3419
Fair,I,SI1,0.7,1697
Ideal,H,VS2,0.46,1083
Very Good,D,SI1,1.05,5821
Very Good,I,SI1,0.32,432
Premium,H,VS1,1.03,5523
Premium,I,VS1,0.36,568
Ideal,H,VS2,0.79,2967
Premium,H,SI2,1.18,4956
Ideal,I,VS1,1.06,6060
Ideal,H,VS1,0.3,545
Ideal,G,SI1,0.9,4001
Ideal,J,VS2,1.01,4617
Ideal,E,VVS2,0.32,837
Ideal,G,VVS2,0.32,936
Ideal,F,VS1,0.26,580
Ideal,E,VVS2,0.45,1401
Very Good,F,VVS1,0.32,926
Very Good,G,VS2,0.7,2513
Premium,D,VS1,0.53,2743
Ideal,F,SI1,0.5,1286
Ideal,D,SI2,0.51,1359
Good,G,VVS2,0.4,1050
Ideal,E,SI2,1.02,4478
Premium,D,VS1,0.71,3718
Fair,E,SI1,0.72,2498
Fair,G,VS1,1.08,7076
Very Good,D,SI2,1.03,4679
Ideal,H,SI2,1.2,5610
Good,G,VS1,0.71,2853
Ideal,E,VS2,0.3,673
Good,F,SI1,0.9,4232
Premium,G,VS2,0.9,4137
Premium,F,VS2,0.52,1451
Premium,F,VVS1,0.43,1358
Very Good,F,VS1,0.32,696
Good,I,VVS2,0.4,750
Very Good,H,SI1,0.4,666
Premium,G,VS1,1.21,8456
Ideal,J,VS1,0.91,3863
Ideal,D,SI1,0.43,1064
Very Good,F,VS2,0.5,1357
Premium,G,VS1,1.01,6882
Good,G,SI1,0.9,3816
Good,D,SI1,1.0,5331
Premium,G,VS1,0.51,1656
Premium,D,VS1,0.74,3461
Good,E,SI2,0.54,1112
Premium,F,SI1,1.06,4862
Premium,E,SI1,0.54,1422
Ideal,E,VVS2,0.34,944
Very Good,F,VS2,0.42,884
Ideal,F,VS2,1.03,6922
Very Good,G,SI1,1.0,4413
Very Good,F,VS1,0.29,504
Good,H,SI2,0.9,3348
Very Good,G,VS1,0.3,605
Ideal,I,VVS1,0.74,2822
Good,G,VS2,1.0,5484
Premium,J,SI1,0.38,658
Ideal,G,SI1,1.05,5204
Fair,J,SI2,1.11,4056
Ideal,H,VVS1,0.32,936
Very Good,J,SI1,1.01,4295
Very Good,E,SI2,1.51,9343
Ideal,I,VVS1,0.56,1605
Very Good,J,VVS2,1.01,4850
Premium,G,SI1,0.38,855
Ideal,E,VS1,0.71,4053
Ideal,H,VVS1,0.3,878
Premium,G,SI1,1.57,10914
Premium,F,VS1,0.56,2016
Ideal,D,VS2,0.33,1002
Ideal,E,VS2,0.7,2693
Fair,E,SI1,0.5,1196
Premium,I,VVS2,0.41,827
Ideal,E,SI2,0.5,1181
Premium,D,SI1,0.36,663
Premium,G,VS1,0.33,666
Very Good,G,VS2,0.3,526
Fair,E,SI1,1.01,4844
Ideal,H,VS2,1.27,7937
Premium,H,SI1,1.49,10096
Ideal,F,VS1,1.03,7613
Premium,F,SI1,0.5,1286
Very Good,F,SI2,1.03,4503
Ideal,E,SI1,0.33,743
Ideal,D,VVS2,0.38,1257
Ideal,G,SI1,0.57,1441
Premium,H,SI2,2.06,12677
Premium,G,VS1,1.41,11347
Premium,D,VS2,0.5,1845
Good,E,SI1,0.4,687
Good,F,VVS1,0.24,492
Premium,G,SI2,0.71,2147
Ideal,G,IF,0.31,891
Ideal,F,VVS1,1.42,18682
Premium,H,SI1,1.03,4603
Very Good,H,VS2,0.9,5502
Ideal,D,VVS2,0.31,982
Premium,D,VS1,1.0,7812
Good,J,VVS2,1.21,5028
Very Good,G,VVS1,0.23,414
Good,F,SI1,0.9,3427
Ideal,H,VS2,0.3,491
Ideal,F,VS2,0.56,1739
Ideal,E,SI2,1.25,6670
Very Good,H,SI1,1.0,4702
Good,H,VS1,0.91,4566
Ideal,F,VS1,0.24,572
Premium,D,I1,1.5,6300
Ideal,D,SI1,0.53,2021
Ideal,E,VS2,0.71,3217
Ideal,E,VVS1,0.28,646
Premium,G,VS2,0.91,4241
Very Good,G,SI1,0.4,682
Premium,G,SI1,0.52,1306
Fair,F,VS1,0.57,1788
Premium,H,VS2,1.02,5241
Premium,D,VS1,0.4,1123
Good,I,VS1,0.32,505
Good,I,VS2,0.81,2641
Ideal,I,VS1,2.0,17889
Very Good,E,SI2,0.54,1250
Ideal,F,VVS2,0.32,786
Ideal,D,VS2,0.6,2473
Ideal,E,VS2,0.36,789
Very Good,D,SI1,0.31,571
Premium,D,SI1,0.33,608
Ideal,H,SI1,0.72,2997
Ideal,F,VS1,0.61,2306
Very Good,G,VVS2,0.44,1081
Premium,H,SI1,2.01,16733
Ideal,F,VVS2,0.51,2093
Ideal,G,VVS2,0.4,931
Ideal,I,SI1,2.07,14857
Very Good,E,SI1,0.43,948
Premium,I,VVS2,0.73,2496
Ideal,D,VS2,0.42,1031
Ideal,D,VS2,0.52,1919
Good,D,VS2,0.5,1635
Ideal,J,SI1,1.35,6396
Premium,F,VVS1,1.03,10546
Very Good,H,SI2,1.24,5231
Very Good,E,SI1,0.31,544
Fair,E,SI2,0.9,2930
Good,G,VS1,0.5,1429
Good,G,SI1,1.0,4859
Ideal,F,VVS2,0.3,736
Premium,E,VS1,0.5,1675
Very Good,G,SI2,1.21,5556
Premium,G,VS1,0.3,776
Very Good,D,VS2,0.6,2010
Very Good,G,VS2,0.78,3074
Very Good,H,SI2,1.12,4624
Ideal,I,VS1,0.75,2613
Ideal,H,VVS2,0.32,628
Very Good,I,SI2,0.71,2003
Premium,G,IF,0.36,1074
Ideal,F,VS2,1.0,6209
Ideal,G,VVS1,1.04,8794
Good,E,SI1,0.4,687
Good,I,VS2,1.22,5431
Ideal,H,I1,1.23,3168
Ideal,J,VS2,1.24,5443
Fair,F,VS2,0.84,3172
Ideal,D,SI1,0.36,851
Premium,H,VS2,0.91,4201
Ideal,I,SI1,0.3,394
Very Good,E,VVS1,0.23,530
Premium,D,SI2,0.61,1308
Ideal,G,SI2,1.08,4489
Ideal,D,VVS2,1.01,11057
Premium,E,SI2,1.62,9526
Premium,H,I1,1.17,3669
Very Good,H,VS1,1.21,7246
Ideal,G,IF,0.31,840
Ideal,E,SI2,1.03,4441
Ideal,E,VS2,0.44,936
Very Good,D,SI2,0.31,462
Ideal,F,SI1,0.32,491
Ideal,D,VS2,0.31,942
Very Good,G,VVS1,0.33,868
Ideal,F,IF,0.31,1818
Premium,E,SI2,1.01,3801
Ideal,H,VS2,0.56,1427
Premium,H,SI2,0.58,1066
Ideal,G,VVS2,0.56,2510
Premium,E,VVS2,0.3,789
Premium,G,SI1,1.15,4776
Very Good,I,VS2,1.4,7702
Fair,I,SI1,1.5,7912
Ideal,H,SI2,1.22,5807
Ideal,E,VVS1,0.31,801
Very Good,J,VS2,1.72,10477
Ideal,G,IF,0.28,650
Ideal,E,VS2,1.02,7465
Ideal,E,VS1,0.72,3409
Fair,F,SI1,1.01,3197
Very Good,E,I1,0.5,720
Ideal,G,VS2,1.18,8564
Ideal,E,VVS1,1.21,13595
Ideal,H,VS2,1.52,11379
Premium,E,VS2,0.3,844
Ideal,F,VVS2,0.55,2294
Ideal,I,VS2,0.25,450
Very Good,E,VVS2,0.4,1017
Premium,F,VS1,1.01,7127
Ideal,D,SI1,1.03,6299
Premium,I,I1,1.69,6320
Ideal,H,SI1,0.52,1214
Good,F,SI1,0.39,718
Ideal,H,VS2,0.35,571
Very Good,G,VS1,0.3,725
Ideal,F,VS2,0.57,1567
Premium,I,SI2,1.21,4879
Ideal,H,SI1,1.01,4191
Premium,G,VS1,1.06,7130
Premium,G,VS1,1.7,17492
Fair,H,SI2,1.0,2530
Ideal,H,VS1,1.29,9273
Premium,F,VS1,1.01,7862
Good,I,SI1,1.01,3676
Very Good,H,SI1,1.01,5026
Fair,F,SI1,1.0,4679
Ideal,H,SI1,1.58,10345
Premium,H,SI2,2.12,13460
Ideal,F,VS1,0.53,1812
Premium,E,VS2,1.06,7123
Very Good,D,VS2,0.64,2297
Very Good,E,SI1,0.4,882
Very Good,E,SI1,0.41,755
Fair,E,SI2,0.7,1998
Ideal,I,SI1,0.33,456
Ideal,F,SI1,0.4,882
Ideal,G,VVS2,0.53,1914
Ideal,D,SI2,0.55,1364
Premium,J,VS1,1.09,4303
Ideal,F,SI2,2.07,18344
Ideal,E,VS1,0.37,874
Good,G,VS2,1.21,7359
Premium,F,VS2,0.52,1605
Ideal,J,SI2,1.1,4624
Ideal,G,VVS1,0.56,2202
Ideal,D,VS1,0.34,749
Premium,D,VS2,0.4,982
Ideal,G,VS1,0.41,899
Good,G,VVS2,0.3,878
Good,I,VS1,0.31,457
Premium,G,VS2,1.01,5288
Ideal,I,SI1,2.06,16960
Very Good,E,SI1,1.09,5771
Premium,F,VS2,1.01,6097
Ideal,E,VS1,0.3,710
Good,I,SI2,2.0,11400
Ideal,G,IF,0.32,898
Ideal,D,VS1,0.4,1003
Very Good,I,SI1,1.29,5463
Ideal,F,VVS1,0.52,2388
Good,H,SI2,1.0,3640
Ideal,E,VS2,0.74,2901
Fair,G,VS2,2.01,17917
Very Good,E,VS2,1.01,6714
Ideal,H,VS1,0.3,675
Ideal,H,I1,1.03,3172
Very Good,I,VVS2,0.71,2448
Ideal,G,SI1,0.32,647
Ideal,I,VVS1,0.62,2207
Ideal,F,I1,1.08,3168
Very Good,F,SI1,0.56,1338
Ideal,E,VS1,0.28,487
Ideal,G,VVS1,0.39,1008
Very Good,J,VS2,0.72,1814
Good,G,VS1,1.01,6618
Good,G,SI2,0.71,1816
Ideal,G,VVS2,0.31,707
Very Good,E,VVS2,0.55,2238
Ideal,G,VS1,0.3,624
Ideal,D,VS1,0.4,1200
Ideal,F,VS2,0.33,854
Premium,G,VS2,0.71,2623
Premium,E,SI1,0.42,773
Ideal,D,SI2,0.35,669
Ideal,I,SI1,0.3,422
Ideal,G,SI1,1.52,11028
Very Good,D,VVS2,0.23,549
Ideal,E,VS1,0.41,964
Very Good,H,VS1,1.19,7147
Ideal,I,SI2,1.18,5163
Very Good,I,SI1,1.56,7584
Ideal,H,SI1,0.34,508
Very Good,E,VS1,0.46,1257
Very Good,G,VS1,1.01,6613
Premium,D,SI1,0.9,4612
Good,H,SI2,2.01,14956
Premium,D,SI2,2.25,18007
Premium,F,VS1,1.5,14918
Good,G,VS2,1.0,5242
Premium,F,VS2,1.52,14544
Very Good,G,SI1,0.7,2293
Ideal,J,SI1,0.3,367
Ideal,G,VVS2,0.38,929
Ideal,J,SI1,0.72,2154
Good,H,SI2,1.2,5085
Very Good,I,SI1,1.04,4175
Ideal,I,SI1,0.73,2215
Very Good,D,SI1,0.5,1354
Ideal,G,SI1,0.53,1308
Very Good,F,VS1,1.36,11946
Premium,G,VS1,1.5,14105
Very Good,H,SI1,1.01,4868
Good,F,VS2,1.0,5420
Premium,I,VVS2,0.72,2074
Ideal,D,VS2,0.31,942
Premium,I,SI2,0.7,1890
Ideal,D,SI2,1.01,4242
Very Good,I,SI2,1.5,6115
Very Good,I,SI1,0.5,1048
Premium,D,SI1,0.58,1879
Ideal,I,SI2,2.03,11172
Very Good,E,SI1,0.71,2531
Premium,J,VVS1,2.16,17891
Very Good,H,VS2,1.16,5537
Premium,I,SI2,0.51,956
Very Good,E,VS2,0.45,1129
Ideal,H,VVS2,0.55,1806
Very Good,D,SI1,0.38,831
Premium,F,SI2,0.7,1597
Ideal,G,SI1,0.79,2944
Ideal,D,SI1,0.42,761
Premium,E,VVS2,0.25,740
Premium,J,SI2,1.01,3658
Good,F,SI1,0.51,1406
Good,F,SI1,0.51,1274
Ideal,G,VS1,0.3,605
Ideal,F,VS1,1.37,11649
Ideal,E,VVS1,0.24,752
Very Good,J,VS2,0.5,1023
Premium,F,SI1,2.03,17803
Ideal,F,VS2,0.3,601
Ideal,F,VS1,0.71,3710
Very Good,E,SI2,1.01,4352
Good,E,I1,0.61,1168
Premium,H,VS2,1.51,11540
Ideal,F,SI2,1.15,5635
Very Good,G,VS2,0.71,2649
Ideal,G,VS2,0.55,1715
Very Good,F,VS2,0.72,2832
Premium,G,VVS2,1.01,6843
Premium,E,VS2,1.54,15316
Ideal,F,VS2,1.11,9144
Ideal,F,VS1,0.41,1076
Very Good,I,SI2,1.0,4080
Ideal,E,SI1,0.91,4392
Premium,F,VS2,0.5,1436
Good,D,VS1,0.71,3690
Ideal,I,VVS2,0.44,912
Good,I,VS1,1.51,9569
Very Good,F,VVS1,0.5,1978
Premium,J,SI1,1.51,7822
Ideal,G,VS1,1.09,6856
Premium,F,SI1,1.14,5925
Premium,H,SI1,1.1,4916
Premium,D,SI1,0.42,1040
Very Good,H,VS2,0.91,4922
Ideal,E,SI1,1.21,7424
Ideal,D,VS2,1.5,15992
Very Good,G,VVS1,0.3,789
Ideal,D,VVS2,0.41,1295
Ideal,F,SI2,1.0,4452
Very Good,G,VVS2,0.51,1875
Premium,G,VS2,1.07,6644
Ideal,E,SI2,0.92,4011
Very Good,H,SI2,0.39,562
Premium,D,SI1,0.72,2757
Ideal,E,VS2,0.32,702
Good,E,VS1,0.7,2657
Ideal,F,SI2,0.73,2164
Very Good,G,SI1,0.55,1141
Premium,I,SI2,1.06,4007
Ideal,G,SI1,0.32,461
Ideal,E,VS2,0.7,2633
Very Good,E,VS1,0.53,1874
Ideal,F,SI2,0.7,2011
Premium,D,VS1,0.57,2093
Ideal,G,VS2,1.56,13787
Very Good,E,SI2,0.71,2375
Premium,D,SI1,1.51,11760
Ideal,D,VS2,0.31,662
Premium,D,VS2,0.71,3161
Fair,G,VVS2,0.5,1791
Ideal,E,SI1,0.53,1585
Ideal,H,VS1,0.34,765
Fair,J,SI2,0.71,1409
Very Good,H,SI2,2.17,14625
Ideal,G,SI1,0.71,2368
Premium,G,VVS2,1.2,9873
Good,H,SI2,2.13,16062
Premium,G,SI2,0.75,2250
Ideal,F,SI1,0.7,2348
Very Good,G,SI2,1.58,9037
Ideal,F,VVS2,1.13,10327
Good,I,VS2,0.73,2144
Very Good,I,SI1,1.71,10681
Premium,H,VVS2,1.71,14731
Ideal,E,VVS2,0.54,2776
Ideal,I,VS2,0.73,2756
Ideal,G,VS1,0.32,828
Very Good,G,VS2,0.33,540
Ideal,G,VS2,1.16,8061
Ideal,F,VVS1,0.32,926
Ideal,F,I1,2.16,9036
Ideal,H,IF,0.41,1243
Premium,E,SI2,0.9,3804
Ideal,G,IF,0.47,1814
Ideal,F,VS1,0.73,3493
Very Good,H,VVS2,0.72,2771
Premium,H,VS1,0.32,720
Premium,H,SI1,1.21,6566
Premium,D,VS2,0.3,911
Ideal,G,VS2,0.59,1705
Very Good,G,SI1,1.03,4764
Ideal,G,SI1,0.98,4665
Good,G,VVS2,0.31,707
Fair,F,SI2,1.01,3597
Ideal,E,VS2,1.57,16570
Premium,D,I1,1.14,4022
Ideal,E,VS2,1.07,7190
Very Good,E,SI1,0.7,2753
Ideal,I,VVS2,0.71,2387
Very Good,G,VS1,0.32,645
Very Good,H,VVS2,0.9,4592
Ideal,I,SI2,0.83,2444
Premium,I,VS1,0.3,608
Ideal,G,VVS2,0.7,3205
Premium,E,SI1,1.51,11565
Very Good,G,VVS2,1.23,9803
Premium,D,SI1,1.66,14354
Good,J,SI2,1.03,3149
Good,I,SI1,1.0,4042
Very Good,J,VS1,2.0,13203
Ideal,G,VVS1,0.73,3667
Premium,G,VVS2,0.7,2999
Premium,D,SI1,0.5,1272
Ideal,I,VS1,0.38,703
Premium,J,VS1,0.41,830
Premium,G,SI2,1.05,4318
Ideal,F,SI1,0.59,1652
Ideal,H,SI1,1.51,10502
Very Good,J,VS1,0.3,506
Good,D,SI2,0.77,2523
Premium,D,VS2,0.31,636
Very Good,E,SI1,0.9,3510
Premium,G,VS2,0.32,720
Premium,D,SI1,0.3,552
Premium,H,VS2,0.3,473
Good,G,VS1,0.9,4540
Premium,J,SI1,1.71,7757
Ideal,G,VVS2,0.29,607
Premium,G,VS1,0.31,625
Very Good,F,VVS2,0.27,682
Very Good,F,VS1,1.0,6910
Very Good,J,SI2,1.57,6702
Premium,F,SI1,0.37,791
Very Good,G,VS1,0.35,706
Ideal,G,VS1,0.52,1722
Fair,H,VS2,0.9,3538
Very Good,E,SI1,0.5,1155
Premium,G,SI2,2.02,15498
Ideal,G,VVS2,1.1,9148
Ideal,G,VS2,1.08,6561
Ideal,H,SI2,1.06,4452
Very Good,I,VS2,1.98,15083
Very Good,H,SI2,1.34,4352
Good,J,IF,0.59,2053
Good,I,SI2,0.5,855
Good,G,IF,0.45,1437
Premium,F,VS1,0.72,2829
Premium,J,SI1,0.74,1931
Premium,E,SI1,0.83,3482
Ideal,F,VVS1,0.34,919
Premium,D,VVS2,1.0,9274
Very Good,H,SI2,2.15,17065
Ideal,I,VVS2,0.35,598
Premium,H,SI2,1.78,10666
Very Good,F,SI2,0.34,574
Premium,H,VS2,1.5,11092
Ideal,G,IF,0.45,1548
Good,H,SI2,1.5,5208
Ideal,D,SI2,1.01,5206
Ideal,G,VS2,1.01,6353
Premium,E,VS2,0.51,1662
Fair,D,SI2,0.9,3473
Premium,F,VVS2,0.41,1115
Ideal,G,IF,0.42,1400
Ideal,H,SI1,0.73,2320
Ideal,I,SI1,1.12,4811
Premium,I,VS2,2.01,16626
Very Good,J,SI2,1.24,3908
Ideal,I,SI1,1.09,4692
Very Good,F,VS2,0.32,602
Premium,E,SI1,1.75,15394
Ideal,H,VS1,0.5,1637
Very Good,G,VS2,0.72,2732
Premium,E,SI1,0.56,1755
Premium,I,SI2,2.12,15097
Ideal,H,VS1,0.32,524
Fair,G,SI2,0.8,2246
Premium,G,SI1,0.54,1389
Ideal,F,VS1,0.58,2088
Ideal,G,VS1,1.35,10193
Ideal,E,SI1,0.71,2651
Very Good,G,VVS1,0.31,710
Premium,G,SI1,0.83,2863
Very Good,D,SI1,0.31,732
Very Good,E,VS2,0.4,912
Premium,E,SI2,1.0,4116
Ideal,I,VS2,1.16,5587
Premium,E,VS2,0.71,2735
Premium,J,VS1,1.75,10429
Good,F,VS1,0.61,2120
Premium,J,VVS2,1.23,5768
Premium,I,VVS1,0.33,780
Very Good,D,VVS2,0.28,532
Ideal,E,SI1,0.51,1546
Very Good,G,VVS2,0.51,1875
Premium,H,SI1,0.6,1341
Premium,E,SI2,2.14,18291
Very Good,H,SI2,0.78,2348
Good,D,SI2,0.77,2642
Ideal,I,VS2,0.96,3462
Premium,F,VS1,0.71,2790
Ideal,G,SI1,2.03,12618
Ideal,H,VVS2,0.31,652
Premium,I,VS2,0.38,812
Ideal,G,SI1,1.2,6160
Very Good,G,VVS2,0.3,631
Ideal,E,VVS2,1.05,9843
Premium,H,SI2,1.21,5082
Ideal,G,VS2,1.51,12626
Ideal,F,VS2,0.38,822
Ideal,E,VS2,0.36,1013
Ideal,G,SI1,0.7,2480
Good,D,VS1,1.0,7672
Ideal,G,VVS2,0.32,692
Good,E,IF,0.25,512
Premium,H,SI1,1.73,12079
Ideal,G,SI1,0.73,2377
Very Good,F,SI1,0.84,2885
Ideal,E,IF,0.38,1433
Very Good,I,SI2,2.04,14527
Very Good,E,VVS1,0.24,485
Premium,G,VS1,0.3,776
Very Good,E,SI2,2.05,17138
Premium,F,SI2,0.76,2491
Very Good,E,SI1,0.73,2821
Ideal,D,VVS2,0.41,1356
Premium,I,VS2,0.97,3948
Good,I,VS2,0.9,3303
Ideal,H,SI2,2.36,17569
Ideal,E,VS2,0.57,1949
Ideal,H,SI1,1.01,5029
Very Good,H,SI1,0.73,2001
Premium,D,SI2,0.71,2368
Very Good,G,VS1,0.24,391
Premium,F,VS2,1.21,8877
Premium,J,VS1,0.73,2037
Premium,D,VS2,0.4,982
Very Good,G,VVS2,0.51,1768
Ideal,F,VVS2,0.41,1026
Ideal,H,VS2,0.62,1652
Very Good,F,SI2,1.0,3906
Premium,I,VS2,0.33,463
Premium,G,VVS1,0.42,1179
Ideal,H,VS1,0.25,426
Ideal,I,VS1,0.34,537
Premium,E,VVS1,0.28,646
Very Good,G,VS1,1.51,14028
Ideal,E,VVS2,0.71,4447
Premium,G,VS2,0.41,1061
Very Good,D,SI2,1.15,4939
Premium,H,SI2,1.12,4641
Premium,G,SI1,0.82,3674
Very Good,G,SI1,0.72,2353
Premium,I,VS1,1.5,10080
Premium,J,SI1,1.58,7654
Premium,E,SI1,0.57,1728
Very Good,J,VS2,2.01,12683
Ideal,J,VS1,0.34,413
Very Good,H,VVS2,0.26,468
Premium,I,SI2,1.5,7526
Premium,G,IF,0.33,1094
Ideal,I,VS2,1.71,12342
Very Good,I,SI1,0.9,3274
Ideal,E,VS1,0.3,778
Very Good,E,VS2,0.51,1393
Premium,I,SI2,1.05,2911
Very Good,F,VVS1,0.31,897
Ideal,G,SI1,0.44,1188
Premium,J,VS2,2.11,13046
Good,F,SI1,0.31,516
Ideal,D,IF,0.59,4161
Ideal,D,VS1,0.38,1170
Premium,E,SI1,0.41,969
Good,H,SI2,0.3,378
Very Good,E,VS1,1.0,7002
Ideal,E,VS2,0.33,928
Good,I,SI1,1.2,5211
Ideal,G,IF,0.35,979
Ideal,H,SI2,1.04,4368
Premium,D,SI1,1.0,5880
Fair,E,SI1,1.01,4480
Fair,G,VS1,1.12,5487
Good,E,SI2,0.75,2497
Ideal,H,VVS2,0.43,943
Very Good,J,SI1,1.2,4476
Very Good,H,SI2,1.36,6279
Ideal,F,SI1,0.75,3610
Ideal,H,VVS2,0.3,776
Very Good,G,VS1,1.07,7168
Ideal,I,VS1,0.38,703
Good,D,SI2,1.0,4427
Premium,E,VS2,0.34,745
Ideal,D,VS1,0.56,2057
Ideal,F,VS1,1.53,15592
Premium,E,SI1,1.01,4330
Good,E,SI1,0.5,1090
Very Good,I,VS1,0.7,2394
Very Good,E,VS1,0.71,3464
Ideal,D,VS1,0.41,1230
Very Good,E,VS1,1.0,7453
Very Good,H,SI2,2.01,12423
Premium,G,VS1,0.51,1709
Ideal,E,VS1,0.56,1930
Ideal,G,VVS1,0.3,1013
Premium,E,VS1,0.6,1875
Ideal,E,VVS1,0.4,1397
Good,G,VS2,0.74,2322
Ideal,E,VVS2,1.01,9254
Very Good,E,VVS1,0.24,521
Premium,E,VVS1,0.63,2789
Ideal,E,VS1,0.7,2978
Ideal,G,SI2,2.01,16922
Very Good,F,SI2,1.1,4715
Ideal,J,SI2,1.34,5358
Ideal,F,VS2,0.32,645
Very Good,I,SI1,1.66,8901
Very Good,D,VS2,0.31,734
Good,E,SI1,0.7,2459
Very Good,F,IF,0.31,914
Ideal,D,VS2,0.7,2833
Ideal,D,VVS2,0.7,5539
Ideal,E,VS2,0.3,658
Premium,G,SI1,1.03,5791
Premium,E,SI2,1.5,8988
Very Good,I,SI1,0.87,2791
Premium,E,SI1,0.77,2889
Very Good,F,VVS2,0.7,3028
Fair,H,VVS2,0.72,2608
Ideal,D,SI2,0.53,1314
Ideal,I,VS1,0.27,432
Premium,I,VS2,1.29,6279
Ideal,H,SI1,1.03,4900
Premium,G,VS2,0.32,720
Ideal,G,SI1,0.46,930
Ideal,G,IF,0.33,984
Ideal,G,VVS2,0.43,1056
Ideal,E,VVS2,0.3,766
Premium,G,VS2,1.12,6774
Very Good,E,SI2,0.5,1097
Very Good,F,IF,0.41,1255
Premium,I,VS2,2.0,16544
Good,H,IF,0.53,1440
Ideal,G,VS2,1.51,12551
Premium,F,VS1,0.46,1139
Premium,F,SI1,1.05,5557
Fair,G,VS1,0.7,2384
Premium,F,VS2,1.5,13680
Good,F,VS2,1.01,6089
Ideal,E,VS1,0.38,1000
Good,F,VS2,1.5,13160
Ideal,D,VS2,0.3,911
Premium,H,SI1,1.52,10078
Fair,G,SI2,2.0,11355
Premium,H,VS1,0.56,1585
Ideal,H,IF,0.55,2120
Very Good,H,SI1,0.3,421
Good,G,VVS1,0.41,986
Ideal,E,VS2,0.54,1754
Ideal,G,VVS1,0.51,1933
Ideal,F,VVS1,1.26,15247
Good,F,SI1,1.0,4712
Premium,E,VS2,1.0,6272
Premium,I,SI1,0.34,574
Very Good,D,VS2,0.9,4521
Very Good,F,SI2,1.02,4241
Ideal,H,SI1,1.24,6867
Very Good,G,SI2,0.71,2171
Ideal,F,VS2,0.72,2732
Fair,E,SI1,0.5,1098
Fair,H,I1,1.83,6887
Ideal,G,SI1,1.1,5868
Premium,I,VS2,1.09,4519
Good,H,SI2,1.28,5018
Ideal,G,VVS2,0.73,3127
Premium,E,SI1,0.37,833
Very Good,H,VS2,1.02,5565
Premium,G,VS2,1.05,5821
Good,H,SI2,1.28,4516
Ideal,G,VVS2,0.51,1842
Ideal,D,SI1,0.79,3270
Fair,H,I1,3.0,8044
Ideal,D,VVS1,0.34,1211
Ideal,E,VS2,0.37,737
Very Good,J,VS1,1.7,9683
Fair,F,SI2,0.92,3282
Very Good,J,I1,1.51,4600
Ideal,E,VVS2,0.3,766
Ideal,H,VS1,1.51,10186
Very Good,J,VS2,0.95,3314
Ideal,G,VS2,0.38,743
Premium,F,SI2,1.52,6554
Ideal,I,VS1,0.71,2637
Premium,H,VS1,1.24,7222
Ideal,H,VS1,0.52,1699
Premium,J,SI1,1.08,4173
Ideal,G,VS1,0.36,726
Ideal,H,VS1,1.31,8429
Ideal,E,VS2,0.5,1554
Ideal,G,VS2,1.03,6645
Very Good,D,VS1,0.27,413
Premium,J,VS2,0.31,488
Very Good,E,VS2,1.02,6732
Good,F,SI1,0.41,705
Ideal,F,VS2,1.5,14759
Ideal,H,VS1,0.31,562
Very Good,G,SI2,1.54,8808
Fair,I,VS2,0.9,2921
Very Good,G,SI1,0.7,2310
Premium,G,VS1,0.33,854
Ideal,D,VVS1,0.32,1067
Very Good,D,SI2,1.01,4588
Ideal,H,SI2,2.3,18304
Very Good,E,VS1,0.4,1250
Good,E,VVS1,0.41,957
Premium,E,VS2,0.5,1420
Premium,H,SI2,2.09,14581
Very Good,E,VS1,0.54,1676
Ideal,I,VS1,0.48,944
Ideal,I,VVS1,0.31,732
Ideal,D,SI2,0.31,593
Premium,G,VS2,0.43,1113
Fair,E,VVS2,1.0,7918
Good,E,I1,1.68,5765
Premium,E,SI2,1.22,4974
Very Good,F,SI2,0.76,2469
Good,F,SI1,0.7,2059
Ideal,F,VS2,0.52,1620
Ideal,G,SI2,0.9,3722
Very Good,J,SI2,0.74,1923
Good,I,VVS2,0.7,2394
Very Good,J,SI2,1.62,7072
Very Good,I,SI1,1.04,4193
Premium,H,VS2,1.22,6184
Fair,G,VS1,0.5,1257
Very Good,G,VS2,1.0,5544
Fair,D,SI1,1.01,4751
Premium,F,SI2,1.01,4796
Premium,H,SI2,1.19,4332
Premium,H,VVS1,0.3,819
Ideal,H,SI2,0.72,2410
Ideal,E,VVS1,0.33,1052
Ideal,H,VS2,0.53,1353
Very Good,F,SI2,0.91,3688
Fair,H,VS2,2.02,18565
Ideal,F,VVS1,1.21,12613
Ideal,F,VS2,0.33,854
Ideal,G,VVS1,0.31,789
Good,G,VS2,0.31,544
Ideal,F,IF,1.02,11116
Premium,E,SI1,0.54,1637
Good,E,SI1,0.3,526
Premium,J,SI2,2.03,12380
Premium,E,VS2,0.53,1908
Premium,E,SI1,0.7,2194
Ideal,E,VS2,0.31,680
Ideal,G,VS1,0.51,1757
Ideal,F,VS2,0.33,660
Fair,G,SI1,0.71,2300
Ideal,E,VS2,0.55,1643
Ideal,G,VS2,0.37,809
Premium,G,VS2,0.37,833
Very Good,I,SI1,0.92,3345
Ideal,I,VVS1,0.7,2513
Very Good,D,VS2,0.35,685
Ideal,E,VS2,0.78,3159
Good,D,SI2,0.4,798
Fair,E,SI1,0.9,3508
Ideal,F,VVS2,0.24,540
Very Good,G,VS1,1.5,13379
Ideal,F,VS1,1.01,7870
Ideal,F,VVS1,0.31,921
Ideal,F,SI1,0.7,2635
Good,H,VS1,0.31,698
Premium,H,VS1,0.35,788
Ideal,E,VVS2,0.41,1187
Premium,D,IF,0.3,1208
Ideal,G,VVS2,0.71,2978
Very Good,E,SI2,0.77,3002
Very Good,E,VS1,0.24,419
Good,G,VS2,0.58,1605
Premium,D,SI1,0.71,2863
Ideal,F,VVS1,0.26,769
Very Good,E,VS1,0.41,834
Very Good,G,SI2,0.71,2171
Very Good,G,VVS2,1.51,13337
Premium,J,SI2,1.2,4234
Good,E,SI2,1.0,4620
Ideal,G,VVS2,0.35,798
Very Good,F,SI1,0.79,2878
Ideal,E,SI1,0.3,499
Fair,G,SI2,2.1,11946
Ideal,F,VS2,0.33,854
Premium,F,SI1,0.55,1617
Very Good,H,VS2,1.01,4692
Premium,E,SI1,1.64,12896
Ideal,E,VS2,0.79,3827
Very Good,F,VS1,0.72,3219
Premium,E,SI1,0.9,4463
Ideal,F,SI1,0.57,1397
Ideal,F,VS2,0.85,3641
Very Good,I,SI1,1.07,4728
Good,F,VS1,0.7,2759
Ideal,D,SI1,0.71,2863
Ideal,H,SI1,1.24,6958
Ideal,I,VS1,1.7,12737
Ideal,D,SI2,1.23,6289
Very Good,I,VS2,2.04,16616
Very Good,G,VVS1,0.45,1193
Premium,F,SI2,1.01,3563
Premium,E,SI1,0.56,1653
Good,H,SI1,1.01,4242
Premium,D,VS1,0.54,1994
Very Good,D,VVS2,0.24,499
Premium,E,VVS2,1.2,12787
Good,I,SI1,2.03,15339
Very Good,E,VS2,0.41,833
Very Good,D,VS2,0.71,3084
Premium,F,VS2,0.34,645
Ideal,E,VVS1,0.3,844
Very Good,G,VVS1,1.02,7657
Fair,I,VS1,0.46,972
Ideal,H,VS2,0.3,491
Ideal,E,VS1,0.31,734
Premium,G,VS1,0.32,828
Premium,G,SI1,0.9,3879
Premium,J,VS2,1.57,6629
Good,H,VS1,1.0,5219
Premium,D,SI2,0.5,997
Premium,H,SI1,2.01,16956
Ideal,H,VS2,0.31,489
Premium,J,SI1,2.33,11638
Ideal,I,VS1,0.39,1047
Premium,D,SI2,1.02,5257
Ideal,D,VVS2,0.3,814
Ideal,F,VS2,0.35,906
Good,I,SI1,0.76,2016
Good,J,VS2,1.51,7418
Fair,H,I1,1.52,4648
Ideal,E,VS1,0.39,1123
Premium,F,VS1,1.21,9448
Fair,F,SI2,0.7,2035
Premium,E,SI1,0.41,904
Premium,I,VS1,1.06,5550
Ideal,D,SI1,0.31,732
Good,I,VS2,0.32,449
Premium,F,VS2,0.9,4536
Ideal,H,SI1,1.01,5158
Good,J,VS2,0.73,2098
Premium,F,I1,1.0,3344
Good,F,SI1,1.0,4586
Premium,G,VS1,0.3,776
Premium,E,SI1,0.34,765
Very Good,D,SI1,0.51,1398
Good,H,VS2,1.0,4637
Ideal,G,SI2,1.12,4158
Ideal,G,VS1,0.43,1005
Very Good,D,SI2,1.1,5320
Ideal,F,VVS1,0.41,1295
Premium,F,VVS1,0.39,1290
Ideal,I,SI2,2.14,14267
Ideal,I,VS1,0.44,1245
Very Good,E,SI1,0.84,2813
Ideal,F,VS2,0.3,776
Very Good,D,SI2,0.53,1226
Very Good,D,SI1,0.99,5671
Ideal,E,VVS2,0.29,858
Ideal,E,VVS2,0.31,767
Good,D,SI1,0.3,515
Premium,F,VS2,1.01,7062
Ideal,G,VS1,1.35,10471
Good,J,SI2,0.7,1699
Ideal,D,SI2,1.77,13026
Good,E,SI1,0.5,1188
Very Good,H,VVS2,1.0,6249
Ideal,F,SI2,1.52,10316
Very Good,E,SI1,0.34,714
Ideal,F,VS1,0.36,775
Ideal,D,VS2,0.52,1822
Very Good,H,SI2,0.94,3624
Premium,H,SI1,0.31,558
Ideal,E,VS1,0.39,1004
Very Good,E,SI2,0.95,3527
Very Good,D,VVS2,0.75,4656
Premium,D,SI1,0.55,1819
Ideal,H,VVS1,0.72,2907
Very Good,G,VS1,1.51,13624
Ideal,G,VVS1,0.3,1013
Very Good,F,VS2,1.01,6271
Very Good,G,SI2,0.91,3891
Ideal,I,VS2,1.1,4897
Ideal,G,SI1,1.01,4694
Ideal,D,SI1,1.53,13714
Very Good,J,VS1,1.24,5783
Premium,I,SI2,1.04,4141
Premium,F,SI1,0.5,1409
Premium,F,VS2,0.48,1294
Premium,D,VVS2,0.37,971
Ideal,H,SI1,0.91,4386
Very Good,E,SI2,0.62,1624
Ideal,I,VS1,0.3,491
Good,J,SI2,1.72,7741
Premium,E,VVS1,1.04,11279
Premium,J,SI1,1.25,4200
Premium,F,SI1,0.62,1595
Good,H,VS2,0.4,730
Very Good,G,VS1,0.81,3507
Good,G,VS1,1.5,13720
Premium,F,SI2,1.23,6038
Premium,H,SI1,2.01,12271
Ideal,G,VVS2,0.42,961
Very Good,E,SI1,0.73,2871
Ideal,E,VS1,0.37,876
Very Good,G,VS2,0.3,526
Very Good,D,SI2,2.11,18407
Very Good,D,VS1,0.24,419
Premium,E,VS1,0.54,1939
Good,F,VS1,1.01,5786
Very Good,D,VVS2,1.01,10453
Ideal,E,VVS1,0.3,862
Premium,J,VS2,1.36,6157
Very Good,G,SI1,1.03,4764
Premium,F,SI2,0.51,1052
Ideal,D,SI2,0.33,631
Very Good,E,VS2,0.23,352
Premium,F,SI2,0.7,2362
Good,E,I1,1.01,3484
Ideal,G,VVS1,0.36,1053
Ideal,G,VS2,0.33,743
Ideal,F,SI2,0.87,3090
Ideal,F,VS2,1.17,8072
Ideal,J,SI2,3.01,16037
Premium,E,SI2,1.1,4967
Ideal,G,IF,0.34,974
Very Good,F,SI2,1.6,8377
Premium,G,SI2,1.14,4233
Fair,F,SI1,0.46,984
Ideal,D,VS2,0.35,829
Very Good,E,VVS2,0.4,1106
Premium,G,SI1,0.8,2760
Ideal,I,VS1,0.74,2440
Premium,H,SI2,0.49,1011
Ideal,H,VS2,0.72,2594
Ideal,E,SI2,0.71,1991
Ideal,D,VVS2,1.01,11442
Premium,D,VS2,0.27,567
Ideal,H,SI2,2.11,12179
Premium,I,VVS1,0.31,732
Good,F,SI1,0.9,4712
Good,I,SI1,1.5,8736
Premium,H,VVS2,0.9,4355
Premium,E,SI2,0.35,630
Ideal,I,SI1,0.7,2083
Premium,E,SI1,0.7,2777
Very Good,D,SI2,0.3,447
Very Good,E,SI2,1.5,9548
Premium,G,VS2,1.19,7397
Premium,J,VS2,0.4,765
Very Good,D,VS1,1.51,15513
Ideal,H,SI2,1.01,4825
Ideal,G,VVS2,0.8,4740
Premium,G,SI2,1.86,13420
Premium,H,SI1,1.0,4788
Ideal,D,SI1,0.64,1991
Ideal,E,VS1,1.28,11419
Very Good,I,VS1,1.7,11514
Premium,D,SI2,0.33,631
Ideal,G,IF,0.32,918
Premium,J,SI2,0.9,2717
Good,E,SI2,0.91,3538
Good,I,SI1,0.91,2676
Ideal,D,VS2,0.32,758
Good,J,SI2,0.9,2693
Premium,J,SI1,0.32,480
Ideal,J,VS2,1.22,6052
Premium,F,IF,0.76,4223
Ideal,I,VVS2,0.4,728
Premium,F,SI2,0.9,3704
Very Good,I,SI1,0.31,408
Very Good,H,SI1,0.79,2649
Premium,H,IF,0.3,789
Ideal,E,SI2,0.89,3872
Very Good,J,SI2,1.08,3810
Ideal,D,VS2,0.35,964
Ideal,G,SI2,0.36,505
Ideal,I,VS2,1.07,4319
Ideal,F,VVS1,0.33,893
Very Good,H,VS1,0.7,2145
Premium,H,VS1,1.13,6005
Ideal,G,VVS2,0.32,730
Premium,G,VS1,0.33,666
Good,F,VS1,0.5,1390
Ideal,G,VS1,1.03,6659
Ideal,F,VS2,0.76,3648
Ideal,D,VS2,1.55,15887
Ideal,D,SI1,0.59,1694
Premium,F,SI1,1.7,13766
Very Good,I,VS1,1.5,11879
Good,I,VS1,0.6,1378
Ideal,H,SI2,0.7,2142
Fair,G,VS1,1.51,12948
Premium,G,SI2,0.77,2129
Ideal,G,VS1,1.05,7027
Ideal,H,VS1,1.08,6562
Premium,G,VS1,0.29,547
Premium,G,VS1,1.72,17765
Ideal,F,VVS2,0.41,1115
Premium,I,VS2,1.11,4942
Ideal,G,VVS1,0.33,868
Premium,E,SI1,0.61,1812
Ideal,D,SI2,0.73,2770
Very Good,D,VS2,1.5,13372
Very Good,F,SI2,0.8,2772
Ideal,J,SI1,1.57,8035
Very Good,I,VS2,0.9,3334
Very Good,G,VS2,0.3,484
Premium,F,SI1,0.7,2319
Ideal,H,SI1,1.01,4680
Good,D,VS1,0.53,1775
Premium,H,SI2,0.9,3105
Ideal,G,SI1,0.53,1166
Premium,G,VVS2,0.4,1050
Ideal,G,SI2,1.01,4783
Very Good,H,VS2,1.0,4514
Ideal,G,SI2,0.8,2657
Ideal,G,VVS1,0.53,1990
Ideal,G,VS1,0.32,828
Ideal,E,VS2,0.32,900
Ideal,I,VVS1,0.41,785
Premium,G,SI2,0.49,1084
Premium,H,VS2,0.32,505
Premium,I,SI2,1.11,4196
Ideal,E,SI1,0.73,2661
Ideal,F,VS2,0.31,625
Premium,E,IF,0.57,2753
Very Good,H,VVS2,1.51,11934
Very Good,I,VS1,1.57,10682
Premium,H,SI1,1.08,5078
Ideal,H,VVS1,0.3,665
Very Good,E,VVS1,0.24,485
Ideal,H,VVS2,0.6,1931
Premium,G,SI1,0.44,990
Premium,G,VS2,1.2,7603
Ideal,G,SI2,0.32,540
Ideal,E,VVS1,0.3,838
Ideal,E,VS2,0.5,1746
Ideal,E,VS2,0.32,702
Good,I,VS1,1.51,8975
Good,F,VVS2,0.26,517
Very Good,G,SI1,0.7,2209
Very Good,G,VS1,1.01,6368
Ideal,G,VS1,0.5,1746
Very Good,E,SI1,0.93,4537
Premium,F,VS1,1.3,11130
Fair,G,VS2,0.5,1238
Ideal,D,VS2,0.55,2030
Very Good,G,SI1,0.91,3445
Very Good,F,IF,1.09,11631
Premium,J,VS1,1.55,8749
Ideal,G,IF,0.32,918
Ideal,H,VVS1,0.8,3732
Ideal,G,SI2,0.3,405
Very Good,D,SI1,0.56,1746
Good,I,VS1,0.71,2161
Good,J,VS2,1.0,3580
Premium,F,SI2,0.73,1971
Very Good,I,VS1,1.37,7939
Very Good,G,I1,0.57,929
Ideal,F,VS2,0.3,569
Ideal,H,VS2,0.37,603
Ideal,F,SI2,1.36,7157
Ideal,G,SI2,1.06,4467
Ideal,G,VVS2,0.25,525
Ideal,J,SI1,0.4,612
Ideal,I,SI2,1.21,4880
Ideal,H,VS2,0.71,3080
Ideal,G,IF,0.34,1014
Ideal,E,SI1,0.7,2757
Good,H,SI1,0.51,1119
Premium,I,SI1,2.1,15007
Ideal,I,VS1,1.04,4997
Very Good,H,VS1,0.9,4021
Ideal,F,VS2,0.82,3798
Premium,G,VVS1,0.39,1170
Premium,E,VVS2,1.1,10387
Premium,J,VS2,1.02,3513
Fair,G,I1,2.02,6346
Premium,I,SI2,0.4,585
Very Good,J,IF,0.4,828
Premium,E,VS1,0.41,1153
Very Good,G,SI1,0.31,490
Ideal,J,SI1,0.92,3170
Premium,J,SI1,2.01,9793
Ideal,G,VS2,0.81,3397
Premium,D,VS2,0.3,710
Very Good,H,VVS2,0.41,899
Ideal,E,VS2,0.53,1676
Premium,I,I1,1.11,3183
Good,I,SI1,0.51,959
Premium,F,VVS2,0.32,806
Ideal,G,VVS2,1.23,10304
Ideal,D,VS2,0.33,1002
Premium,H,VS2,1.0,4984
Very Good,G,SI2,1.03,4473
Ideal,D,VS2,0.71,3161
Ideal,E,VS2,0.3,673
Ideal,E,SI2,0.95,4068
Very Good,H,VS1,1.65,12686
Ideal,F,SI2,0.71,2386
Fair,E,VS1,0.58,2192
Fair,H,SI2,1.17,4717
Premium,H,VVS1,0.38,967
Good,H,SI2,0.72,1945
Very Good,H,SI1,0.71,2076
Ideal,H,SI2,1.02,4207
Very Good,G,VVS1,0.61,2569
Ideal,G,VS1,1.05,7247
Ideal,G,VVS1,0.3,753
Premium,D,SI1,0.77,2939
Premium,E,VS2,1.03,6183
Good,D,SI2,2.0,16425
Very Good,G,VS2,0.37,649
Very Good,G,VS2,1.05,5917
Ideal,G,SI1,1.06,5159
Ideal,H,SI2,1.15,4186
Ideal,D,VVS1,0.65,4022
Ideal,D,SI1,0.31,732
Ideal,G,VS1,0.54,1868
Fair,F,VS2,0.59,2443
Ideal,G,VVS1,0.25,582
Premium,E,SI2,1.62,9526
Ideal,E,SI1,1.73,15842
Good,I,SI1,0.3,394
Premium,G,VS1,1.51,14507
Very Good,F,VS1,1.0,6468
Ideal,H,IF,0.41,1187
Ideal,G,VVS2,1.04,8590
Ideal,I,VS1,0.3,608
Very Good,I,VS2,1.23,5789
Ideal,F,VS2,0.41,1107
Fair,J,SI2,1.36,4158
Ideal,H,SI2,0.47,782
Premium,E,SI2,0.9,3599
Ideal,F,VS2,0.4,767
Premium,F,SI1,1.04,5621
Very Good,E,SI1,0.41,969
Very Good,E,SI2,0.9,3526
Premium,E,SI2,1.23,5929
Premium,H,VS1,0.31,698
Ideal,I,SI1,1.12,6143
Ideal,D,VS2,0.51,1787
Premium,F,SI2,0.74,2328
Ideal,D,SI1,0.73,2841
Ideal,H,SI1,2.02,17245
Very Good,D,VS1,0.41,1151
Ideal,G,SI2,0.72,2420
Ideal,G,VS2,1.56,12800
Fair,F,VS2,1.5,13853
Ideal,D,VS1,1.13,11477
Ideal,D,VVS2,1.06,11837
Very Good,I,VS1,1.7,12622
Premium,E,SI2,2.11,18034
Premium,E,VS2,1.58,14453
Premium,F,SI2,1.21,6092
Ideal,F,VS2,0.31,802
Ideal,F,VS2,0.31,625
Premium,H,SI2,1.51,7340
Ideal,G,VVS2,0.34,995
Ideal,D,VS1,0.51,1845
Premium,E,SI1,0.31,698
Ideal,I,VVS1,0.7,2489
Ideal,G,IF,0.24,559
Very Good,I,VS2,2.01,15919
Very Good,E,VS2,0.57,1785
Very Good,F,VS2,0.71,2860
Ideal,D,VS2,0.34,753
Good,H,VVS1,0.31,707
Premium,G,VS2,0.34,596
Ideal,E,VS2,0.33,738
Premium,F,VS1,0.5,1838
Ideal,F,IF,0.31,921
Premium,F,SI2,0.9,2681
Ideal,I,SI1,0.76,2358
Very Good,I,VS1,2.01,18041
Very Good,F,SI2,1.51,9471
Premium,G,SI1,0.97,4400
Ideal,H,SI1,1.08,5517
Ideal,E,VS2,1.21,10556
Ideal,G,VS2,0.58,1761
Ideal,G,VS1,1.38,11527
Premium,E,VS1,0.38,1000
Ideal,G,SI2,1.06,4459
Premium,F,SI1,1.0,3528
Ideal,E,SI2,0.4,666
Very Good,D,SI2,0.9,3806
Premium,E,VS2,1.0,6720
Premium,E,VS2,0.32,702
Ideal,F,VVS1,0.31,975
Very Good,F,VS2,0.72,2724
Ideal,E,VVS1,0.46,1955
Ideal,G,IF,0.36,1029
Premium,E,SI1,1.27,7980
Ideal,J,VS2,0.5,1099
Premium,H,VS2,1.51,10951
Very Good,H,VS2,0.3,473
Premium,F,VVS2,0.51,2093
Premium,I,SI1,1.21,5285
Very Good,I,VS2,0.51,1068
Good,F,VS2,0.8,3283
Ideal,I,VS2,0.72,3391
Premium,J,VS1,0.32,421
Very Good,F,SI2,0.9,3601
Very Good,H,VS1,0.9,4685
Ideal,D,VVS2,0.38,1257
Ideal,F,VVS1,0.31,985
Premium,J,VVS2,1.37,7319
Fair,H,SI2,1.13,4113
Ideal,F,VVS1,0.3,814
Premium,E,SI2,1.1,4829
Fair,G,VS2,0.72,2306
Ideal,F,VS1,0.3,621
Ideal,F,VS2,1.27,9547
Good,E,VS2,0.54,1660
Ideal,E,VS2,0.32,768
Very Good,G,SI1,0.59,1412
Very Good,G,VS1,0.33,666
Good,H,SI1,0.32,461
Very Good,D,VS1,0.3,742
Premium,E,SI2,1.52,8810
Very Good,G,VS2,0.32,561
Premium,I,SI1,0.33,572
Ideal,E,VVS1,0.3,862
Ideal,E,VS2,0.3,658
Very Good,D,VS2,1.02,6830
Ideal,J,VS2,1.21,5653
Premium,G,VS2,0.32,561
Very Good,F,VS1,0.5,1849
Good,E,SI1,0.45,829
Premium,D,SI2,0.5,1243
Ideal,G,IF,0.31,871
Ideal,F,SI1,0.46,983
Ideal,G,VS1,1.22,9166
Very Good,D,VS2,0.39,1040
Premium,E,VS1,1.0,7392
Very Good,G,VS2,1.0,5227
Ideal,D,VS2,0.55,1894
Ideal,F,VVS2,0.41,1323
Ideal,I,VS2,0.32,449
Premium,I,SI1,0.31,537
Very Good,F,SI1,1.02,4594
Good,G,I1,1.51,3497
Ideal,F,VS1,0.4,960
Ideal,G,SI2,1.25,5259
Very Good,D,VS1,0.72,3619
Ideal,H,VVS2,0.32,828
Very Good,J,SI2,1.02,3745
Ideal,H,SI2,0.41,787
Very Good,F,VS2,1.12,6925
Very Good,G,VS2,0.71,2690
Very Good,H,SI2,1.51,9107
Premium,F,VS2,0.74,2560
Ideal,F,SI1,0.8,2890
Ideal,H,VS1,0.74,3030
Premium,D,SI1,0.5,1654
Premium,J,SI1,0.72,1987
Ideal,G,SI1,0.41,964
Ideal,J,VS1,0.32,442
Very Good,E,SI1,0.5,1289
Ideal,G,VS1,1.21,10685
Premium,G,VS1,1.74,17904
Ideal,E,SI1,0.43,792
Very Good,I,VS2,1.6,10346
Ideal,E,SI1,0.76,3170
Premium,F,SI1,0.62,1766
Good,E,VS1,0.47,1447
Ideal,F,VVS2,0.54,2454
Very Good,I,VS1,1.51,10215
Very Good,G,VVS2,1.23,10004
Very Good,E,SI2,0.34,477
Very Good,G,VS2,0.32,720
Premium,J,SI2,2.01,12407
Good,E,SI2,1.51,10884
Ideal,D,VS2,0.72,3219
Very Good,H,SI1,0.32,461
Premium,E,SI2,1.13,3898
Premium,G,VS2,0.41,1061
Ideal,D,VS2,0.51,1716
Ideal,I,SI1,2.26,16904
Ideal,G,VS2,0.56,1585
Ideal,E,VVS2,0.53,2230
Ideal,H,SI2,0.52,956
Very Good,F,VVS2,0.3,737
Very Good,E,VVS1,0.51,2579
Very Good,D,SI1,0.64,1910
Premium,F,SI1,0.5,1332
Good,I,VS2,1.01,4239
Premium,G,SI2,1.05,4598
Ideal,G,SI1,1.57,11702
Good,H,SI1,1.5,9946
Ideal,F,VS1,1.1,8279
Good,H,VS2,1.52,10428
Very Good,E,VS2,1.23,9193
Ideal,E,VS1,0.71,3354
Very Good,I,VS2,1.52,8938
Premium,F,SI1,1.2,6435
Ideal,E,VS2,0.52,1815
Very Good,F,SI1,0.91,3007
Premium,J,VS2,1.21,4841
Ideal,G,VVS2,0.3,665
Ideal,G,VVS1,0.33,868
Premium,H,SI2,0.43,839
Ideal,D,VVS2,0.3,1041
Ideal,J,SI2,2.06,11337
Premium,G,VS2,1.51,12068
Ideal,E,SI1,0.4,945
Premium,G,SI2,0.79,1877
Ideal,E,SI2,1.01,4751
Ideal,D,SI1,0.3,709
Very Good,F,SI1,0.9,3950
Ideal,E,VVS2,0.4,1238
Very Good,E,SI1,1.01,5224
Fair,E,VS1,0.3,640
Good,I,VS1,0.31,628
Very Good,F,VS2,0.59,1622
Premium,E,VS1,0.31,942
Very Good,H,VS2,1.11,5450
Ideal,I,VS1,0.3,486
Ideal,D,VS2,1.23,9836
Premium,I,VVS1,0.56,1743
Premium,G,SI1,1.59,9707
Fair,D,VVS2,1.0,10562
Very Good,D,SI1,1.03,5393
Premium,F,VS1,0.39,894
Good,I,SI1,1.0,3836
Ideal,G,SI2,0.53,1171
Ideal,E,VS1,0.42,1372
Ideal,G,VVS2,0.33,713
Premium,D,SI1,0.31,732
Very Good,D,SI2,0.9,3798
Premium,G,VVS2,0.58,1975
Premium,G,VVS2,1.06,8003
Premium,E,VS2,0.3,844
Very Good,D,SI1,0.51,1562
Premium,I,SI1,1.03,4326
Ideal,E,VS2,0.57,1819
Ideal,E,VS2,0.3,658
Premium,H,VS2,0.31,489
Ideal,E,VS2,0.33,928
Ideal,F,SI1,0.34,630
Ideal,E,VVS2,0.32,842
Ideal,G,VS2,0.32,561
Very Good,F,SI1,0.37,616
Very Good,F,SI2,1.0,4036
Ideal,E,VS1,0.28,625
Ideal,D,VS2,0.31,942
Very Good,H,VS2,0.38,871
Good,D,SI1,0.5,1436
Ideal,D,SI2,1.11,5648
Good,F,VS2,0.3,484
Ideal,F,SI2,1.05,4675
Ideal,G,VVS2,0.75,3525
Ideal,D,VS2,0.31,734
Ideal,D,VS2,0.77,3755
Ideal,F,VVS1,0.26,635
Very Good,E,SI1,0.41,705
Premium,D,SI2,0.91,3403
Ideal,G,SI2,0.76,2553
Very Good,G,VS1,0.74,2896
Good,E,SI2,1.0,4496
Very Good,I,SI1,1.52,7506
Very Good,H,VS1,0.31,698
Very Good,E,SI1,0.9,4201
Very Good,D,VVS2,0.58,2714
Ideal,G,VS1,0.7,3065
Ideal,G,VVS2,1.22,10038
Good,D,SI1,0.5,1436
Good,H,VS2,0.7,2234
Premium,E,SI1,0.93,4229
Ideal,H,VS2,0.42,992
Ideal,H,SI1,1.05,5342
Good,D,VS2,0.45,1149
Ideal,F,VVS1,0.33,1021
Good,I,SI1,1.51,9234
Ideal,I,VS2,0.61,1627
Premium,H,SI1,1.13,4689
Ideal,D,SI2,1.03,5836
Ideal,F,VS2,0.41,863
Ideal,D,VS2,0.57,2546
Ideal,G,VVS2,0.31,707
Very Good,G,VS1,1.04,6541
Good,E,SI2,0.9,3724
Premium,D,SI2,1.21,5997
Premium,H,SI1,1.21,5793
Very Good,D,VS2,0.33,781
Very Good,H,VVS2,0.56,1723
Premium,G,VS2,0.7,2479
Ideal,F,SI1,0.83,3198
Good,J,VVS2,0.5,1105
Ideal,F,VS1,0.62,2073
Ideal,H,VS2,0.43,778
Ideal,G,VVS1,1.05,8931
Very Good,H,VVS2,0.9,4740
Ideal,H,VVS2,0.33,666
Very Good,H,VS1,0.7,2145
Premium,D,I1,1.11,3589
Ideal,E,VVS1,0.34,1014
Ideal,E,SI1,0.79,3075
Ideal,F,IF,0.35,1035
Ideal,D,VVS1,0.34,1133
Good,H,VS2,1.51,7949
Very Good,E,SI2,0.93,4113
Very Good,G,VS2,0.82,3535
Ideal,F,VS2,0.58,1790
Very Good,I,VS1,1.0,5557
Ideal,D,SI1,0.41,1015
Good,E,SI1,0.5,1415
Very Good,F,VS2,0.91,4917
Very Good,F,SI2,0.92,3854
Premium,J,SI2,1.04,3603
Very Good,E,VS1,0.41,834
Premium,G,VS2,0.9,4309
Ideal,D,VS2,0.41,1007
Very Good,G,VS1,0.63,1960
Very Good,E,VS2,1.53,14282
Premium,E,VS2,1.01,6425
Ideal,E,VS1,0.33,771
Premium,H,SI2,1.01,3676
Premium,F,SI1,0.33,550
Premium,H,SI1,1.51,10063
Very Good,D,VS2,1.52,13799
Premium,D,VS2,0.72,2721
Very Good,J,VS1,1.33,6442
Premium,D,VS2,1.02,7389
Ideal,E,SI2,0.91,3968
Good,J,IF,0.41,827
Premium,D,SI1,0.31,732
Ideal,G,VS2,1.4,10427
Good,H,SI1,0.9,3577
Ideal,I,SI2,2.06,14428
Ideal,J,VS1,1.74,11194
Premium,F,SI2,1.0,3858
Ideal,E,VS2,0.51,1656
Good,E,SI1,1.01,4853
Ideal,E,VS1,0.35,829
Ideal,J,SI2,2.47,15430
Ideal,E,VS2,0.31,872
Good,F,SI2,1.01,4197
Ideal,F,VVS2,0.3,694
Premium,E,VS2,0.52,1694
Premium,E,SI2,0.62,1271
Ideal,F,VS1,0.74,3226
Very Good,G,VVS2,1.01,7137
Premium,D,I1,0.92,2698
Very Good,F,VS1,0.58,2046
Ideal,D,VS2,0.42,961
Premium,E,VS1,0.44,1238
Ideal,F,SI1,1.01,5527
Premium,G,VS2,1.08,6532
Premium,G,VS1,0.91,4510
Ideal,D,VS2,0.36,1094
Ideal,D,SI2,0.6,1338
Ideal,H,IF,0.4,1074
Premium,G,IF,0.72,3185
Premium,E,VS2,0.3,844
Fair,F,SI2,1.0,3864
Ideal,I,SI2,0.91,3034
Ideal,F,VS2,0.3,776
Very Good,E,SI2,0.74,2617
Ideal,E,SI1,1.16,6896
Premium,J,VS1,2.2,15064
Ideal,D,VS2,0.56,1753
Very Good,H,SI2,1.21,5190
Very Good,F,VVS2,0.27,620
Ideal,F,VVS2,0.51,2203
Premium,I,SI1,1.64,8716
Premium,E,VS2,0.32,900
Very Good,D,VVS2,0.28,777
Premium,G,SI2,1.4,5723
Good,H,VS2,1.0,5254
Fair,H,SI1,1.03,3617
Ideal,I,SI1,0.41,639
Ideal,H,VS1,0.57,1554
Premium,G,SI2,0.7,2177
Ideal,E,VS2,0.34,702
Premium,D,VS2,0.35,1063
Premium,H,SI2,1.53,6512
Ideal,H,VS1,0.55,1686
Premium,J,SI2,2.21,13642
Fair,G,SI1,0.51,1160
Very Good,G,SI1,0.73,2585
Ideal,F,VVS1,0.38,1160
Fair,E,SI2,1.0,3763
Ideal,D,SI1,0.56,2053
Very Good,G,VVS2,0.31,617
Premium,G,VVS2,1.52,14105
Ideal,E,SI2,1.08,4989
Ideal,D,SI1,1.01,5443
Ideal,G,VS2,1.07,7577
Very Good,E,SI2,1.11,4102
Premium,F,VS2,0.73,2446
Fair,E,VS2,0.5,1188
Good,E,VVS1,0.31,725
Ideal,H,SI1,1.09,5219
Very Good,G,SI2,1.5,8148
Premium,G,SI1,0.54,1356
Premium,I,SI1,1.22,5233
Premium,D,SI1,0.32,589
Very Good,H,VS1,0.91,4670
Ideal,G,VVS2,0.59,2169
Premium,F,VS1,1.02,7351
Very Good,E,SI2,0.4,666
Ideal,J,VS2,0.58,1324
Ideal,F,VS2,0.57,1869
Premium,F,VS2,0.74,2805
Very Good,E,VS1,0.23,442
Good,J,SI2,1.5,5107
Premium,G,SI1,0.71,2386
Ideal,F,VVS2,0.31,775
Premium,E,SI2,0.7,2273
Premium,G,VVS1,0.29,669
Ideal,H,IF,0.24,504
Premium,G,SI1,1.02,5226
Ideal,E,SI2,1.53,10339
Very Good,D,VVS2,0.4,1168
Premium,H,SI1,1.19,5622
Very Good,E,VS2,1.01,6522
Fair,J,VS1,2.02,13399
Premium,H,VVS2,0.9,4355
Fair,H,SI1,1.5,6340
Premium,I,SI2,2.11,14615
Good,H,SI2,0.8,2474
Ideal,I,SI1,0.34,459
Premium,E,SI1,0.73,2703
Very Good,G,SI1,0.92,3724
Ideal,F,VS1,0.41,1007
Very Good,G,VS2,0.71,2335
Ideal,I,IF,0.34,695
Ideal,E,VVS2,0.33,953
Very Good,F,SI1,0.76,2770
Premium,H,VS2,0.59,1590
Premium,G,VS2,0.71,2671
Good,I,SI1,2.06,14920
Premium,F,SI1,2.21,16804
Good,H,VS2,1.41,9088
Ideal,D,VS2,0.55,1925
Good,F,VS1,0.24,373
Good,F,VS1,0.23,376
Ideal,H,SI2,2.0,12587
Ideal,G,VVS2,1.25,10636
Very Good,E,VS2,0.55,1719
Ideal,G,VS2,0.58,1558
Ideal,G,IF,0.4,1229
Good,F,SI1,1.04,5045
Ideal,E,IF,0.32,1018
Ideal,G,VS2,1.22,8062
Ideal,D,SI1,0.5,1654
Very Good,J,SI1,2.01,12392
Ideal,H,VVS1,0.3,650
Very Good,H,SI1,1.19,5595
Good,F,VS2,0.31,625
Ideal,F,VS1,0.4,982
Ideal,E,SI2,0.58,1359
Premium,H,VS2,1.71,10084
Premium,F,VVS2,0.4,1088
Fair,F,SI2,0.25,1013
Ideal,G,VVS1,0.43,1264
Premium,D,SI1,0.71,2863
Ideal,H,VVS1,0.3,665
Premium,G,SI1,0.9,3326
Premium,G,VS1,0.3,605
Ideal,G,IF,0.53,2137
Very Good,E,SI1,0.48,1349
Good,D,SI1,0.32,589
Premium,E,VS2,0.31,872
Premium,G,VS2,0.41,1061
Ideal,I,SI1,0.7,1790
Ideal,E,VS1,0.34,805
Ideal,E,VS2,0.41,999
Very Good,I,SI2,2.54,17996
Very Good,F,SI1,1.2,6872
Fair,F,VS2,0.74,2805
Premium,D,SI1,0.73,2821
Ideal,H,SI1,0.42,700
Ideal,G,VVS2,0.36,821
Very Good,E,VS2,1.01,6577
Ideal,G,SI2,0.63,1407
Ideal,E,VVS1,0.34,1014
Ideal,G,VS1,1.07,7198
Premium,H,VS2,1.02,5312
Premium,J,SI1,1.38,5912
Ideal,D,VS2,1.36,11793
Premium,D,SI2,1.23,6833
Good,G,SI2,0.41,732
Good,G,VVS2,0.3,878
Premium,F,VVS1,0.41,1356
Good,H,SI2,0.7,1856
Premium,E,VS2,0.24,417
Very Good,F,SI1,0.79,3073
Premium,I,VS1,0.3,608
Ideal,I,SI1,0.31,436
Premium,J,SI2,2.3,13560
Ideal,E,SI2,0.57,1244
Premium,G,VS2,0.31,544
Ideal,I,IF,0.57,1779
Good,E,SI1,0.4,687
Ideal,H,SI2,1.7,9864
Very Good,D,SI2,1.51,10546
Very Good,E,VVS2,0.57,2469
Very Good,F,SI2,2.06,16603
Ideal,H,SI1,0.31,573
Ideal,E,VS2,0.53,1739
Ideal,H,VVS2,0.5,1842
Very Good,E,SI1,0.51,1443
Premium,F,VS2,0.41,1107
Ideal,D,VS2,0.51,1882
Very Good,D,VS2,1.02,6447
Very Good,G,SI1,1.53,9971
Premium,E,VS2,0.46,1173
Good,D,VS1,0.5,1657
Good,D,SI2,1.0,4727
Very Good,G,VS2,0.3,675
Premium,H,VS2,1.01,5166
Very Good,E,VS2,0.24,362
Ideal,E,VS2,0.42,1024
Premium,G,VVS2,0.52,1707
Very Good,J,VS1,0.57,1270
Very Good,E,SI2,1.54,7877
Premium,H,VVS1,0.34,995
Ideal,J,VS1,1.18,5182
Very Good,E,I1,1.02,3455
Premium,F,VVS2,0.51,1953
Ideal,E,VS2,0.61,2225
Ideal,D,SI1,0.86,3709
Ideal,I,VS1,1.22,6469
Ideal,D,VS2,0.56,1963
Premium,G,SI2,1.91,9038
Very Good,F,SI1,0.42,773
Ideal,F,VVS1,0.52,2867
Very Good,J,VS1,1.24,5783
Very Good,G,SI1,0.39,684
Very Good,H,SI2,0.64,1292
Very Good,G,SI1,0.56,1361
Ideal,G,VS1,0.42,921
Very Good,H,SI1,0.41,683
Fair,D,VS1,0.71,2747
Ideal,G,IF,0.31,891
Premium,F,SI2,0.91,3746
Premium,I,SI2,2.01,13833
Ideal,E,SI1,0.31,516
Premium,H,VS1,1.04,5882
Premium,E,VVS1,0.26,635
Premium,I,VS2,2.02,16861
Ideal,I,IF,1.2,7367
Very Good,G,SI2,0.32,421
Very Good,E,SI1,0.35,614
Premium,H,SI1,2.38,16643
Very Good,F,VS1,0.27,518
Ideal,E,VS2,0.32,900
Ideal,E,SI1,0.31,698
Ideal,F,VS2,0.31,625
Good,E,I1,1.21,3144
Ideal,D,SI1,0.5,1848
Premium,D,SI1,1.0,5880
Ideal,F,SI1,1.51,12459
Very Good,G,VVS2,1.21,9942
Very Good,F,SI1,0.26,590
Ideal,E,VS2,0.53,1813
Good,H,SI2,1.0,3640
Ideal,G,IF,1.11,9931
Premium,J,VS1,1.27,5618
Very Good,F,VS1,0.26,499
Very Good,F,IF,0.25,548
Ideal,I,VS1,1.62,11152
Ideal,F,VS2,0.32,828
Ideal,G,VS1,0.41,961
Ideal,H,SI1,0.3,450
Premium,E,VS1,0.51,1837
Ideal,I,VVS1,0.3,552
Very Good,F,VS2,0.5,1436
Premium,G,VS2,1.02,6169
Very Good,E,SI1,0.81,2797
Premium,G,SI2,0.32,421
Very Good,E,SI1,2.01,16956
Ideal,E,VVS1,0.33,1052
Very Good,G,VS1,1.51,13378
Premium,F,VS2,0.5,1654
Premium,I,SI1,1.12,4373
Good,F,VS2,0.41,863
Good,J,VS2,1.5,7368
Very Good,H,I1,3.0,6512
Ideal,E,VVS2,0.27,622
Premium,E,SI1,0.33,743
Very Good,I,SI1,0.51,1068
Good,D,SI1,0.9,4381
Very Good,D,SI1,0.7,2827
Ideal,J,VS2,1.0,4539
Good,H,VVS1,0.3,684
Good,F,SI2,0.7,2062
Premium,F,VS1,0.73,2961
Ideal,E,VS2,0.32,900
Premium,G,IF,0.32,1020
Premium,F,VS1,0.51,2346
Ideal,H,IF,0.33,820
Ideal,H,VS2,0.33,551
Good,E,SI1,1.01,5226
Premium,G,SI1,0.52,1338
Premium,J,VS2,1.31,6822
Good,F,VS1,0.7,2819
Very Good,E,VVS2,0.5,2168
Ideal,G,IF,0.3,863
Premium,F,VS2,0.56,1778
Premium,J,VS2,0.37,454
Very Good,D,VS2,0.54,1786
Ideal,E,VVS2,0.43,1304
Ideal,D,SI2,0.43,716
Ideal,E,VVS2,0.56,2463
Ideal,E,VS2,0.31,680
Premium,G,IF,0.32,954
Premium,H,VS2,1.07,5498
Ideal,I,VVS1,0.72,2678
Ideal,F,VS2,0.31,591
Ideal,E,VS2,0.31,872
Very Good,E,VVS1,0.23,530
Premium,F,VVS2,1.0,8924
Premium,F,VS2,0.3,776
Premium,F,VS2,1.5,13853
Premium,F,VS2,0.37,696
Ideal,G,SI1,0.31,593
Good,G,VVS2,1.21,6559
Very Good,H,SI1,2.0,16872
Very Good,F,SI1,1.0,5521
Good,I,VS1,1.51,8210
Good,I,VVS1,0.4,842
Premium,H,VS2,0.36,568
Very Good,G,VS2,1.1,6369
Very Good,J,VS2,0.32,393
Good,F,I1,0.41,503
Ideal,D,VS2,0.53,1956
Premium,H,VVS2,0.32,828
Ideal,G,VS1,1.19,9918
Premium,J,VS2,1.2,4715
Good,H,VVS2,0.31,802
Very Good,I,SI1,0.32,421
Premium,I,SI1,0.32,421
Good,G,VS2,1.24,8672
Very Good,I,SI1,0.42,626
Very Good,I,SI2,2.4,17955
Premium,G,SI2,1.0,3713
Premium,I,VVS1,0.5,1556
Premium,G,SI1,1.6,11926
Ideal,H,IF,0.26,600
Ideal,I,SI1,0.92,4488
Very Good,D,SI1,0.91,4556
Premium,F,VS2,0.35,879
Premium,H,SI1,2.07,13786
Premium,D,VS1,0.33,933
Very Good,H,VS2,1.51,11068
Ideal,F,VVS1,0.4,1263
Very Good,E,VVS2,1.01,9140
Ideal,D,SI1,0.42,810
Ideal,H,SI1,1.09,5149
Very Good,F,SI1,1.01,5861
Premium,F,VVS1,0.5,2081
Ideal,E,SI2,0.93,4858
Very Good,G,VVS1,0.35,921
Ideal,E,VVS2,0.33,814
Ideal,F,VVS2,0.53,2160
Very Good,H,SI2,0.32,504
Very Good,G,SI1,0.54,1392
Ideal,I,SI1,0.32,450
Ideal,G,SI1,2.03,14637
Ideal,D,SI1,0.52,1600
Very Good,J,VS1,0.46,874
Ideal,I,SI1,0.9,3251
Very Good,D,VVS2,0.71,4363
Premium,H,SI2,1.01,3782
Ideal,I,VS1,2.0,12907
Very Good,G,SI1,0.71,2201
Good,D,IF,0.32,1252
Premium,D,SI2,0.6,1428
Ideal,J,SI2,1.24,4666
Ideal,H,SI1,0.52,1223
Premium,D,SI2,0.91,3949
Premium,H,SI1,1.03,4406
Good,G,VS1,0.91,4284
Premium,H,SI1,0.83,2613
Good,G,SI1,0.31,431
Ideal,H,SI2,0.31,421
Ideal,D,VS2,0.32,758
Very Good,F,SI2,0.38,585
Ideal,G,VS1,0.51,1656
Ideal,G,IF,0.39,1200
Ideal,G,VS2,0.7,3172
Very Good,G,VS1,0.37,746
Ideal,F,VS1,1.12,9030
Premium,I,SI2,0.95,3237
Ideal,F,SI2,1.03,4454
Premium,I,SI1,1.54,8969
Ideal,F,SI2,1.02,4578
Good,H,SI1,1.01,4116
Ideal,G,SI2,0.33,594
Very Good,G,VS2,1.04,6177
Very Good,E,SI1,0.36,593
Very Good,H,VVS2,0.75,3002
Very Good,H,VS2,0.51,1328
Good,F,VS1,0.7,2751
Very Good,I,VS1,0.7,1995
Fair,F,VS2,1.01,5226
Ideal,G,VS2,1.28,8774
Ideal,G,VVS2,0.82,4130
Premium,F,VS1,0.3,844
Ideal,D,VS2,0.33,940
Premium,D,SI2,0.52,1385
Very Good,E,VS2,1.2,9529
Ideal,G,VVS1,0.31,816
Very Good,E,SI1,0.91,4188
Premium,H,VS2,0.72,2583
Premium,E,VVS1,0.26,769
Ideal,G,SI2,1.08,4544
Good,E,SI1,0.53,1328
Very Good,H,SI1,0.4,666
Premium,D,SI2,1.61,10278
Ideal,F,VS2,0.75,2893
Very Good,G,SI1,1.01,4588
Premium,D,VVS1,0.71,3952
Ideal,E,VVS2,0.3,949
Ideal,E,VS2,0.3,844
Very Good,F,VS2,0.41,863
Very Good,J,SI1,0.72,1866
Ideal,E,VS2,0.36,1013
Very Good,D,VS2,0.78,3298
Fair,J,SI2,1.01,2683
Premium,E,SI2,0.51,1294
Very Good,H,VS1,1.21,7279
Very Good,G,SI1,0.36,689
Ideal,D,VVS2,0.3,802
Ideal,F,VVS1,0.4,1186
Premium,D,SI2,1.24,5311
Premium,G,VS1,0.7,2535
Premium,D,SI2,0.3,574
Good,F,VVS1,1.01,9012
Premium,G,SI1,0.75,2631
Premium,G,SI2,1.07,4401
Premium,E,SI1,0.9,4092
Good,I,SI1,0.7,2142
Premium,H,SI1,1.11,4748
Ideal,G,VVS1,0.26,605
Very Good,H,SI2,0.7,2034
Good,D,VS2,0.33,625
Premium,I,IF,0.33,891
Very Good,E,VVS2,0.4,1205
Ideal,E,VVS2,0.32,816
Good,I,SI1,0.7,1899
Very Good,E,VVS2,1.01,9642
Good,D,SI2,1.01,4606
Ideal,E,SI2,0.4,629
Very Good,F,VVS1,0.35,966
Premium,F,SI2,1.0,4452
Premium,D,VVS1,0.71,4482
Ideal,G,VVS2,0.32,730
Ideal,G,VS1,1.0,6290
Ideal,J,IF,0.43,952
Very Good,E,VVS1,0.29,609
Premium,H,SI1,1.5,9697
Ideal,E,IF,0.32,1004
Very Good,H,VVS2,1.34,9735
Premium,G,VS2,1.2,7405
Premium,H,SI2,2.0,11108
Premium,H,VVS1,1.51,12336
Ideal,F,VS1,0.4,982
Good,F,SI1,0.42,722
Good,J,SI1,2.28,14350
Good,F,SI2,1.5,7727
Premium,G,VS1,1.2,8938
Ideal,E,VVS2,0.64,3157
Ideal,H,SI1,1.07,5220
Very Good,E,VVS2,0.24,485
Ideal,I,VS2,0.33,594
Very Good,H,SI1,1.23,6542
Good,J,I1,1.54,4492
Ideal,H,IF,1.23,8585
Ideal,G,VS1,1.06,8451
Ideal,D,VS1,0.5,1792
Good,F,SI1,0.91,3423
Very Good,E,VS2,0.52,1641
Premium,E,VS2,0.5,1654
Premium,H,SI1,1.02,4037
Premium,G,VVS2,1.51,15164
Ideal,E,VS2,0.33,682
Ideal,H,SI2,0.83,1863
Ideal,G,SI2,1.04,4375
Premium,I,SI2,0.41,600
Very Good,E,SI2,0.71,2368
Ideal,I,VS2,0.27,534
Ideal,G,VS1,0.4,877
Fair,F,SI2,1.02,3633
Premium,F,VVS2,0.5,2160
Ideal,H,VVS2,0.7,2644
Premium,G,VVS2,0.4,1050
Very Good,I,VS1,1.23,6564
Premium,E,VVS2,0.63,2789
Premium,G,VS2,1.5,12308
Ideal,G,SI2,0.81,2789
Ideal,D,VS2,1.25,10114
Ideal,F,SI1,1.01,6907
Fair,H,SI1,1.19,5622
Very Good,I,VS2,0.31,435
Premium,H,SI2,1.2,4032
Very Good,F,VS2,1.01,6714
Premium,G,SI1,0.91,3392
Ideal,E,VS2,0.52,1576
Very Good,F,VVS2,0.39,1058
Good,E,SI1,0.34,765
Ideal,H,VS2,0.34,537
Very Good,H,VS1,0.53,1607
Good,G,VS2,0.8,2753
Good,J,VS2,1.03,3795
Ideal,D,VS2,0.32,972
Very Good,F,VS1,1.02,7740
Ideal,I,VS2,1.24,7544
Premium,E,SI2,0.36,518
Very Good,J,VS1,0.4,810
Ideal,E,VS2,0.3,844
Premium,F,VS2,1.02,6773
Good,E,SI1,0.31,544
Ideal,E,SI2,1.53,10698
Ideal,J,IF,2.08,17986
Premium,G,VS1,1.02,6238
Very Good,E,SI2,0.41,818
Ideal,H,SI2,1.42,7475
Ideal,D,VVS2,0.31,766
Ideal,I,SI1,1.14,5469
Very Good,F,SI1,0.72,2540
Ideal,G,VVS2,0.41,1076
Very Good,I,SI2,0.9,2826
Good,G,VS2,1.5,13307
Ideal,H,VVS2,0.81,3497
Premium,H,VS1,1.09,5860
Very Good,G,SI2,1.24,4462
Premium,H,SI1,1.24,6729
Very Good,D,VS1,0.23,402
Ideal,D,SI1,1.0,4592
Ideal,H,SI1,1.18,6013
Premium,J,SI2,1.5,5268
Ideal,F,SI1,0.36,551
Fair,H,I1,0.96,1705
Good,F,VVS1,0.26,524
Premium,I,SI1,1.23,5412
Premium,G,VS2,0.62,1823
Ideal,H,VS2,1.09,5732
Very Good,E,SI1,0.32,561
Ideal,I,VS1,0.5,1282
Good,F,VS1,1.0,5829
Ideal,E,VS2,0.32,702
Very Good,F,VS2,0.7,2437
Very Good,F,SI1,0.43,792
Very Good,E,SI1,0.44,970
Very Good,G,SI2,2.0,14074
Premium,G,SI1,0.55,1226
Good,F,VS1,0.25,435
Ideal,F,VS2,1.24,8983
Ideal,H,VS2,0.37,603
Premium,H,VS2,0.3,608
Very Good,F,SI1,0.7,2161
Good,H,VS2,0.36,568
Good,E,VVS2,0.25,476
Good,G,VS1,0.41,847
Ideal,H,VS1,1.43,11498
Premium,H,SI1,1.01,4578
Ideal,D,SI1,0.3,524
Ideal,G,VVS1,0.5,1966
Premium,H,SI2,1.16,4979
Very Good,F,VS2,0.7,2362
Good,E,SI1,0.31,544
Ideal,H,VS2,0.71,2450
Premium,G,VS1,0.41,961
Premium,I,VS2,1.54,9659
Premium,H,VS2,2.03,18139
Premium,H,VVS1,0.25,577
Good,J,VVS2,1.16,5831
Fair,H,SI1,1.0,3830
Premium,D,SI2,1.0,4295
Very Good,E,VS1,0.51,1717
Very Good,I,VVS1,0.4,849
Premium,F,VS2,1.01,6271
Ideal,E,VS2,1.09,7796
Very Good,G,VS1,0.59,1942
Ideal,D,SI1,1.0,4774
Very Good,J,VS1,1.2,5257
Fair,F,I1,0.58,893
Ideal,J,VS1,0.4,633
Ideal,G,VS2,1.06,6240
Ideal,J,SI1,1.05,4405
Ideal,D,SI2,1.03,5105
Premium,I,VVS1,0.41,863
Premium,G,VVS2,0.7,2737
Premium,G,VS1,1.44,11588
Very Good,I,SI1,1.2,5476
Ideal,F,VS1,0.53,1908
Ideal,F,SI1,0.56,1436
Ideal,I,VS2,0.72,2650
Very Good,G,VS1,0.4,1005
Very Good,H,VS2,0.3,473
Ideal,E,VS1,1.18,9886
Ideal,G,IF,0.33,984
Very Good,F,VVS1,0.51,2223
Ideal,J,VVS1,0.7,1945
Premium,F,I1,0.7,1040
Good,H,VVS2,0.4,877
Ideal,D,VS2,0.51,1787
Fair,E,SI1,0.9,3332
Ideal,D,VS2,0.51,1787
Ideal,D,VS2,0.54,1672
Very Good,H,VS1,1.04,6141
Ideal,E,VVS2,1.03,8972
Very Good,F,SI1,1.01,5743
Premium,G,SI1,0.31,462
Ideal,J,SI2,1.24,4783
Ideal,G,SI1,0.71,2751
Good,F,VS2,0.31,625
Ideal,E,SI2,1.04,4892
Premium,F,SI1,0.71,2633
Very Good,F,SI1,0.91,4049
Ideal,H,SI1,0.54,1240
Very Good,D,SI2,2.03,13858
Premium,G,SI2,0.9,3385
Ideal,F,SI1,0.36,667
Premium,H,SI1,0.39,650
Premium,G,SI1,1.15,4863
Ideal,F,VS2,0.24,536
Premium,D,SI2,1.0,4295
Ideal,G,SI2,2.54,17339
Ideal,E,VVS1,0.27,799
Ideal,H,VS2,0.7,2536
Ideal,I,SI1,1.57,9095
Very Good,G,VVS1,0.3,691
Ideal,F,VS2,0.35,906
Ideal,I,VVS2,0.35,788
Premium,F,SI1,1.53,11370
Premium,D,SI1,0.31,732
Ideal,D,VS1,0.53,1952
Good,E,VS1,1.05,7826
Very Good,E,VS1,0.53,1844
Very Good,E,VVS2,1.0,8910
Premium,E,SI1,1.76,15805
Ideal,F,VVS2,0.7,4439
Very Good,H,VVS2,0.37,746
Premium,G,SI1,1.57,11113
Premium,D,VS2,1.5,15240
Premium,J,VS2,1.26,5015
Good,F,VVS1,0.7,3206
Very Good,J,SI2,1.15,4021
Very Good,G,SI1,2.0,18818
Ideal,D,VS2,1.01,8279
Premium,G,VVS1,0.43,1264
Premium,H,VS1,0.3,675
Premium,F,VS2,0.3,605
Premium,G,SI2,1.2,4250
Ideal,E,VS2,0.34,702
Ideal,H,VS2,0.7,2862
Very Good,D,VS1,0.4,967
Ideal,F,SI1,0.7,2551
Premium,F,SI1,0.31,516
Ideal,G,IF,1.16,10368
Very Good,E,VS2,1.47,12547
Premium,G,SI2,1.11,4755
Very Good,G,VVS1,0.5,1843
Very Good,F,SI2,0.46,859
Very Good,J,VS1,1.14,4702
Premium,J,VS1,1.5,9240
Premium,D,VS2,0.91,4969
Premium,H,SI2,2.0,11202
Premium,H,SI1,0.58,1332
Premium,J,VS2,0.93,3250
Fair,E,SI1,0.3,630
Ideal,J,SI2,1.12,4325
Premium,G,VS1,1.21,8305
Ideal,E,VVS1,0.81,5752
Ideal,D,VS2,0.58,2590
Ideal,F,VS2,0.31,749
Ideal,F,VVS1,0.3,802
Good,F,VS2,0.5,1447
Premium,E,VS1,0.55,2277
Ideal,G,VVS1,0.53,2015
Ideal,F,SI2,0.67,1673
Ideal,D,SI1,1.01,5694
Very Good,D,VS2,0.3,710
Ideal,G,VS2,1.05,6604
Premium,J,VS2,1.51,7418
Ideal,D,VS2,0.57,2103
Very Good,F,VS2,0.61,1971
Ideal,H,VS1,1.21,6834
Premium,F,VVS1,0.46,1736
Ideal,G,IF,0.34,974
Good,J,SI2,0.7,1824
Premium,D,SI1,0.44,1089
Premium,E,VS2,0.39,975
Good,G,SI2,1.2,5141
Ideal,E,SI2,0.41,683
Premium,G,VS1,0.31,625
Good,E,SI2,1.5,9072
Very Good,D,VS2,0.35,721
Very Good,E,VVS1,0.4,1191
Very Good,J,VS2,1.01,3620
Fair,F,VS2,0.9,3931
Ideal,J,VS1,0.84,2456
Ideal,E,VS2,0.38,853
Very Good,E,VS2,0.58,1566
Ideal,D,VS2,0.75,3562
Premium,G,VS2,1.03,6327
Good,F,VS1,0.91,4823
Ideal,F,SI1,1.06,5613
Ideal,E,SI1,0.31,660
Ideal,D,SI1,1.09,6532
Ideal,E,VS1,0.38,1000
Ideal,H,VVS2,0.42,921
Very Good,F,VS1,1.03,8089
Ideal,F,SI1,1.06,5758
Premium,F,IF,0.31,874
Premium,H,SI2,1.01,3959
Very Good,G,VVS2,0.3,878
Ideal,F,VVS1,0.32,913
Ideal,H,VS2,1.2,7072
Ideal,H,SI2,1.09,4264
Premium,F,SI2,1.02,4238
Ideal,I,SI1,0.81,3097
Ideal,I,VS1,1.55,10869
Ideal,G,VVS1,0.41,1000
Very Good,G,VVS2,0.5,1904
Ideal,J,VS2,1.35,6754
Very Good,D,SI1,0.3,524
Ideal,F,VS1,0.54,1937
Very Good,F,VVS1,1.08,10204
Ideal,F,I1,1.1,3678
Ideal,E,VVS2,0.34,838
Ideal,G,SI1,0.79,2898
Ideal,E,SI2,0.92,3941
Very Good,F,SI2,0.46,815
Ideal,F,VVS2,0.65,2921
Premium,G,SI2,1.04,4277
Ideal,G,VS2,0.56,1580
Ideal,H,SI2,1.25,4900
Ideal,E,SI1,0.4,696
Fair,I,VS1,0.7,2234
Very Good,H,SI1,0.7,1830
Ideal,F,SI1,1.63,13363
Good,F,SI1,0.8,2890
Very Good,H,VS1,0.9,4328
Very Good,H,SI1,1.21,6892
Ideal,G,VS1,0.25,454
Ideal,F,VVS2,0.41,1192
Ideal,F,VVS1,0.32,990
Good,I,VS2,0.83,2774
Premium,F,VS1,1.0,7336
Good,F,SI2,0.9,3267
Ideal,I,IF,0.31,635
Ideal,H,VS2,0.31,628
Premium,D,VS2,0.3,911
Good,H,VS2,0.52,1385
Very Good,F,SI1,0.7,2264
Good,H,SI1,0.91,3485
Ideal,D,VS1,0.6,2527
Premium,E,IF,1.05,11838
Premium,D,SI2,2.0,14406
Very Good,G,SI1,0.9,4320
Very Good,J,SI2,0.71,1764
Very Good,E,IF,1.0,10954
Premium,H,SI2,1.5,7187
Very Good,F,SI1,1.08,5014
Good,F,VS1,0.49,1430
Ideal,D,SI1,1.05,5914
Ideal,G,SI1,0.56,1417
Ideal,H,VVS1,0.41,971
Very Good,D,VS2,0.46,1030
Very Good,I,VS1,0.7,1971
Ideal,I,VVS2,0.76,2788
Ideal,E,VS2,0.32,768
Premium,E,VVS2,0.25,740
Fair,D,SI2,1.04,4398
Ideal,H,SI2,2.11,12226
Ideal,D,SI2,1.54,10740
Premium,D,SI1,0.51,1602
Premium,I,VS2,0.31,558
Premium,I,VS1,1.14,5291
Ideal,E,VVS2,0.33,970
Premium,H,SI1,2.21,13983
Premium,G,VS2,1.74,17614
Very Good,F,SI2,1.01,4332
Premium,F,VS1,0.55,1832
Ideal,J,SI1,0.51,1023
Premium,E,VVS2,0.37,1082
Ideal,F,SI2,1.03,4586
Ideal,F,SI2,0.5,1095
Very Good,I,SI1,0.59,1257
Very Good,G,SI1,1.22,6656
Ideal,E,SI1,0.72,2731
Premium,J,VVS2,1.52,8202
Good,H,SI1,0.51,1119
Very Good,E,VS1,0.33,781
Premium,F,VVS2,0.61,2319
Ideal,H,VS2,1.04,5189
Premium,F,VS2,0.31,583
Premium,E,SI1,0.4,882
Very Good,G,VS2,0.3,526
Ideal,D,I1,0.34,530
Very Good,F,VVS1,0.31,777
Ideal,F,VVS1,0.33,893
Premium,G,VVS2,0.4,982
Very Good,G,VS1,1.12,7687
Ideal,F,VVS1,1.13,11051
Ideal,F,VVS1,0.32,898
Ideal,H,SI2,0.56,1571
Ideal,H,IF,0.24,504
Ideal,H,VS2,0.38,898
Fair,I,I1,1.06,2239
Premium,H,SI1,1.55,9763
Very Good,I,SI1,1.27,5953
Very Good,J,SI1,0.35,526
Ideal,D,SI2,1.12,5456
Ideal,G,VS2,0.5,1449
Ideal,I,VS1,1.03,5181
Very Good,G,SI1,0.73,2402
Premium,F,VS2,1.51,12202
Very Good,G,SI1,1.03,5353
Ideal,E,VS2,0.52,1576
Very Good,F,VS1,0.9,4961
Very Good,E,VVS2,0.25,548
Ideal,H,VVS1,0.3,655
Ideal,G,VS2,2.02,18700
Ideal,J,VS2,0.41,613
Ideal,H,VS1,0.36,810
Ideal,E,VS2,0.3,844
Ideal,I,SI2,1.52,7582
Premium,F,VS2,0.4,1080
Premium,D,VS1,0.3,979
Very Good,F,VS1,0.32,798
Ideal,D,SI2,1.2,6140
Very Good,J,SI1,1.2,5082
Good,F,VVS2,0.23,425
Ideal,F,VS2,0.32,688
Ideal,F,VS2,0.37,759
Ideal,F,VS2,0.32,645
Very Good,D,SI1,0.41,689
Premium,G,SI1,0.44,772
Ideal,G,VVS1,0.32,733
Very Good,E,VS2,0.7,2862
Premium,H,SI2,1.5,8645
Very Good,F,VS2,1.01,6944
Ideal,F,VS1,0.54,1866
Ideal,G,VS1,0.56,1712
Premium,G,SI1,1.65,11864
Ideal,G,VS2,0.34,596
Premium,H,VVS2,0.31,802
Ideal,F,VS2,0.58,1811
Ideal,F,IF,1.06,10995
Very Good,D,SI1,0.54,1593
Premium,F,VS1,0.34,745
Very Good,G,SI1,0.32,477
Very Good,G,SI1,0.64,1665
Very Good,G,VS2,1.05,6070
Premium,E,SI1,1.0,5544
Very Good,F,VS2,1.01,6598
Good,G,SI2,1.0,4493
Premium,H,SI1,1.21,6025
Good,J,VS1,2.01,11526
Ideal,G,VVS2,0.51,2303
Very Good,D,VS2,0.51,1716
Very Good,F,SI1,0.56,1425
Premium,J,SI2,2.24,13827
Ideal,G,VVS1,0.3,764
Ideal,E,SI1,0.3,499
Very Good,I,VS2,2.14,15931
Premium,E,VVS2,1.1,10577
Ideal,E,VVS2,0.38,1176
Very Good,D,SI1,0.38,701
Very Good,G,VS1,0.7,2473
Ideal,D,SI1,0.77,2949
Premium,F,SI2,2.09,17840
Ideal,I,SI1,1.53,8971
Very Good,H,VS2,1.95,17374
Good,E,VVS1,0.24,526
Ideal,I,SI2,2.48,12883
Premium,G,VS2,0.34,596
Good,F,VS2,1.21,7911
Ideal,E,SI2,1.13,4303
Ideal,D,SI2,0.7,2415
Very Good,D,VS1,0.23,357
Ideal,H,VS1,1.66,15210
Premium,J,SI1,0.55,1348
Very Good,I,SI1,1.5,8590
Ideal,H,VS1,0.32,720
Very Good,D,SI2,0.96,3480
Premium,D,VS2,0.77,3428
Premium,G,SI2,1.0,4172
Good,H,VS1,1.0,5743
Ideal,D,VVS1,0.34,1211
Premium,E,SI1,0.65,1708
Fair,J,VS2,0.7,1672
Ideal,G,VVS2,0.52,1878
Ideal,D,SI2,0.59,1425
Ideal,F,VS2,0.31,757
Ideal,H,VVS2,0.33,854
Ideal,H,SI1,0.54,1147
Ideal,G,SI1,1.57,8752
Ideal,H,VVS1,0.54,1875
Very Good,H,VS2,1.3,7092
Premium,D,VVS1,0.35,1247
Very Good,F,SI1,0.71,2553
Ideal,D,VS2,0.28,487
Premium,I,SI1,1.29,6429
Good,I,VS1,0.4,945
Ideal,E,IF,0.38,1402
Very Good,H,SI1,1.18,5674
Ideal,G,SI1,0.52,1413
Ideal,F,VS2,1.51,14247
Ideal,F,SI1,1.06,6249
Ideal,F,SI1,0.3,499
Very Good,F,SI2,0.7,2092
Very Good,D,SI2,0.91,3298
Very Good,H,VVS2,0.31,802
Ideal,I,VVS1,0.4,870
Ideal,E,VS2,0.59,1875
Ideal,J,VS2,0.31,396
Ideal,D,SI1,0.38,884
Premium,F,VS1,0.35,767
Good,J,VS2,0.53,1122
Good,F,VS2,0.32,602
Premium,E,SI1,0.55,1668
Good,E,SI1,1.01,4399
Very Good,E,SI1,1.51,10113
Good,J,VS2,0.3,441
Very Good,H,VVS2,0.42,921
Premium,G,VS1,1.33,9876
Very Good,F,SI1,0.41,969
Premium,E,VS2,0.33,928
Ideal,H,SI1,0.77,3089
Ideal,F,VS2,0.8,3913
Ideal,I,VS1,1.23,7181
Ideal,G,VS2,0.34,765
Good,E,SI1,0.3,675
Very Good,J,SI2,1.24,4737
Ideal,E,VVS1,0.32,1020
Very Good,H,SI1,1.02,5455
Ideal,G,IF,0.4,1397
Ideal,E,SI2,1.04,4892
Very Good,F,VS1,0.29,504
Ideal,H,VVS1,0.35,798
Premium,H,VVS1,0.42,1142
Ideal,H,VS1,0.72,2961
Very Good,F,VS1,0.42,910
Ideal,F,SI2,1.05,4987
Fair,H,VS2,2.0,12765
Ideal,F,SI2,0.42,851
Premium,G,SI2,1.05,4241
Ideal,I,VS2,1.51,9069
Ideal,G,SI1,0.41,876
Very Good,G,SI1,0.71,2137
Fair,D,VS2,0.93,5078
Premium,E,SI1,0.32,672
Premium,D,VS2,0.3,710
Ideal,G,VVS2,0.51,1875
Very Good,H,SI1,1.7,11560
Ideal,F,SI1,0.79,2976
Premium,F,SI1,0.5,1378
Very Good,J,VS1,1.5,8014
Ideal,E,VS2,0.32,900
Very Good,G,VS2,0.38,766
Premium,E,VS2,0.71,3101
Ideal,G,VS1,1.33,10732
Ideal,D,VS2,0.54,1892
Ideal,I,SI2,2.36,11238
Ideal,F,VS2,0.53,1631
Good,H,SI2,1.02,3770
Good,G,SI1,0.5,1138
Premium,D,SI2,1.0,4626
Very Good,F,VS2,0.36,741
Premium,E,SI2,1.02,4478
Premium,E,SI2,2.0,15984
Ideal,G,VVS2,0.43,1129
Very Good,H,SI1,1.03,4879
Good,E,VVS1,0.36,923
Good,G,VS2,1.0,5544
Ideal,G,SI2,0.8,2893
Very Good,G,SI1,1.26,6733
Good,F,VS1,0.56,1712
Premium,G,VS1,1.19,8109
Ideal,H,IF,0.44,1177
Ideal,F,VS2,1.0,5844
Ideal,D,SI2,0.31,462
Very Good,D,VS1,1.5,15600
Premium,G,VVS2,0.33,965
Premium,I,VS1,0.33,521
Very Good,F,SI1,0.47,1086
Premium,G,VVS2,0.3,684
Ideal,F,VS1,0.96,5666
Very Good,E,SI1,0.41,953
Good,G,SI1,0.4,655
Good,G,SI1,0.35,522
Ideal,E,SI2,1.01,4787
Premium,G,SI2,1.22,6969
Ideal,J,VS1,1.2,5534
Premium,H,SI1,1.02,4884
Ideal,I,VS1,0.77,2635
Premium,E,VS2,1.0,6600
Ideal,E,VVS2,0.38,1027
Very Good,H,VS2,1.23,7177
Very Good,F,VS1,0.31,675
Ideal,G,VS2,0.52,1586
Ideal,I,VS2,0.4,770
Premium,D,VS2,0.36,727
Premium,D,SI2,1.07,4949
Very Good,H,SI1,2.02,18236
Ideal,I,VS2,0.32,449
Premium,H,VS1,0.7,2245
Premium,H,VVS2,0.31,625
Very Good,I,SI2,1.1,4083
Premium,I,SI2,1.7,7140
Very Good,D,SI1,0.5,1190
Very Good,E,VS2,0.3,658
Ideal,F,VVS1,0.51,2812
Premium,H,SI1,0.31,573
Ideal,G,SI1,1.52,11510
Ideal,J,VS1,0.31,424
Ideal,G,VVS2,0.51,1877
Good,E,VS2,0.38,693
Ideal,H,SI1,1.01,5457
Very Good,F,VS2,1.01,6770
Premium,G,VS2,1.7,16123
Ideal,E,VS2,0.31,872
Premium,F,SI1,0.79,2862
Very Good,J,VS1,1.35,5759
Very Good,F,VS2,1.21,8403
Very Good,G,SI2,0.83,2259
Premium,E,VVS2,0.31,816
Ideal,I,VS1,0.7,2363
Ideal,I,SI2,2.09,13807
Premium,G,VVS1,0.43,1264
Ideal,H,IF,0.28,586
Premium,E,SI2,1.64,8835
Premium,F,VVS2,0.6,2350
Ideal,I,SI1,1.04,4846
Ideal,F,SI1,0.7,2697
Very Good,H,VS1,0.7,2540
Premium,F,VS2,1.59,15461
Premium,F,VS2,0.42,1013
Very Good,E,VS1,0.91,5057
Ideal,E,IF,0.31,1046
Good,H,SI2,1.0,3991
Ideal,E,VVS2,0.28,646
Premium,H,VS2,1.25,5902
Premium,I,VS1,0.9,3484
Premium,H,VVS2,0.3,776
Ideal,H,VS1,1.2,7473
Ideal,G,VS1,1.13,8051
Ideal,F,SI1,0.54,1669
Premium,E,I1,1.51,6494
Ideal,H,VVS1,0.31,671
Very Good,E,SI1,0.3,675
Very Good,G,VS2,1.2,8491
Fair,G,SI2,1.24,4058
Good,G,SI1,0.9,3615
Ideal,D,VS2,0.33,940
Premium,J,VS1,1.51,8204
Premium,I,SI2,3.01,18242
Ideal,F,IF,0.3,873
Very Good,F,VS2,0.72,3238
Good,D,VS2,0.51,1668
Ideal,J,VVS2,0.24,432
Ideal,H,VVS2,0.56,1814
Ideal,E,VS1,0.33,1002
Ideal,G,VVS2,1.53,15505
Fair,E,VVS1,0.34,1012
Premium,F,SI2,0.59,1319
Very Good,E,SI1,0.72,2610
Ideal,G,VVS2,0.5,1838
Premium,I,SI1,1.09,3662
Ideal,F,VS1,0.3,658
Ideal,E,VS2,0.32,702
Fair,F,SI1,1.0,3387
Ideal,H,SI1,0.56,1253
Ideal,E,SI1,0.42,953
Very Good,G,VS1,0.71,2630
Very Good,G,VVS2,0.51,1974
Premium,E,VS2,0.39,889
Ideal,I,SI2,1.24,4937
Ideal,H,VS1,0.52,1598
Very Good,H,SI2,1.11,4028
Premium,H,SI1,1.5,9576
Very Good,G,VS1,0.37,657
Ideal,E,VS1,0.71,3464
Ideal,H,SI1,0.7,2536
Very Good,I,VVS1,0.65,2085
Very Good,F,VS2,1.01,5226
Premium,E,SI1,0.35,788
Ideal,E,VVS2,0.41,1187
Very Good,E,IF,1.06,12642
Premium,D,VS2,0.27,603
Ideal,I,SI1,1.52,9358
Ideal,E,VVS1,0.34,1208
Ideal,F,SI2,0.72,2674
Ideal,G,VS1,1.0,7223
Premium,H,VVS2,0.31,802
Ideal,J,IF,0.37,601
Premium,G,I1,1.0,2984
Very Good,F,SI1,1.46,9770
Ideal,H,VS1,0.38,714
Very Good,F,VS1,1.02,7539
Premium,I,SI1,1.21,5353
Ideal,J,VS2,0.92,3215
Very Good,H,VS2,1.21,6189
Good,I,VVS1,0.4,842
Premium,F,SI1,1.39,8631
Ideal,F,SI2,0.81,2761
Ideal,F,VVS1,0.32,854
Ideal,E,SI2,0.7,2405
Ideal,G,VS2,0.42,1087
Premium,H,VS2,0.32,648
Very Good,H,SI1,1.18,5815
Very Good,G,SI2,0.97,3960
Premium,F,SI2,0.79,2555
Ideal,E,VS2,0.73,2902
Ideal,H,SI2,1.2,5712
Good,E,VS2,0.71,2772
Ideal,F,SI1,1.02,5398
Premium,F,SI1,1.51,8828
Premium,D,VS2,0.51,1716
Premium,E,SI1,0.41,1059
Ideal,F,VS1,0.3,731
Premium,H,SI1,1.28,6946
Premium,E,SI2,0.51,1177
Premium,G,VVS2,0.3,684
Ideal,E,VS2,0.39,875
Very Good,D,VS1,0.56,2188
Ideal,F,IF,0.41,1151
Very Good,F,SI1,1.08,4816
Fair,G,SI1,1.01,4646
Very Good,F,VS2,1.01,6540
Ideal,D,SI1,0.36,663
Very Good,E,SI1,0.5,1316
Ideal,I,VS2,0.32,449
Very Good,H,VS1,0.7,2484
Very Good,F,VVS1,0.4,1111
Very Good,G,VS2,0.43,844
Ideal,G,VS2,1.05,6562
Premium,D,SI2,2.04,16872
Premium,G,VS2,1.54,11815
Premium,H,SI1,2.01,16733
Premium,I,SI1,2.32,18026
Ideal,G,IF,0.34,1014
Premium,E,VS2,1.51,14844
Ideal,D,VS2,0.36,928
Premium,I,VS1,0.74,2193
Ideal,F,VS2,0.55,1636
Very Good,E,VS2,0.9,4709
Ideal,D,VS2,0.31,942
Ideal,J,VS2,1.4,6633
Ideal,G,VS2,1.02,6418
Premium,I,VS1,1.98,16171
Premium,I,SI1,1.21,6098
Good,D,VS2,1.01,6113
Premium,H,VS2,1.54,11663
Ideal,F,VS2,0.35,706
Ideal,H,VS2,0.3,491
Very Good,D,SI2,0.74,2713
Very Good,I,VS2,0.39,650
Ideal,F,VS2,0.31,625
Very Good,H,SI2,1.2,4831
Ideal,E,SI1,0.35,788
Ideal,E,SI1,0.51,1438
Fair,F,SI2,1.47,6108
Very Good,F,SI1,0.73,2326
Very Good,H,VS1,1.7,14137
Very Good,E,VS2,1.5,11939
Very Good,G,VS2,0.78,3012
Very Good,E,VVS2,0.23,485
Premium,G,VS1,1.25,8736
Good,G,VS2,1.01,5655
Ideal,F,VS2,0.71,3516
Very Good,H,SI1,1.01,4191
Ideal,F,VVS2,0.61,2634
Good,H,SI1,1.01,4642
Ideal,E,IF,0.32,1170
Ideal,D,SI1,0.5,1610
Very Good,G,VVS2,0.29,541
Ideal,I,SI1,0.76,2399
Ideal,I,VS1,1.76,11722
Very Good,G,VS2,0.38,766
Ideal,G,VVS1,0.44,1160
Ideal,F,VS1,0.72,3759
Very Good,G,SI2,1.53,8455
Ideal,G,VVS2,1.25,11089
Ideal,I,SI1,0.71,2319
Very Good,H,VS2,1.01,5034
Ideal,G,SI1,0.34,540
Premium,H,VS2,1.35,8062
Very Good,H,VS2,1.17,5585
Ideal,F,VS1,0.41,1180
Good,F,SI1,0.91,3993
Ideal,E,VS2,0.52,1689
Good,J,VS2,0.9,2691
Very Good,D,VS2,1.5,13629
Premium,G,VS1,0.3,776
Premium,G,VS2,0.43,867
Ideal,G,I1,1.44,6096
Ideal,H,VVS2,0.3,605
Premium,I,SI1,1.16,4872
Ideal,E,SI1,0.6,1830
Ideal,E,SI2,1.06,5319
Premium,D,SI1,0.43,1064
Ideal,H,VS2,0.7,2475
Good,F,SI1,1.01,4479
Good,F,SI2,1.01,4242
Very Good,H,VS2,0.55,1548
Ideal,H,VS1,1.14,6926
Premium,E,SI2,0.71,2306
Very Good,H,SI1,0.96,4064
Ideal,G,SI1,0.51,1329
Very Good,G,VS2,0.81,2994
Premium,J,SI2,2.03,12531
Premium,E,VS2,0.3,844
Very Good,G,IF,0.35,898
Good,I,VS2,1.51,7577
Good,H,VVS1,0.3,638
Good,H,VS1,0.31,476
Premium,F,SI2,0.91,3682
Premium,G,VVS2,0.31,907
Good,F,SI1,2.0,17869
Ideal,D,SI1,1.08,6539
Fair,I,SI2,1.5,6717
Premium,H,SI2,1.12,4250
Premium,E,VVS2,0.26,724
Ideal,D,SI1,0.71,2863
Very Good,E,SI2,1.02,4404
Very Good,F,VVS2,0.47,1616
Ideal,H,SI2,0.32,420
Ideal,E,VS2,0.58,2357
Ideal,H,SI1,1.74,12720
Very Good,I,SI1,0.9,3308
Premium,G,VVS2,1.0,7762
Very Good,H,VS1,0.72,2877
Premium,I,SI1,0.3,506
Premium,F,SI1,0.4,737
Ideal,E,SI2,1.01,4504
Premium,F,SI2,1.05,4363
Very Good,J,VS2,2.1,13340
Ideal,D,SI2,1.26,5412
Premium,F,SI1,1.01,4775
Premium,D,SI1,0.3,709
Premium,E,SI1,0.55,1698
Premium,G,VS1,0.3,605
Premium,D,VS2,0.43,1129
Ideal,G,VS2,1.22,8213
Premium,F,SI1,0.33,705
Fair,G,SI2,0.98,3332
Ideal,E,VS2,0.54,1847
Very Good,H,VS1,1.21,6973
Premium,H,VS1,1.45,8550
Premium,G,SI2,1.01,4327
Very Good,H,SI1,0.7,2200
Ideal,F,VS1,0.3,652
Good,I,SI1,0.77,2264
Very Good,I,VS2,2.02,17581
Ideal,G,VVS1,0.34,863
Premium,D,SI1,0.34,803
Ideal,G,VS1,0.3,605
Ideal,I,VS2,0.79,2712
Good,E,VS1,0.23,373
Premium,F,VVS1,0.7,3504
Good,F,VS1,0.49,1426
Ideal,F,SI1,1.02,5549
Very Good,D,VS1,0.33,1109
Fair,F,SI2,1.01,3597
Ideal,G,VS2,1.16,7203
Very Good,F,IF,0.5,2238
Very Good,E,SI2,1.05,4398
Very Good,D,SI1,0.41,717
Premium,D,VS2,0.33,781
Good,D,VS2,0.51,1549
Premium,G,I1,1.52,4345
Ideal,G,VS1,0.57,1876
Very Good,G,VVS1,0.32,842
Ideal,E,VS2,0.81,3975
Premium,E,VS2,0.4,912
Ideal,D,SI2,2.12,12707
Premium,G,VS2,1.58,13132
Premium,D,SI2,0.36,689
Ideal,G,VVS2,0.4,883
Ideal,I,VS1,0.46,911
Ideal,F,SI2,2.01,17220
Ideal,E,SI1,0.79,3715
Premium,E,VS1,0.32,1008
Very Good,E,SI1,0.89,4003
Premium,G,VS2,0.41,827
Good,J,VS2,0.41,606
Very Good,E,SI1,1.01,5224
Very Good,D,VVS2,1.01,9965
Premium,D,SI1,1.05,5762
Very Good,E,VS1,0.3,640
Very Good,D,VS2,0.41,889
Premium,D,SI1,1.58,13329
Ideal,G,VS2,0.61,2286
Very Good,G,SI1,1.07,4861
Very Good,D,VS2,1.02,7257
Premium,E,SI2,1.03,3876
Very Good,E,SI1,1.01,4399
Ideal,J,SI1,0.71,1713
Very Good,J,SI2,2.04,9482
Very Good,D,SI1,0.35,827
Ideal,I,VS2,0.26,385
Ideal,H,VS2,0.52,1401
Premium,F,SI1,0.74,2452
Ideal,F,SI1,0.72,3004
Premium,H,VS2,1.02,5100
Premium,F,SI1,1.01,4969
Good,F,VS2,0.38,752
Premium,E,I1,0.93,2624
Ideal,F,VVS2,1.06,8619
Very Good,G,SI1,0.7,2010
Ideal,G,VS1,1.36,10455
Very Good,D,SI1,0.91,4466
Ideal,F,VS2,1.58,14044
Very Good,F,VVS2,0.5,2153
Ideal,G,IF,0.36,1006
Very Good,H,SI2,0.7,2094
Very Good,F,VS2,0.9,4637
Good,E,VS2,0.5,1397
Premium,G,VS2,1.07,6040
Very Good,H,SI1,1.01,4876
Ideal,H,VS2,0.32,505
Premium,E,VS2,1.77,15278
Premium,G,VS1,0.7,2838
Good,G,VVS1,0.7,2899
Ideal,I,VS2,0.71,2681
Very Good,E,VS1,1.0,7367
Ideal,G,IF,0.6,2533
Ideal,G,VS2,0.76,2954
Very Good,G,VVS2,0.5,1729
Ideal,F,VS2,0.34,686
Ideal,D,SI1,0.53,1683
Premium,G,VS2,0.43,1113
Very Good,H,VS1,0.4,818
Premium,H,SI2,1.5,6979
Ideal,G,SI1,0.69,2297
Ideal,I,SI2,0.77,2425
Very Good,I,SI1,0.75,2180
Very Good,E,VVS2,0.26,506
Ideal,F,VS2,0.33,854
Very Good,G,SI1,2.01,15038
Ideal,D,VS2,0.32,758
Fair,J,SI2,1.03,3149
Premium,G,VS2,0.51,1443
Ideal,F,SI1,0.5,1378
Premium,I,SI1,1.13,4854
Ideal,E,SI1,1.03,5837
Ideal,E,VS2,0.31,872
Ideal,H,SI2,2.4,18541
Fair,D,SI1,0.51,1304
Premium,E,SI1,0.47,1087
Ideal,D,VS1,0.5,2033
Very Good,E,SI1,2.0,18709
Very Good,D,VS2,1.0,5169
Very Good,H,VS2,0.31,489
Very Good,G,SI2,1.64,8794
Very Good,D,VS2,1.01,7422
Premium,E,SI2,1.0,4620
Good,I,VVS2,0.7,2394
Good,H,VVS2,0.31,625
Ideal,H,SI1,1.73,11688
Ideal,G,IF,0.51,2146
Premium,I,VS1,1.33,6963
Good,D,VS1,1.02,6797
Ideal,G,VVS2,0.42,1031
Ideal,G,VVS1,0.56,2318
Premium,F,VS2,1.52,13530
Ideal,E,SI1,1.13,6563
Good,G,SI1,0.9,3734
Premium,D,SI1,1.15,7213
Ideal,F,VS1,1.03,7429
Ideal,H,VS1,0.33,743
Ideal,G,VVS2,0.3,665
Very Good,H,SI1,1.63,10721
Premium,H,SI2,2.53,15148
Very Good,F,SI2,0.52,1273
Ideal,F,VVS2,0.33,824
Very Good,F,VS2,1.71,13818
Premium,G,SI2,2.04,15651
Premium,G,SI2,2.01,12260
Ideal,F,VS1,0.52,1872
Good,F,VS1,0.24,383
Ideal,D,VVS2,1.03,9798
Premium,I,SI2,1.51,5682
Good,G,VS1,0.77,2788
Premium,D,SI1,0.71,2249
Premium,H,SI2,1.1,4620
Ideal,G,VS1,0.3,605
Very Good,G,VS1,0.5,1694
Premium,G,SI2,2.03,17393
Ideal,F,VS2,0.57,1847
Ideal,G,VVS2,0.73,3127
Good,G,SI1,1.21,5597
Premium,E,VS1,0.27,603
Ideal,E,VS2,0.76,3497
Ideal,G,VS1,0.31,542
Premium,F,SI2,1.01,4008
Very Good,G,VVS2,0.35,798
Premium,I,VS1,0.71,2266
Very Good,G,IF,0.4,1220
Premium,G,VS2,1.01,5864
Ideal,F,VVS1,0.41,1356
Ideal,D,SI1,0.34,626
Ideal,D,SI2,0.81,3160
Very Good,E,VS2,1.06,7079
Ideal,G,VS1,0.32,602
Premium,H,SI1,0.76,1915
Ideal,F,SI2,0.43,698
Ideal,E,VS2,0.51,1662
Ideal,I,SI1,0.92,3323
Very Good,G,VS1,1.3,9837
Very Good,G,VVS2,0.5,2260
Good,D,SI1,0.54,1619
Premium,G,IF,0.32,1020
Premium,E,VS2,0.73,2854
Very Good,E,SI1,0.9,4054
Ideal,G,SI1,0.43,818
Premium,F,VS2,0.72,2646
Good,G,VS1,0.48,1199
Good,H,VS2,2.01,18561
Ideal,G,VVS2,0.38,929
Very Good,H,VS2,0.54,1338
Ideal,F,IF,0.31,901
Ideal,G,SI1,1.51,8283
Ideal,G,VS1,0.37,810
Ideal,G,I1,0.57,1019
Ideal,G,VS2,0.31,544
Ideal,G,VVS1,0.54,2080
Ideal,E,SI2,0.41,876
Very Good,D,SI1,0.9,4304
Ideal,H,SI2,0.55,959
Premium,G,VS2,0.38,983
Ideal,G,VVS2,0.32,708
Ideal,F,VS2,0.82,3514
Ideal,F,IF,0.41,1621
Premium,G,SI2,1.02,3656
Very Good,E,VS1,0.8,4118
Very Good,D,VVS2,0.51,2220
Ideal,F,VVS1,0.37,1342
Ideal,E,VS1,0.31,722
Ideal,H,VS1,0.3,526
Premium,J,VS1,1.53,8205
Premium,H,VVS2,0.92,4637
Very Good,H,SI1,1.05,5047
Ideal,H,VVS1,0.32,730
Ideal,F,VVS1,0.72,5006
Fair,G,VS2,0.4,722
Very Good,H,VS1,0.52,1320
Fair,I,SI2,2.01,10711
Premium,G,VS1,1.51,12085
Ideal,J,SI1,1.26,5398
Very Good,E,SI1,0.34,596
Very Good,D,SI2,1.71,11737
Ideal,H,VS1,1.69,13882
Very Good,E,SI2,1.13,3967
Ideal,D,VS2,0.72,3275
Good,F,VS1,0.26,499
Good,G,SI2,2.05,16148
Ideal,E,VS1,0.5,2034
Fair,G,SI1,0.7,1995
Ideal,D,VS2,0.56,2066
Premium,H,SI2,2.03,10879
Ideal,F,VVS2,1.0,7849
Fair,D,SI2,0.76,2518
Ideal,E,SI1,0.42,992
Very Good,F,VS2,0.7,2744
Ideal,E,SI2,0.7,2560
Ideal,G,VVS1,0.76,3671
Ideal,D,SI2,1.06,5253
Very Good,F,VVS1,1.1,10701
Very Good,D,VS2,0.38,871
Good,D,VVS1,0.23,478
Very Good,E,VS1,0.61,2243
Ideal,F,SI2,0.5,1094
Ideal,F,VVS2,0.41,1192
Premium,I,SI2,0.54,1013
Premium,G,VS1,0.42,921
Premium,E,SI1,1.01,4399
Fair,E,VS2,0.43,1107
Very Good,F,SI2,1.13,4282
Ideal,E,VS2,0.58,1761
Ideal,D,SI1,1.01,5147
Premium,E,VVS2,0.64,2870
Ideal,H,SI2,1.16,5260
Good,D,SI1,1.51,9674
Ideal,G,SI1,1.07,5232
Ideal,J,SI2,0.71,1901
Premium,H,SI2,2.26,13885
Good,E,SI1,1.51,11487
Very Good,H,SI1,1.05,5072
Fair,G,VVS2,0.31,629
Premium,G,SI2,1.07,4278
Good,F,SI2,1.09,4766
Ideal,E,SI1,0.55,1668
Good,D,SI1,0.9,4068
Good,I,VS1,1.32,7143
Premium,H,SI2,1.0,3850
Premium,F,SI2,0.9,3629
Ideal,G,SI2,0.38,566
Ideal,G,IF,0.32,918
Ideal,H,SI1,1.42,8529
Ideal,D,SI1,0.35,827
Ideal,E,SI1,0.41,711
Premium,J,VS1,0.44,891
Very Good,D,VS1,0.79,4213
Good,F,SI1,0.3,500
Ideal,F,SI2,0.91,3746
Premium,J,VS2,1.23,4986
Ideal,G,VS1,0.51,1656
Ideal,G,VVS2,1.06,8358
Good,D,SI2,1.03,3607
Ideal,F,SI2,2.12,17730
Ideal,G,VS2,1.01,6132
Ideal,I,VS1,1.18,6541
Premium,D,VS2,0.56,1910
Good,G,VS2,0.84,3312
Fair,J,VS1,0.9,2964
Ideal,E,SI1,0.33,743
Ideal,F,VVS2,1.03,9131
Very Good,G,SI2,0.7,2872
Premium,D,VS2,0.34,805
Premium,H,SI2,0.81,2344
Ideal,E,VS2,0.32,846
Ideal,F,IF,0.51,2524
Good,E,VS2,0.72,3140
Premium,E,VVS2,1.01,9711
Very Good,F,VVS1,0.28,642
Good,G,VS2,1.0,4838
Premium,G,SI1,0.41,861
Very Good,H,SI1,0.35,647
Ideal,H,SI1,2.02,16665
Ideal,E,VVS2,1.13,11387
Very Good,D,VVS2,0.59,2933
Good,H,SI1,1.03,4326
Ideal,G,SI2,1.04,4455
Premium,E,SI1,0.58,1812
Premium,J,SI2,1.06,3672
Ideal,E,VVS1,0.3,838
Premium,G,VS1,0.3,776
Very Good,F,VS2,1.0,6319
Premium,F,SI2,0.92,3787
Very Good,I,VS2,1.2,5941
Ideal,H,VS1,1.07,7440
Good,I,SI1,1.5,8161
Very Good,E,SI1,0.7,2617
Premium,J,VS1,1.76,11177
Ideal,G,VVS2,0.31,677
Very Good,F,VS2,1.5,14242
Ideal,E,VS2,0.31,872
Premium,E,SI1,0.9,4385
Ideal,G,VVS2,0.31,677
Ideal,D,VVS2,0.52,2334
Premium,D,SI2,0.36,689
Premium,I,SI1,0.34,574
Very Good,H,SI1,0.3,421
Good,D,SI2,1.01,4260
Ideal,H,VVS1,0.31,687
Ideal,D,VVS2,0.38,1200
Premium,H,SI1,1.01,4965
Fair,G,SI2,0.83,2386
Premium,E,I1,1.2,3871
Premium,H,SI2,1.0,3472
Premium,G,VS2,1.01,6108
Very Good,G,VVS2,0.34,775
Good,G,SI1,1.7,11180
Ideal,G,IF,0.4,1229
Ideal,H,VS1,1.04,5577
Good,H,VS1,0.3,526
Premium,G,VS1,0.43,1008
Premium,H,SI2,0.81,2313
Ideal,H,IF,1.4,10976
Very Good,E,SI1,0.3,526
Ideal,F,IF,0.38,1212
Very Good,G,VS2,1.0,6386
Premium,D,VS2,0.5,1614
Premium,E,SI2,0.75,2829
Ideal,J,VS2,0.55,1133
Ideal,H,VS2,1.58,11365
Very Good,F,SI1,1.0,4798
Very Good,G,VS1,0.32,645
Good,J,VS2,0.9,3423
Ideal,G,IF,0.23,536
Premium,E,SI2,1.03,4328
Premium,E,SI1,0.63,1846
Ideal,E,VS2,0.33,723
Ideal,I,VVS2,1.05,5352
Premium,G,I1,2.3,7226
Premium,F,SI2,0.5,1031
Ideal,F,VS1,0.55,1980
Premium,E,SI2,1.01,3801
Ideal,D,SI1,0.35,644
Ideal,G,SI1,0.55,1421
Ideal,D,VS1,0.43,1264
Premium,G,VS1,0.4,877
Very Good,G,VVS2,0.51,1895
Ideal,D,SI1,0.54,1715
Ideal,F,VVS1,0.41,1236
Ideal,J,SI1,1.25,4764
Very Good,J,VS1,1.11,5576
Ideal,E,VS1,0.31,664
Good,E,VS1,1.02,7602
Very Good,G,VS1,0.53,1636
Very Good,I,VVS1,1.2,7080
Premium,G,SI2,0.55,1186
Ideal,E,VS2,0.51,1781
Ideal,G,SI1,0.85,3403
Very Good,D,VS1,0.28,458
Ideal,E,SI2,1.51,7272
Ideal,F,VVS2,0.51,1998
Ideal,E,VS1,0.41,1030
Ideal,E,VS1,0.3,694
Premium,G,SI2,1.01,4327
Ideal,G,IF,0.31,891
Premium,F,VS2,1.02,5704
Fair,E,SI2,2.01,11156
Premium,D,VS2,0.38,1117
Ideal,G,IF,0.41,1431
Ideal,I,VS1,0.71,2965
Premium,F,VS1,0.41,1076
Ideal,G,SI1,1.01,5555
Ideal,I,VS1,0.3,473
Fair,H,VS1,0.7,2152
Ideal,D,SI2,0.42,700
Premium,F,VS2,0.3,605
Ideal,H,VVS1,0.53,2154
Very Good,G,VVS2,0.32,672
Ideal,E,SI2,0.42,898
Ideal,G,VVS1,0.4,1059
Fair,I,VVS2,0.9,3074
Premium,H,SI1,0.3,540
Ideal,H,VVS1,0.72,3124
Ideal,F,VVS2,0.24,678
Premium,D,VS2,0.35,829
Very Good,G,VVS2,1.01,7188
Ideal,G,VS2,1.04,6290
Ideal,D,SI1,0.41,1015
Ideal,F,SI1,1.01,6039
Ideal,D,SI1,0.5,1654
Very Good,F,VVS1,0.4,1236
Premium,G,I1,1.05,2378
Very Good,E,VS2,0.35,716
Very Good,E,SI2,1.0,4125
Ideal,G,VS1,0.41,961
Ideal,G,SI1,0.44,990
Ideal,F,VS2,0.31,749
Ideal,G,IF,0.31,891
Ideal,G,VVS2,0.55,2022
Ideal,D,SI1,0.3,552
Ideal,I,VVS2,0.32,720
Good,G,SI1,1.5,7434
Fair,F,SI2,0.97,2338
Premium,E,SI2,1.22,6237
Good,H,VVS1,0.32,912
Premium,I,VS2,2.0,15651
Ideal,I,VS1,1.5,10164
Premium,G,VVS1,0.51,2111
Good,H,SI1,0.91,3229
Very Good,H,SI1,2.01,17095
Very Good,H,SI1,1.2,6019
Premium,I,VS2,1.54,8917
Fair,H,SI1,1.0,4150
Very Good,G,VVS1,0.9,4697
Premium,E,VS1,0.42,1181
Ideal,G,IF,0.3,830
Ideal,J,VS2,1.24,5361
Premium,G,SI1,0.32,477
Premium,D,VS1,0.54,2100
Ideal,I,VS2,0.32,449
Good,I,SI1,0.53,923
Ideal,E,VS1,0.4,951
Ideal,H,VVS2,0.34,880
Ideal,H,VS1,0.7,2710
Ideal,E,SI1,0.51,1343
Ideal,D,VVS2,1.05,11196
Very Good,H,SI1,1.2,6350
Premium,F,SI2,0.43,871
Good,J,SI1,0.3,450
Ideal,I,SI1,0.7,2110
Very Good,F,VVS2,0.84,4318
Good,I,VS2,2.01,11954
Ideal,H,VVS2,0.39,853
Very Good,D,SI2,0.71,2123
Premium,H,VS2,1.55,11738
Ideal,E,VS2,0.54,1695
Good,E,SI1,0.4,882
Premium,E,SI2,0.72,2376
Good,H,VS1,0.31,539
Ideal,I,VS1,0.84,3283
Premium,F,SI2,1.7,9330
Ideal,F,VVS2,0.36,896
Very Good,E,SI2,0.51,1427
Ideal,F,SI2,1.12,4720
Premium,D,SI2,0.59,1590
Very Good,E,VVS1,0.23,530
Premium,F,SI1,0.37,791
Premium,I,VS1,1.71,13097
Ideal,F,VS1,0.58,2245
Fair,H,SI1,0.91,3278
Ideal,E,VS2,0.37,811
Ideal,G,VVS2,0.52,1911
Premium,E,VS2,0.7,2496
Premium,G,SI1,0.35,669
Fair,G,SI2,0.96,2438
Premium,J,SI2,2.14,13326
Very Good,D,VS1,0.7,3054
Fair,I,I1,1.0,1997
Premium,F,VS2,0.31,802
Ideal,H,VS2,0.3,491
Ideal,G,VS2,0.41,827
Ideal,D,VS2,0.36,852
Fair,H,SI2,1.5,6250
Ideal,E,VS1,1.03,8629
Very Good,E,VVS2,0.41,1187
Premium,G,VVS2,0.31,707
Premium,E,VS1,1.03,7778
Premium,H,VS2,1.21,7142
Ideal,E,VVS2,1.04,9897
Fair,E,SI2,1.0,4256
Ideal,E,VVS2,0.47,1883
Ideal,H,VS1,0.45,888
Ideal,H,IF,0.46,1450
Good,G,VS1,0.3,565
Ideal,H,VS1,0.32,561
Ideal,I,VVS1,0.42,945
Ideal,G,IF,0.34,974
Premium,H,SI1,1.01,4191
Premium,G,SI2,1.09,4047
Ideal,H,SI2,1.22,5502
Premium,F,SI2,1.6,9229
Ideal,E,SI2,1.27,7023
Good,H,SI1,1.0,4276
Very Good,F,VVS2,0.77,3415
Premium,G,IF,0.32,952
Very Good,J,SI1,0.5,963
Premium,H,SI2,1.25,5740
Ideal,I,SI2,1.24,5866
Ideal,F,SI1,1.09,5922
Premium,F,SI2,1.59,7123
Ideal,G,VVS2,1.13,9333
Ideal,E,SI2,0.55,1273
Ideal,F,VS1,0.38,1116
Premium,F,VS2,0.77,3018
Good,H,SI1,1.0,4568
Ideal,D,VS1,0.54,2378
Very Good,D,SI2,1.01,4260
Very Good,D,VS2,0.33,778
Good,J,SI1,1.5,6523
Very Good,F,SI1,0.49,985
Very Good,G,VS1,0.54,1665
Ideal,G,VS1,1.12,7716
Premium,H,VS1,1.0,5387
Premium,E,VS1,0.9,4914
Premium,F,VS2,0.32,828
Very Good,G,SI1,1.5,9645
Good,E,SI1,1.08,5575
Ideal,F,SI2,1.11,4942
Very Good,F,VS1,0.9,5324
Very Good,G,IF,0.3,956
Ideal,J,VS2,2.11,14638
Ideal,H,IF,0.32,814
Very Good,G,SI1,0.71,2039
Ideal,D,SI1,0.53,1753
Premium,I,SI2,1.01,3461
Good,F,VVS2,0.39,1058
Ideal,G,SI2,0.75,2378
Very Good,H,SI1,1.11,4871
Ideal,D,VS2,0.31,942
Premium,I,SI2,1.32,4704
Very Good,D,VS2,0.51,1793
Premium,G,VS2,0.3,675
Ideal,D,VVS2,0.32,1008
Ideal,F,VVS1,0.4,1446
Ideal,D,VS1,0.31,704
Premium,D,SI2,1.02,4381
Ideal,I,VVS1,0.55,1916
Ideal,F,VVS1,0.41,1295
Ideal,I,SI2,1.59,8814
Premium,I,SI1,2.01,15528
Very Good,G,VS2,0.42,847
Ideal,G,SI1,0.51,1175
Ideal,H,VS1,0.71,2175
Ideal,E,VS2,0.32,900
Very Good,G,VS2,1.01,5839
Very Good,E,SI1,0.72,2578
Ideal,H,SI2,0.5,964
Ideal,G,IF,0.31,891
Very Good,G,VS2,1.07,6525
Ideal,H,VVS2,1.1,7267
Ideal,H,SI1,1.01,5062
Ideal,G,IF,0.39,1154
Very Good,J,VS2,0.74,2003
Premium,E,I1,0.52,1037
Premium,F,VVS2,0.4,1008
Ideal,I,VS2,1.25,6419
Ideal,G,IF,0.3,895
Very Good,G,SI1,1.11,8184
Ideal,F,SI2,0.55,1263
Very Good,E,VS1,0.74,3357
Premium,G,VVS2,1.2,10053
Premium,E,VS2,0.4,975
Ideal,F,VS2,1.51,13771
Ideal,D,VS2,0.52,1822
Good,E,SI2,0.4,622
Premium,D,SI1,1.05,6174
Premium,G,VS2,0.43,867
Premium,E,VVS1,0.31,789
Premium,G,SI2,0.36,473
Very Good,E,VVS2,0.25,548
Very Good,E,SI2,1.01,4355
Ideal,F,VVS2,0.41,1323
Ideal,D,VS2,0.73,3182
Premium,H,VS2,0.32,648
Ideal,H,SI1,0.75,2801
Ideal,H,SI1,0.72,2359
Ideal,H,VVS1,0.31,707
Ideal,D,VS2,0.41,889
Ideal,E,VS2,1.01,7288
Ideal,I,VS2,1.15,5534
Ideal,H,VS2,0.4,926
Very Good,H,VS2,1.57,9407
Ideal,H,VS1,0.35,646
Premium,F,SI1,1.0,4939
Ideal,I,SI1,0.3,422
Very Good,H,VS2,1.02,5393
Very Good,F,SI2,1.23,4661
Very Good,D,VVS2,1.45,17545
Ideal,J,VS2,0.7,1974
Ideal,F,SI1,1.58,14495
Very Good,E,SI2,1.51,9058
Premium,G,VS1,1.56,14139
Very Good,F,SI1,1.02,5301
Ideal,D,VS2,0.35,707
Premium,D,SI1,1.01,5443
Ideal,H,VS2,0.3,486
Premium,F,VS2,0.71,2801
Very Good,E,VS2,0.91,4823
Ideal,E,VS1,1.21,10351
Ideal,F,VS1,0.3,731
Premium,F,VS2,0.8,3369
Ideal,H,VS1,0.7,2648
Very Good,H,SI2,0.9,3105
Premium,F,SI2,0.61,1303
Ideal,G,IF,0.33,984
Premium,G,VS2,2.03,18166
Very Good,G,VS1,0.31,640
Ideal,F,VS2,0.3,573
Ideal,H,SI2,1.02,4284
Very Good,H,SI2,1.02,4303
Good,F,SI1,0.9,3733
Good,G,VVS2,0.3,684
Ideal,F,VS2,0.3,568
Very Good,F,VS2,0.3,605
Premium,E,VS1,0.4,1125
Very Good,G,SI2,1.01,3682
Ideal,E,SI1,0.5,1555
Ideal,H,VS2,1.51,12219
Premium,F,VS2,1.17,8256
Fair,G,SI1,0.5,1103
Very Good,E,VVS1,0.25,576
Ideal,E,VS2,0.32,599
Ideal,F,VVS1,0.41,1213
Very Good,H,SI1,0.3,421
Good,H,SI1,1.01,4610
Ideal,D,SI2,0.4,625
Ideal,H,IF,0.33,868
Ideal,G,SI2,0.82,2165
Premium,F,VS2,1.5,11255
Very Good,D,SI1,0.9,3997
Ideal,D,VVS2,0.38,1096
Ideal,G,VVS1,0.51,1933
Premium,H,VS2,1.54,11769
Very Good,G,SI2,1.51,9069
Very Good,H,SI1,0.44,941
Ideal,E,SI2,1.01,4434
Ideal,E,VVS2,0.27,620
Premium,H,VS2,0.91,4293
Premium,E,VS2,1.0,6600
Premium,H,VS2,1.07,4374
Very Good,F,VVS1,1.02,8990
Ideal,E,VS2,0.53,1721
Ideal,H,SI2,2.2,16530
Fair,F,VVS1,0.34,1040
Ideal,D,VS2,0.31,734
Ideal,G,VS2,0.34,596
Good,G,VS2,0.43,891
Premium,I,VS2,0.73,2246
Very Good,I,VS1,0.71,2326
Ideal,G,VVS1,0.33,868
Ideal,G,IF,0.34,952
Ideal,F,VS2,0.36,932
Good,G,SI2,1.5,7216
Premium,E,VS2,0.55,1881
Very Good,G,VVS1,0.27,566
Premium,E,VVS1,0.27,622
Premium,H,SI2,2.3,14042
Very Good,E,SI1,0.36,810
Very Good,D,SI2,0.57,1387
Ideal,G,VS1,0.43,943
Ideal,G,SI1,0.7,2415
Premium,F,SI1,0.73,2527
Ideal,G,VVS2,0.32,936
Good,D,SI1,0.91,3730
Ideal,F,VS1,0.53,1818
Ideal,F,VS2,0.35,906
Premium,F,VS2,0.65,1970
Ideal,I,SI1,0.3,394
Good,G,SI1,1.01,4504
Ideal,I,VS1,1.19,7328
Fair,F,VS2,0.5,1279
Ideal,D,SI2,0.4,798
Ideal,G,IF,0.32,954
Premium,E,SI1,0.64,1811
Premium,E,VVS1,0.26,814
Very Good,F,SI2,1.04,4364
Ideal,G,VS1,0.32,645
Very Good,E,SI1,0.7,2476
Very Good,H,SI1,0.71,2076
Good,G,VS1,0.52,1689
Ideal,I,SI1,1.04,4344
Very Good,F,SI2,1.0,4081
Very Good,H,VS1,0.51,1628
Ideal,E,VVS2,0.32,842
Good,D,VS1,0.4,898
Ideal,E,VS2,0.34,829
Ideal,D,SI1,0.59,1684
Very Good,E,SI2,1.12,3864
Ideal,H,VVS1,0.31,907
Premium,G,VS2,0.4,753
Ideal,H,VVS2,0.32,645
Good,G,VS2,1.14,6681
Very Good,E,SI1,0.7,2569
Ideal,D,SI1,0.41,791
Ideal,I,VS2,0.28,503
Ideal,H,VVS1,0.31,846
Ideal,G,VS1,1.1,7528
Ideal,I,VVS1,0.71,2606
Premium,D,SI2,0.7,2222
Ideal,F,VVS2,0.4,1163
Premium,F,VS1,0.71,2839
Premium,H,VVS1,0.31,707
Very Good,E,SI1,1.09,5539
Premium,F,SI1,1.06,5236
Ideal,G,VS2,0.41,1061
Ideal,G,IF,0.41,1367
Very Good,E,I1,1.55,5974
Ideal,J,SI2,1.23,5083
Premium,E,SI1,0.3,675
Ideal,E,SI1,1.02,5493
Ideal,F,I1,1.1,3623
Ideal,E,VS2,0.3,844
Ideal,G,VS2,0.41,900
Very Good,D,SI1,0.3,552
Good,D,SI2,0.54,1249
Good,F,VS2,0.9,4655
Ideal,E,VS2,0.55,1741
Ideal,G,VVS2,1.22,11003
Premium,J,SI2,1.06,3823
Premium,I,VVS1,0.34,626
Ideal,F,VVS1,0.51,2726
Good,F,SI2,1.71,6971
Very Good,E,SI1,0.41,904
Premium,I,SI1,1.52,8694
Very Good,H,VVS2,0.51,1577
Premium,F,SI2,1.24,4907
Premium,J,VS2,1.24,5026
Premium,G,IF,0.34,1084
Very Good,G,VS2,0.71,2382
Premium,H,SI2,0.79,2370
Ideal,H,VS2,0.3,491
Good,E,SI1,0.54,1323
Ideal,I,VS2,0.5,1410
Ideal,E,SI1,0.9,5450
Ideal,I,SI1,2.17,16716
Ideal,E,VS1,0.7,3419
Premium,H,VS1,0.91,4670
Premium,D,SI2,1.01,5206
Very Good,F,SI1,0.74,2698
Ideal,G,VS1,0.3,624
Very Good,H,VS2,1.58,10608
Premium,E,VS1,0.73,2870
Very Good,J,SI2,1.0,3293
Very Good,E,VS2,0.91,4823
Ideal,I,VS1,1.51,10655
Very Good,D,SI1,0.77,3241
Very Good,H,VS2,1.5,9706
Ideal,F,VVS2,0.57,2322
Good,D,SI1,0.7,2681
Premium,I,I1,1.2,2925
Ideal,F,VS2,0.57,1637
Ideal,I,VS2,0.72,2650
Ideal,E,VS1,0.27,577
Ideal,I,VS2,0.75,2680
Fair,F,VS2,1.0,4656
Ideal,G,VS2,1.06,6548
Very Good,I,SI1,1.0,4125
Fair,G,I1,0.7,1069
Premium,I,VVS2,0.39,1009
Premium,D,VS2,0.3,911
Premium,I,SI1,1.14,4788
Good,H,VS1,0.32,561
Very Good,H,SI1,1.01,4617
Very Good,D,VS2,0.57,1651
Very Good,F,SI1,0.91,3963
Premium,H,VS2,1.05,5323
Premium,E,VS1,0.41,1153
Ideal,E,VVS2,0.44,1274
Very Good,G,VVS2,0.58,2078
Very Good,J,VS2,1.23,4896
Ideal,H,VS1,0.31,544
Very Good,F,SI1,0.8,2745
Ideal,G,VS1,0.24,490
Premium,E,SI2,0.43,704
Ideal,H,VS1,0.43,868
Very Good,G,SI2,1.63,9556
Very Good,F,SI1,1.02,5038
Ideal,F,VVS1,0.54,2356
Ideal,F,SI1,1.19,5937
Premium,G,SI1,0.33,631
Premium,F,VS2,1.5,13333
Very Good,I,VVS1,1.51,11512
Very Good,H,VS2,1.56,11039
Good,G,SI2,0.71,1960
Very Good,G,VVS2,0.56,2010
Very Good,I,VVS1,0.82,3443
Ideal,I,SI2,1.38,5796
Premium,F,VS1,0.3,658
Ideal,H,SI1,1.68,13375
Ideal,E,VS2,0.53,1721
Very Good,G,IF,0.34,917
Very Good,E,SI1,0.82,3282
Ideal,H,SI1,1.0,4872
Ideal,G,VS2,0.51,1585
Premium,J,SI1,1.51,7255
Ideal,F,SI2,0.61,1303
Premium,H,SI2,1.3,6406
Premium,I,VS2,1.71,9116
Ideal,E,SI2,0.92,4011
Ideal,E,SI1,0.32,559
Ideal,G,VS1,1.26,9243
Premium,F,SI1,0.7,2423
Ideal,F,IF,0.33,1240
Premium,H,SI1,1.22,5997
Very Good,D,VS2,0.4,982
Premium,I,SI2,1.25,5166
Very Good,G,VVS2,1.0,7589
Very Good,G,VVS1,1.56,15334
Premium,J,SI2,1.55,6890
Ideal,E,SI1,1.07,6561
Very Good,D,VS1,0.7,4003
Ideal,E,VS1,0.82,3306
Very Good,G,VS1,1.01,6936
Premium,G,VVS1,0.3,1013
Very Good,F,VVS1,0.29,563
Very Good,H,SI1,0.3,540
Very Good,F,VS2,0.32,773
Ideal,H,VVS2,1.25,8036
Ideal,F,SI2,1.07,4374
Very Good,I,VS2,0.96,4187
Ideal,F,VS1,0.55,2119
Ideal,G,VS2,1.02,6796
Premium,G,VS1,1.2,8056
Ideal,E,VS2,0.5,1768
Ideal,F,VVS2,0.33,1067
Very Good,I,VVS2,0.61,1773
Premium,F,SI2,0.76,2469
Very Good,I,SI1,0.33,445
Premium,H,SI1,0.35,504
Premium,D,VS2,0.31,942
Premium,H,SI2,1.6,9229
Premium,J,VS2,1.21,5096
Ideal,D,VS2,0.41,1076
Ideal,D,SI2,0.71,2416
Good,F,SI2,0.95,3750
Premium,G,VVS1,0.6,2444
Premium,H,VS1,0.32,561
Ideal,G,VS1,0.54,1724
Very Good,G,SI2,1.37,6148
Very Good,E,SI2,1.1,4607
Ideal,J,SI2,1.37,6091
Ideal,E,SI2,1.74,10085
Premium,F,VS2,0.73,2801
Very Good,G,VS1,1.52,12916
Ideal,H,VS2,0.71,2572
Very Good,H,SI2,1.24,5592
Ideal,F,VVS1,0.41,1356
Good,I,VS1,2.02,17533
Ideal,G,VVS2,0.41,1007
Ideal,F,VS1,0.41,1007
Very Good,F,VVS1,1.2,11913
Premium,I,SI1,1.52,8299
Very Good,D,IF,0.83,7889
Good,G,VS2,0.71,2258
Ideal,G,SI1,0.3,477
Good,H,SI1,1.5,9768
Premium,H,SI1,0.3,540
Premium,F,SI2,0.92,3864
Ideal,G,VVS1,0.31,789
Premium,G,SI1,1.01,4605
Ideal,I,VS2,0.33,480
Ideal,D,VS1,0.56,2741
Ideal,G,VS2,2.09,17051
Premium,I,I1,1.44,4387
Very Good,E,IF,0.28,688
Good,G,VS2,0.6,1793
Very Good,H,VS2,1.0,5000
Premium,G,VS2,1.02,6169
Good,G,SI2,1.52,8280
Good,E,SI1,0.9,4463
Ideal,H,SI1,1.2,6742
Very Good,G,SI2,1.01,3796
Ideal,H,SI1,1.04,5469
Ideal,H,VVS2,1.11,6837
Very Good,G,VS1,0.9,4297
Ideal,E,VS2,0.32,900
Premium,F,VS2,0.3,776
Ideal,E,VS1,0.4,951
Very Good,H,VS2,1.0,5139
Ideal,H,SI2,0.76,2288
Ideal,G,VVS2,1.53,15275
Ideal,F,IF,0.31,901
Fair,F,SI2,0.71,2103
Premium,F,SI2,1.01,5096
Ideal,F,VS2,1.11,8233
Ideal,G,VS2,0.53,1607
Premium,I,VS2,0.36,648
Very Good,G,VS1,0.51,1741
Premium,G,SI2,2.14,12792
Premium,I,VVS2,0.71,2386
Ideal,E,SI1,0.55,1668
Ideal,D,VS2,0.31,734
Premium,D,SI1,1.0,5775
Premium,D,SI1,0.35,827
Premium,E,SI1,0.51,1546
Very Good,E,VS1,0.23,378
Very Good,G,SI2,1.07,3655
Premium,H,VS2,0.36,729
Ideal,D,VVS2,0.31,804
Ideal,F,VS2,0.34,938
Premium,I,SI1,0.32,554
Very Good,D,SI2,1.02,4904
Good,H,SI2,0.96,3611
Premium,I,VVS2,1.52,11021
Ideal,G,VS2,0.34,596
Good,E,SI1,1.5,12754
Ideal,D,VS2,0.52,2225
Ideal,D,VS2,0.71,3212
Ideal,I,SI2,2.13,12356
Very Good,G,SI1,0.4,840
Very Good,I,SI1,1.1,4640
Ideal,F,SI1,0.97,3884
Very Good,F,SI1,1.54,11650
Ideal,F,VS2,0.34,726
Ideal,E,VS2,0.32,900
Very Good,G,SI1,0.3,447
Ideal,D,SI2,0.53,1412
Very Good,H,VS2,1.52,10618
Premium,F,SI2,1.12,4654
Very Good,D,VVS2,0.58,2400
Ideal,H,VVS2,0.31,802
Ideal,G,IF,0.3,956
Ideal,F,VS2,0.31,802
Very Good,E,VS2,0.72,2949
Very Good,D,SI1,0.31,571
Ideal,E,VS1,0.27,603
Ideal,I,SI1,0.7,2623
Premium,I,VS2,1.74,12168
Premium,F,SI2,1.08,4414
Ideal,E,SI1,0.42,992
Very Good,D,VVS2,0.56,2612
Ideal,E,VS2,0.3,658
Ideal,D,VVS1,1.3,15535
Ideal,G,SI1,0.71,2215
Very Good,F,I1,1.72,6962
Ideal,E,SI1,0.53,1769
Ideal,F,SI2,0.76,2469
Good,D,SI2,0.93,3839
Ideal,E,SI2,1.7,9139
Ideal,F,VVS2,0.38,963
Premium,J,VVS1,0.41,994
Ideal,H,SI2,1.07,4314
Good,H,SI1,0.53,1242
Premium,G,VVS2,0.37,1082
Premium,G,VVS2,0.51,1974
Ideal,F,VVS1,0.39,1129
Fair,J,SI1,0.91,2390
Fair,I,I1,1.04,2037
Ideal,F,VVS2,0.41,1115
Ideal,G,VS1,0.52,1887
Ideal,G,VS1,0.33,854
Ideal,G,VVS2,1.53,15365
Ideal,F,VS2,0.41,1107
Ideal,G,VS2,0.34,765
Very Good,G,SI2,1.37,6609
Fair,F,SI1,0.37,527
Good,E,SI2,0.71,1816
Premium,H,VS1,0.54,1600
Ideal,F,IF,0.24,678
Ideal,J,SI1,1.57,8221
Good,F,SI2,0.7,1806
Ideal,I,VS1,1.01,4808
Very Good,H,VS2,1.01,5861
Premium,G,VS2,0.71,2766
Premium,D,VS1,1.0,7812
Ideal,G,VS2,0.32,524
Premium,J,SI2,1.18,4197
Ideal,F,VS1,1.51,16370
Premium,D,VS2,1.06,7280
Ideal,I,SI1,1.32,7162
Ideal,D,VS2,0.31,942
Premium,J,SI2,1.12,3266
Good,F,SI1,0.7,2409
Ideal,D,SI1,0.41,1399
Very Good,F,SI1,1.0,5030
Ideal,H,VS2,0.7,2184
Very Good,G,VS1,0.51,1668
Premium,I,SI1,1.83,11883
Premium,E,VS1,0.41,1153
Very Good,E,SI1,0.7,2312
Premium,I,VS1,0.3,608
Very Good,E,SI1,0.56,1659
Very Good,I,VS1,1.01,4756
Very Good,H,VVS1,0.32,672
Very Good,F,SI2,0.32,540
Good,J,SI1,1.0,3780
Ideal,H,VVS2,0.61,1911
Very Good,E,SI1,0.9,3830
Ideal,H,VVS1,0.54,1846
Very Good,I,VS1,1.81,14177
Ideal,F,IF,0.24,678
Premium,I,SI1,1.25,5250
Good,F,VS2,0.5,1436
Premium,H,VVS2,0.32,828
Good,H,SI1,0.7,1771
Very Good,I,VVS1,0.45,947
Good,H,VVS1,0.5,1710
Ideal,H,VS2,0.28,467
Premium,G,SI1,0.38,855
Premium,E,SI1,0.67,1910
Premium,G,SI2,0.84,2573
Good,E,SI2,0.56,1172
Ideal,D,IF,1.06,15813
Premium,F,VS2,1.51,13945
Ideal,F,SI1,0.3,499
Ideal,I,VVS2,1.5,10907
Ideal,G,VS2,0.7,2723
Ideal,D,VS1,0.42,1235
Ideal,G,VS1,0.61,2309
Very Good,H,VS2,1.01,5028
Good,E,IF,0.26,597
Premium,F,SI2,1.3,5788
Ideal,E,SI1,0.54,1410
Very Good,E,VS1,1.03,7677
Ideal,G,VS1,0.48,1615
Very Good,E,SI2,0.43,671
Ideal,F,SI2,1.64,10733
Ideal,I,SI1,0.41,561
Very Good,D,VS2,1.01,6905
Very Good,E,VS2,0.31,680
Very Good,G,VS2,1.01,5759
Very Good,F,VVS2,0.24,492
Premium,F,VS2,0.37,894
Ideal,H,VS2,2.02,18050
Ideal,E,VS2,1.01,7240
Premium,D,VS2,0.41,1076
Premium,F,SI2,0.33,557
Ideal,H,SI2,1.05,4410
Good,I,VS2,0.63,1440
Good,E,SI1,0.51,1443
Premium,G,VS1,1.23,9574
Ideal,E,VVS1,0.3,838
Very Good,H,VS1,1.2,6814
Very Good,F,VS2,1.05,6808
Premium,H,SI1,1.14,5458
Ideal,E,VVS2,1.25,13006
Ideal,D,VS2,0.74,3668
Very Good,F,SI2,0.52,1057
Ideal,E,VS2,0.31,680
Premium,J,VS2,0.32,393
Very Good,H,SI2,0.7,2306
Ideal,F,VS2,1.71,16384
Ideal,F,VS1,1.01,7122
Fair,D,SI2,0.9,3205
Ideal,D,VS2,0.54,1817
Fair,H,VS2,0.8,2686
Ideal,D,SI1,0.52,1600
Ideal,G,VVS1,1.52,16343
Premium,E,SI1,0.42,992
Ideal,F,VVS1,0.41,1295
Ideal,H,IF,0.65,3065
Ideal,E,VS2,0.32,702
Ideal,G,SI1,1.05,5361
Premium,G,SI1,1.04,4811
Very Good,G,VS2,1.51,12906
Ideal,E,VS2,0.5,1559
Very Good,E,SI1,1.35,6860
Premium,J,VS1,1.75,10619
Premium,H,VS2,2.02,15987
Premium,F,VS2,1.08,7637
Ideal,E,VVS1,0.33,1130
Ideal,E,SI2,2.01,17688
Very Good,G,SI2,0.81,2493
Premium,H,VS1,0.82,2985
Ideal,H,VVS2,0.28,514
Premium,G,VS2,1.7,15797
Premium,D,SI1,0.3,709
Premium,G,VVS1,0.3,1013
Good,F,SI1,0.35,748
Ideal,G,VS2,0.38,768
Good,H,SI1,1.01,4749
Premium,H,SI1,2.14,14490
Premium,D,SI1,0.97,4721
Ideal,F,SI1,1.02,5195
Very Good,E,VS2,0.4,879
Very Good,H,VS2,1.01,5911
Premium,D,VS1,0.4,1200
Premium,F,VS1,0.57,1689
Ideal,H,SI1,2.14,18528
Premium,D,VS2,0.54,1913
Ideal,H,VS2,0.63,1641
Ideal,G,VS2,1.07,7577
Very Good,D,VS2,0.51,1678
Ideal,G,VVS2,1.55,15794
Good,E,SI2,0.5,1101
Ideal,D,VVS2,0.36,1114
Ideal,F,VVS2,0.73,3888
Premium,D,VS2,0.31,942
Ideal,G,VS2,0.41,827
Premium,H,SI1,0.83,2825
Good,F,SI1,0.9,3604
Ideal,J,VS1,0.5,1082
Ideal,G,VS1,0.9,5080
Very Good,G,SI2,0.4,596
Premium,J,VS1,1.57,7190
Very Good,D,VS2,0.23,357
Ideal,D,SI1,0.54,1650
Ideal,F,IF,0.31,914
Fair,F,SI2,0.5,1031
Fair,H,SI1,0.7,2048
Very Good,F,VVS1,0.4,1111
Ideal,G,IF,0.7,3949
Very Good,G,SI1,2.03,18630
Ideal,E,VS2,0.38,1038
Ideal,F,SI1,1.06,6363
Premium,E,VS2,0.72,2815
Ideal,G,VS2,1.51,14482
Ideal,I,SI2,1.27,5249
Premium,J,SI1,1.0,3780
Very Good,F,VS1,0.24,393
Premium,H,SI1,0.75,2331
Ideal,H,SI2,1.23,6199
Premium,F,SI2,0.73,2309
Ideal,D,VVS1,0.57,3126
Ideal,D,SI1,0.31,571
Ideal,G,SI1,1.3,8416
Very Good,F,VS2,0.78,3429
Ideal,H,VS1,0.26,482
Ideal,H,SI1,1.01,4773
Premium,G,VVS1,1.04,6890
Good,G,VS2,1.0,5860
Fair,G,I1,0.7,1001
Ideal,G,VS1,0.3,624
Ideal,F,SI1,1.04,5626
Ideal,G,VS2,1.01,6439
Very Good,G,SI2,0.7,2141
Ideal,E,VS2,0.31,872
Ideal,J,VS2,0.4,599
Ideal,F,SI1,1.21,7349
Ideal,G,SI1,0.71,2650
Ideal,D,VS2,0.32,972
Very Good,J,SI1,0.31,465
Ideal,F,VS2,0.32,660
Ideal,F,VS2,0.9,6830
Premium,D,VVS1,0.37,1142
Ideal,H,VS2,0.27,451
Fair,D,SI2,1.03,3743
Ideal,H,SI1,1.29,7513
Ideal,I,SI1,0.71,2319
Ideal,E,VVS1,0.38,1154
Ideal,G,VVS1,0.3,878
Premium,G,VVS1,0.3,737
Ideal,E,VS2,0.42,1024
Good,H,VVS2,0.61,1821
Premium,F,VS2,0.3,673
Ideal,G,IF,0.53,2372
Premium,G,VS2,1.31,9296
Ideal,H,VS2,0.52,1689
Ideal,G,SI1,0.71,2307
Ideal,E,SI1,0.5,1601
Ideal,F,VS2,0.51,1875
Very Good,E,VS2,1.05,6803
Good,F,SI2,1.0,4155
Ideal,E,VVS2,0.41,1085
Very Good,G,SI1,0.4,699
Premium,E,VS2,0.54,1847
Ideal,G,VS1,1.32,12094
Very Good,E,VS2,1.0,6518
Premium,H,VS1,0.33,743
Ideal,F,SI1,0.36,644
Good,I,SI1,1.02,3998
Ideal,G,VVS2,0.71,3504
Premium,H,VS2,0.33,521
Ideal,G,VS2,0.31,698
Premium,F,VVS1,1.14,11549
Very Good,D,SI2,2.26,18028
Ideal,G,IF,0.31,891
Premium,D,VS2,1.01,7508
Very Good,J,SI1,0.3,351
Premium,I,VS2,0.9,2923
Very Good,E,VVS1,0.23,485
Very Good,E,VVS2,0.23,478
Ideal,F,VVS1,0.3,814
Ideal,E,SI1,0.43,1016
Premium,I,VS2,0.9,3338
Good,D,VS2,1.11,7863
Very Good,I,SI2,2.09,14704
Premium,F,SI2,1.07,4573
Premium,I,VS2,0.31,435
Premium,F,VS1,0.34,725
Premium,H,SI1,0.64,1274
Very Good,D,VS2,0.5,1752
Ideal,H,SI2,0.42,625
Ideal,D,VS1,0.36,1002
Very Good,H,VS2,0.33,486
Ideal,G,VVS2,1.19,9524
Ideal,G,VS1,0.71,2756
Ideal,E,SI1,0.81,3109
Premium,F,VS2,0.37,957
Premium,G,VVS1,0.51,1971
Ideal,H,VS2,1.23,8541
Ideal,G,SI1,0.72,3048
Ideal,I,SI1,0.4,624
Premium,H,VS1,0.3,576
Premium,G,VVS1,0.31,1046
Premium,F,VS2,0.41,863
Fair,E,VS2,0.3,630
Premium,G,VS2,1.04,6206
Ideal,H,VS2,0.31,628
Very Good,H,VS1,0.56,1688
Premium,I,VS2,1.2,4131
Fair,H,I1,1.5,4939
Good,D,SI1,0.33,567
Very Good,D,SI2,0.32,612
Fair,H,I1,0.85,1324
Ideal,D,VS2,0.51,1882
Ideal,E,VS2,0.74,3315
Ideal,G,VS2,0.32,720
Ideal,G,VVS2,0.52,2012
Very Good,E,SI1,1.0,5051
Premium,F,SI2,0.84,2863
Ideal,F,SI1,1.0,5292
Ideal,G,VS1,0.41,899
Good,F,VVS2,1.01,6932
Good,E,VS2,0.73,2912
Ideal,H,VVS2,0.56,2118
Ideal,G,VS1,0.54,1745
Fair,H,VS2,0.5,1122
Premium,E,VS2,0.38,1112
Ideal,I,SI1,1.2,5107
Ideal,I,VVS2,0.71,2145
Very Good,D,VS1,0.73,3856
Premium,D,SI1,1.7,15100
Ideal,D,SI1,0.59,1816
Ideal,G,VS2,1.51,13532
Fair,H,SI1,0.7,1803
Ideal,H,VVS2,0.33,854
Very Good,E,SI1,0.41,705
Ideal,I,SI2,1.52,7582
Ideal,E,VS2,0.31,872
Premium,F,SI1,0.55,1415
Very Good,F,SI2,1.29,4977
Very Good,G,VS1,1.22,8633
Ideal,H,SI2,1.06,4547
Premium,G,VS2,1.51,12756
Ideal,F,IF,0.32,943
Ideal,F,VVS2,0.36,896
Very Good,E,SI1,0.52,1389
Ideal,G,VVS2,1.1,9051
Ideal,H,SI2,0.71,2258
Premium,E,VS2,0.32,900
Ideal,G,VS1,0.33,666
Ideal,D,VS2,0.53,1956
Premium,F,SI2,1.31,4743
Premium,H,SI1,1.64,10874
Ideal,G,VVS2,0.37,917
Ideal,G,SI2,0.97,4743
Fair,H,VS1,1.01,4044
Fair,F,SI1,0.9,3160
Ideal,F,SI2,0.93,3828
Ideal,G,VVS1,0.52,2029
Ideal,D,SI1,0.36,713
Very Good,E,SI1,0.32,584
Fair,G,SI1,1.0,3965
Good,F,VVS2,0.23,462
Ideal,D,SI1,0.32,589
Very Good,G,IF,1.01,7974
Ideal,D,SI2,1.09,5364
Good,G,SI1,0.57,1364
Ideal,F,VVS2,0.33,1040
Ideal,E,SI2,0.91,3898
Ideal,H,SI2,1.18,5657
Good,F,SI2,0.92,3340
Good,D,VS1,0.76,3950
Ideal,I,SI1,0.31,430
Good,I,SI1,1.2,5458
Ideal,H,SI1,0.77,2612
Very Good,D,VVS2,0.81,5423
Very Good,H,VVS2,0.8,3036
Premium,D,SI2,0.35,522
Premium,E,VS2,0.33,723
Premium,H,VS1,1.52,11853
Good,D,SI1,0.54,1551
Ideal,F,VS2,1.5,14092
Ideal,E,VS1,0.32,972
Ideal,H,IF,0.5,1844
Ideal,E,VS2,0.3,844
Good,H,SI2,0.38,547
Good,E,SI2,0.7,2239
Fair,G,I1,2.5,7854
Premium,D,SI1,0.32,589
Ideal,D,VVS2,0.42,1326
Ideal,E,SI2,0.74,2617
Premium,H,VS2,1.09,5677
Ideal,E,I1,1.0,3520
Ideal,F,VS1,0.71,3710
Good,H,IF,0.63,2404
Ideal,F,VVS2,0.41,1115
Ideal,G,VS1,0.32,828
Good,I,VVS2,0.9,3718
Very Good,H,SI1,0.42,898
Ideal,F,SI1,1.56,11047
Ideal,E,VVS1,0.3,838
Ideal,F,VS1,0.58,2117
Ideal,F,SI2,1.31,6676
Ideal,G,VVS2,0.53,1946
Very Good,J,VS2,0.42,723
Ideal,G,IF,0.55,2789
Premium,G,VVS1,0.31,816
Very Good,H,SI2,1.63,9504
Ideal,E,VS2,0.7,3268
Very Good,G,VVS2,0.7,2936
Ideal,E,VS2,0.52,1651
Good,F,SI1,0.39,718
Premium,F,SI1,0.78,2826
Premium,I,SI1,1.75,7644
Ideal,G,VVS1,0.34,913
Very Good,E,VS2,0.32,561
Ideal,H,VS1,0.72,2998
Very Good,D,SI1,0.51,1569
Very Good,H,SI2,0.9,3160
Very Good,I,VS2,0.51,1140
Good,G,VVS2,0.5,1715
Very Good,F,SI2,2.48,18692
Ideal,F,IF,0.27,760
Premium,G,SI2,1.05,4018
Very Good,F,SI1,0.31,663
Ideal,D,VS2,0.54,1993
Ideal,G,VS2,1.05,6837
Fair,H,SI2,2.13,13370
Very Good,E,VVS2,0.51,2146
Ideal,H,SI2,0.6,1250
Ideal,G,SI2,1.01,4079
Ideal,D,SI1,1.0,5880
Very Good,E,SI1,1.5,11194
Premium,E,SI2,0.91,3379
Ideal,H,VVS2,1.0,6607
Very Good,J,SI1,1.52,7759
Very Good,F,SI2,0.9,4441
Good,E,VS1,0.3,568
Ideal,H,VVS1,0.33,752
Premium,D,VS1,0.5,1807
Very Good,E,SI2,0.41,683
Very Good,H,VS2,0.31,489
Very Good,H,SI2,1.1,4561
Ideal,E,SI2,0.4,855
Ideal,F,VVS2,0.61,2660
Ideal,D,SI1,0.42,1040
Ideal,G,VVS1,0.55,2042
Premium,E,SI2,0.5,1240
Very Good,F,VS2,0.7,2400
Ideal,E,SI1,0.38,693
Ideal,G,VS1,0.3,605
Premium,E,VS2,0.56,1915
Ideal,E,VVS2,0.42,1273
Premium,D,SI2,0.4,666
Very Good,F,VS2,1.03,6218
Very Good,J,SI2,1.02,3601
Very Good,F,VS2,0.23,402
Ideal,D,SI1,0.41,791
Fair,G,IF,0.39,1127
Very Good,D,VS2,0.51,1722
Ideal,I,VS2,1.04,5105
Very Good,E,VS1,1.39,12614
Ideal,H,SI2,2.03,16642
Ideal,D,VS2,0.3,710
Good,G,VS2,1.0,5148
Premium,D,SI1,0.3,515
Very Good,G,VS1,0.52,1420
Ideal,J,VS1,0.41,830
Ideal,E,VVS2,0.3,786
Premium,I,VS1,1.67,11400
Very Good,F,VVS1,0.7,3536
Ideal,E,SI1,0.7,2728
Premium,I,VS1,0.32,648
Ideal,I,SI1,1.18,5088
Premium,D,SI1,0.32,756
Very Good,G,VVS2,0.55,1879
Ideal,D,VVS1,0.37,1764
Premium,D,SI2,0.41,683
Premium,H,SI1,2.0,15096
Ideal,H,VS1,0.34,765
Ideal,H,VVS2,0.32,628
Ideal,E,VVS2,0.26,599
Premium,J,VS1,0.4,631
Ideal,E,VS2,0.73,3201
Premium,G,VVS2,0.41,1007
Very Good,G,VS2,0.5,1351
Premium,G,VS2,0.52,1577
Ideal,I,SI2,1.17,4488
Ideal,H,VS2,1.14,7409
Premium,H,VS1,0.42,847
Ideal,D,VVS2,0.73,4547
Premium,F,VS1,0.4,982
Very Good,G,VVS2,0.51,1842
Good,F,VS2,0.8,3429
Ideal,G,VS1,0.51,1656
Very Good,D,IF,1.07,17909
Premium,F,SI1,1.57,11523
Good,H,SI2,1.0,3878
Premium,E,VS1,0.78,3538
Premium,D,SI1,0.8,3226
Ideal,G,VS1,1.27,9262
Ideal,G,IF,0.4,1239
Good,G,VS2,0.71,2623
Ideal,F,VS2,0.76,2725
Good,E,SI2,0.7,2092
Premium,J,VS2,1.51,7553
Premium,F,SI1,0.97,4561
Premium,F,VVS1,1.14,10878
Ideal,D,VS1,0.91,6652
Ideal,G,IF,0.3,895
Ideal,D,SI1,0.4,741
Very Good,F,VS2,1.21,7928
Premium,J,VVS2,0.71,1843
Premium,E,SI2,0.63,1775
Ideal,I,SI1,1.23,6183
Good,H,SI2,0.4,720
Ideal,J,SI1,1.57,7640
Ideal,D,VVS2,0.71,4325
Ideal,F,SI2,1.09,4981
Premium,D,VVS1,1.01,11480
Very Good,H,SI1,0.32,449
Ideal,G,IF,0.34,974
Premium,D,SI1,0.31,732
Premium,I,VS1,0.3,473
Good,I,VVS2,0.67,1882
Ideal,G,VVS1,1.34,11640
Ideal,G,IF,0.3,863
Ideal,D,VS2,0.55,1645
Very Good,H,SI1,0.7,2048
Ideal,E,VVS2,0.31,710
Premium,E,VS2,0.33,723
Premium,E,SI2,1.0,4200
Very Good,D,SI2,0.54,1343
Premium,F,VS2,1.2,8796
Ideal,J,VS2,1.24,5412
Premium,G,SI1,1.51,11255
Premium,E,VS2,1.0,6359
Ideal,G,VVS2,0.32,730
Ideal,H,VVS1,0.52,1778
Good,E,SI2,0.4,617
Ideal,H,SI1,0.32,449
Premium,E,VS2,0.4,975
Very Good,F,SI1,0.31,516
Very Good,E,VS1,1.02,8317
Ideal,H,VS1,0.5,1370
Good,F,SI2,1.0,3259
Ideal,D,VVS1,0.34,1133
Good,H,SI2,1.56,7554
Very Good,D,VS2,0.51,1793
Premium,H,SI1,2.25,17233
Ideal,G,VVS1,1.17,9799
Ideal,G,SI2,1.51,8794
Very Good,G,VVS2,0.5,1806
Premium,F,VS2,0.4,842
Ideal,F,VS1,0.32,652
Good,G,VS1,0.3,605
Very Good,G,SI1,0.54,1392
Ideal,G,VVS1,0.42,1179
Good,F,VS2,1.01,5700
Very Good,G,SI2,0.56,1091
Very Good,I,VVS1,0.32,589
Very Good,E,VS2,0.53,1612
Ideal,I,SI2,1.55,8056
Very Good,F,VS1,1.0,6098
Very Good,D,SI1,0.9,4693
Ideal,H,SI2,1.08,3629
Very Good,E,VS2,0.9,4580
Ideal,G,VS1,0.3,776
Ideal,G,VVS1,0.31,1046
Ideal,H,SI2,0.26,362
Premium,H,VS2,1.5,10478
Ideal,E,VS2,1.51,14844
Ideal,G,SI1,0.42,1136
Good,D,SI1,0.36,663
Ideal,F,VVS2,0.41,1115
Good,H,SI2,1.2,5082
Very Good,F,SI1,0.41,755
Very Good,E,SI1,0.34,714
Very Good,G,VS1,0.96,4892
Premium,E,SI1,1.87,16232
Premium,D,SI2,1.52,8631
Very Good,E,VS2,0.52,1601
Good,D,VS2,0.41,873
Very Good,F,SI1,1.25,7956
Good,H,VS2,0.54,1338
Ideal,J,VVS1,0.34,504
Ideal,F,VVS2,0.58,2340
Good,D,SI2,0.53,1352
Premium,D,VS2,0.91,5259
Ideal,H,VS1,0.34,620
Very Good,D,SI1,0.3,515
Good,D,SI2,0.4,622
Ideal,D,VS2,0.3,710
Premium,E,SI2,1.08,4656
Premium,G,VS1,0.33,854
Very Good,D,SI1,1.58,13869
Premium,G,VS1,0.41,899
Premium,I,VS1,0.91,3669
Premium,E,VS2,0.3,844
Ideal,E,SI1,0.34,765
Ideal,G,VVS2,0.36,776
Very Good,I,SI2,1.05,3742
Ideal,E,VS1,0.39,1026
Ideal,H,VS2,0.82,2870
Good,E,SI1,0.3,526
Premium,D,SI1,0.91,4663
Ideal,D,VS2,0.33,781
Good,F,VVS1,0.4,1287
Ideal,D,VS2,0.77,3721
Premium,H,SI1,1.0,4389
Premium,E,VVS2,0.25,576
Good,H,SI1,1.11,4523
Very Good,F,VS2,0.71,3323
Ideal,F,SI1,0.91,5176
Very Good,I,SI2,1.03,5884
Ideal,H,VS1,0.55,1588
Premium,E,VS2,0.83,3625
Ideal,E,VVS1,0.35,916
Very Good,J,VS2,1.7,7730
Premium,G,VVS2,0.5,1909
Good,I,SI2,2.26,16241
Premium,F,SI1,0.76,2631
Premium,E,I1,1.24,3528
Ideal,E,VVS2,0.39,1034
Ideal,F,SI2,0.82,2841
Ideal,J,VS2,0.77,2159
Premium,I,VS2,0.31,558
Good,J,VS2,1.04,3844
Premium,G,VS1,0.53,1727
Ideal,E,IF,0.3,957
Very Good,F,VS1,0.71,2889
Premium,E,VS2,1.0,6272
Very Good,G,SI2,0.9,3452
Ideal,E,SI2,1.11,5938
Ideal,D,VVS2,0.31,766
Premium,D,SI1,1.5,12179
Fair,I,SI1,0.99,3337
Very Good,I,SI1,1.53,7797
Very Good,H,SI2,0.8,2502
Ideal,D,VS2,0.72,4082
Very Good,H,SI1,0.31,446
Premium,E,SI2,1.03,4845
Ideal,F,VVS1,0.38,1096
Premium,G,VVS2,1.09,8454
Premium,G,SI2,1.18,5190
Very Good,I,VS2,0.91,3994
Ideal,G,VVS1,0.32,786
Ideal,D,VS2,0.34,805
Premium,I,VS1,0.3,567
Ideal,G,VS1,1.06,7594
Premium,I,SI1,1.12,4641
Very Good,H,SI1,0.58,1239
Ideal,E,VS2,0.51,1656
Ideal,I,SI2,2.01,13574
Ideal,F,SI1,1.6,12379
Ideal,I,IF,0.35,715
Very Good,F,VS2,0.7,2400
Ideal,D,VVS2,0.5,2211
Very Good,I,VS1,0.76,2530
Very Good,I,SI1,0.95,3544
Very Good,E,VS1,0.37,818
Good,E,SI1,0.7,2407
Very Good,G,SI1,1.08,4906
Ideal,H,SI1,0.78,2781
Ideal,G,IF,0.56,2321
Premium,H,SI1,1.51,10274
Premium,E,SI1,1.1,6098
Premium,H,SI1,1.33,7472
Ideal,H,VS1,0.57,1554
Very Good,F,VS2,1.01,6787
Very Good,G,SI2,1.02,4501
Very Good,F,VS2,0.41,863
Ideal,F,VS1,0.41,1007
Ideal,G,VS1,0.84,4372
Ideal,J,VS2,0.71,1899
Very Good,H,VS2,0.34,537
Premium,H,SI1,0.32,591
Ideal,H,SI1,0.43,919
Ideal,F,SI1,0.79,3169
Good,F,SI2,0.9,3519
Ideal,E,SI1,0.73,3038
Ideal,J,IF,0.32,684
Ideal,F,VS2,0.71,3405
Very Good,D,SI2,0.94,3634
Very Good,F,SI1,1.01,5174
Ideal,J,SI1,2.01,9725
Very Good,G,VS2,0.42,847
Premium,H,VS2,0.94,4629
Fair,D,SI1,0.7,2352
Very Good,F,I1,0.71,1448
Fair,D,VS2,1.12,7696
Ideal,F,VS2,0.89,4854
Premium,D,SI1,1.03,5491
Ideal,H,SI2,1.08,4455
Premium,H,SI2,2.01,14364
Ideal,I,VS2,0.56,1417
Ideal,H,VVS1,0.35,1024
Good,D,SI1,0.5,1257
Ideal,D,VVS1,0.42,1621
Premium,D,SI1,0.6,1896
Ideal,F,VS1,0.31,680
Ideal,I,SI2,2.2,13512
Very Good,D,VS2,0.4,915
Ideal,H,VVS1,0.79,3675
Premium,F,I1,1.74,6821
Good,E,VS1,0.5,1806
Premium,I,VS2,1.31,6921
Ideal,G,VVS1,0.59,2322
Premium,E,VS2,1.0,6720
Ideal,I,VS1,1.17,6013
Premium,D,SI2,0.9,4007
Very Good,H,SI1,0.36,518
Very Good,H,VS2,1.51,9821
Ideal,G,VS2,1.05,6486
Ideal,J,SI2,1.02,2879
Very Good,F,IF,0.35,1027
Very Good,E,SI1,0.42,773
Very Good,J,SI1,1.11,4084
Premium,G,SI1,1.14,5548
Ideal,D,VS1,1.2,11053
Premium,E,SI1,1.54,10314
Very Good,E,VS2,0.52,1689
Good,E,VS1,0.35,663
Ideal,J,VS1,1.51,8678
Premium,D,I1,1.02,3838
Ideal,G,VS1,1.31,9891
Ideal,G,VVS2,1.26,10556
Ideal,G,SI1,1.13,5759
Very Good,G,SI2,2.21,15825
Ideal,G,SI1,0.73,3089
Premium,J,SI1,0.91,2905
Very Good,G,VS1,1.76,18014
Ideal,E,SI1,1.03,5234
Good,D,VS1,0.41,986
Ideal,I,VS1,0.32,523
Ideal,G,VVS1,0.32,1080
Very Good,E,VS1,0.7,3154
Ideal,G,VVS2,0.3,878
Very Good,F,VS2,0.53,1610
Good,J,SI2,2.02,10666
Ideal,F,VVS1,0.3,814
Premium,H,VS1,1.5,11189
Very Good,H,SI2,2.01,12229
Good,E,SI2,2.0,13320
Ideal,I,SI1,0.63,1372
Very Good,D,SI2,0.4,798
Ideal,F,VVS2,0.72,3816
Very Good,I,VS1,0.93,3562
Ideal,J,SI2,1.01,4099
Ideal,I,SI2,0.55,1109
Ideal,I,VVS2,1.2,7079
Good,G,VS1,0.65,2241
Premium,E,VVS2,0.3,1013
Very Good,H,SI2,1.56,8317
Ideal,G,VS1,1.52,14482
Ideal,D,VVS2,0.65,4275
Ideal,F,VVS2,0.32,1008
Good,I,VS2,0.97,4355
Fair,H,SI2,1.01,3167
Good,E,SI2,1.0,4258
Ideal,F,VVS2,0.63,2835
Ideal,H,SI1,1.92,15472
Ideal,I,VS2,0.31,452
Good,E,SI1,0.33,579
Ideal,G,VVS2,0.41,1238
Ideal,H,SI1,0.85,3183
Ideal,F,SI1,0.46,1018
Very Good,F,VVS1,0.24,478
Ideal,I,SI2,1.25,5259
Premium,H,SI1,0.96,4026
Very Good,E,SI1,1.0,5174
Very Good,G,VVS1,0.45,1263
Ideal,E,SI1,0.56,1580
Ideal,H,VS1,0.32,720
Very Good,F,VVS1,0.27,682
Ideal,D,SI1,0.31,571
Very Good,G,SI1,1.01,4672
Very Good,G,SI2,0.36,473
Premium,D,VS2,0.74,2855
Ideal,H,SI2,1.1,4620
Good,G,VS2,0.7,2488
Premium,F,VS1,0.3,844
Very Good,F,VS1,1.23,10035
Ideal,H,IF,0.44,1177
Premium,F,SI2,1.5,7644
Ideal,E,SI1,0.92,4791
Ideal,E,VS2,0.52,1815
Premium,H,VS2,0.79,2726
Premium,G,VS1,0.36,726
Very Good,D,VS2,0.62,2311
Premium,J,SI2,1.03,3378
Premium,E,SI2,0.44,1028
Premium,G,VVS1,0.41,1148
Ideal,H,SI1,1.11,5456
Good,D,VS2,0.31,567
Fair,F,IF,0.71,3205
Ideal,H,SI1,1.15,5296
Very Good,E,VS2,0.51,1656
Premium,G,VS2,0.37,833
Fair,G,VS2,0.46,1002
Ideal,G,VVS1,0.42,1179
Ideal,D,SI1,0.71,2531
Ideal,F,SI1,1.29,7790
Ideal,G,VVS1,0.25,582
Premium,G,VS1,1.0,6606
Premium,H,SI2,0.76,1985
Ideal,J,SI1,1.33,5857
Ideal,G,VVS1,0.31,798
Ideal,H,VVS2,0.74,2961
Good,G,VS1,0.7,2577
Ideal,G,SI1,0.23,364
Premium,F,SI1,0.71,2756
Ideal,H,VS2,1.09,6288
Ideal,E,VS2,0.39,839
Premium,E,VS2,0.5,1583
Premium,G,VS2,1.3,9216
Good,F,SI2,0.6,1306
Very Good,G,VS2,0.32,524
Ideal,G,VVS2,1.09,8970
Good,F,SI1,0.72,2647
Very Good,H,VS2,1.01,5393
Very Good,H,VVS2,0.91,4143
Ideal,G,IF,0.31,801
Ideal,F,VVS2,0.23,530
Premium,E,SI1,0.9,4385
Ideal,H,VS1,0.3,526
Ideal,H,VVS1,0.56,1941
Ideal,F,IF,0.32,943
Premium,I,VS2,0.37,666
Good,H,VS2,1.5,10478
Very Good,F,VS2,0.7,2803
Very Good,E,VS2,0.23,400
Fair,H,SI2,1.24,5208
Ideal,I,VS1,0.9,4492
Very Good,F,VS2,1.1,6708
Very Good,G,VVS2,1.01,7234
Very Good,G,IF,0.4,1173
Very Good,D,SI2,1.01,4260
Very Good,H,VS1,0.31,544
Ideal,G,VS1,0.62,2141
Very Good,G,VVS2,1.01,7528
Ideal,F,VS1,0.42,1103
Premium,G,SI2,1.02,4370
Ideal,G,VVS2,0.3,684
Premium,F,SI1,1.08,4953
Fair,D,VS2,1.01,5797
Premium,G,SI2,1.0,4398
Very Good,D,SI1,1.01,4821
Ideal,I,SI1,1.04,4659
Very Good,H,VS1,0.4,770
Premium,G,VS2,1.03,6146
Ideal,D,IF,0.63,6607
Ideal,E,VS2,1.51,14482
Premium,E,SI1,1.23,7274
Ideal,D,VVS2,0.42,1326
Ideal,E,VS2,0.5,1629
Ideal,F,VVS2,0.53,2160
Premium,D,SI1,0.31,732
Ideal,G,IF,0.56,2279
Very Good,D,SI1,0.9,3997
Ideal,H,SI1,1.01,4767
Ideal,E,SI1,0.74,3497
Ideal,H,VS1,0.3,675
Ideal,G,SI1,0.3,477
Ideal,D,VVS1,0.59,3791
Ideal,F,VVS2,0.53,2045
Fair,G,VS2,0.73,2401
Fair,F,SI2,0.58,1088
Premium,J,VVS2,1.51,8770
Fair,E,VS2,0.56,1737
Very Good,D,VS2,0.4,850
Very Good,E,VVS2,0.73,3565
Premium,F,SI2,1.21,5746
Very Good,F,VVS2,0.52,2035
Premium,G,VS1,0.5,1624
Very Good,D,VS1,0.9,5195
Ideal,G,VVS2,1.53,15137
Good,E,SI1,0.91,4256
Good,I,SI1,0.76,1914
Ideal,E,SI2,1.2,5964
Premium,J,VS1,0.57,1606
Good,F,SI2,1.01,3897
Ideal,F,VS2,0.56,1814
Ideal,E,VS2,0.41,935
Ideal,D,VS2,0.31,734
Very Good,F,VVS2,1.02,9043
Premium,G,VVS1,1.0,8008
Ideal,H,VS2,0.53,1412
Ideal,H,VS2,0.38,898
Very Good,E,SI2,1.02,4398
Ideal,I,SI1,0.32,554
Good,F,SI1,1.5,11399
Good,I,VS2,0.91,3287
Ideal,G,VS1,1.28,10537
Fair,D,SI1,0.9,3751
Fair,H,VS1,1.01,3676
Ideal,I,VS2,1.2,5880
Ideal,I,VVS1,0.32,553
Premium,F,VS2,0.37,894
Ideal,E,VS2,0.27,470
Ideal,E,SI1,1.52,12907
Ideal,H,VS1,1.04,6368
Ideal,E,VS1,0.38,920
Premium,F,SI2,1.01,3717
Ideal,F,VS2,0.72,2956
Very Good,H,VS1,1.52,11912
Ideal,E,SI2,1.51,9513
Premium,D,SI1,0.38,941
Good,J,SI1,1.12,3880
Ideal,E,SI1,0.3,499
Premium,I,I1,0.98,2064
Ideal,H,IF,0.3,1013
Ideal,H,IF,0.31,1046
Ideal,F,VS1,0.7,2839
Very Good,E,VVS2,0.5,2275
Ideal,G,VS2,0.33,598
Ideal,G,SI1,0.4,1084
Premium,D,VS2,1.03,7718
Very Good,G,SI2,0.43,729
Good,D,SI1,0.7,2570
Good,G,SI2,1.01,4210
Premium,D,VS1,0.77,3966
Ideal,G,SI1,0.79,2898
Premium,H,VS2,1.2,6666
Premium,D,SI1,0.4,990
Ideal,G,VVS2,1.04,9465
Ideal,E,SI2,0.53,1315
Ideal,H,SI1,0.7,2107
Very Good,G,SI1,0.55,1316
Ideal,D,VS2,0.34,1033
Ideal,D,VS1,0.3,835
Very Good,H,SI1,0.3,554
Ideal,G,IF,0.43,1433
Ideal,H,SI2,0.72,1901
Very Good,E,VS2,0.82,3641
Ideal,E,VVS1,0.3,956
Ideal,G,VS2,1.25,9590
Ideal,D,VS1,0.41,1151
Ideal,F,VVS2,0.3,684
Premium,E,VS2,1.5,12587
Premium,H,SI2,1.02,3701
Premium,G,VS1,0.5,1629
Ideal,D,SI1,0.35,827
Ideal,E,SI1,0.72,2886
Ideal,E,SI1,0.73,2581
Very Good,D,VS2,0.3,710
Fair,I,SI1,1.52,7746
Ideal,E,VS2,1.51,13986
Ideal,G,VS2,0.25,459
Premium,D,SI2,0.31,593
Premium,H,VVS1,1.01,4955
Ideal,H,VS2,1.05,5728
Ideal,I,SI2,0.3,348
Good,E,VS2,0.3,526
Premium,I,SI1,1.18,4956
Ideal,H,VS1,1.2,8852
Premium,F,SI1,1.11,4699
Ideal,I,SI1,0.92,4457
Ideal,E,SI1,0.91,4513
Ideal,I,SI2,1.62,8220
Ideal,F,VVS2,0.37,839
Very Good,E,VVS1,0.7,3724
Premium,H,VS2,0.3,473
Ideal,H,VS1,1.01,5550
Very Good,F,VVS2,0.51,2041
Good,F,SI2,0.9,2964
Ideal,J,SI2,0.41,731
Very Good,F,VVS2,0.27,682
Good,F,SI1,0.42,722
Premium,E,SI2,1.08,4742
Ideal,H,VVS2,0.53,1674
Ideal,G,VVS2,0.75,3879
Ideal,H,SI1,0.82,2617
Good,H,SI2,1.5,7495
Ideal,G,VVS2,1.02,8401
Ideal,H,VS1,1.38,8037
Premium,F,SI2,1.07,4700
Ideal,G,VVS1,0.9,6237
Fair,I,I1,1.2,3011
Good,I,SI1,0.4,596
Very Good,E,VS2,1.05,6865
Ideal,H,VS1,1.51,11580
Ideal,G,VVS1,0.31,789
Ideal,G,IF,1.01,8778
Very Good,I,SI1,2.01,13691
Good,F,VVS2,1.01,7001
Very Good,D,SI1,0.9,4187
Ideal,H,VS2,1.22,7623
Very Good,E,SI2,0.5,1077
Good,F,VS2,0.71,2777
Ideal,D,VS2,0.38,1013
Very Good,F,SI1,1.04,5525
Very Good,F,SI2,1.15,4915
Very Good,E,VVS2,0.24,552
Ideal,I,VS1,0.4,826
Ideal,E,VVS1,0.42,1400
Good,F,VS2,0.66,2275
Ideal,I,VVS1,0.73,3239
Premium,F,VS1,1.12,7903
Premium,E,SI1,1.21,6261
Ideal,H,SI1,0.33,594
Very Good,G,VS2,0.67,2080
Ideal,F,IF,0.3,886
Premium,I,SI2,1.55,7972
Ideal,F,SI2,2.04,16261
Ideal,G,IF,0.42,1289
Very Good,I,VS2,0.73,2329
Ideal,H,VS2,0.32,523
Very Good,E,VVS2,0.23,505
Ideal,F,VS1,0.7,3154
Good,G,VS2,0.31,544
Very Good,D,VS2,0.46,1262
Very Good,E,SI2,0.73,2335
Ideal,E,VS2,0.34,692
Very Good,G,VS2,0.5,1354
Premium,H,SI1,0.93,3646
Ideal,F,VVS2,0.4,1163
Ideal,E,VVS2,0.33,814
Very Good,G,SI1,0.34,521
Very Good,E,SI2,0.71,2256
Premium,H,VS2,1.5,11194
Premium,H,SI2,1.01,2828
Ideal,F,VS2,0.4,842
Ideal,G,VVS1,0.38,979
Good,J,VS1,0.6,1306
Ideal,E,SI2,0.53,1223
Very Good,E,VS2,1.02,6582
Very Good,G,SI2,0.57,1171
Good,F,SI1,1.01,4199
Ideal,E,SI2,0.34,612
Very Good,F,VVS2,0.4,1049
Very Good,D,VS1,0.5,1671
Very Good,F,VS1,0.71,2765
Very Good,E,VVS1,0.23,530
Fair,F,SI1,0.51,1193
Very Good,F,SI2,2.01,16728
Ideal,I,VS1,0.36,568
Very Good,E,SI2,0.71,2238
Ideal,G,SI1,0.33,631
Premium,G,SI2,1.2,5278
Premium,G,I1,1.53,6183
Very Good,D,SI1,0.5,1337
Premium,E,VVS2,0.27,752
Ideal,D,VS2,0.31,734
Very Good,H,SI1,1.54,10279
Ideal,F,VS1,0.3,658
Very Good,F,SI2,0.71,2147
Very Good,F,VS1,0.4,890
Ideal,G,VVS1,0.33,838
Premium,J,SI2,0.8,2022
Good,G,SI1,1.01,4326
Premium,D,SI2,1.14,4513
Good,F,VS1,0.29,504
Premium,I,SI2,1.19,4660
Premium,J,SI2,0.9,2717
Very Good,F,VVS1,0.3,832
Premium,H,SI2,1.51,7235
Ideal,G,VS2,0.74,3434
Ideal,H,VS2,1.01,4821
Premium,H,SI1,0.38,633
Ideal,G,VS1,0.72,2746
Premium,G,VS2,1.04,6589
Very Good,F,VVS1,0.31,897
Ideal,D,SI1,0.31,732
Ideal,G,SI2,0.9,3805
Ideal,G,IF,0.32,905
Premium,F,SI1,1.5,12030
Fair,I,VS2,0.96,3215
Premium,G,SI1,0.4,900
Very Good,F,VS2,0.5,1404
Ideal,J,VS2,1.06,4643
Ideal,I,VVS2,0.7,2353
Premium,G,VS1,0.33,854
Ideal,H,SI2,1.04,4290
Fair,D,SI2,0.7,2167
Ideal,G,VS2,1.68,15740
Ideal,E,SI1,0.51,1343
Very Good,F,VS2,0.3,605
Ideal,H,SI1,1.56,10642
Good,D,VS2,0.26,403
Ideal,I,SI1,0.88,3328
Ideal,F,VVS1,0.57,3343
Premium,J,VS1,0.39,790
Ideal,G,VS2,0.31,562
Very Good,E,VS1,1.11,8852
Ideal,D,VS2,0.31,734
Ideal,F,SI2,1.51,9471
Very Good,I,SI2,1.06,3515
Very Good,F,SI1,0.91,4188
Good,G,VS1,0.3,605
Good,I,VS1,1.0,4581
Premium,F,SI2,1.01,3846
Good,G,SI2,0.37,487
Ideal,D,SI1,0.35,644
Premium,F,SI2,0.91,3845
Ideal,H,VS2,0.3,473
Ideal,F,VVS2,0.5,2052
Very Good,H,VVS2,0.34,674
Very Good,J,SI1,1.01,3998
Ideal,D,VS2,0.52,1822
Very Good,I,VS2,2.03,15826
Good,D,SI1,0.31,571
Very Good,F,SI2,0.91,3653
Ideal,E,VVS1,0.39,1179
Ideal,F,VS2,0.72,3495
Premium,H,VS2,0.9,3810
Ideal,F,SI1,0.41,690
Good,E,VVS2,0.39,943
Ideal,E,SI1,0.61,1800
Ideal,D,VS2,0.33,781
Ideal,H,VS2,0.53,1353
Ideal,G,SI1,0.38,855
Ideal,D,SI1,0.42,810
Ideal,E,VS2,0.53,1690
Premium,H,VS1,1.78,15601
Premium,F,VS2,1.02,6333
Good,E,SI2,0.8,2542
Very Good,F,SI2,0.92,3534
Premium,H,I1,1.12,2854
Very Good,I,VS2,1.48,8196
Very Good,G,IF,1.09,8650
Premium,I,VVS2,1.72,12509
Ideal,F,VVS2,0.76,3716
Premium,E,SI1,0.92,4482
Premium,E,VS2,0.71,2711
Good,J,SI2,1.51,6215
Very Good,G,VS1,1.02,6126
Ideal,G,VVS2,1.26,12066
Very Good,G,VS1,0.35,706
Ideal,I,VVS2,0.41,827
Premium,E,SI2,0.98,4478
Premium,H,SI1,1.64,11159
Ideal,E,VVS2,0.32,816
Premium,E,SI2,1.0,4620
Very Good,F,SI1,0.74,2583
Premium,D,VS2,1.22,9756
Very Good,E,SI1,1.02,5553
Ideal,G,VS1,1.02,7574
Ideal,G,SI1,1.0,4956
Ideal,D,VVS1,0.3,1069
Premium,H,VVS2,0.31,625
Ideal,J,VS1,0.33,434
Very Good,E,VS2,0.5,1629
Ideal,I,SI2,1.22,4612
Ideal,D,SI2,0.71,2480
Ideal,F,VS2,0.54,1786
Ideal,D,VS1,0.37,872
Very Good,E,VS1,0.4,959
Good,E,SI1,0.7,2812
Premium,G,VS1,1.22,8583
Premium,H,SI2,1.59,9385
Ideal,H,SI2,1.11,5496
Good,G,VS2,0.7,2353
Premium,I,VS2,0.9,3431
Good,G,VS2,0.51,1343
Premium,F,SI2,1.08,3931
Ideal,H,VVS2,0.33,666
Ideal,J,SI1,1.24,5125
Very Good,H,SI1,0.31,435
Very Good,G,VVS2,0.41,889
Very Good,E,SI2,1.02,4398
Ideal,G,VS1,1.22,9339
Premium,E,VS2,0.4,912
Ideal,J,VS2,0.3,491
Fair,H,VS2,1.0,4861
Very Good,I,VS1,0.86,2905
Very Good,E,VVS1,0.33,848
Ideal,G,VS1,1.09,7992
Good,H,VS2,0.34,537
Good,G,VS2,1.02,5943
Very Good,G,SI2,1.2,5116
Very Good,F,SI2,1.01,4384
Premium,E,VS1,0.73,3311
Ideal,F,SI1,1.53,11229
Very Good,G,SI1,0.31,462
Ideal,G,SI1,0.3,432
Very Good,D,SI1,0.3,552
Very Good,H,VS1,0.9,4136
Ideal,F,SI2,1.35,5761
Premium,E,SI1,0.33,743
Ideal,H,VVS2,0.7,2536
Ideal,D,SI1,0.71,2812
Premium,I,VVS2,0.33,579
Ideal,E,VVS2,0.44,1334
Very Good,H,VS2,0.34,689
Ideal,D,VS2,0.3,670
Good,H,IF,1.05,6703
Premium,I,VS1,1.0,3763
Premium,G,VS2,0.37,649
Good,E,SI1,0.33,579
Very Good,F,SI2,1.08,4167
Ideal,D,SI2,0.71,2633
Very Good,G,SI1,0.5,1187
Premium,F,VS2,0.35,906
Premium,E,VS2,1.2,9139
Premium,F,VS1,0.4,1050
Ideal,F,VVS2,0.54,2218
Ideal,F,VVS1,1.21,12230
Good,E,VS1,0.73,3466
Ideal,G,SI2,1.5,8736
Very Good,G,VS2,0.65,2009
Ideal,J,SI1,0.9,3445
Very Good,G,SI2,0.7,1814
Ideal,G,SI1,0.57,1441
Very Good,E,SI2,0.43,765
Fair,F,SI2,0.47,719
Very Good,F,SI1,1.56,11794
Ideal,E,SI2,0.38,812
Very Good,E,SI1,0.74,2839
Premium,F,VVS2,0.3,945
Ideal,H,SI2,1.11,4662
Premium,G,SI2,2.08,12883
Ideal,D,VS2,0.31,734
Very Good,G,VVS2,0.39,956
Ideal,D,SI1,0.3,508
Ideal,F,VS1,1.01,7056
Good,J,VS2,0.53,1023
Ideal,G,VS2,0.54,1637
Premium,H,VS1,1.51,11263
Premium,G,VS1,0.37,746
Ideal,G,SI2,2.05,16446
Ideal,E,VS2,0.52,1576
Premium,F,SI2,0.7,1806
Ideal,G,IF,0.32,918
Ideal,G,VS2,1.51,10553
Very Good,D,SI1,0.45,927
Ideal,J,VS2,0.31,400
Premium,I,SI1,2.01,17474
Ideal,E,SI1,1.02,5553
Ideal,I,VVS2,0.42,862
Very Good,F,SI1,0.9,3893
Very Good,D,VVS1,1.11,12200
Ideal,F,VS2,0.34,880
Premium,G,SI1,0.41,923
Good,F,SI1,0.9,3696
Premium,H,VS1,1.06,5549
Ideal,E,SI1,1.06,6114
Ideal,H,VVS1,0.52,1872
Ideal,J,VS1,1.71,10778
Ideal,D,VVS2,1.21,12375
Premium,F,VVS2,0.41,1192
Premium,E,VS2,0.34,745
Premium,H,SI2,2.09,10182
Good,H,SI1,1.09,5010
Good,E,SI1,0.92,4183
Very Good,E,VS2,0.91,4823
Very Good,D,SI1,0.53,1631
Very Good,E,I1,1.19,3508
Very Good,H,VVS1,0.51,1744
Very Good,D,VVS1,0.41,1349
Premium,G,SI1,0.49,1072
Ideal,G,VS2,0.32,720
Very Good,G,VVS1,0.31,816
Ideal,F,VS2,0.56,1950
Ideal,F,SI2,0.53,1220
Premium,D,VS2,0.3,710
Premium,F,SI2,0.7,2373
Ideal,F,VVS2,0.42,1221
Premium,F,SI2,1.0,4200
Premium,D,SI2,0.34,650
Ideal,F,VS1,0.83,4592
Premium,E,VVS1,0.35,1116
Good,F,VVS2,0.51,1942
Premium,H,VS1,0.92,4155
Ideal,G,SI2,0.44,694
Ideal,F,VVS2,0.33,824
Ideal,H,VVS1,0.36,794
Ideal,I,SI2,1.05,4163
Ideal,F,VS1,0.83,4030
Fair,I,I1,1.0,2035
Good,D,VS2,0.7,2960
Ideal,I,VS1,0.7,2355
Good,J,SI2,1.71,7508
Very Good,F,SI2,1.01,3945
Premium,G,SI2,1.12,4158
Ideal,D,VS2,0.32,972
Very Good,D,SI2,0.41,619
Premium,E,SI1,0.34,765
Ideal,J,VS2,0.75,2001
Very Good,E,VVS2,0.28,596
Very Good,E,VS2,0.51,1612
Ideal,E,VS2,0.5,1746
Very Good,E,SI1,1.0,5571
Ideal,F,VS2,1.07,8640
Ideal,F,SI1,0.3,475
Very Good,E,SI1,0.31,698
Premium,E,VS2,0.78,2970
Ideal,F,SI1,0.5,1374
Very Good,H,VS2,0.96,4136
Ideal,G,VS2,0.3,984
Premium,F,VS1,0.82,3513
Very Good,F,VVS2,0.72,3420
Ideal,H,SI2,2.14,12400
Premium,H,SI2,1.0,3864
Ideal,D,SI1,0.31,732
Ideal,E,SI1,0.54,1571
Premium,D,VS2,1.0,7392
Ideal,H,VS2,1.52,11206
Ideal,F,VS2,0.33,666
Premium,I,VVS1,0.52,1619
Ideal,G,SI1,0.7,2744
Very Good,F,VS1,0.24,393
Very Good,E,SI1,0.32,584
Very Good,E,VVS1,0.24,485
Premium,G,VVS2,0.3,878
Ideal,F,VS1,0.24,419
Very Good,D,SI1,0.38,733
Very Good,E,VVS2,0.23,680
Premium,H,SI2,1.13,4873
Ideal,E,VS2,1.06,7275
Ideal,H,VVS2,0.32,828
Premium,F,VS1,1.21,8196
Very Good,E,VVS1,0.23,530
Ideal,G,VS2,1.04,6286
Very Good,J,SI1,0.7,1619
Ideal,E,SI1,0.36,631
Good,H,SI1,1.01,4116
Ideal,E,SI1,0.35,614
Ideal,H,VS1,0.7,2492
Ideal,D,SI2,1.25,6779
Premium,F,VS2,0.52,1605
Very Good,E,SI1,0.41,725
Premium,E,IF,0.31,1060
Good,E,SI1,0.4,687
Ideal,D,VS2,0.43,1129
Very Good,H,VS2,1.01,5260
Ideal,F,VVS2,0.53,2275
Ideal,E,SI1,0.56,1580
Very Good,E,VS2,1.01,6399
Ideal,E,VS2,0.33,723
Premium,I,SI2,1.13,4271
Very Good,H,SI1,0.72,2198
Good,G,VS1,0.31,625
Very Good,D,VS2,1.44,10967
Premium,E,VVS2,0.39,1129
Very Good,E,VVS2,0.27,567
Premium,F,VVS2,1.01,8470
Ideal,E,VVS2,0.33,741
Ideal,I,VVS1,0.41,1107
Good,E,VVS1,0.51,2020
Ideal,I,VS1,0.32,529
Ideal,D,VS2,0.42,938
Premium,J,SI1,2.03,12979
Very Good,I,VS2,1.5,8662
Very Good,E,SI2,0.72,2655
Ideal,I,IF,0.4,982
Ideal,F,SI2,0.4,619
Very Good,E,VS1,0.75,3314
Ideal,H,SI1,0.36,538
Ideal,G,VS1,0.74,2960
Premium,G,VS2,1.0,6048
Very Good,G,SI1,0.5,1214
Ideal,F,IF,0.8,6674
Ideal,G,VVS2,0.53,1881
Premium,I,SI2,1.2,5141
Premium,G,SI2,2.29,13711
Ideal,F,VVS2,0.26,769
Ideal,E,VS2,0.54,1567
Very Good,F,VS2,0.9,4617
Premium,G,VS2,0.49,1225
Ideal,F,VVS2,1.01,9040
Premium,E,SI1,0.71,2853
Very Good,F,SI2,0.32,540
Very Good,G,VVS2,1.26,10020
Good,F,SI1,0.51,1312
Ideal,I,SI1,1.2,5510
Premium,I,VS2,0.53,1209
Premium,G,VVS2,0.67,2658
Premium,F,SI2,1.02,4284
Ideal,H,SI1,0.72,2361
Premium,H,VVS2,0.76,2792
Premium,E,VS2,0.35,984
Premium,E,VS2,0.34,956
Very Good,G,VS1,0.3,605
Good,F,SI1,0.41,676
Ideal,E,SI2,1.03,4845
Very Good,E,SI2,2.01,17024
Very Good,F,VS1,0.26,453
Ideal,D,SI1,0.97,5028
Very Good,H,SI1,1.02,5131
Premium,G,VVS2,0.75,3486
Ideal,G,SI1,0.5,1240
Ideal,E,SI1,0.33,702
Ideal,G,VVS1,0.32,796
Ideal,D,SI1,1.06,6055
Premium,E,VS2,1.54,15323
Ideal,G,VS1,0.51,1599
Premium,H,SI1,0.3,554
Ideal,E,SI1,0.71,3376
Premium,E,SI1,0.3,675
Premium,F,SI2,0.91,3346
Good,E,VVS2,0.23,472
Very Good,H,SI1,0.77,2830
Ideal,F,SI2,0.72,2241
Ideal,D,VVS1,0.34,1211
Premium,I,VS1,0.33,521
Premium,E,VS2,0.9,4385
Very Good,G,SI2,2.02,12094
Premium,D,SI1,1.01,5147
Ideal,G,VS1,0.51,1852
Ideal,F,VS2,0.7,3011
Ideal,G,VVS1,0.74,3537
Very Good,G,SI1,0.42,737
Ideal,E,VVS1,0.4,1397
Very Good,F,SI1,0.54,1404
Very Good,G,VVS1,0.25,525
Very Good,E,VS1,0.27,470
Ideal,F,SI1,0.3,550
Premium,E,SI2,0.74,2617
Ideal,G,VVS2,0.51,1842
Premium,D,VS1,0.7,3229
Ideal,E,VS1,0.4,947
Very Good,E,SI2,0.51,1265
Ideal,E,SI1,0.53,1415
Very Good,G,VS2,0.77,2896
Good,G,VS1,0.66,2275
Good,J,VS2,1.51,6936
Very Good,F,VS2,0.32,828
Premium,G,VVS1,0.4,1123
Ideal,E,VVS1,0.4,1778
Premium,J,VS2,1.53,7554
Good,F,SI1,1.02,5301
Premium,E,SI1,1.24,6875
Premium,J,SI1,1.4,4939
Very Good,F,SI1,0.71,2404
Ideal,G,IF,0.32,918
Premium,I,VS1,1.32,4719
Ideal,G,VVS1,0.56,1993
Very Good,F,VS1,0.51,1627
Ideal,G,VVS1,1.27,10805
Ideal,G,VS2,0.32,561
Ideal,D,VS2,0.42,1031
Premium,G,VVS2,1.01,7964
Premium,G,SI2,0.95,2937
Premium,F,VS2,0.33,854
Ideal,F,VS1,0.54,1799
Premium,D,SI1,0.42,1040
Ideal,G,VS1,0.32,602
Ideal,E,VS2,0.5,1655
Premium,E,VVS1,0.71,3831
Ideal,E,VVS2,0.38,1176
Good,D,VS2,0.4,786
Ideal,G,VVS2,0.29,600
Good,G,SI2,0.41,784
Very Good,G,SI2,1.01,4435
Premium,F,SI1,0.7,2423
Fair,H,VS2,0.9,3226
Fair,F,VS1,1.0,6115
Very Good,D,SI1,1.43,9450
Very Good,E,SI1,0.71,2573
Ideal,H,VVS2,0.34,667
Very Good,H,VS2,1.52,11681
Ideal,D,VS2,0.51,1740
Ideal,I,VS2,0.53,1236
Premium,H,VS1,1.2,4838
Ideal,H,IF,0.47,1865
Good,E,SI1,0.5,1415
Premium,F,VS2,0.62,2009
Ideal,F,VS2,0.51,1595
Ideal,E,VVS1,0.42,1327
Very Good,G,SI1,1.0,4218
Ideal,F,VS1,0.77,3357
Premium,H,SI1,0.41,876
Ideal,D,SI2,0.71,2762
Ideal,H,VS1,0.54,1637
Good,G,SI1,0.4,655
Good,E,SI2,1.51,7314
Ideal,E,VS2,0.88,5595
Premium,E,VS1,0.36,1094
Ideal,H,VS2,1.22,4914
Premium,D,SI2,1.08,5138
Premium,J,VS2,1.79,10581
Ideal,F,I1,0.94,2571
Ideal,H,VS1,0.31,544
Premium,D,SI2,1.02,4907
Premium,H,SI2,1.2,5174
Ideal,G,VS2,1.51,13355
Premium,F,VVS2,1.02,8445
Good,I,SI1,0.71,1651
Premium,F,VS2,1.0,6328
Very Good,H,SI2,0.9,3208
Ideal,I,SI1,2.02,16560
Premium,E,VVS1,0.28,828
Ideal,D,SI1,1.2,7508
Very Good,G,IF,0.51,2084
Very Good,G,IF,0.43,1286
Good,F,VS1,1.01,5606
Premium,G,I1,1.22,2699
Premium,D,VS1,1.21,10083
Fair,H,SI1,0.71,2049
Very Good,E,SI2,1.12,3794
Ideal,F,VVS1,0.43,1358
Premium,H,SI2,2.24,10913
Very Good,H,SI1,1.43,8654
Premium,E,SI1,1.11,5908
Premium,H,VS2,0.74,2532
Ideal,E,SI1,0.51,1355
Premium,I,SI1,1.23,5717
Good,E,VS2,0.7,2559
Ideal,G,SI2,1.01,4299
Premium,I,IF,0.72,2795
Premium,E,VS1,0.78,3444
Very Good,F,VVS2,0.4,972
Good,F,SI1,0.59,1318
Premium,I,SI2,1.11,4196
Very Good,I,VS1,1.13,5220
Premium,D,VS2,0.3,911
Ideal,E,VS2,0.51,1781
Premium,F,SI2,1.01,4416
Ideal,G,IF,0.51,2162
Very Good,E,VS2,1.01,7290
Very Good,G,VS1,0.39,855
Premium,G,VVS2,0.32,730
Premium,G,SI2,0.56,1208
Premium,F,SI1,1.02,5398
Very Good,D,SI1,0.31,571
Ideal,D,SI2,1.55,10275
Premium,D,SI1,0.5,1610
Good,E,SI1,0.71,2606
Ideal,I,VS1,0.79,2800
Ideal,G,IF,0.55,2440
Premium,F,VS2,0.36,932
Ideal,H,IF,0.35,984
Ideal,G,VS1,1.03,7391
Ideal,E,SI1,0.36,810
Ideal,D,VS2,1.05,7965
Premium,E,SI1,1.64,14236
Premium,E,SI1,0.75,2814
Premium,G,VS1,1.2,8602
Ideal,D,VS1,0.72,4047
Ideal,I,VS1,1.3,6806
Premium,G,I1,1.01,3348
Ideal,H,SI1,1.23,6750
Very Good,D,VS2,0.24,419
Ideal,E,VS2,0.73,3470
Ideal,F,SI1,0.55,1415
Premium,G,VS1,0.54,1684
Very Good,D,VVS2,0.27,622
Premium,F,SI1,1.1,5717
Ideal,D,SI2,0.3,447
Ideal,D,SI1,0.32,756
Premium,G,VS2,0.53,1607
Premium,F,SI2,2.4,16797
Very Good,F,SI1,2.0,18759
Very Good,H,SI2,2.24,16077
Good,J,SI1,0.71,1755
Very Good,D,VVS2,0.33,933
Ideal,J,IF,0.52,1385
Very Good,F,IF,0.4,1261
Premium,E,VS2,1.5,14386
Ideal,F,SI2,1.23,5894
Very Good,D,VS2,0.32,657
Ideal,J,SI1,2.02,12884
Ideal,F,VVS1,0.69,3784
Premium,G,SI1,0.42,882
Premium,G,SI1,1.08,5044
Ideal,G,VVS2,0.51,1916
Premium,E,VS1,0.9,5438
Good,G,VS2,0.64,1906
Ideal,F,VVS1,0.7,3683
Premium,J,VS2,1.11,4315
Ideal,J,SI1,1.07,4235
Good,E,VS2,0.53,1607
Premium,D,SI1,0.31,571
Very Good,I,VS2,0.39,696
Premium,E,VVS1,0.33,1052
Ideal,F,VS1,0.74,3170
Very Good,D,SI1,0.6,1896
Ideal,G,VVS2,0.73,2843
Ideal,F,VS1,0.53,1630
Very Good,H,SI1,1.34,7636
Ideal,H,VS2,1.6,7983
Ideal,D,VS2,0.75,3679
Premium,E,VVS2,0.47,1833
Premium,H,VS2,0.9,4082
Premium,E,SI1,1.01,5646
Premium,D,SI1,0.74,3036
Ideal,H,SI2,1.02,3713
Ideal,F,SI1,0.83,3290
Very Good,G,SI2,1.21,5308
Ideal,D,SI1,1.09,6259
Premium,H,VS2,1.57,11415
Ideal,E,VVS2,0.39,1100
Ideal,G,VS1,0.53,1813
Ideal,G,VS1,1.03,7391
Premium,H,VS1,1.19,7864
Premium,H,VS1,1.03,5883
Premium,H,VVS1,0.25,450
Ideal,G,VVS2,0.5,1741
Good,F,SI1,0.51,1308
Good,I,SI2,2.41,17923
Ideal,E,SI2,1.06,5223
Ideal,D,VS2,0.52,1774
Ideal,D,VS2,0.33,781
Ideal,F,VS1,0.51,1744
Premium,H,VS1,0.36,810
Premium,I,VS1,2.0,18795
Ideal,E,VVS2,0.27,799
Very Good,G,SI2,0.91,3387
Premium,E,SI2,0.49,949
Ideal,E,VS1,0.33,850
Very Good,I,SI2,2.03,13063
Premium,D,SI2,1.03,4764
Premium,G,VS2,1.7,15941
Very Good,J,VS2,0.41,784
Ideal,E,VS2,0.3,844
Ideal,E,VVS2,0.42,1216
Good,E,VS2,0.58,1758
Ideal,G,VS2,0.3,675
Ideal,H,IF,0.35,868
Ideal,J,SI2,1.2,4744
Ideal,E,SI1,1.0,5458
Very Good,E,VVS2,0.55,2312
Very Good,E,SI1,0.43,921
Good,E,VS1,0.35,851
Ideal,H,SI2,0.4,540
Ideal,G,VVS2,0.41,960
Ideal,D,SI1,1.3,9275
Premium,H,SI2,1.41,7106
Ideal,G,VVS2,0.31,707
Premium,G,VS1,1.01,6335
Ideal,F,VS2,0.4,842
Premium,G,SI1,0.7,2375
Ideal,G,SI2,0.71,2023
Premium,H,SI2,1.04,3832
Very Good,E,VS1,1.5,15957
Premium,F,SI2,0.43,813
Ideal,F,VVS2,0.6,3196
Premium,H,VS1,1.22,7283
Ideal,G,SI2,0.41,659
Premium,G,SI2,1.7,11043
Ideal,H,SI2,1.16,5509
Premium,F,VS2,0.52,1600
Very Good,D,VS1,0.5,2068
Very Good,E,SI2,0.95,3590
Very Good,E,VS2,1.0,7607
Premium,F,SI2,1.0,3858
Good,D,SI2,1.11,5015
Premium,F,VS1,1.09,8057
Ideal,I,VS1,0.32,505
Premium,E,VS2,1.59,15111
Fair,J,VS2,1.0,3422
Premium,D,VS2,0.76,3581
Ideal,E,VS2,0.58,1884
Good,G,VS1,1.0,5906
Ideal,H,SI1,1.11,5315
Very Good,H,VS2,0.39,661
Very Good,F,SI2,0.9,3519
Very Good,E,SI1,1.51,11460
Premium,I,VS1,0.37,584
Very Good,F,SI1,0.99,5112
Very Good,E,VS2,0.5,1624
Premium,H,VVS2,1.0,5914
Very Good,F,VS2,0.31,625
Ideal,E,SI2,1.05,4714
Ideal,D,VS2,0.27,470
Good,F,VVS1,0.27,498
Premium,E,VS2,1.02,6580
Ideal,E,VVS2,0.72,3874
Premium,E,SI1,0.3,526
Very Good,F,SI1,0.36,600
Very Good,G,SI2,0.7,1715
Premium,D,SI1,0.31,537
Very Good,H,SI1,0.3,540
Premium,H,VS1,1.71,11161
Ideal,I,VS1,1.7,12099
Good,G,VS1,1.51,13515
Very Good,D,VS1,0.47,1422
Good,F,SI2,1.16,4131
Ideal,H,SI1,1.2,5510
Good,E,SI1,0.41,969
Good,I,SI2,1.54,7304
Ideal,E,SI1,0.72,2835
Very Good,G,SI1,0.5,1202
Very Good,E,SI2,0.43,858
Good,H,SI2,1.0,4125
Premium,F,SI2,0.45,936
Ideal,D,SI2,1.01,5006
Premium,F,SI1,1.04,5284
Ideal,G,SI2,0.31,436
Ideal,F,IF,1.06,11195
Ideal,E,SI1,0.76,3401
Very Good,G,VS2,1.01,5759
Very Good,D,VS2,1.13,8561
Very Good,I,SI1,1.26,6318
Ideal,F,VS1,1.05,7373
Premium,F,SI1,0.52,1338
Ideal,J,SI2,0.72,1926
Premium,I,SI2,1.24,5000
Ideal,G,SI1,1.1,5545
Premium,G,SI1,1.5,9265
Ideal,E,VS1,0.33,768
Very Good,E,VVS2,0.24,552
Premium,F,SI2,1.01,3897
Very Good,E,SI1,0.94,4661
Premium,F,VS2,1.0,6468
Very Good,I,SI1,0.3,506
Ideal,D,VVS2,0.4,1323
Premium,I,VS2,1.22,6045
Premium,F,VVS2,0.7,3018
Good,I,VS1,2.0,15851
Very Good,F,VS2,0.31,625
Ideal,G,VS1,0.3,776
Premium,F,VVS2,1.0,8448
Ideal,G,VS2,0.42,1048
Ideal,H,VS1,0.7,3185
Premium,G,SI1,0.52,1280
Very Good,D,SI1,0.41,947
Ideal,E,VVS2,0.56,2404
Ideal,H,SI2,1.04,4368
Ideal,F,VVS2,0.5,2025
Ideal,E,VVS1,0.41,1442
Premium,G,VS1,0.53,1813
Premium,H,SI2,1.58,8887
Ideal,F,SI2,0.7,2355
Ideal,H,SI1,0.25,357
Good,F,SI1,1.0,4586
Ideal,D,SI1,1.23,6557
Premium,H,VS1,0.71,2572
Very Good,D,SI1,0.4,720
Ideal,H,VS1,1.7,14266
Ideal,D,SI1,0.31,732
Premium,I,VS2,0.96,3876
Ideal,E,VVS1,0.26,769
Very Good,I,VVS2,0.41,811
Ideal,G,VVS1,0.54,2041
Very Good,J,SI2,0.91,3169
Good,F,VVS2,0.28,596
Ideal,I,SI1,0.32,432
Premium,F,VVS2,0.33,901
Fair,G,SI2,1.01,3173
Ideal,G,VVS1,0.4,1374
Premium,I,VS1,0.32,648
Premium,G,VS2,1.0,5806
Ideal,G,SI1,0.73,3089
Premium,I,VVS1,0.3,709
Premium,H,VS2,0.32,505
Very Good,D,SI2,1.13,5408
Premium,E,VVS2,1.05,9858
Premium,J,SI1,2.57,18485
Very Good,G,VS1,0.43,943
Very Good,E,VS2,0.7,2553
Premium,J,VS2,1.25,5299
Ideal,I,SI1,1.04,4836
Premium,E,VS2,0.42,1024
Ideal,J,VS1,1.14,5392
Ideal,F,VVS2,0.3,694
Premium,F,VS2,0.4,842
Premium,F,SI1,0.81,3097
Very Good,G,VS2,0.7,2331
Ideal,E,SI1,0.51,1343
Premium,D,SI2,1.52,9789
Ideal,D,SI2,0.58,1436
Ideal,E,IF,1.11,15464
Ideal,H,SI1,0.51,1222
Very Good,H,VS2,0.71,2368
Ideal,E,VVS2,1.07,9863
Very Good,E,SI1,0.27,407
Good,F,SI1,0.53,1363
Ideal,E,VS2,0.44,1073
Very Good,G,VVS2,0.71,3113
Premium,G,SI2,1.71,11351
Ideal,G,VS2,1.16,7128
Very Good,H,VS1,0.32,561
Ideal,E,VS2,0.52,1694
Good,G,VS1,0.71,2628
Ideal,E,SI2,0.91,3968
Ideal,E,VS1,0.5,1675
Very Good,D,IF,1.02,17100
Ideal,G,VVS1,0.32,842
Ideal,G,IF,0.42,1400
Good,D,VS2,1.0,7026
Ideal,G,VS1,0.7,2987
Premium,F,SI2,1.0,4155
Very Good,F,VS1,0.31,675
Very Good,E,SI1,0.93,4531
Very Good,G,SI1,2.0,18186
Premium,I,SI2,1.71,9760
Ideal,G,VVS2,0.34,995
Premium,H,SI1,1.72,12696
Ideal,F,VVS1,0.42,1326
Very Good,H,SI2,1.0,4172
Very Good,F,SI1,1.03,5241
Ideal,I,VVS2,1.23,7299
Very Good,E,SI1,0.83,3365
Very Good,E,VVS2,0.32,744
Very Good,G,VS2,0.51,1438
Ideal,G,VVS2,1.16,9419
Ideal,F,VS2,0.71,2917
Very Good,E,VVS2,0.72,3374
Premium,G,VS2,0.31,698
Ideal,H,VS2,0.72,2376
Premium,E,VS2,0.7,2822
Ideal,H,VS1,0.32,561
Very Good,F,VVS1,0.35,909
Good,D,VVS2,0.5,2065
Very Good,J,VS2,1.52,7467
Very Good,G,VS1,0.31,625
Premium,G,VVS2,0.3,878
Very Good,G,VVS1,0.31,749
Ideal,F,VS1,1.23,8679
Very Good,H,SI2,1.27,5715
Very Good,I,VS2,1.09,5072
Premium,F,VS2,0.32,773
Ideal,G,SI1,0.92,4173
Premium,G,VVS1,0.42,1235
Ideal,F,SI1,0.31,490
Ideal,D,SI2,0.71,2633
Good,E,SI2,2.0,17760
Very Good,F,SI1,0.6,1554
Premium,H,VS1,1.23,7577
Ideal,H,VVS1,0.25,525
Premium,G,SI1,0.54,1241
Ideal,E,SI1,1.21,8863
Ideal,F,VVS1,0.52,2333
Ideal,E,SI1,0.3,675
Ideal,H,VS1,0.31,544
Ideal,F,VS2,0.6,1875
Ideal,H,VS2,0.7,3656
Very Good,G,VS2,0.9,4296
Very Good,F,VVS2,1.0,8555
Ideal,H,VS2,1.23,6406
Ideal,F,VVS2,0.58,2567
Ideal,F,SI2,1.22,6401
Ideal,G,SI1,0.41,688
Ideal,H,VS2,0.3,491
Premium,J,SI1,1.72,6857
Good,E,SI1,0.41,760
Fair,H,VVS2,0.45,1227
Premium,E,SI2,1.2,5268
Ideal,F,SI2,0.71,2161
Very Good,G,VS2,0.9,4081
Premium,J,SI2,2.42,16198
Good,G,SI2,0.92,2677
Premium,D,VS2,0.71,2968
Ideal,F,IF,0.36,1210
Very Good,G,VS1,0.73,2825
Ideal,D,SI2,0.32,612
Premium,G,VS2,1.73,16960
Ideal,G,VVS2,0.53,1881
Ideal,J,VS2,1.35,5969
Premium,E,SI1,0.51,1546
Very Good,D,SI1,0.32,589
Ideal,G,SI1,1.58,11927
Ideal,E,SI1,0.3,499
Premium,I,SI1,1.16,5002
Premium,I,SI2,1.0,2795
Ideal,D,SI2,0.89,4192
Very Good,D,SI1,1.16,5695
Ideal,D,VS2,0.33,781
Very Good,H,VS2,0.72,2550
Premium,F,SI1,1.01,5249
Premium,E,VS1,1.51,16277
Ideal,G,VS2,1.13,7159
Ideal,G,SI2,1.01,4327
Premium,G,VS1,1.51,12948
Premium,E,VS2,0.31,872
Ideal,E,SI1,0.7,2614
Ideal,D,SI1,0.51,1431
Good,D,SI2,1.51,7384
Ideal,F,VVS2,0.5,2052
Very Good,F,VS2,0.31,802
Premium,G,VVS2,0.72,2703
Premium,G,VVS1,0.56,2167
Fair,E,SI1,0.7,2000
Good,D,VS1,1.01,7303
Premium,F,IF,0.31,977
Ideal,F,VS2,0.3,776
Ideal,E,VS2,0.57,1851
Very Good,F,SI1,2.02,17530
Premium,G,VS1,1.23,8919
Premium,D,SI2,1.1,5088
Ideal,F,VS1,0.7,3359
Premium,D,SI2,0.36,689
Good,G,SI2,2.01,11096
Ideal,G,IF,0.52,2055
Good,J,SI1,0.9,2832
Premium,G,I1,1.13,3746
Premium,H,SI1,2.04,18115
Very Good,F,IF,1.5,18552
Ideal,F,VVS2,0.5,1960
Premium,D,SI1,0.54,1595
Fair,G,SI1,1.21,4637
Ideal,E,VS2,0.32,900
Ideal,F,VVS2,0.58,2401
Ideal,E,SI2,0.82,2937
Very Good,G,VS1,1.01,6239
Ideal,D,VVS2,0.32,1066
Ideal,F,VS1,0.71,3404
Good,E,VS2,0.51,1662
Very Good,G,SI1,0.72,2482
Premium,I,VS2,0.71,2127
Ideal,E,VS1,0.31,734
Premium,H,SI1,0.43,919
Good,I,VS1,1.5,9828
Premium,G,VS2,0.37,649
Ideal,E,SI1,0.82,3577
Very Good,E,VS2,0.9,4919
Ideal,E,SI2,0.7,2332
Ideal,F,VVS2,1.03,9245
Very Good,D,VS2,0.7,3053
Very Good,G,VS1,0.7,2475
Very Good,G,VS1,1.24,8298
Very Good,I,VS1,1.51,9343
Ideal,F,VS1,1.1,9669
Very Good,H,VS1,0.51,1628
Very Good,F,VVS2,0.51,2041
Premium,I,SI2,1.19,4745
Premium,H,SI1,0.38,812
Very Good,F,SI2,0.94,3518
Very Good,H,VS2,0.41,915
Premium,D,SI2,0.3,574
Very Good,E,SI1,0.7,2386
Very Good,H,SI2,0.7,1890
Very Good,G,SI1,0.7,2209
Very Good,F,VS2,0.67,2309
Ideal,H,VVS2,0.5,1608
Ideal,G,VS2,1.72,17125
Premium,E,SI1,0.32,561
Ideal,I,SI2,0.6,1182
Ideal,E,VS2,1.57,17548
Premium,D,SI1,0.42,942
Very Good,D,SI2,1.78,10730
Very Good,I,VS2,2.01,16626
Very Good,E,VVS2,0.24,485
Very Good,I,VS1,1.18,5451
Very Good,H,SI1,0.71,2076
Ideal,F,VVS2,1.09,9845
Premium,F,VS2,0.57,1760
Ideal,E,SI1,0.5,1331
Very Good,F,VS1,0.3,570
Very Good,F,SI1,0.31,555
Very Good,E,I1,1.0,3080
Ideal,G,SI1,1.0,5096
Good,H,VS1,0.31,651
Ideal,I,VVS2,0.39,750
Very Good,G,VS2,0.9,4276
Good,J,SI1,1.01,3399
Ideal,G,VS1,1.09,7820
Premium,D,SI1,0.33,608
Premium,D,VS2,0.39,1024
Ideal,D,VVS2,0.4,1263
Premium,E,VS1,0.4,1125
Ideal,G,VS2,1.09,7081
Ideal,G,VVS2,1.23,9698
Premium,I,SI1,0.72,1799
Ideal,H,VS1,0.92,4328
Good,G,VS2,1.01,5497
Ideal,G,SI1,0.72,2776
Ideal,F,VS1,0.29,555
Ideal,G,VS1,0.32,645
Ideal,G,VS2,0.55,1556
Very Good,I,SI2,1.31,5582
Fair,E,SI2,0.91,3119
Very Good,H,SI1,0.42,700
Premium,G,VS1,0.41,961
Fair,E,SI2,0.62,1435
Premium,F,VVS1,1.27,13320
Premium,I,I1,1.05,2339
Ideal,D,VS2,0.54,1892
Premium,E,SI2,1.52,9576
Ideal,E,SI2,1.02,4398
Premium,H,VS1,0.9,4234
Premium,G,VS2,0.55,1445
Premium,F,VS2,0.36,932
Premium,G,VVS1,0.7,2932
Ideal,H,SI1,1.07,5498
Ideal,J,SI1,0.55,982
Fair,F,VS2,0.45,923
Premium,D,VS2,0.38,1117
Ideal,G,VS2,1.74,16316
Ideal,E,VS2,0.23,548
Fair,H,SI1,0.93,3750
Ideal,H,VVS1,0.52,1893
Ideal,G,VS1,0.54,1957
Very Good,H,VS1,0.36,631
Fair,D,SI1,2.0,15540
Ideal,F,VS2,0.33,666
Ideal,D,VS2,0.38,954
Premium,G,VS1,1.42,11861
Very Good,E,VVS2,0.24,552
Ideal,G,VVS1,0.31,772
Fair,E,SI1,0.39,601
Ideal,E,VS2,0.37,811
Good,D,VVS2,0.5,3017
Ideal,F,VS2,0.3,776
Very Good,J,VS1,0.3,506
Ideal,I,SI1,1.57,11040
Ideal,H,VS1,0.63,2040
Ideal,J,SI1,1.2,4830
Premium,H,VS1,0.33,693
Ideal,H,SI2,0.81,2313
Ideal,I,VS2,0.7,2268
Ideal,F,VS1,1.61,17414
Good,G,VS1,0.69,2202
Premium,I,VS2,2.23,18149
Ideal,H,SI1,0.42,898
Very Good,E,SI1,0.32,561
Good,E,VVS2,0.5,2183
Ideal,H,VVS1,0.33,730
Very Good,E,VS2,0.3,575
Ideal,G,VVS1,0.44,1294
Ideal,H,VS2,0.31,507
Ideal,I,VS1,1.66,10691
Premium,F,VS1,0.4,1050
Very Good,H,SI1,2.01,17476
Good,H,VS2,0.74,2369
Very Good,F,SI1,0.8,3013
Very Good,G,VVS1,0.51,2005
Very Good,D,SI1,0.33,608
Ideal,H,VS2,1.05,5833
Good,E,VVS1,0.47,1690
Ideal,F,SI1,1.05,5586
Ideal,F,VS2,0.32,707
Premium,J,VS2,1.55,8055
Very Good,I,VS2,1.02,5013
Premium,E,SI2,0.5,1181
Premium,F,VS2,0.33,666
Ideal,H,SI1,1.21,7810
Premium,E,SI2,1.2,6397
Ideal,F,VS1,0.41,1007
Ideal,E,VVS2,0.38,1100
Ideal,H,VS2,0.31,628
Very Good,F,SI2,1.03,3692
Good,H,SI2,0.9,3627
Ideal,I,VS2,0.83,2201
Premium,E,SI2,2.0,18426
Very Good,E,VS2,1.01,6516
Good,D,SI1,1.5,7980
Premium,I,SI1,0.72,2262
Premium,H,VS2,2.03,17975
Very Good,F,VS2,1.25,9377
Premium,F,SI1,1.57,13288
Good,F,VS1,0.34,696
Premium,F,VS2,1.11,6863
Premium,F,VS1,1.3,10930
Premium,E,SI2,0.91,3644
Very Good,H,SI1,0.7,2107
Very Good,E,VS1,0.41,1079
Premium,G,SI1,1.71,13666
Good,H,SI1,0.31,446
Very Good,E,VVS1,0.26,597
Ideal,G,SI1,0.74,2309
Premium,F,I1,1.72,7532
Very Good,E,VS2,0.58,1656
Ideal,D,SI2,0.5,1250
Fair,F,VS2,1.01,4791
Very Good,D,VVS2,0.61,2763
Ideal,E,SI2,1.23,6403
Very Good,D,VS1,1.01,8101
Ideal,J,VS1,1.51,8092
Ideal,J,VS2,0.59,1352
Ideal,E,VS1,0.58,2241
Ideal,G,IF,0.31,924
Ideal,E,VVS1,0.51,2524
Ideal,F,VS1,0.38,879
Premium,E,VS1,1.03,7817
Very Good,G,VVS2,1.7,17073
Ideal,G,SI1,0.3,487
Very Good,E,VS1,0.71,3006
Very Good,G,SI1,1.15,5538
Ideal,F,VVS1,0.3,776
Premium,D,I1,1.14,3950
Ideal,G,VS2,1.12,7193
Very Good,I,SI1,1.21,5672
Ideal,F,VS2,0.3,605
Ideal,J,VS1,0.74,1985
Ideal,I,SI1,0.81,2323
Very Good,G,SI1,0.77,2635
Ideal,I,VS1,1.3,6931
Ideal,G,SI1,0.41,1110
Premium,I,VS1,1.18,5477
Premium,E,SI2,1.3,5751
Ideal,H,IF,0.53,1949
Ideal,F,VVS1,0.58,2772
Good,D,SI1,0.41,738
Ideal,G,VS1,1.63,15840
Very Good,E,SI2,0.54,1163
Very Good,G,SI1,0.41,671
Premium,E,VS1,0.4,1125
Premium,H,SI1,1.59,8829
Premium,D,VVS2,0.39,1290
Premium,E,SI1,0.3,675
Ideal,J,VS2,0.7,1971
Ideal,J,VS1,1.51,8170
Very Good,G,VVS2,1.51,13500
Ideal,F,SI2,0.93,3941
Premium,F,SI1,1.63,12394
Fair,G,SI2,2.03,14687
Very Good,G,VVS1,0.3,753
Very Good,J,VS1,0.32,421
Ideal,E,SI1,0.32,559
Premium,F,SI2,1.0,4333
Premium,F,SI2,1.54,7486
Very Good,J,VS2,1.5,7177
Ideal,E,SI2,0.31,435
Premium,G,VVS1,0.33,1114
Very Good,E,VS2,0.9,5887
Premium,F,VS2,0.8,3285
Ideal,E,VVS2,0.7,4205
Ideal,I,SI2,2.06,10728
Very Good,E,SI1,0.61,1983
Very Good,D,SI2,0.74,2740
Good,I,SI1,1.14,4702
Very Good,G,VVS2,1.73,18211
Premium,E,VS2,0.3,844
Fair,H,I1,2.03,6002
Ideal,H,VS2,0.39,670
Premium,D,SI1,0.51,1574
Ideal,H,VS1,1.07,5063
Ideal,F,SI1,0.42,931
Ideal,G,VS1,0.51,1656
Very Good,G,VS1,0.3,776
Ideal,I,VVS2,0.71,2308
Good,E,VS2,0.32,780
Good,H,SI2,1.01,3959
Very Good,F,SI1,1.02,4948
Premium,H,SI1,0.31,558
Ideal,E,VVS2,0.3,812
Very Good,E,VVS2,0.59,2494
Ideal,E,VS2,0.33,928
Premium,D,SI1,1.01,5780
Ideal,H,VS1,0.6,2250
Ideal,I,VS1,0.42,771
Ideal,E,VVS2,1.06,9712
Fair,I,VS2,0.88,2550
Very Good,D,SI2,0.31,593
Ideal,I,VS2,1.08,5172
Ideal,E,SI1,0.79,3053
Ideal,D,VVS1,1.23,16253
Ideal,I,SI1,2.02,15942
Very Good,H,VS2,1.21,6684
Premium,E,VS2,0.35,767
Premium,F,SI1,0.92,4037
Ideal,F,VVS2,0.4,1039
Premium,F,VS1,1.01,7792
Premium,F,VVS1,1.0,8736
Ideal,G,SI2,0.96,3945
Ideal,E,VS1,0.3,694
Ideal,E,VS2,0.71,2709
Very Good,G,VS1,0.73,2708
Fair,G,SI2,2.1,11923
Premium,F,VS2,1.01,7240
Very Good,D,SI2,0.76,2006
Premium,E,VS1,1.03,7677
Ideal,E,VS2,0.63,2205
Premium,F,VS2,1.52,13919
Ideal,D,SI1,0.59,1743
Ideal,F,VVS1,1.05,9784
Ideal,F,VVS2,0.5,1912
Good,I,VS1,1.23,5940
Ideal,E,VS1,0.55,2079
Premium,F,SI1,0.43,739
Ideal,D,VS2,0.53,1825
Premium,G,VS1,1.22,7850
Ideal,G,VVS2,0.54,1985
Premium,E,VS2,0.5,1420
Ideal,F,VS1,0.31,821
Good,F,SI2,0.9,3318
Very Good,E,VVS2,0.37,843
Premium,G,VVS1,0.32,1080
Very Good,E,SI2,0.37,541
Very Good,G,VVS2,0.27,504
Ideal,G,VVS2,0.5,1779
Ideal,I,SI2,1.13,4307
Fair,D,VS1,0.73,3047
Good,F,VS2,0.35,596
Ideal,I,SI1,0.42,690
Ideal,G,SI2,1.16,5206
Very Good,G,SI1,0.52,1161
Premium,H,VS2,1.29,6987
Ideal,G,SI1,0.53,1377
Ideal,G,SI2,2.03,17182
Very Good,I,SI2,1.11,3882
Very Good,G,VS1,0.41,899
Very Good,D,SI2,1.5,9959
Ideal,G,SI1,0.51,1312
Ideal,D,VVS2,0.3,814
Very Good,H,VS2,1.03,5266
Very Good,F,VS2,1.22,8575
Ideal,D,SI1,0.31,548
Good,F,VS1,0.67,2479
Very Good,E,SI1,0.42,728
Ideal,G,VVS1,0.42,1179
Ideal,F,VS2,0.27,583
Ideal,H,VS2,0.9,4173
Premium,I,VS1,2.06,15393
Very Good,H,SI1,0.41,683
Premium,E,SI1,1.01,4853
Premium,D,SI1,0.87,4189
Very Good,J,VS2,1.53,7418
Ideal,E,VVS2,0.72,4094
Very Good,E,VS2,0.3,658
Very Good,D,VVS2,0.24,552
Premium,D,VVS2,0.4,1323
Very Good,F,VVS2,0.25,576
Ideal,F,SI2,1.13,4778
Very Good,E,VS2,1.15,6929
Good,E,SI1,1.24,7563
Premium,H,VS2,1.25,7246
Very Good,D,VS1,0.27,470
Premium,H,SI2,1.04,4368
Very Good,I,VS2,0.7,1867
Very Good,D,SI2,0.52,1289
Premium,E,VS2,0.71,2630
Ideal,E,VVS1,0.34,1084
Good,D,SI2,0.72,2254
Ideal,G,SI2,0.71,2031
Premium,G,VS2,0.31,544
Ideal,F,VS2,0.3,776
Premium,F,VVS1,0.71,3604
Premium,G,SI2,1.01,4327
Ideal,F,VVS1,0.52,2188
Premium,H,VVS2,0.3,776
Ideal,D,VS2,0.31,942
Premium,D,SI1,0.91,4165
Ideal,G,VVS2,0.32,730
Premium,J,SI1,2.18,13938
Very Good,G,VVS2,0.24,449
Good,J,VS2,0.53,1023
Ideal,F,SI1,0.35,583
Very Good,G,SI2,0.73,1986
Ideal,E,SI1,1.03,4035
Premium,F,SI2,1.7,11228
Very Good,E,SI1,0.5,1238
Ideal,G,VVS2,1.05,9555
Premium,E,SI2,0.9,3084
Ideal,G,VS2,1.0,6377
Very Good,D,SI2,1.78,12981
Good,G,VS2,1.01,5418
Fair,D,SI1,0.9,4796
Ideal,G,VS1,1.63,15697
Very Good,E,SI1,1.01,5132
Good,G,VS1,0.53,1607
Premium,D,SI2,0.7,2596
Premium,E,VS1,0.41,1079
Ideal,D,SI1,0.32,756
Premium,G,IF,0.36,1148
Premium,G,SI1,0.31,593
Ideal,E,VS2,0.33,928
Very Good,F,SI2,1.5,8431
Ideal,H,SI1,0.42,760
Ideal,J,VS2,1.08,4093
Ideal,E,SI1,0.9,4034
Good,G,VS2,1.02,5922
Premium,D,SI1,0.3,709
Good,G,VS2,0.3,526
Very Good,F,IF,0.31,914
Premium,H,SI1,0.53,1242
Ideal,D,VS2,0.35,1063
Premium,F,VS1,1.29,10801
Ideal,H,SI1,0.48,927
Ideal,G,VS2,0.37,833
Ideal,G,IF,0.42,1289
Very Good,E,VS2,0.7,2757
Ideal,H,VS1,0.65,2106
Very Good,D,VS2,0.23,362
Ideal,G,VS2,0.33,743
Premium,F,SI1,0.75,2683
Ideal,F,IF,0.3,886
Ideal,D,VS1,0.57,2122
Very Good,G,VVS2,0.26,426
Good,E,VS1,0.74,3416
Ideal,E,VS2,1.0,6261
Ideal,G,IF,0.33,925
Very Good,I,VVS1,0.43,905
Very Good,D,VS1,0.92,5202
Ideal,E,VS1,1.03,8284
Ideal,D,SI1,0.79,3185
Good,F,VS2,0.55,1563
Premium,I,VS1,1.22,6121
Premium,I,SI2,2.3,11051
Very Good,F,VS2,0.37,696
Premium,G,VVS1,0.74,3145
Ideal,G,VVS2,0.31,687
Premium,F,VVS2,0.41,1192
Premium,J,VS2,1.71,8887
Premium,G,VS2,1.04,6290
Premium,I,SI1,0.32,554
Very Good,G,VVS2,0.3,638
Very Good,F,VS2,0.9,4715
Ideal,G,VVS1,0.33,1114
Ideal,G,VS2,1.05,6586
Good,G,SI2,1.2,5049
Ideal,G,VS1,1.22,9002
Very Good,F,VS2,1.2,8436
Very Good,E,IF,0.31,1209
Ideal,E,VVS2,0.41,1381
Ideal,G,VVS1,0.3,764
Ideal,F,SI2,0.4,597
Premium,I,SI2,2.24,16097
Premium,E,VS1,0.57,2753
Good,E,SI2,1.24,5809
Ideal,F,VS1,0.31,695
Premium,H,SI1,1.18,6159
Ideal,E,VVS2,0.59,2761
Ideal,G,IF,0.43,1433
Ideal,D,SI2,0.33,631
Premium,E,SI2,0.4,666
Ideal,G,VS1,1.24,8584
Ideal,G,VS1,0.55,1991
Ideal,H,VVS2,1.1,6616
Very Good,I,VS1,1.01,4858
Very Good,I,SI1,0.7,1973
Premium,G,SI2,0.93,3802
Ideal,D,VS2,0.61,2364
Ideal,E,VS2,0.61,2556
Very Good,E,VS2,1.26,9802
Premium,D,SI1,1.0,5488
Ideal,F,VS2,0.3,568
Very Good,G,SI1,0.37,551
Ideal,I,SI1,0.54,1057
Ideal,F,SI2,0.78,2365
Premium,G,SI2,1.9,13919
Ideal,E,IF,0.31,1051
Ideal,E,VS1,0.41,1076
Ideal,G,VS1,0.56,1837
Ideal,F,VS2,1.04,6814
Ideal,F,IF,0.33,1028
Ideal,I,VVS1,0.5,1747
Very Good,J,VS1,0.47,854
Premium,F,SI1,0.22,470
Ideal,E,SI1,0.51,1546
Good,J,SI1,1.12,3951
Very Good,E,SI1,0.41,725
Ideal,G,I1,1.54,6186
Ideal,H,VS2,0.3,486
Very Good,E,VS2,0.51,1662
Ideal,D,SI1,0.9,4304
Ideal,F,VS2,0.78,3531
Ideal,E,SI1,0.3,640
Very Good,E,IF,0.3,930
Very Good,E,SI1,0.31,544
Ideal,E,SI1,0.77,3218
Very Good,H,VS2,0.43,994
Very Good,H,SI1,1.09,5950
Very Good,E,SI1,0.7,2239
Ideal,G,VVS2,0.7,2993
Ideal,F,SI2,0.42,626
Ideal,E,SI1,0.4,707
Good,F,SI1,0.48,994
Ideal,G,VVS1,0.57,2217
Ideal,G,VS1,0.57,1942
Premium,D,VS1,1.4,13730
Premium,F,VS1,1.12,7903
Fair,I,VS1,0.77,2184
Ideal,H,SI2,1.55,9044
Very Good,G,VS2,0.76,2990
Ideal,G,VS1,0.39,1077
Premium,H,SI1,0.93,3816
Very Good,H,SI2,1.16,4785
Very Good,H,VS2,1.59,11333
Ideal,E,SI1,1.03,5476
Good,G,VS2,0.5,1316
Fair,D,SI1,0.42,675
Premium,I,SI1,1.22,5466
Premium,F,VS2,0.32,828
Ideal,G,VVS1,1.05,8546
Ideal,G,IF,0.24,559
Premium,G,VS2,1.01,5864
Premium,J,SI1,2.01,12369
Fair,E,SI2,0.5,1114
Ideal,F,SI2,1.22,4852
Premium,F,SI2,1.02,4459
Ideal,D,VS2,0.41,1076
Ideal,G,SI1,1.11,5061
Premium,G,VS2,1.19,7389
Ideal,J,VS2,0.75,2025
Ideal,I,SI1,0.7,2187
Very Good,G,VS1,0.34,686
Ideal,E,VS2,0.3,844
Ideal,I,I1,0.97,2239
Premium,H,VS2,0.37,749
Very Good,I,VS2,1.0,3265
Premium,E,VS1,0.35,718
Ideal,G,SI1,1.22,6559
Ideal,I,VS2,0.54,1259
Good,H,SI1,1.01,4432
Premium,E,VS2,0.51,1781
Ideal,G,VVS2,1.01,8029
Very Good,J,SI2,2.0,11792
Very Good,G,SI1,0.3,447
Good,G,SI1,1.01,4538
Ideal,G,SI1,0.9,4260
Very Good,D,VVS1,0.31,826
Very Good,G,VVS2,0.33,692
Ideal,F,VVS2,0.4,1196
Good,I,VS2,1.01,4121
Good,J,VS1,0.39,616
Ideal,G,VVS2,0.4,982
Very Good,J,SI1,1.51,7136
Ideal,G,VVS1,0.54,2080
Premium,D,SI1,1.02,5998
Very Good,G,VS1,0.53,1607
Premium,H,VS2,1.27,7503
Premium,F,VVS1,0.43,1422
Ideal,E,VS1,0.31,800
Premium,H,SI2,1.21,5218
Very Good,E,VVS1,1.01,10993
Good,G,SI1,0.9,3669
Ideal,E,VS2,0.32,900
Very Good,F,SI2,0.61,1437
Ideal,F,SI1,0.8,3137
Ideal,E,VVS1,0.33,984
Premium,I,VS2,1.57,9847
Ideal,G,IF,0.54,2177
Good,D,VS1,0.25,399
Premium,E,SI2,1.15,4688
Ideal,J,VVS2,1.25,6084
Fair,F,SI1,0.72,2691
Very Good,E,SI2,0.7,2307
Ideal,G,VS1,0.32,828
Good,F,SI2,0.9,4013
Very Good,F,VS1,0.26,453
Very Good,H,VS2,0.31,628
Ideal,I,SI1,1.01,4612
Premium,E,VS1,0.31,942
Very Good,G,VVS2,0.5,1939
Ideal,I,VS1,0.31,489
Ideal,E,VS1,0.4,960
Premium,F,VS2,0.73,2683
Good,G,SI1,1.0,4882
Ideal,I,SI1,1.1,4868
Premium,E,SI2,0.3,540
Premium,F,SI2,0.9,3704
Very Good,E,VS1,0.23,402
Very Good,G,VS2,1.2,8124
Good,F,SI1,0.51,1186
Good,I,VS2,1.51,9116
Ideal,E,VS1,0.41,1079
Ideal,G,SI2,1.91,12700
Good,I,IF,0.3,631
Premium,I,SI1,1.55,8866
Premium,J,VS1,0.7,1657
Ideal,F,VVS2,0.23,530
Ideal,I,VS1,2.0,17607
Very Good,I,VS1,0.3,473
Very Good,H,SI2,0.9,3250
Very Good,G,VVS2,1.02,7724
Premium,G,SI1,0.92,3751
Premium,I,SI2,1.01,3411
Ideal,D,VS1,0.51,1962
Ideal,E,SI2,0.58,1346
Premium,E,SI1,0.41,904
Ideal,H,SI1,0.3,450
Premium,H,SI2,1.48,6216
Very Good,G,SI2,1.07,4201
Ideal,F,SI2,0.6,1562
Very Good,F,SI2,0.32,421
Ideal,E,VS2,0.33,792
Ideal,H,VVS1,0.35,773
Very Good,D,VVS1,0.28,596
Ideal,I,VS2,0.31,452
Premium,H,VS2,1.55,11846
Premium,D,SI1,0.36,851
Ideal,H,SI1,1.05,5095
Premium,I,SI1,1.5,8736
Ideal,F,VS2,0.71,3123
Ideal,G,SI2,0.86,3442
Premium,G,VS2,0.88,3400
Ideal,G,VS1,0.52,1691
Very Good,H,SI1,1.59,10356
Ideal,I,VS2,0.7,2232
Ideal,E,VS2,0.57,1851
Ideal,E,VVS1,0.27,846
Ideal,E,VS2,0.72,3304
Very Good,F,SI2,0.9,3569
Ideal,E,VS1,0.58,2046
Premium,I,SI1,1.1,4620
Ideal,J,VVS1,0.31,461
Ideal,F,VS2,0.3,605
Very Good,G,VVS2,1.08,7862
Very Good,F,VVS1,0.46,1657
Fair,H,SI1,1.5,6838
Ideal,E,VS1,0.71,3081
Ideal,G,VVS1,0.73,3669
Very Good,G,SI1,0.5,1197
Ideal,E,VS2,0.3,658
Ideal,D,VVS2,1.02,11167
Very Good,E,VVS1,0.7,4114
Ideal,E,SI2,0.7,2475
Ideal,G,VVS1,0.31,755
Very Good,G,SI1,0.58,1393
Very Good,F,SI1,0.3,471
Premium,D,SI1,0.5,1654
Ideal,H,SI1,1.23,6439
Premium,F,VS1,1.26,10076
Premium,H,VS2,0.34,689
Premium,G,VS2,0.73,2746
Premium,E,VVS2,0.37,971
Ideal,D,SI1,0.36,663
Very Good,G,VS1,0.27,439
Ideal,G,VS2,1.52,13768
Ideal,I,VS1,0.32,523
Very Good,E,SI2,2.03,16412
Ideal,I,SI2,2.01,12349
Premium,H,VS2,1.55,11567
Premium,H,VS1,0.33,579
Premium,I,SI1,0.71,2173
Fair,I,VS2,1.51,8287
Premium,E,VS2,0.31,872
Premium,G,VS2,1.0,6048
Very Good,F,VS2,0.7,2762
Very Good,F,VS1,0.91,5302
Very Good,H,VS2,0.7,2138
Very Good,G,SI1,0.8,2723
Very Good,D,SI1,0.9,3880
Premium,E,SI1,1.24,5775
Ideal,G,SI2,1.02,4366
Ideal,D,SI1,0.51,1569
Ideal,G,VVS2,1.57,15144
Good,H,SI1,0.36,665
Premium,J,VS2,2.08,14933
Very Good,I,VS2,1.5,9342
Very Good,J,SI1,0.71,1932
Ideal,D,VS2,0.52,1822
Premium,G,VS1,0.56,1915
Very Good,G,VS1,1.22,9261
Premium,D,VS2,1.02,7101
Premium,G,VS1,1.46,12261
Premium,I,VVS2,1.24,6383
Ideal,H,VS1,0.58,1764
Premium,F,VVS2,1.11,9377
Very Good,I,SI2,1.18,4763
Good,I,SI2,1.0,3528
Ideal,E,VS1,0.38,940
Premium,G,SI2,1.38,6779
Ideal,G,SI2,1.2,5562
Ideal,G,VS2,1.09,7961
Good,D,SI1,1.11,6088
Ideal,D,SI2,0.61,1690
Very Good,E,VS1,0.51,1839
Premium,E,SI1,0.52,1577
Premium,F,VS2,0.31,802
Ideal,I,VS2,1.12,5392
Ideal,F,VS2,0.31,802
Ideal,H,VS2,0.4,919
Premium,G,VS1,1.12,7338
Ideal,G,VS1,1.2,8545
Ideal,J,SI1,1.0,3788
Very Good,F,IF,0.38,1284
Premium,F,SI2,1.17,4092
Very Good,H,VS2,1.02,5383
Very Good,F,SI2,0.8,2652
Premium,E,VS1,0.7,2695
Very Good,I,VS2,0.38,549
Premium,F,SI1,1.0,4704
Good,D,VS1,1.01,7955
Ideal,I,VS2,1.57,10462
Very Good,G,VS2,0.31,651
Premium,D,SI1,0.9,4304
Ideal,E,SI1,0.73,2644
Ideal,G,SI1,1.03,4928
Premium,F,SI2,0.9,3951
Premium,G,VS1,0.31,802
Fair,G,VS2,1.01,4887
Ideal,G,SI2,0.91,3844
Very Good,E,SI2,0.99,4780
Ideal,I,SI2,2.19,15509
Ideal,I,SI1,1.08,4476
Ideal,F,VVS2,1.08,10052
Premium,E,VS1,0.77,3260
Very Good,E,VS1,1.52,16485
Ideal,G,SI2,0.81,2459
Ideal,F,SI1,0.82,3251
Very Good,H,VVS1,0.4,900
Ideal,F,VVS1,1.38,15968
Very Good,F,VS2,0.9,4846
Ideal,I,VS2,0.36,556
Premium,D,SI2,0.8,3082
Premium,F,SI1,0.73,2190
Ideal,G,VS1,1.11,7917
Ideal,H,VS2,0.55,1402
Ideal,D,VVS2,0.31,982
Premium,H,VS2,1.09,5601
Good,I,VS2,1.03,4819
Premium,F,SI2,1.02,4238
Ideal,G,VS1,0.33,699
Ideal,G,VVS2,1.0,9294
Premium,D,SI2,1.01,4939
Premium,G,SI2,2.01,15147
Ideal,D,VVS2,0.27,586
Ideal,H,VS1,0.53,1607
Ideal,G,VVS1,0.32,1080
Fair,G,VS2,1.0,5484
Ideal,H,VVS1,0.36,783
Premium,G,VS2,0.41,827
Ideal,F,IF,0.3,886
Ideal,G,VVS2,0.51,1875
Very Good,G,VS2,0.52,1446
Premium,H,VS1,0.37,649
Ideal,I,VS1,0.78,2852
Premium,F,VS2,1.32,10423
Premium,F,SI1,1.01,3920
Premium,I,VS1,0.35,552
Ideal,G,VVS1,0.31,789
Very Good,I,VS2,0.72,2109
Ideal,H,SI2,2.2,14408
Ideal,H,VS2,1.21,5882
Good,E,SI2,0.41,638
Ideal,E,VS2,0.53,1607
Ideal,F,SI1,0.91,4108
Premium,H,SI1,0.32,461
Very Good,G,SI1,1.04,5070
Ideal,H,VS1,0.25,445
Premium,F,SI2,0.9,3507
Ideal,E,VVS1,0.3,895
Ideal,E,VS1,0.41,1153
Ideal,E,VS2,1.0,7168
Premium,H,IF,0.62,2389
Good,F,VS1,0.26,453
Premium,F,SI1,1.0,4144
Very Good,H,IF,0.59,2317
Ideal,I,IF,0.71,2701
Very Good,D,SI2,1.51,7915
Ideal,D,VS2,0.51,1787
Ideal,E,VVS2,0.28,612
Ideal,E,VS2,0.3,658
Good,H,VVS2,0.5,1214
Premium,H,I1,0.9,1599
Good,F,SI1,0.9,4062
Good,E,I1,1.01,3032
Ideal,H,VS2,1.21,6134
Very Good,E,SI1,0.58,1641
Ideal,H,VVS1,1.07,7273
Very Good,D,VVS2,0.53,2542
Fair,D,SI1,0.9,3945
Ideal,E,SI1,0.57,1728
Very Good,E,SI1,1.01,4912
Fair,G,I1,0.98,1932
Very Good,F,SI1,0.7,2403
Premium,F,SI1,0.81,3004
Premium,E,VS2,0.32,702
Very Good,D,VS2,0.41,779
Ideal,J,SI1,0.55,1059
Premium,I,VS2,2.14,17038
Ideal,G,VS2,0.72,2952
Good,H,VS2,1.5,10692
Very Good,F,SI1,0.4,717
Ideal,E,SI1,0.62,2054
Very Good,D,SI1,0.5,1415
Ideal,I,VS1,0.32,505
Ideal,I,VS1,0.51,1376
Ideal,I,VVS1,0.46,974
Ideal,G,SI1,0.3,477
Ideal,E,VVS1,0.72,4702
Premium,F,VVS2,0.56,2290
Ideal,G,IF,0.34,974
Premium,D,VVS2,1.0,9660
Premium,D,SI1,0.71,2797
Very Good,E,VS2,0.24,419
Ideal,G,VS1,0.51,1656
Ideal,E,VS2,1.21,9215
Very Good,E,VS1,0.59,2021
Ideal,G,VS2,0.4,792
Ideal,F,VS2,0.31,583
Fair,D,SI2,0.9,2885
Premium,H,SI2,1.67,9625
Premium,G,SI1,0.41,923
Premium,I,SI2,0.38,641
Ideal,G,VS1,1.51,14507
Premium,F,SI1,0.32,638
Fair,G,VS1,0.72,2396
Premium,F,SI1,0.67,1809
Premium,F,VS1,1.01,7127
Very Good,I,VS2,1.59,10309
Fair,J,SI2,1.45,4570
Premium,G,VS1,0.46,1087
Very Good,E,SI1,1.05,5770
Ideal,G,SI1,0.55,1605
Ideal,H,SI1,1.14,7079
Ideal,G,SI1,0.28,430
Premium,G,VS2,1.09,5889
Good,E,VS1,0.72,3048
Very Good,E,VS2,0.3,658
Very Good,G,SI2,2.04,16389
Ideal,G,SI2,1.04,4200
Premium,D,VS2,0.52,1842
Ideal,E,VVS2,0.41,1082
Ideal,G,IF,0.46,1558
Premium,I,SI2,1.12,3669
Good,D,VS1,0.37,825
Good,G,SI1,1.0,4416
Ideal,I,VVS2,0.5,1322
Premium,E,SI1,0.8,3356
Very Good,F,VVS2,0.4,1012
Premium,H,VS2,1.03,5364
Ideal,I,SI1,1.22,5807
Ideal,D,VVS2,0.24,526
Ideal,G,VS1,0.59,1916
Ideal,F,VVS1,0.54,2882
Ideal,D,SI1,0.52,1605
Ideal,J,SI1,1.72,8688
Ideal,E,VS1,0.43,1094
Ideal,D,VVS1,0.84,6399
Ideal,H,VVS1,0.35,1024
Ideal,G,SI1,0.4,873
Very Good,F,SI2,0.5,1020
Premium,E,SI2,0.57,1058
Premium,G,SI1,2.01,17334
Very Good,J,VS1,0.72,2066
Premium,H,SI1,0.42,700
Very Good,F,VS2,0.53,1631
Premium,F,SI2,1.01,3897
Ideal,D,VS2,0.51,1597
Premium,F,SI1,2.0,17172
Premium,G,VS2,2.08,16854
Ideal,H,SI1,1.2,6518
Ideal,E,SI1,0.7,2537
Ideal,J,SI2,1.01,3982
Very Good,E,VS2,1.63,13555
Very Good,G,VS1,1.25,8580
Premium,F,SI1,1.01,4989
Good,G,VS1,1.5,13596
Premium,J,SI1,1.0,3920
Ideal,D,SI1,0.31,732
Ideal,H,SI1,2.03,18026
Premium,D,VS2,0.54,2009
Very Good,E,SI1,0.51,1304
Ideal,D,VS2,0.3,710
Premium,G,SI1,0.7,2042
Very Good,F,SI1,0.41,680
Good,H,SI2,0.32,403
Ideal,H,SI1,1.51,8287
Premium,G,VS2,1.01,5787
Ideal,F,IF,0.3,1131
Premium,E,SI1,0.51,1624
Very Good,H,VS2,0.7,2276
Premium,I,SI1,1.27,5547
Premium,F,VS1,0.4,982
Ideal,E,VS1,0.55,2220
Premium,D,SI1,1.01,5780
Ideal,G,SI2,0.31,436
Ideal,G,SI2,1.01,4242
Ideal,G,VS2,1.02,6169
Premium,E,SI1,0.7,2407
Very Good,E,VVS2,0.23,505
Very Good,H,VS2,0.33,521
Ideal,E,SI1,0.42,773
Ideal,F,VS2,0.52,1451
Premium,D,SI2,1.54,9821
Premium,G,VS2,0.31,544
Premium,D,SI1,0.32,756
Premium,F,VS2,1.5,14719
Ideal,G,VS2,1.12,8189
Good,F,VS2,0.9,4234
Ideal,F,SI2,0.71,2668
Premium,H,VS2,2.02,18207
Premium,H,SI2,1.0,3080
Very Good,E,VS2,0.52,1665
Premium,D,VS2,0.37,876
Ideal,E,VS2,0.4,975
Very Good,G,SI1,0.42,687
Ideal,G,VS1,0.52,1689
Good,J,SI1,1.0,3616
Ideal,F,VS2,0.41,863
Very Good,G,SI2,2.13,16462
Very Good,G,VS2,1.01,6105
Premium,F,SI2,0.98,4308
Ideal,F,VS2,0.3,776
Very Good,F,VVS2,0.23,583
Ideal,I,VS1,0.72,3005
Very Good,H,SI2,1.53,6597
Fair,I,SI1,0.7,1720
Ideal,G,VVS1,1.03,8955
Premium,J,SI2,1.71,8540
Ideal,I,VS2,1.65,12495
Very Good,E,SI1,0.5,1090
Ideal,F,SI1,1.03,6183
Premium,F,SI2,0.41,830
Premium,I,SI2,1.01,3899
Very Good,E,VVS2,0.55,2499
Ideal,H,IF,1.6,16300
Premium,E,SI2,0.41,876
Ideal,E,VS1,0.38,924
Ideal,E,VVS2,0.38,1176
Ideal,H,VS2,0.54,1338
Very Good,J,VS2,0.93,3576
Ideal,E,VVS2,0.71,4030
Premium,H,VS2,1.02,5312
Very Good,G,VVS2,0.26,486
Ideal,I,VS2,1.58,10338
Very Good,E,VS1,0.23,402
Premium,E,SI1,0.3,675
Ideal,E,VS2,0.41,935
Good,E,SI2,0.92,3744
Ideal,G,SI1,0.3,432
Good,D,IF,1.14,17499
Good,D,VVS1,0.44,2250
Very Good,E,SI2,1.51,9343
Ideal,E,SI1,0.41,755
Fair,G,SI2,1.51,8794
Very Good,H,IF,1.5,12988
Ideal,G,VVS1,0.31,1046
Premium,E,VS1,0.23,400
Ideal,G,VS1,1.05,7155
Ideal,F,VVS2,0.36,853
Very Good,G,VS1,0.34,640
Ideal,H,SI2,1.11,4600
Premium,I,SI2,1.35,5715
Ideal,H,SI2,0.52,1065
Very Good,E,SI2,0.73,2395
Ideal,D,SI1,0.7,3471
Ideal,I,SI1,1.61,9611
Premium,H,SI1,2.01,17235
Ideal,D,VS2,0.36,933
Ideal,F,VS2,0.51,1619
Premium,G,SI2,0.31,523
Ideal,E,VS2,0.72,2843
Good,G,VS2,1.0,5645
Ideal,F,VS2,0.35,906
Premium,H,SI2,1.2,5376
Ideal,F,VS1,0.8,3860
Very Good,G,VS1,0.36,726
Ideal,E,SI2,1.24,5444
Premium,D,SI2,1.0,4758
Very Good,G,VVS2,1.21,9358
Ideal,D,SI1,1.0,5755
Very Good,G,VS2,1.0,5702
Very Good,E,VVS1,0.23,472
Very Good,D,SI1,0.38,586
Very Good,G,SI2,0.84,2584
Ideal,E,VVS1,0.32,917
Ideal,I,SI1,0.7,2110
Premium,G,VS1,0.52,1815
Ideal,H,SI1,0.38,697
Very Good,H,SI1,1.55,9818
Ideal,F,SI2,1.24,5000
Premium,G,VVS2,1.27,10389
Premium,G,VVS2,0.3,878
Ideal,G,VS1,1.2,8698
Very Good,F,SI2,0.43,681
Premium,G,VVS2,0.59,2040
Ideal,G,VS2,1.2,7413
Very Good,F,VS1,0.28,536
Ideal,H,VS2,0.58,1876
Premium,I,VS1,0.45,1035
Ideal,H,VS1,1.02,6317
Ideal,G,IF,0.53,2247
Premium,E,VS1,0.31,942
Ideal,E,SI1,0.76,2814
Premium,E,VS2,0.76,3447
Very Good,F,VS1,0.27,429
Premium,D,VVS2,0.34,984
Premium,H,IF,1.21,8446
Ideal,H,VVS2,0.42,823
Ideal,G,SI1,0.56,1417
Premium,E,I1,0.32,345
Ideal,E,VS2,0.75,3136
Ideal,E,VS2,0.56,1747
Very Good,H,I1,1.04,3203
Ideal,E,VS2,0.44,1003
Ideal,E,SI1,0.71,2704
Good,G,SI1,1.0,4427
Good,E,SI1,0.78,3578
Ideal,F,SI2,0.73,2712
Premium,I,VS2,1.5,8820
Ideal,H,VS2,0.55,1664
Good,F,SI2,1.01,4140
Ideal,G,VS2,0.31,544
Very Good,E,VS2,0.71,2804
Good,E,SI1,0.32,561
Ideal,E,SI2,1.01,4921
Ideal,F,SI1,0.42,992
Ideal,D,SI2,1.01,4872
Ideal,D,VS2,0.35,1063
Premium,H,VS2,1.06,5152
Ideal,G,VS2,0.3,526
Premium,G,VS2,0.39,787
Very Good,G,VS1,0.33,854
Ideal,F,IF,0.31,914
Very Good,G,SI2,1.61,6915
Good,F,SI1,0.4,882
Very Good,D,VS2,0.42,910
Ideal,F,SI1,0.76,2607
Premium,F,VS1,0.38,998
Ideal,E,VS2,0.31,680
Ideal,F,SI2,0.4,597
Ideal,G,IF,0.3,863
Good,H,SI1,0.32,449
Premium,E,VS1,0.73,3311
Premium,I,VVS1,0.34,803
Very Good,I,VS2,1.32,7125
Ideal,F,VVS2,0.4,1163
Ideal,F,IF,0.31,921
Very Good,E,VS2,1.0,6285
Good,D,SI1,0.51,1193
Good,G,SI2,1.09,3424
Very Good,H,SI1,1.08,5375
Very Good,H,SI1,1.21,6194
Very Good,E,VVS2,0.33,981
Ideal,I,VS2,1.52,9465
Good,F,SI1,0.41,904
Very Good,F,SI1,0.34,551
Very Good,J,SI2,1.56,6662
Ideal,F,SI2,0.82,2867
Premium,H,VS1,0.31,698
Ideal,I,SI2,1.03,3997
Ideal,D,SI1,0.31,571
Ideal,I,SI2,1.03,3925
Ideal,H,VVS2,0.72,3475
Very Good,I,VS2,0.9,3764
Premium,H,SI2,1.72,10869
Very Good,F,VS2,0.39,821
Ideal,F,VS2,0.58,1809
Premium,H,SI2,0.79,1998
Ideal,F,VVS2,1.0,8958
Premium,G,I1,2.03,6377
Premium,F,VS2,0.3,776
Premium,D,SI2,0.6,1196
Premium,D,SI1,1.0,5775
Ideal,J,SI1,1.17,4617
Ideal,H,SI2,1.3,6552
Good,F,SI2,1.03,4414
Premium,F,SI2,0.58,1226
Premium,H,VS1,0.42,847
Premium,I,VS2,1.7,11519
Premium,E,SI2,2.04,17379
Ideal,F,IF,0.3,873
Very Good,D,VS2,0.55,1799
Very Good,F,VVS2,1.23,11382
Good,F,VS2,0.71,2801
Premium,H,VVS1,0.34,672
Premium,E,VS2,0.31,680
Ideal,D,SI2,0.33,492
Ideal,D,SI1,1.01,5812
Premium,H,VS2,1.5,11322
Ideal,G,VS1,1.32,9979
Very Good,H,VVS1,1.63,13211
Good,J,VS1,1.51,7848
Good,F,SI1,1.04,5871
Very Good,D,VS2,0.9,4668
Premium,E,VS2,0.5,1629
Ideal,G,SI2,0.42,971
Very Good,D,SI2,1.02,4712
Premium,G,SI1,0.77,2528
Ideal,G,SI1,0.73,2583
Very Good,E,SI2,0.72,2252
Fair,E,SI2,1.0,3136
Premium,G,VS2,0.41,1061
Very Good,F,VS1,1.0,7450
Ideal,I,SI2,2.07,16189
Premium,E,VS1,0.31,816
Premium,I,VVS1,0.57,1608
Ideal,F,SI1,0.3,475
Ideal,H,SI1,0.32,547
Premium,I,SI1,1.5,8580
Ideal,G,SI2,0.7,2056
Ideal,G,VS1,1.56,16052
Ideal,D,VS2,0.32,758
Very Good,H,VS2,1.02,4604
Ideal,D,VS2,0.71,3372
Ideal,F,SI1,1.0,5221
Ideal,E,SI1,1.01,5262
Good,G,SI1,0.92,4089
Ideal,F,VS2,0.57,1760
Ideal,E,SI1,1.03,5330
Very Good,F,IF,0.28,787
Fair,H,VS2,1.52,8674
Ideal,D,VS2,0.28,625
Very Good,G,SI2,1.08,4544
Very Good,E,VVS2,0.5,2083
Very Good,H,VS2,0.93,4351
Ideal,D,SI2,0.33,631
Ideal,H,IF,1.05,7329
Good,E,SI1,0.3,526
Premium,H,VS2,1.71,12607
Premium,G,SI1,1.4,8511
Ideal,F,SI1,1.17,5032
Premium,D,VVS1,0.41,1413
Premium,I,SI2,2.19,15169
Ideal,F,SI2,0.34,438
Very Good,G,VVS2,0.31,651
Ideal,F,VS2,0.4,975
Good,E,VS1,1.01,7528
Premium,I,SI1,2.07,16392
Ideal,E,VVS2,0.32,842
Ideal,G,SI1,1.6,11651
Ideal,H,VVS1,0.32,936
Premium,H,VS1,2.38,18522
Premium,E,VS1,0.51,1928
Good,D,SI2,0.7,2461
Very Good,H,SI1,0.71,2188
Premium,H,SI2,1.19,3998
Ideal,G,VS2,0.54,1441
Very Good,G,VS1,1.07,6998
Very Good,G,SI2,1.07,4340
Very Good,I,I1,0.7,1235
Very Good,G,VS1,1.35,8256
Premium,E,VVS2,0.32,842
Premium,I,SI1,1.3,6188
Ideal,E,VVS1,0.32,860
Good,G,SI1,0.9,3816
Premium,G,VS1,0.41,961
Good,D,SI2,0.92,3936
Ideal,D,SI1,0.32,756
Premium,G,VS2,1.02,6087
Very Good,I,SI2,1.2,4455
Fair,E,VS2,0.47,1075
Premium,G,VS2,1.01,6108
Ideal,G,VS1,0.9,5540
Very Good,E,VVS1,0.42,1365
Premium,G,VVS2,1.02,7602
Fair,I,VS1,2.0,12907
Ideal,I,SI2,1.16,4560
Ideal,F,VS2,0.54,1786
Good,G,VS2,0.58,1287
Good,I,SI1,0.7,1763
Ideal,J,VS1,2.02,16397
Ideal,G,VVS2,0.42,1103
Premium,F,SI1,1.01,5202
Ideal,F,VS1,0.55,1682
Ideal,E,VS2,0.35,767
Premium,F,SI1,1.03,5087
Ideal,G,SI1,0.71,2400
Premium,E,SI2,0.7,2307
Good,I,SI2,1.01,3399
Ideal,H,SI1,1.16,6084
Good,G,VS1,1.44,9677
Ideal,F,VVS2,0.55,2242
Premium,I,VVS1,0.3,709
Ideal,G,VVS2,0.37,815
Very Good,G,VS2,1.05,5987
Ideal,G,VS2,1.01,6019
Premium,I,SI2,2.01,9658
Good,H,SI2,1.0,3740
Ideal,G,IF,0.3,863
Ideal,E,VVS1,0.76,4382
Ideal,F,VS2,0.32,828
Premium,G,VS2,0.42,847
Ideal,E,VS1,0.34,1060
Good,I,SI1,0.7,2028
Ideal,E,VS1,0.6,2774
Ideal,F,VS2,0.24,408
Ideal,I,VS2,1.28,6838
Premium,G,IF,0.43,1433
Premium,H,SI1,0.3,554
Premium,J,VS1,1.05,3822
Ideal,E,SI2,1.01,4604
Very Good,F,SI1,0.9,3954
Ideal,D,VVS2,0.31,828
Ideal,D,VS1,0.3,761
Ideal,J,VS1,1.71,10821
Ideal,G,VVS2,0.32,730
Ideal,G,VVS1,0.4,977
Premium,H,VS1,0.3,526
Fair,E,VS1,0.7,2964
Ideal,E,VS2,0.52,1576
Ideal,E,VS1,0.39,876
Ideal,G,VVS2,1.5,17176
Ideal,D,VVS2,0.32,1030
Ideal,D,SI2,0.57,1359
Premium,E,SI2,1.24,4666
Premium,F,SI1,0.72,2742
Ideal,F,VVS2,0.71,3499
Ideal,H,VVS1,0.4,1088
Good,E,VVS2,0.51,1980
Very Good,H,SI1,1.0,4389
Premium,E,VVS1,0.24,668
Good,G,SI1,0.54,1292
Very Good,H,VVS2,0.49,1588
Ideal,I,SI2,1.16,3605
Ideal,D,VVS2,0.32,858
Good,E,SI1,0.5,1155
Premium,I,VS2,0.31,435
Ideal,E,SI1,0.81,3913
Good,G,SI2,0.9,3303
Very Good,E,VVS2,0.74,3616
Fair,H,SI1,0.98,3583
Ideal,I,SI1,1.36,7218
Premium,H,VS2,1.01,5028
Ideal,E,VVS2,0.32,790
Premium,H,VS2,0.34,537
Very Good,F,VS1,0.7,2895
Premium,F,VS1,0.71,2839
Premium,I,VVS1,0.37,681
Ideal,H,SI2,0.83,2201
Premium,H,SI2,1.25,6230
Ideal,F,VS1,1.31,11237
Ideal,H,VVS1,0.7,2541
Very Good,E,VVS2,0.23,505
Very Good,G,VVS1,0.25,525
Ideal,E,VS2,0.31,872
Very Good,F,SI2,0.9,3977
Fair,G,I1,0.9,1939
Ideal,D,VVS2,0.71,3856
Premium,G,SI2,2.0,10833
Good,F,SI1,0.3,500
Very Good,H,SI1,0.36,505
Premium,D,SI1,0.51,1569
Good,G,SI1,0.9,3774
Ideal,I,VS2,1.2,4844
Ideal,E,VS1,0.42,1177
Ideal,F,VS2,0.35,706
Very Good,E,SI2,0.7,2290
Very Good,E,VS2,1.0,6245
Ideal,G,VVS1,0.32,936
Very Good,I,VVS2,1.54,10518
Very Good,I,VS1,0.52,1282
Premium,E,VS1,0.23,513
Premium,F,VS1,1.01,6176
Ideal,D,SI2,0.34,481
Good,G,VS1,0.3,565
Good,E,VS2,0.74,3163
Very Good,F,VS1,0.7,3265
Very Good,D,SI1,1.02,5709
Ideal,E,VS2,1.13,8430
Premium,G,VVS1,0.33,1114
Good,D,VS1,0.71,3524
Premium,E,VS1,0.4,1125
Premium,F,VS2,0.3,776
Very Good,I,VS2,1.27,6031
Very Good,G,SI2,0.45,764
Ideal,E,VS1,0.55,2107
Very Good,F,SI1,0.8,2914
Premium,D,SI2,1.02,4381
Good,E,SI1,0.75,2674
Premium,D,SI2,1.2,5947
Very Good,F,VS2,0.7,2325
Very Good,G,VVS2,1.01,7665
Very Good,D,SI2,2.02,15334
Ideal,I,SI1,1.5,9926
Ideal,H,SI2,1.25,5706
Fair,I,SI2,2.04,9802
Premium,F,SI1,0.42,992
Ideal,G,VS1,0.31,625
Very Good,D,VVS2,1.01,9451
Ideal,F,VS1,0.35,853
Very Good,D,VS2,1.0,8138
Fair,E,SI2,0.9,3084
Premium,D,VVS1,0.52,2553
Ideal,G,VVS1,0.36,1163
Premium,H,SI2,0.9,3326
Ideal,E,SI2,1.51,10781
Premium,I,VVS2,0.71,2428
Ideal,F,SI1,0.38,693
Premium,G,VS1,0.37,957
Ideal,H,SI2,1.05,4331
Ideal,D,VVS2,0.7,5539
Good,I,SI1,2.01,14998
Very Good,F,VS1,0.4,938
Premium,J,SI2,2.32,14666
Ideal,F,VS1,0.53,1740
Ideal,H,SI2,1.52,8620
Ideal,G,VS2,0.7,2507
Ideal,G,VVS2,0.32,936
Ideal,I,SI2,2.1,10457
Ideal,I,VS1,1.07,5373
Very Good,F,VVS2,0.52,2064
Ideal,D,SI1,1.03,6460
Ideal,I,SI1,0.75,2383
Ideal,E,VVS2,0.6,2860
Good,I,SI2,0.7,1556
Fair,F,VS2,0.72,2724
Very Good,G,IF,0.4,1173
Ideal,H,VVS1,0.55,2303
Ideal,F,SI1,0.72,2440
Very Good,J,VS2,0.81,2283
Ideal,I,SI1,0.73,2733
Good,H,I1,2.01,7959
Very Good,I,SI2,1.73,9292
Ideal,G,SI1,0.39,748
Ideal,F,SI1,1.13,5342
Ideal,J,VS2,1.11,5051
Premium,H,SI2,2.26,11226
Very Good,J,VS1,0.41,647
Ideal,I,IF,0.32,864
Premium,E,VS2,1.51,14171
Ideal,E,SI1,0.38,660
Ideal,G,SI1,0.74,2852
Ideal,D,VS1,0.42,1350
Ideal,H,SI1,2.1,18648
Ideal,G,VS1,1.02,7192
Ideal,E,SI2,1.02,3455
Ideal,G,VVS1,1.0,8366
Ideal,E,VVS2,1.03,11611
Ideal,G,VVS1,0.53,2005
Good,E,SI1,0.71,2494
Ideal,F,VS1,0.61,2246
Ideal,F,VS2,0.35,706
Ideal,F,SI2,1.0,3674
Ideal,F,SI1,0.73,3249
Very Good,J,SI2,1.0,3293
Good,I,VS1,0.7,2271
Very Good,F,VS2,0.91,4606
Good,J,SI2,1.5,6746
Premium,G,VS1,0.4,1125
Good,G,VVS2,0.31,707
Very Good,G,SI2,2.02,13554
Very Good,H,SI1,0.32,449
Good,E,VS2,0.31,544
Premium,D,SI1,0.92,4274
Very Good,F,VS1,0.41,1007
Very Good,F,VVS2,0.23,505
Very Good,E,SI2,0.75,2363
Very Good,G,SI1,0.71,2334
Ideal,H,VS2,1.0,5139
Very Good,D,SI1,1.05,5952
Premium,E,VS2,0.42,1024
Ideal,E,VS2,0.81,3601
Very Good,D,VS2,1.06,7149
Premium,D,VVS1,1.31,17496
Premium,F,SI1,1.62,11733
Premium,F,SI2,0.3,506
Ideal,F,SI1,0.53,1360
Premium,G,VS1,0.57,1819
Very Good,J,SI1,0.72,1966
Premium,J,IF,0.7,2150
Fair,I,VS2,0.81,2414
Premium,G,VVS1,0.31,1046
Ideal,E,VS1,0.31,871
Ideal,G,VVS1,0.3,753
Ideal,F,SI1,0.43,792
Good,G,VVS1,0.39,1041
Good,G,SI2,0.52,1049
Very Good,J,SI1,1.56,7424
Ideal,G,VS2,1.65,14456
Good,F,SI1,0.43,706
Premium,E,SI2,0.36,505
Ideal,D,VS2,0.3,710
Very Good,F,SI2,2.16,18678
Very Good,E,SI2,1.07,4609
Good,I,VS1,0.9,3644
Ideal,F,I1,1.02,3599
Premium,I,VS2,0.9,3276
Ideal,E,VVS1,0.25,576
Very Good,F,VVS1,0.24,608
Fair,F,VS1,0.72,2879
Ideal,D,SI1,0.31,732
Fair,D,SI2,1.05,3816
Ideal,G,SI2,0.54,1133
Very Good,G,VS1,0.43,998
Ideal,F,VVS2,1.16,11120
Ideal,G,SI2,1.53,9596
Premium,G,VS2,0.9,4152
Good,D,VS2,2.0,17760
Very Good,G,VS2,0.71,2137
Ideal,F,IF,0.3,873
Very Good,G,SI1,1.05,5480
Ideal,J,VS2,1.27,5285
Very Good,E,VVS2,0.27,575
Good,F,VS1,0.45,1144
Ideal,H,SI1,0.52,1206
Ideal,G,SI2,1.22,5296
Ideal,G,VVS1,0.39,1359
Ideal,E,VVS1,0.41,1431
Ideal,G,VS2,0.31,684
Very Good,G,IF,1.22,8793
Ideal,H,VS2,0.33,539
Very Good,G,SI1,0.9,3615
Very Good,F,VS1,0.51,1604
Ideal,I,VS2,0.8,2606
Ideal,G,IF,0.3,844
Ideal,E,VS2,0.33,723
Premium,E,SI1,0.5,1155
Premium,G,VS2,0.52,1447
Ideal,I,SI2,1.58,9973
Ideal,F,VVS1,0.41,1295
Premium,E,SI1,0.4,737
Premium,G,VS2,0.43,867
Very Good,G,SI1,1.19,6127
Ideal,G,VS1,0.4,1104
Ideal,H,SI2,0.55,1057
Ideal,G,VS2,0.56,1580
Ideal,I,SI2,1.29,6097
Premium,G,VS1,0.81,3311
Ideal,H,SI1,1.02,5047
Very Good,D,VS2,0.4,850
Good,J,SI2,2.36,12286
Premium,G,VS1,1.23,8145
Premium,H,SI1,2.04,18795
Ideal,D,SI1,0.42,810
Premium,E,SI2,0.7,2342
Very Good,F,IF,0.27,567
Very Good,E,VS2,1.01,5760
Ideal,D,SI2,0.58,1607
Ideal,E,VVS2,0.38,1176
Ideal,H,SI1,1.2,6485
Good,J,SI1,0.85,2163
Good,I,I1,0.96,2333
Ideal,F,VS2,0.32,645
Premium,D,SI1,0.51,1687
Ideal,F,VS2,0.52,1629
Ideal,E,VVS2,0.25,740
Good,F,SI1,0.71,2352
Very Good,H,SI1,0.59,1239
Very Good,H,VS2,1.07,5264
Ideal,G,VS1,1.01,6951
Premium,G,VS1,0.3,725
Premium,F,IF,0.31,1122
Good,H,SI2,2.01,14426
Good,D,SI1,0.5,1436
Ideal,H,VS2,1.51,11696
Ideal,D,SI1,0.7,3454
Ideal,F,SI2,0.7,2394
Premium,H,VVS2,0.3,776
Ideal,G,SI1,0.41,923
Very Good,E,VS2,0.52,1694
Ideal,G,VS2,0.42,1087
Ideal,G,SI1,0.43,917
Very Good,E,VVS1,0.32,748
Premium,F,SI1,0.57,1571
Premium,G,IF,0.34,879
Very Good,E,SI1,0.5,1354
Very Good,H,SI1,0.9,3770
Very Good,J,VS1,0.7,1855
Good,G,VVS2,0.34,826
Good,H,VVS1,0.31,707
Very Good,D,VS2,0.72,3075
Premium,G,SI1,1.13,5600
Premium,F,SI2,0.9,3507
Ideal,H,VVS2,0.3,776
Ideal,E,SI2,1.1,5082
Ideal,H,VS2,0.52,1374
Ideal,D,VS2,0.56,1963
Ideal,E,SI1,0.79,2946
Ideal,E,VS2,0.7,3504
Very Good,F,VS1,0.7,3053
Ideal,G,VS1,0.73,2948
Premium,F,SI2,0.3,506
Ideal,D,SI2,1.52,8631
Ideal,E,SI1,0.37,649
Ideal,E,VVS2,0.5,2236
Premium,D,VS1,0.3,848
Ideal,J,SI2,1.59,7155
Premium,F,I1,0.31,394
Fair,G,SI1,0.68,1633
Very Good,G,VVS1,0.9,4601
Ideal,J,VS1,2.16,15714
Ideal,D,VS2,0.3,911
Ideal,I,SI1,0.34,469
Ideal,D,VS1,0.43,1264
Very Good,D,VS2,0.74,3498
Premium,H,VVS2,0.4,877
Ideal,G,VS2,0.54,1637
Premium,G,SI1,0.7,2386
Ideal,H,VVS2,0.82,3781
Very Good,D,VVS2,0.38,944
Very Good,E,SI2,0.91,3632
Premium,F,VS2,0.31,802
Premium,J,VS2,1.3,5951
Premium,I,VVS2,0.81,3084
Very Good,F,VS2,0.27,470
Very Good,E,VVS1,0.71,3808
Very Good,G,VS2,0.23,369
Ideal,H,VVS2,1.52,12123
Ideal,E,VS2,0.7,3093
Very Good,G,SI2,2.02,9853
Premium,F,VS2,0.3,673
Ideal,F,VVS2,0.54,2216
Very Good,I,VS2,0.9,3473
Very Good,H,VS1,0.73,2446
Premium,I,VS1,0.38,898
Good,H,SI1,0.41,683
Ideal,G,VVS2,0.42,1103
Ideal,G,VVS1,0.3,735
Very Good,I,SI1,1.2,5408
Premium,J,SI2,2.1,12308
Premium,H,VVS1,0.42,1068
Very Good,G,VS1,0.32,645
Ideal,G,VS2,1.34,9401
Premium,F,SI1,1.24,6125
Good,G,VVS1,0.3,789
Ideal,F,SI1,1.04,5663
Good,E,VS2,1.01,6968
Ideal,F,SI1,0.51,1406
Ideal,D,SI2,0.59,1419
Very Good,E,VS1,0.4,1053
Ideal,I,SI1,2.04,14775
Premium,D,SI1,0.43,1064
Ideal,D,SI2,1.03,4839
Very Good,H,VS2,0.35,552
Ideal,D,VVS2,0.31,815
Ideal,G,VS2,1.23,8085
Premium,H,SI1,0.93,3750
Very Good,J,SI2,2.22,13579
Premium,G,VVS1,0.52,2153
Fair,F,VS2,0.9,4229
Fair,H,I1,1.32,4140
Ideal,D,VS2,0.71,4029
Premium,F,VS2,0.5,1654
Ideal,H,SI1,1.01,5189
Ideal,D,SI1,0.41,791
Ideal,D,VVS2,0.36,957
Very Good,H,SI2,1.51,7723
Ideal,E,VS2,0.42,1024
Ideal,H,VVS1,0.72,2946
Ideal,F,VS2,0.72,2956
Ideal,G,VVS2,0.39,952
Good,I,SI2,2.19,11756
Ideal,D,SI1,0.51,1548
Very Good,J,SI1,0.87,2379
Very Good,H,SI1,1.32,7270
Ideal,E,SI2,0.91,3774
Premium,E,SI1,1.53,12968
Ideal,G,VVS1,0.57,2612
Fair,G,I1,0.5,727
Premium,G,SI1,0.41,923
Premium,G,SI2,1.01,4038
Ideal,H,VS1,0.32,516
Ideal,F,IF,0.3,873
Fair,E,I1,1.01,2788
Ideal,G,VS2,0.91,5023
Very Good,G,SI1,0.51,1220
Good,F,VS2,0.39,788
Very Good,I,SI2,0.3,450
Good,G,VS2,0.61,1668
Very Good,G,VS2,1.0,5806
Very Good,J,SI2,0.86,1950
Premium,G,VVS2,1.28,10716
Ideal,I,VS1,0.72,2539
Ideal,G,VVS2,0.33,754
Premium,J,VS1,1.37,5370
Premium,F,VS2,1.52,15792
Ideal,H,VVS2,1.21,8950
Premium,E,VVS1,0.3,956
Premium,F,VS1,0.5,1666
Very Good,H,VS2,1.53,11722
Premium,F,VS1,0.41,1076
Ideal,D,VS2,0.31,942
Good,D,VS2,0.38,809
Premium,I,VS1,0.3,473
Ideal,I,VVS2,0.71,2463
Premium,F,VS1,1.11,7832
Premium,F,VS2,0.3,605
Premium,G,VS1,0.5,1746
Ideal,E,VVS1,0.31,865
Premium,D,VS2,0.3,710
Very Good,D,VS2,1.01,7487
Ideal,H,SI2,1.04,4484
Premium,G,SI1,1.01,4138
Fair,G,SI2,1.33,6078
Ideal,F,VS2,0.55,1580
Ideal,F,SI1,0.57,1759
Ideal,G,IF,0.33,1052
Ideal,H,VS1,1.01,5777
Ideal,G,SI2,1.22,5714
Premium,G,VS1,1.32,9979
Ideal,F,VS2,1.12,9138
Ideal,H,VVS1,0.71,3014
Ideal,H,VS1,0.53,1678
Premium,E,VS1,0.66,2433
Ideal,G,IF,0.3,863
Good,H,VS2,1.07,5758
Premium,H,VS2,0.34,537
Very Good,E,VVS1,0.75,4889
Very Good,E,SI1,0.32,561
Very Good,E,VVS2,0.5,2105
Very Good,G,SI1,0.36,537
Premium,H,IF,0.33,1010
Very Good,J,VS1,0.71,1981
Ideal,D,VVS2,0.26,769
Good,E,SI1,0.31,544
Very Good,G,VS2,0.37,649
Very Good,E,SI2,1.11,4769
Ideal,G,VVS2,1.18,10308
Premium,H,SI2,1.31,4548
Ideal,H,VVS1,0.54,1944
Ideal,H,SI1,0.53,1077
Ideal,I,VS2,1.22,5761
Ideal,D,VVS2,0.54,2671
Ideal,F,IF,0.5,2529
Ideal,D,VS2,0.32,972
Premium,I,SI2,0.46,880
Premium,H,VS1,1.52,11516
Ideal,G,VVS1,0.41,1230
Very Good,F,SI2,1.23,6233
Premium,D,SI2,0.42,700
Good,F,VVS2,0.73,3616
Very Good,F,VS2,0.37,746
Very Good,H,SI1,1.23,6997
Premium,G,VS1,0.35,906
Ideal,I,IF,0.37,754
Premium,I,SI1,1.51,8574
Ideal,G,VS2,0.56,1580
Ideal,E,VS1,0.62,2731
Premium,H,SI1,1.51,10519
Premium,H,SI1,1.52,9527
Fair,D,SI1,1.0,4704
Ideal,E,VVS1,1.1,12748
Very Good,H,SI1,0.9,3643
Premium,J,VS2,0.56,1232
Very Good,G,VS1,0.56,1819
Very Good,I,VVS1,0.31,571
Very Good,I,SI2,0.9,3099
Ideal,G,VVS1,0.5,1865
Ideal,I,SI1,1.51,8752
Premium,H,VS2,0.94,4548
Good,G,VVS2,1.02,7292
Very Good,E,VVS2,0.56,2442
Ideal,G,IF,0.37,1033
Good,E,VS1,0.32,756
Ideal,H,IF,0.36,980
Very Good,E,SI2,1.0,4781
Ideal,J,VS2,2.26,17010
Premium,D,VS2,0.77,3291
Premium,E,SI1,0.76,2814
Ideal,E,VVS1,0.4,1824
Ideal,H,SI1,0.73,2269
Premium,D,VVS2,0.3,950
Very Good,G,VVS2,0.54,1751
Ideal,F,SI1,0.71,2788
Premium,E,VVS1,1.04,11382
Ideal,G,IF,0.32,918
Ideal,F,SI1,0.31,516
Premium,H,SI2,2.28,17892
Ideal,I,SI1,0.37,532
Fair,I,SI1,0.7,1848
Premium,H,VVS1,0.35,798
Premium,D,VS2,0.5,1752
Ideal,D,VS2,0.56,2066
Premium,F,I1,1.02,2452
Ideal,F,VS2,0.3,776
Ideal,H,SI2,0.71,2122
Very Good,F,VVS1,0.71,3104
Ideal,I,VS1,1.52,10214
Premium,D,VS2,0.7,2859
Ideal,G,SI2,0.71,2325
Ideal,G,VVS1,0.4,1200
Ideal,G,SI1,0.43,789
Ideal,F,VS2,0.41,863
Ideal,H,VS2,0.54,1359
Ideal,F,SI2,0.74,2555
Premium,D,VS2,0.43,1129
Very Good,E,VS1,0.29,481
Very Good,I,SI1,1.5,8291
Ideal,F,IF,0.34,1074
Fair,F,VVS2,0.6,2484
Very Good,I,VS2,1.0,4620
Ideal,G,VS1,1.0,6349
Ideal,G,VS2,0.75,2991
Premium,G,VS1,1.52,14424
Ideal,D,SI1,0.32,756
Ideal,E,VVS1,0.41,1431
Very Good,H,VS2,0.38,645
Ideal,E,SI1,0.72,2847
Premium,E,SI2,0.41,876
Ideal,D,SI1,0.7,2872
Ideal,F,VS2,0.54,1662
Premium,H,VVS2,0.31,802
Ideal,I,SI2,1.02,4189
Premium,G,IF,0.3,956
Ideal,F,VS2,0.51,1442
Ideal,H,SI1,0.9,4492
Premium,D,SI2,0.4,855
Ideal,G,VVS1,0.43,1264
Ideal,H,VVS2,0.3,605
Ideal,I,SI1,0.52,1075
Ideal,G,VS2,0.41,1061
Ideal,F,SI1,0.51,1633
Ideal,H,VVS2,0.32,828
Fair,F,I1,0.7,945
Ideal,E,SI2,0.72,2398
Fair,F,SI1,0.56,1176
Very Good,F,SI2,0.7,2131
Premium,E,SI1,0.3,526
Ideal,D,VVS2,0.41,1105
Ideal,G,VS2,1.0,5887
Premium,I,SI1,1.21,5556
Ideal,E,IF,0.41,1419
Premium,D,SI1,0.35,827
Ideal,E,VVS1,0.35,1044
Ideal,D,SI1,0.72,3722
Good,F,SI1,0.52,1357
Premium,I,VS1,1.2,6250
Very Good,F,SI1,0.6,1670
Ideal,G,VVS1,0.3,735
Premium,G,VS1,1.52,14293
Good,J,VVS2,2.03,15898
Premium,H,VVS2,0.3,776
Ideal,G,VS1,0.51,1668
Very Good,D,SI2,0.74,2558
Ideal,J,VS2,0.35,446
Ideal,I,VVS2,1.56,10481
Very Good,I,VS1,1.5,10164
Premium,E,SI1,0.52,1624
Fair,G,I1,2.03,6377
Very Good,E,SI1,0.26,384
Fair,H,I1,2.32,6860
Very Good,D,SI2,1.53,9001
Premium,H,I1,1.01,2520
Ideal,D,VVS2,1.02,11765
Very Good,I,SI2,1.23,5191
Very Good,E,VS1,1.01,7332
Ideal,G,VVS1,0.4,1043
Good,H,VS2,0.9,4685
Very Good,E,SI1,1.5,10356
Very Good,G,SI1,0.9,3945
Good,G,VS1,0.53,1591
Ideal,D,VS1,0.38,942
Premium,H,VS1,0.3,675
Very Good,H,VS1,0.34,596
Premium,G,SI1,1.22,6449
Ideal,H,VS2,0.73,3164
Ideal,D,VVS1,0.35,1330
Premium,I,VS1,1.7,12737
Good,F,VS1,0.28,487
Premium,D,VS2,0.3,911
Ideal,H,VS2,0.3,454
Ideal,F,VVS1,0.33,964
Ideal,G,VS2,0.34,765
Very Good,G,VVS2,0.3,684
Very Good,I,SI2,0.7,1672
Very Good,I,VS1,1.6,10238
Premium,G,VS1,1.71,16813
Ideal,J,VS1,0.42,851
Premium,D,VS1,0.38,1064
Very Good,F,SI1,1.06,4721
Ideal,E,VVS2,0.54,2479
Ideal,G,VVS1,0.46,1412
Premium,J,SI1,1.72,8324
Premium,G,VS1,0.55,1792
Ideal,G,SI2,0.36,565
Fair,I,SI1,1.09,4273
Ideal,E,SI1,1.01,6132
Ideal,G,VVS2,0.52,2012
Premium,D,VS2,0.38,1021
Ideal,G,VS2,0.55,1604
Ideal,D,SI1,0.41,744
Good,D,SI1,1.0,5546
Ideal,E,VVS1,0.3,956
Premium,I,VVS1,0.7,2536
Fair,D,VS2,0.9,4277
Ideal,G,SI2,1.27,6045
Ideal,D,SI2,1.01,4805
Ideal,F,VS1,1.5,15851
Very Good,E,VS1,0.3,710
Ideal,F,SI1,0.55,1316
Ideal,F,VS1,0.5,1838
Premium,D,SI1,0.83,3347
Ideal,E,VVS2,0.59,2515
Ideal,D,VVS1,0.47,2460
Premium,J,SI1,2.02,12431
Ideal,E,SI2,0.7,2376
Premium,F,VS2,0.99,5893
Ideal,J,VS2,0.41,613
Good,F,VS2,1.01,5902
Premium,D,VS2,0.21,386
Ideal,G,IF,0.33,968
Very Good,I,VS2,0.32,576
Ideal,J,VS1,0.51,988
Ideal,D,SI2,0.35,522
Ideal,F,SI1,0.44,761
Good,I,VVS2,1.5,8732
Very Good,G,VS1,1.06,7132
Premium,I,VVS1,0.44,990
Premium,F,VS2,1.01,6271
Premium,G,VS1,0.56,2013
Premium,G,VVS2,0.33,965
Premium,E,VS2,0.22,404
Premium,F,VS1,1.5,15478
Good,E,VS1,0.43,970
Good,H,SI1,1.5,9394
Ideal,E,VS1,0.56,2032
Premium,I,SI2,2.06,13912
Ideal,H,VS1,1.2,6814
Ideal,E,VS2,0.71,2891
Ideal,E,VVS2,0.27,799
Fair,G,I1,2.52,10076
Ideal,G,SI2,0.61,1228
Ideal,G,VVS1,0.5,1865
Very Good,D,SI1,0.42,723
Premium,I,SI2,1.01,3749
Premium,H,SI1,1.2,4980
Premium,J,SI1,0.56,1050
Very Good,D,VS2,0.52,1701
Ideal,H,SI1,0.37,552
Good,G,SI1,0.43,704
Ideal,H,VS2,0.34,689
Ideal,I,SI1,1.06,4630
Very Good,E,I1,0.43,555
Ideal,F,SI2,1.1,4809
Premium,G,SI2,3.01,14220
Very Good,E,SI2,1.06,4972
Ideal,G,SI1,0.52,1354
Premium,H,VVS1,0.5,1710
Good,D,SI1,0.32,589
Premium,H,SI2,1.25,5740
Premium,H,SI1,1.28,6580
Ideal,D,SI2,1.65,10847
Ideal,I,SI1,0.36,505
Premium,G,VVS2,0.4,1050
Ideal,G,SI2,0.73,2210
Premium,E,VS1,0.31,816
Ideal,I,SI1,0.7,2054
Premium,I,SI2,1.0,3780
Premium,E,VVS1,1.2,14192
Very Good,E,VVS2,0.25,575
Very Good,D,SI1,0.9,4381
Premium,F,SI2,1.0,4255
Very Good,J,VVS1,0.77,2532
Ideal,I,SI2,1.59,8975
Premium,H,SI2,1.12,4620
Very Good,D,VS2,0.49,1336
Ideal,G,VS1,1.26,9078
Very Good,H,SI2,1.15,4483
Ideal,G,SI2,1.01,4556
Ideal,F,SI1,0.7,2700
Ideal,E,VVS1,0.31,865
Ideal,D,VVS2,0.66,3103
Ideal,F,VS2,1.11,9057
Good,E,VS2,1.01,6335
Good,E,SI1,0.34,556
Very Good,F,VVS2,0.25,548
Ideal,E,VVS1,0.3,895
Ideal,E,VS2,0.78,3582
Very Good,D,VVS1,1.01,13312
Ideal,G,VVS2,0.32,730
Ideal,I,SI1,0.31,414
Premium,E,SI2,0.91,3898
Very Good,E,SI1,0.7,2349
Ideal,G,VS2,1.27,9489
Good,G,VS2,1.02,5816
Very Good,E,VS2,1.05,6586
Very Good,E,SI1,0.4,707
Very Good,I,SI1,1.2,5955
Ideal,G,VS1,0.36,932
Very Good,G,VS2,0.41,827
Good,E,SI2,0.53,1141
Ideal,H,SI2,0.3,408
Very Good,F,SI1,1.2,6955
Ideal,E,VS2,0.33,723
Premium,H,VS1,0.9,3838
Fair,F,I1,0.7,992
Very Good,F,VVS1,0.41,1143
Ideal,F,VS2,0.31,583
Premium,F,VVS1,1.22,11830
Ideal,F,SI1,0.36,520
Fair,H,I1,0.76,1140
Very Good,D,SI1,0.62,1700
Good,H,VS1,0.66,1978
Ideal,F,VVS2,0.75,3710
Premium,G,VS2,1.14,6144
Ideal,G,VVS2,0.52,1833
Ideal,D,VS2,0.56,1963
Very Good,H,SI1,1.5,9237
Premium,G,VS1,0.36,932
Premium,F,VS1,0.71,2839
Ideal,D,SI1,1.56,10934
Ideal,E,VS2,0.31,745
Ideal,F,VS1,0.71,3710
Ideal,E,VVS1,0.32,1020
Ideal,D,VS2,0.56,2066
Ideal,D,VVS2,0.27,799
Very Good,G,VVS2,1.01,6975
Ideal,D,SI1,0.31,732
Premium,G,VVS1,0.31,816
Premium,G,SI1,0.79,3539
Premium,H,VS2,0.51,1359
Ideal,F,VS1,0.71,3480
Ideal,E,VS1,0.61,3004
Premium,H,VS2,0.54,1439
Ideal,J,VS2,2.24,15316
Good,G,VVS2,1.4,11519
Premium,G,VS1,1.0,6006
Fair,I,SI2,2.0,10833
Ideal,G,VVS2,0.41,1076
Ideal,D,VVS1,0.32,1067
Very Good,D,VVS2,0.3,729
Very Good,F,VVS1,0.26,679
Good,D,SI1,1.02,4948
Ideal,I,IF,0.33,891
Ideal,E,VVS2,1.23,12539
Very Good,I,SI1,2.19,14819
Ideal,I,SI1,0.7,2417
Good,F,SI2,1.0,4155
Ideal,G,VVS1,1.54,16169
Premium,G,VS2,0.33,579
Very Good,D,VS1,0.59,2254
Good,E,VVS1,0.3,775
Very Good,F,SI1,0.34,566
Premium,I,VS1,1.03,5012
Premium,H,SI2,1.21,5218
Ideal,F,VS2,0.47,1226
Very Good,D,VVS1,0.23,478
Very Good,J,IF,0.4,828
Very Good,G,SI1,0.71,2206
Premium,D,SI1,0.71,2863
Very Good,H,VS2,0.72,2396
Premium,I,SI2,1.6,8630
Ideal,H,VVS2,0.3,605
Ideal,G,VS1,1.21,8759
Premium,I,VS2,1.36,6017
Ideal,G,VVS2,1.02,9286
Ideal,D,VS1,0.39,1170
Ideal,H,VVS1,0.56,1882
Ideal,I,VS2,1.24,5638
Good,D,SI2,0.4,666
Premium,G,SI1,0.7,2150
Ideal,F,VVS2,0.63,2817
Ideal,D,SI2,0.32,612
Good,G,VS2,0.9,3976
Good,H,VVS2,0.3,776
Very Good,D,SI1,1.0,5390
Ideal,J,VS1,0.7,1657
Very Good,H,SI1,0.69,1757
Ideal,H,VVS1,0.42,1108
Ideal,E,VVS1,0.41,1367
Ideal,E,SI2,0.32,576
Ideal,E,SI1,1.03,5411
Premium,D,SI2,1.01,4072
Very Good,I,VS2,0.55,1224
Premium,F,SI1,0.5,1063
Very Good,F,VS2,0.39,821
Ideal,G,IF,0.31,871
Good,E,VVS2,0.46,1778
Premium,F,SI1,0.62,1633
Premium,F,VS2,0.51,1687
Ideal,H,SI1,1.51,7695
Premium,E,VS2,0.51,1781
Premium,G,VS2,0.68,2081
Ideal,J,VS1,0.81,2626
Fair,F,SI2,1.54,7848
Very Good,F,SI2,1.21,5290
Premium,G,SI2,1.7,10091
Ideal,J,VS1,1.22,5504
Ideal,E,VS2,0.32,702
Premium,E,SI2,2.05,17066
Ideal,E,VVS2,0.27,799
Ideal,F,SI1,1.05,5842
Good,H,VS2,1.5,9620
Ideal,F,VS1,0.7,3199
Very Good,F,VS2,1.01,6159
Premium,I,VVS1,0.31,732
Very Good,E,VS2,0.51,1656
Premium,F,SI1,1.51,11666
Premium,E,VS2,0.4,975
Fair,I,I1,1.51,5074
Ideal,D,VVS1,0.35,1303
Premium,I,VS2,1.52,6793
Premium,H,VS1,0.36,631
Ideal,H,VS1,0.71,2209
Ideal,D,VS2,0.3,911
Very Good,J,VS2,0.73,1952
Very Good,G,VVS2,0.43,976
Good,H,VS2,0.7,2187
Premium,F,SI2,2.01,16881
Very Good,D,VS1,0.42,912
Ideal,J,SI1,1.26,5301
Fair,F,SI1,0.9,3326
Fair,G,VS1,1.14,6381
Very Good,H,VVS2,0.7,2558
Very Good,F,VS1,0.38,835
Very Good,E,VS1,0.91,5530
Fair,E,VVS2,0.73,3813
Premium,D,SI2,1.09,5164
Good,G,VS1,0.3,605
Ideal,E,VS2,0.39,839
Premium,E,SI2,1.5,9072
Premium,H,SI2,1.38,6646
Very Good,G,VVS2,1.21,9878
Very Good,F,VS2,0.9,4124
Premium,H,VS1,0.3,675
Ideal,F,VVS2,0.31,761
Very Good,E,SI2,1.11,4102
Ideal,F,VS2,0.32,828
Ideal,D,VS1,0.72,3629
Premium,H,SI2,0.73,1824
Very Good,F,SI2,1.01,4484
Premium,E,VS2,0.3,844
Very Good,H,VS2,1.21,6189
Ideal,D,VVS2,0.73,4252
Premium,J,SI1,0.77,2010
Ideal,G,VVS2,0.64,2587
Premium,F,SI2,0.9,3704
Good,D,SI1,0.3,515
Very Good,E,SI1,0.7,2777
Premium,G,VS2,0.55,1556
Premium,F,VS2,1.0,6296
Very Good,F,SI1,1.91,17509
Very Good,J,SI1,0.47,764
Premium,E,SI1,1.0,4805
Ideal,F,SI1,0.41,909
Good,G,VVS2,0.51,1895
Ideal,E,VS2,0.9,5439
Ideal,H,VS2,0.9,4072
Good,J,SI2,1.51,6104
Very Good,H,VS2,0.31,628
Ideal,G,VVS2,1.3,11633
Very Good,G,VS1,0.45,1154
Ideal,E,VS2,0.7,2917
Ideal,F,VVS1,0.27,760
Ideal,G,VS1,0.44,915
Very Good,H,VVS2,0.3,605
Premium,H,I1,0.98,2046
Very Good,J,I1,1.17,2774
Good,G,VVS2,0.3,684
Very Good,H,SI2,1.01,4475
Good,F,VVS1,0.3,752
Ideal,J,SI2,0.53,1002
Premium,G,VVS2,1.21,9541
Very Good,H,SI1,1.55,7066
Ideal,G,SI2,0.56,1173
Good,H,VS2,1.41,9254
Ideal,H,VS2,0.31,489
Ideal,D,VS2,0.53,1956
Ideal,D,SI2,0.51,1359
Premium,D,SI1,0.41,1015
Ideal,E,VS2,0.53,1721
Premium,D,VVS1,0.54,3194
Very Good,G,VS2,1.18,8411
Very Good,H,SI2,0.36,475
Good,F,SI1,1.0,4608
Ideal,G,VS1,1.03,6864
Very Good,H,SI2,0.35,551
Ideal,I,IF,0.45,1043
Very Good,G,IF,1.1,9053
Good,E,SI1,1.01,4766
Very Good,H,VS2,1.39,8951
Good,I,VS2,0.91,3747
Ideal,H,VS1,0.31,698
Premium,E,SI1,0.44,998
Good,D,SI2,1.0,4218
Very Good,E,SI2,2.01,17024
Very Good,I,VVS2,0.7,2415
Very Good,H,VS1,0.77,3152
Good,D,SI2,0.62,1410
Premium,G,VS1,1.03,6749
Very Good,F,IF,0.39,1131
Ideal,H,VVS1,1.21,8286
Premium,F,SI2,1.06,3831
Ideal,G,VS2,1.14,7171
Good,E,VS2,0.7,2394
Good,G,VS1,0.33,666
Fair,F,SI1,0.3,496
Very Good,F,SI1,0.54,1389
Ideal,H,SI2,2.03,15143
Very Good,D,VS2,0.71,3366
Very Good,D,VS1,0.5,1847
Ideal,G,VS2,0.31,562
Very Good,D,SI2,0.9,3706
Ideal,F,VS1,0.71,3041
Premium,H,VS1,0.9,4234
Very Good,G,VVS2,0.5,1838
Ideal,D,VS2,0.41,1007
Very Good,I,SI1,1.69,10497
Premium,E,SI1,0.41,969
Premium,J,VS1,1.23,5510
Good,H,SI2,1.0,3528
Very Good,I,SI1,1.27,6559
Ideal,D,VS2,0.9,6689
Ideal,D,SI1,0.4,690
Very Good,F,VS2,0.32,556
Ideal,G,VS1,0.57,1815
Premium,H,SI1,1.07,5055
Very Good,G,SI2,1.51,8637
Ideal,G,VS1,0.32,707
Premium,D,VS2,0.9,4505
Ideal,I,VVS2,0.27,480
Ideal,E,VS1,0.38,1097
Very Good,H,VS1,1.53,10076
Very Good,H,VVS2,0.31,625
Premium,F,SI2,0.55,1263
Ideal,I,I1,1.2,3570
Ideal,E,VS2,0.72,3601
Good,F,SI2,0.9,3116
Premium,E,SI2,0.4,855
Ideal,D,SI1,1.07,5872
Premium,J,VS2,2.04,13734
Ideal,D,VS2,0.46,1298
Good,H,VS1,0.57,1728
Ideal,G,VVS1,0.32,814
Ideal,F,VS2,0.34,880
Ideal,F,SI1,0.83,4009
Ideal,D,VS2,0.34,805
Good,E,SI2,0.9,2982
Good,G,SI2,1.28,4679
Ideal,G,VS2,1.03,6241
Premium,E,SI2,0.7,2273
Premium,I,VS2,1.0,4452
Premium,D,SI1,1.5,12069
Ideal,E,VS2,0.7,2762
Very Good,D,IF,0.9,9182
Good,D,SI2,1.0,4541
Very Good,F,VS1,0.4,847
Ideal,D,VVS2,0.5,2100
Ideal,H,SI1,2.0,18440
Very Good,D,SI1,0.51,1569
Very Good,F,SI2,1.01,4690
Ideal,F,VS1,0.4,982
Very Good,H,VS2,0.8,2918
Ideal,E,VVS2,0.55,2664
Ideal,H,SI2,0.72,1814
Ideal,F,VVS1,0.42,1223
Ideal,G,SI2,2.22,14637
Very Good,I,SI1,1.14,4840
Premium,H,SI2,2.01,11825
Ideal,H,VS2,0.55,1402
Fair,G,SI1,0.93,3358
Premium,G,VS1,0.55,1881
Very Good,G,VS1,0.54,1754
Premium,F,SI1,0.56,2016
Good,G,SI1,0.9,3921
Premium,D,SI1,0.34,803
Ideal,G,VVS2,0.5,1838
Ideal,J,SI1,1.55,7987
Very Good,H,SI1,0.74,2426
Very Good,D,SI1,0.91,4586
Premium,F,VS1,1.07,7232
Very Good,H,VVS2,0.64,2060
Good,I,SI2,0.32,374
Ideal,E,VVS2,0.38,1097
Ideal,F,SI2,0.73,2087
Premium,H,VVS1,0.38,1033
Very Good,G,SI1,0.53,1161
Ideal,D,SI2,0.5,1063
Very Good,H,VS2,1.31,8261
Ideal,H,VS1,0.32,561
Premium,F,IF,0.31,1046
Ideal,E,VS2,0.52,1689
Fair,H,SI2,2.01,10184
Very Good,F,VVS1,1.0,8008
Very Good,G,VS2,1.4,10378
Premium,D,SI2,0.4,855
Premium,E,VS2,0.79,3230
Ideal,G,IF,0.53,2247
Very Good,H,VVS1,0.25,467
Ideal,E,VVS2,0.54,2616
Ideal,F,VVS1,0.34,935
Good,D,VS2,0.71,2788
Ideal,F,VS2,0.5,1436
Ideal,G,VS2,0.52,1577
Very Good,J,VVS1,1.0,4717
Very Good,G,IF,0.51,2102
Ideal,H,VVS1,0.35,773
Premium,D,IF,0.31,1248
Very Good,G,VS1,1.13,7815
Very Good,J,VS2,0.56,1232
Very Good,F,VVS2,0.58,2201
Good,E,SI1,1.01,5646
Very Good,E,VVS2,0.4,1066
Premium,H,SI2,1.34,4502
Ideal,D,VVS1,0.53,2732
Ideal,G,VVS1,0.72,3492
Premium,D,SI2,2.02,12108
Fair,J,SI1,1.5,6006
Ideal,D,SI1,1.28,9548
Premium,F,SI1,1.18,6542
Premium,I,SI1,1.31,5869
Good,G,VVS2,1.0,7492
Very Good,G,VS1,0.7,2535
Premium,H,SI2,1.11,3854
Good,F,SI1,0.51,1406
Ideal,D,VS2,0.42,1103
Premium,E,VS2,0.57,1763
Ideal,G,SI2,1.09,4586
Ideal,D,SI2,0.7,2423
Ideal,E,SI2,0.81,2864
Fair,J,VS1,0.73,1802
Premium,H,SI1,1.04,4368
Ideal,H,VS2,0.31,513
Very Good,F,SI1,0.92,4621
Ideal,E,VVS1,0.31,1105
Ideal,H,SI1,2.0,18440
Ideal,H,SI1,1.11,5102
Ideal,F,VVS1,0.5,2018
Ideal,G,VS1,0.3,795
Ideal,G,VS2,0.42,1087
Very Good,F,SI2,0.92,3625
Very Good,E,SI1,0.31,698
Ideal,D,VS2,0.56,1963
Good,G,VS2,1.21,6906
Very Good,F,VVS2,1.01,8212
Premium,J,SI1,1.03,4153
Premium,E,SI2,0.93,3984
Good,F,VS2,0.31,583
Very Good,E,SI2,1.01,4445
Very Good,F,VVS2,0.32,717
Very Good,G,SI2,0.91,3287
Very Good,H,VS1,0.92,4228
Very Good,E,SI1,0.9,4165
Ideal,E,VS1,0.41,1153
Very Good,F,VVS1,0.23,530
Ideal,F,VVS1,0.57,2682
Ideal,I,SI1,1.01,4872
Ideal,F,VVS2,0.24,678
Premium,E,SI2,1.5,9072
Very Good,E,SI2,0.7,1894
Good,E,SI1,0.34,556
Good,D,VVS2,0.25,548
Premium,D,SI1,0.54,1786
Ideal,G,IF,1.28,13360
Ideal,H,VVS2,0.31,802
Ideal,G,SI1,0.5,1173
Very Good,E,SI1,1.02,5456
Premium,H,SI1,0.79,2498
Very Good,E,VS1,0.5,1675
Very Good,F,IF,0.3,886
Very Good,E,SI1,0.32,672
Very Good,E,SI2,0.52,1059
Ideal,F,SI1,0.54,1385
Ideal,F,VVS2,0.4,1163
Ideal,D,VS1,0.4,1059
Fair,G,VS2,0.86,3418
Very Good,G,SI1,0.73,2564
Ideal,D,VS2,0.53,1857
Very Good,G,VS1,0.3,605
Ideal,I,I1,1.02,2925
Premium,F,VS1,1.12,7761
Ideal,D,VS2,0.32,758
Very Good,G,VS1,0.63,2241
Ideal,E,SI2,0.73,2431
Ideal,I,VS2,1.61,10098
Ideal,G,VS1,0.79,3561
Very Good,H,VS2,1.7,12228
Premium,I,VS2,1.28,6451
Good,E,VVS1,0.38,975
Very Good,E,SI1,0.76,3261
Ideal,F,VS2,0.51,1687
Ideal,F,VS2,0.3,605
Ideal,E,VVS2,0.31,864
Premium,F,SI1,1.02,4855
Ideal,F,VVS2,1.12,10764
Ideal,I,VS1,1.21,6691
Premium,F,SI2,2.01,14067
Ideal,H,VS2,0.53,1427
Very Good,F,VVS1,0.46,1838
Very Good,H,VS1,1.75,14359
Ideal,H,VS1,1.27,8652
Premium,G,SI1,1.01,4672
Ideal,F,VS1,0.72,3759
Ideal,F,VVS2,0.42,1221
Very Good,G,VVS2,0.52,1833
Premium,D,SI2,0.33,492
Ideal,F,SI1,0.7,2288
Good,F,VS2,1.04,6606
Premium,F,VS1,0.4,1050
Ideal,I,VVS2,1.21,7938
Ideal,G,SI2,1.63,10680
Premium,J,VS2,1.51,7553
Premium,F,SI1,0.53,1324
Ideal,F,VS2,0.41,1107
Good,E,SI1,0.53,1156
Very Good,I,SI1,2.07,15751
Good,F,SI1,0.35,583
Good,D,SI2,0.9,3473
Good,F,SI2,1.07,4232
Premium,F,VVS2,0.5,2016
Very Good,G,VS1,0.35,706
Very Good,E,SI1,0.4,737
Very Good,H,VS2,0.32,505
Premium,E,SI1,0.4,945
Premium,F,SI1,0.58,1634
Ideal,I,SI2,0.95,3918
Premium,E,SI2,0.53,1141
Ideal,E,VS1,0.34,1033
Ideal,H,VS1,1.16,7175
Ideal,I,VVS2,0.4,1035
Ideal,G,SI1,0.9,4452
Ideal,F,SI1,0.35,748
Ideal,D,SI2,0.9,3871
Ideal,F,VS1,0.46,1643
Ideal,G,IF,0.43,1341
Ideal,D,VVS1,0.4,1637
Ideal,E,SI1,0.58,1636
Fair,G,I1,0.5,727
Ideal,G,VS1,0.57,1949
Premium,F,VS2,0.54,1814
Premium,F,SI2,0.9,3704
Ideal,D,SI2,1.22,6372
Premium,E,VS2,1.01,6606
Premium,G,VS1,1.2,8911
Ideal,E,VS1,0.6,2171
Premium,F,SI1,0.43,792
Fair,F,SI2,0.91,3210
Good,F,VS2,0.5,1626
Ideal,E,SI1,0.72,2907
Very Good,D,SI1,1.01,6270
Ideal,H,SI1,1.02,4724
Premium,J,VS1,0.7,2005
Very Good,E,I1,0.9,2245
Ideal,F,VVS2,1.14,9316
Very Good,F,SI2,1.02,4162
Ideal,F,SI2,1.29,6509
Fair,F,VVS1,0.31,740
Ideal,F,IF,0.31,888
Ideal,H,VS1,0.52,1577
Good,E,SI2,1.5,8910
Fair,I,VS2,0.9,2666
Ideal,G,IF,0.51,2163
Premium,H,SI1,0.35,647
Ideal,F,SI1,1.51,12252
Premium,E,SI2,0.3,540
Very Good,H,SI1,1.12,5236
Ideal,E,VVS2,0.3,742
Very Good,G,SI2,0.41,656
Ideal,G,IF,0.42,1400
Good,F,SI1,1.01,4276
Ideal,F,VS2,0.51,1569
Ideal,H,SI1,1.23,5768
Very Good,E,SI1,0.9,3689
Ideal,H,SI2,1.04,3786
Very Good,I,VS2,0.9,3709
Very Good,G,SI2,1.01,3966
Ideal,H,SI2,0.9,4101
Ideal,I,VS1,1.09,5401
Ideal,G,VVS1,0.32,1080
Ideal,I,SI1,2.1,12168
Premium,E,SI1,1.0,4805
Premium,D,VS1,0.63,2554
Good,D,VS2,1.2,8521
Good,F,VS1,1.0,6552
Ideal,J,VS1,1.22,6201
Very Good,J,SI1,0.54,1080
Premium,J,SI1,1.3,5438
Fair,I,VS1,0.69,1692
Good,H,SI1,0.9,3290
Very Good,E,SI1,0.76,2668
Premium,G,VS1,1.71,17041
Ideal,E,VVS2,0.31,864
Fair,F,SI1,0.92,3323
Good,J,VS2,1.2,4466
Ideal,G,VS1,0.4,819
Ideal,F,VVS1,0.32,854
Ideal,H,SI1,0.65,1908
Premium,E,SI1,0.71,2441
Ideal,G,SI1,0.71,2518
Good,D,SI2,0.75,2541
Premium,D,SI1,0.81,3266
Ideal,D,VS2,0.3,911
Very Good,F,VVS1,0.24,552
Ideal,G,VS2,0.38,766
Premium,F,SI1,0.49,1179
Premium,I,VS1,0.3,473
Good,D,VS2,0.46,1205
Good,D,SI2,0.9,4078
Fair,E,SI1,1.51,7468
Good,I,VS2,0.91,2863
Premium,F,SI1,0.7,2264
Ideal,J,SI2,0.33,366
Very Good,J,SI2,1.2,4523
Very Good,G,IF,1.12,9820
Ideal,D,VS2,0.42,1103
Premium,E,VS2,0.37,811
Ideal,G,VS2,0.32,720
Good,G,VS2,0.31,544
Ideal,E,SI2,1.07,6060
Very Good,F,VS1,0.92,5006
Premium,G,VVS2,0.33,965
Fair,F,SI1,1.5,10450
Ideal,G,IF,0.28,650
